post_id,timestamp,postUser,caption,hashtags,likesCount,commentsCount,mentions,image_description
1,2023-06-02 16:34:43+00:00,maryleest,cannes 2023 with wearing dress,kiliancannes,32070,142,kilianparis mrselfportrait,"The image shows a young woman standing in the doorway of a room with a view of the ocean. She is wearing a white dress, a white blazer, and white sneakers. She has a pair of sunglasses on and is holding a palm tree in her hand. The room has white walls and a wooden floor. Through the doorway, we can see the ocean and palm trees. The sky is blue and the weather appears to be sunny and warm."
2,2023-01-01 07:49:16+00:00,tinaabeysekara,as the clock struck midnight to ring in 2022 i cried that ‘this will be the worst year ever’ kalu my fur bestie of 18 years had just been given weeks to live after a terminal cancer diagnosis how could 2022 ever recover from that yet somehow it came pretty close it was a year of ‘ands’… of grieving and landing dream collaborations of limiting beliefs and growing my jewellery brand of anxieties and saying yes to packing up our lives and moving across the world thank you for supporting me through it all as we welcome 2023 from our new home in san francisco i couldn’t be further emotionally and literally from the person i was scary…and freeing my 2023 intention is to lean into play and adventure leading with a ‘what if it all works out’ mindset excited to share the ride with you all thank you for following along happy new year t xx,no_hashtag,6565,86,thetreasurededit,The image shows a young woman walking on a sidewalk in front of a building. She is wearing a blue floral dress with white polka dots and a beige blazer over it. She has long dark hair and is carrying a black purse. The woman is wearing beige high heels and has a smile on her face. The building behind her has large windows and there are trees and bushes on either side of the sidewalk.
3,2023-05-29 18:57:51+00:00,maryleest,the famous stairs photo dress jewelry hair makeup,no_hashtag,28936,123,gustave_durin marmarhalim yessayan balmainhaircouture narsissist,The image shows a woman standing on a staircase. She is wearing a strapless brown dress with a sweetheart neckline and long sleeves. The dress is fitted at the waist and flares out slightly at the hips. She has long dark hair styled in loose waves and is wearing large hoop earrings and a statement necklace. The woman is holding onto the railing of the staircase with both hands and appears to be in the middle of a performance. The background shows a white wall and a black railing.
4,2023-03-07 19:30:42+00:00,stephaniebroek,i visualized this moment so many times before my first show i always thought this would happen ifwhen i’d get promoted from editor to fashion director or perhaps editorinchief one day but when i quit my editor role to go freelance attending seemed further away than ever today this dream came true not on behalf of a magazine but on my own a very proud moment the show was just as magical as i envisioned the invitation grand palais éphémère the set a larger than life camellia the models the music a collection dedicated to gabrielle chanel’s favorite flower hair clips broches prints on shoes the house’s emblematic flower was everywhere thanks so much for having me,chanelfallwinter,4764,215,chanelofficial,"The image shows the legs of a person sitting in the back seat of a car. The person is wearing a pair of blue jeans with a white Chanel logo on the left leg. The jeans have a quilted pattern and appear to be made of a soft, comfortable fabric. On the right leg, there is a black and white photo of a woman's face with the word ""CHANEL"" written above it. The background is dark, and the focus is on the person's feet."
5,2023-05-23 21:11:12+00:00,maryleest,got to witness such historical moment in cinema … «killers of the flower moon” in cannes,cannesfilmfestival,13379,123,no_mention,"The image shows a group of people standing in a dimly lit room. They are all dressed in formal attire, with some wearing black tuxedos and others wearing white dresses. The group appears to be posing for a photo, with the man in the center holding a bouquet of flowers. The background is blurred, but it seems to be a formal event with other people in the background. The overall mood of the image is somber and celebratory."
6,2023-06-04 18:15:30+00:00,stephaniebroek,back home but my mind is still here 3,no_hashtag,2690,85,no_mention,The image shows a woman sitting on a chair in a room with a window in the background. She is wearing a black coat with a white shirt underneath and a pair of leopard print pants. The coat has a high collar and long sleeves. The woman is holding a brown purse in her left hand and is looking off to the side with a serious expression on her face. The floor is covered with a black and white patterned rug.
7,2023-05-22 12:33:05+00:00,maryleest,red for my second cannes film festival red carpet ️ glam by jewelry,no_hashtag,30237,112,thetatithunder narsissist hassanzadeh_jewelry,"The image is a close-up portrait of a woman's face. She appears to be at a red carpet event, as there are blurred people in the background. The woman has dark hair styled in a sleek updo, with her hair pulled back in a low bun. She is wearing a pair of large, dangling earrings with red and gold accents. Her makeup is dramatic, with bold red lipstick and dramatic eye makeup. She has a serious expression on her face and is looking directly at the camera."
8,2023-06-02 15:00:21+00:00,stephaniebroek,last summer i lived in ’s kaftans during the third trimester of my pregnancy this year it’s my form of quiet luxury with a baby eg just throwing it on in the morning over my swimsuit without thinking and knowing i’ll look chic all day,no_hashtag,978,53,bymalenebirger,The image shows a woman standing on a set of stairs. She is wearing a beige-colored tunic with a deep V-neckline and black sleeves. The tunic has a loose fit and appears to be made of a lightweight fabric. The woman is also wearing black sandals. She has blonde hair and is looking off to the side with a serious expression on her face. The stairs have white railings and there is a building in the background.
9,2023-05-19 20:20:16+00:00,maryleest,my audrey hepburn moment on the first 76th cannes film festival dress jewelry shoes hair makeup,camparicinema,32123,172,marmarhalim hassanzadeh_jewelry gianvitorossi balmainhaircouture narsissist campariofficial the_frntal_pr,"The image shows a young woman posing on a red carpet at a formal event. She is wearing a long, flowing pink gown with a sweetheart neckline and off-the-shoulder straps. The gown has a fitted bodice and a full skirt that flares out at the bottom. The woman is standing with one hand on her hip and the other resting on her thigh. She has a serious expression on her face and is looking directly at the camera. In the background, there are photographers and photographers taking pictures of the event. The red carpet is lined with trees and there are buildings visible in the background."
10,2023-06-01 18:23:18+00:00,stephaniebroek,first mini holiday with olive 3 and a suitcase full of parachute pants that have become an integral part of my mom uniform vintage miu miu,no_hashtag,2277,51,no_mention,The image shows a woman standing in front of a white building with green shutters. She is wearing a black long-sleeved shirt and grey pants. She has blonde hair and is carrying a brown and white crossbody bag. The woman is looking down at a small child who is standing next to her. The ground is covered in gravel and there are some plants and shrubs in the background.
11,2023-05-26 12:43:54+00:00,maryleest,last red carpet in cannes for “asteroid city” by wes anderson dress tailored by jewelry hair makeup,no_hashtag,27133,144,marmarhalim saifffoux yessayan monaelhajj2377 amarsana_style balmainhaircouture narsissist the_frntal_pr,"The image shows a woman posing on a red carpet at a film festival. She is wearing a long, strapless, burgundy gown with a sweetheart neckline and long sleeves. The dress is made of a textured fabric with a ruffled skirt that falls to her knees. The woman is also wearing a statement necklace and has her hair styled in loose waves. She has a serious expression on her face and is looking directly at the camera. In the background, there are photographers and photographers taking pictures of the event. The sky is blue and there are trees and buildings visible in the distance."
12,2023-05-31 18:38:50+00:00,stephaniebroek,villa magnan 33333,no_hashtag,725,30,no_mention,"The image shows a luxurious living room with a large window on the right side. The window is covered with white sheer curtains that are hanging in a way that creates a drape-like effect. The curtains are draped over the windows, covering the entire room. In the center of the room, there is a round white sofa with a tufted backrest and armrests. The sofa is placed on a tiled floor with a geometric pattern. A chandelier hangs from the ceiling, adding a touch of elegance to the space. The room is bright and airy, with natural light coming in from the large windows."
13,2023-05-23 18:51:43+00:00,stephaniebroek,the feminine urge to reinvent yourself during the change of seasons recently talked about how she has been scared of her closet because she felt weird in her body couldn’t relate more atm while she tried to refamiliarize herself with her own clothing again i took myself on a vintageskincaremagazine date obsessed over a silver archival escada jacket and capri pleats shop was wowed by serriffe selection of books and magazine and promised myself to never leave the house without applying new spf50 ever again,no_hashtag,1618,37,himichelleli theceiling san paulaschoicenl,"The image shows a woman standing in a room with a wooden floor and a mirror. She is holding her phone up to take a selfie. The woman is wearing a silver blazer with a high collar and long sleeves. The blazer has a shiny finish and appears to be made of a shiny fabric. She has a pair of white trousers and black boots on her feet. In the background, there is a wooden table and a yellow umbrella."
14,2023-05-24 18:27:22+00:00,stephaniebroek,never not searching for the perfect jeans to add to my wardrobe may have found the perfect low rise subtle y2k wash 3 ad,no_hashtag,1271,47,samsoesamsoe,"The image shows a young woman standing in a bathroom. She is wearing a black tank top, grey jeans, and black flats. She has blonde hair styled in loose waves and is wearing sunglasses. The bathroom has a marble countertop with two sinks and a large mirror above it. There is a basket on the floor next to the countertop. The woman is posing with one hand on her hip and the other hand resting on the counter."
15,2023-05-23 10:49:35+00:00,maryleest,wearing custom couture flower dress for “killers of the flower moon” during cannes film festival ️ dress jewelry shoes hair makeup,no_hashtag,31144,163,tatyanakochnova_official hassanzadeh_jewelry casadeiofficial balmainhaircouture thetatithunder narsissist the_frntal_pr,"The image shows a woman posing on a red carpet at a formal event. She is wearing a long, flowing red gown with a high slit on the side. The gown has a sweetheart neckline and is made up of multiple layers of ruffles and layers of fabric. The skirt of the gown is full and flows down to the floor. The woman is standing with one hand on her hip and the other resting on her thigh. She has her hair styled in loose waves and is wearing dramatic makeup with dark eyeliner and red lipstick. In the background, there are photographers and photographers taking pictures of the event. The sky is blue and there are palm trees in the background."
16,2023-04-23 19:52:12+00:00,tinaabeysekara,save this one 1 white tee 6 effortless looks little homage to the u crew neck tee not sponsored just a good basic,whitetshirtoutfits uniqlo weekendoutfit,2364,71,uniqlo,"The image shows a young woman standing on a sidewalk in front of a white house. She is wearing a white t-shirt, light blue jeans, and white sneakers. She has a black blazer over her shoulders and is carrying a black crossbody bag. Her hair is styled in loose waves and she is wearing sunglasses. The house has a porch with white railings and there are trees and bushes in the background."
17,2023-05-10 19:16:22+00:00,stephaniebroek,me bc before cruise this morning ce cruise era me would have worn this tee with hotpants or just highcut leg bikini bottoms leg warmers hoops trainers and cc logo dumbbells as suggested by,chanelcruise chanelshow,1042,26,chanelofficial virginieviard,"The image shows a young woman standing on a sidewalk, taking a selfie with her phone. She is wearing a black coat over a white t-shirt, black trousers, and black shoes. She has blonde hair styled in loose waves and is wearing sunglasses. The background shows a street with cars and buildings. The woman is standing in front of a white door and appears to be in a hurry."
18,2023-05-14 18:43:00+00:00,stephaniebroek,new level in life unlocked motherhood thank you for making me a mother when i least expected it the most curious giggly expressive little girl wearing her future heirloom the tiffany lock bracelet one day it will be hers,tiffanyandco tiffanylock,4162,234,tiffanyandco tiffany_blauw,"The image is a black and white photograph of a young child sitting on a couch. The child is looking up at the camera with a curious expression on their face. They are wearing a black t-shirt and a silver bracelet on their wrist. The woman is holding the child close to her chest and is gently cradling them. The background is blurred, but it appears to be a living room or bedroom. The overall mood of the image is one of love and affection between the child and the woman."
19,2023-05-07 18:25:02+00:00,stephaniebroek,caprani,no_hashtag,1396,44,gubiofficial,"The image shows a corner of a room with a fireplace. The fireplace is made of black wood and has a large mirror above it. On top of the fireplace, there is a pink bowl and a stack of books. The books are arranged in a way that they are stacked on top of each other. The floor is covered with a patterned rug. A floor lamp with a white shade is placed next to the fireplace."
20,2023-05-05 14:37:51+00:00,stephaniebroek,something blue 3,no_hashtag,1804,47,no_mention,"The image shows a woman standing on a sidewalk in front of a concrete wall. She is wearing a long, grey coat with a high collar and long sleeves. The coat is made of a soft, fuzzy material and has a loose fit. The woman is also wearing a blue button-down shirt underneath the coat and brown trousers. She has a small black purse in her left hand and is wearing black shoes. Her hair is styled in loose waves and she is looking off to the side with a serious expression on her face."
21,2023-05-21 18:55:47+00:00,gisele,i used to think how can i make a difference i am just one person in this enormous world and there is just too much to do but early on i understood that to amplify change it is essential to join forces and that trough dedication and collaboration everything is possible from the bottom of my heart i want to thank everyone who was at the luz alliance gala yesterday helping us to support nature together we were able to raise funds that will be help so many people and projects in brazil a special thanks to the amazing and as desmond tutu said “do your little bit of good where you are its those little bits of good put together that overwhelm the world” ️ costumava pensar como posso fazer a diferença sou apenas uma pessoa neste mundo enorme e há tanto para ser feito mas desde cedo percebi que para amplificar a mudança é fundamental unir forças e que através da dedicação e colaboração tudo é possível do fundo do coração quero agradecer a todos os que estiveram ontem na gala da luz alliance ajudandonos a apoiar a natureza juntos conseguimos arrecadar fundos que vão ajudar muitas pessoas e projetos no brasil um agradecimento especial às incríveis e como disse desmond tutu “faça o seu pouco de bem onde você estiver são esses pequenos pedaços de bem juntos que inundam o mundo”,no_hashtag,360447,2720,ivetesangalo robinrobertsgma ingridsilva brazilfound,"The image shows a woman standing on a stage with her arms raised in the air. She is wearing a long white dress and has a big smile on her face. Behind her, there is a large blue banner with the words ""Ciselle Bandchen & Brazil Foundation"" and ""Luz Fund Miami Gala"" written in white. The stage is decorated with green lights and there are two spotlights on either side of the stage. The woman appears to be posing for a photo at an event."
22,2023-06-05 14:49:32+00:00,gisele,mother nature is our greatest teacher she shows us that everything is interconnected and interdependent her power comes from her diversity and it depends on it for its survival just like with people our differences are our strengths and we get stronger when we work together nature doesn’t judge or divide she nurtures she reminds us that every form of life is sacred and important and has its own special role in creating balance so all of life can flourish nature has the answersand by observing her and mirroring back her example we can all thrive this is our home and our choices create our future ️ a mãe natureza é a nossa maior professora ela nos mostra que tudo está interligado interconectado seu poder vem de sua diversidade e ela depende disso para sobreviver assim como com as pessoas nossas diferenças nos complementam e nos tornamos mais fortes quando trabalhamos juntos a natureza não julga ou divide ela nutre ela nos lembra que toda forma de vida é sagrada e importante e tem seu papel fundamental para trazer equilíbrio para que toda a vida possa florescer a natureza tem muitas respostas e observandoa e seguindo seu exemplo podemos todos prosperar esta é a nossa casa e as nossas escolhas criam nosso futuro,worldenvironmentday diamundialdomeioambiente,420347,2504,no_mention,"The image shows a young woman sitting on a rock in a forest. She is wearing a black sports bra and camouflage leggings. Her hair is tied up in a bun and she is looking up towards the sky with a peaceful expression on her face. The background is filled with tall trees and greenery, and there is a small stream running through the center of the image. The sun is shining through the trees, creating a warm glow on the scene."
23,2023-05-14 22:12:36+00:00,gisele,happy mother’s day to all the mom’s out there who with their infinite love can move mountains sending you all my love and reverence especially to my mom my wonder woman a warrior who raised six daughters with so much love and care love you mom ️ feliz dia das mães para todas as mamães que com seu amor infinito podem mover montanhas envio a vocês todo meu amor e reverência especialmente para minha mãe minha mulher maravilha uma guerreira que criou seis filhas com tanto amor e carinho te amo mãe,no_hashtag,634005,2259,no_mention,"The image shows a family of four sitting on a concrete staircase in a tropical setting. The mother is sitting on the left side of the image, holding a guitar and smiling at the camera. She is wearing a black tank top and shorts, and her hair is styled in loose waves. Next to her, there is a young boy wearing a pink t-shirt and blue shorts, who is leaning over the mother's shoulder. The boy is leaning in to kiss her mother on the cheek. In the background, there are white lounge chairs and a thatched roof hut. The setting appears to be a tropical resort or spa."
24,2023-05-02 19:32:40+00:00,gisele,being back at the met gala to honor karl and his incredible body of work was very special i feel grateful that i got to know him and had the privilege of working with him to create so many memories throughout the years he is dearly missed by so many but his legacy lives on forever thank you for getting me ready for this amazing night estar de volta ao met gala para homenagear karl e seu incrível trabalho foi muito especial me sinto muito grata por têlo conhecido e ter tido o privilégio de trabalhar com ele e ter criado tantas boas memórias ao longo dos anos ele faz muita falta mas seu legado será eterno obrigada por me preparar para esta noite tão especial,no_hashtag,1343038,16342,chanelofficial georgecortina davidvoncannon georgisandev ashlie_johnson chanel,"The image shows a woman standing on a red carpet in a luxurious room with white walls and a chandelier hanging from the ceiling. She is wearing a long, white gown with a high neckline and long sleeves. The gown is made of a sheer, feathery fabric that cascades down to the floor. The bodice of the gown is fitted and the skirt flares out slightly at the bottom. The woman has blonde hair styled in loose waves and is smiling at the camera. She appears to be posing for a photo."
25,2023-05-04 16:43:31+00:00,gisele,who is ready for summer new campaign nova campanha de verão da jimmy choo,jimmychoo,641945,5461,jimmychoo,"The image shows a young woman in a long white dress with a plunging neckline and a thigh-high slit. She is standing in a hallway with white columns and gold accents. The woman is holding a blue clutch in her left hand and has her right arm stretched out to the side, as if she is dancing or celebrating. Her hair is styled in loose waves and she is wearing high heels. She has a big smile on her face and appears to be enjoying herself."
26,2023-04-26 18:23:39+00:00,gisele,i have no words to express my gratitude for places like the the largest womens shelter in america as they provide a haven that allows women and children to heal reclaim their lives and build a foundation for the future i am grateful to help fund the building of the new childrens village which will bring education and play creating new possibilities for children in need ️ não tenho palavras para expressar o quão grata sou por lugares como a o maior abrigo para mulheres da américa pois fornecem um refúgio seguro que permite que mulheres e crianças possam recuperar suas vidas e construir uma base para o futuro sou grata por poder ajudar a financiar a construção da nova “aldeia das crianças” um lugar que trará educação e diversão criando novas possibilidades para as crianças carentes,no_hashtag,115366,1446,lotushouseshelter,"The image shows two young women standing under a white tent. They are both wearing white t-shirts with the words ""Children's Vision"" printed on them. The woman on the left is wearing a pink baseball cap and blue jeans, and is holding a shovel in her right hand. She has blonde hair and is smiling at the camera. The other woman is wearing glasses and is also smiling. In the background, there are other people standing under the tent, and the ground is covered in grass."
27,2023-06-02 01:50:26+00:00,rhyancaminske,happy june loving these amazon tanks for the summer they come in a pack of 3 multiple color options follow my shop on the ltk app to shop this post and get my exclusive apponly content ltk,amazonfinds amazonstyle summeroutfit croppedtank amazonfashion jeanshorts levisshorts casualstyle everydaystyle streetstyle everydayoutfit momstyle liketoknowit liketoknowitstyle outfitidea outfitideas simplestyle ootd hairgoals haircolorinspo blondehighlights blondebabylights haircolorgoals hairgrowth blondehaircolor hairsupplements liketkit,206,21,rhyancaminske shop,"The image is a mirror selfie of a young woman standing in a living room. She is holding her phone up to take the picture, with her right hand resting on her head. The woman is wearing a black tank top and denim shorts, and her blonde hair is styled in loose waves. She appears to be in the middle of a dance move, with one leg bent at the knee and the other extended behind her. In the background, there is a gray armchair and a small round coffee table. The room has a white rug on the floor and a framed picture hanging on the wall."
28,2023-05-15 02:06:35+00:00,rhyancaminske,the ones that call me mom,no_hashtag,209,10,no_mention,"The image shows a mother and two young children standing on a stone pathway in a park. The mother is standing in the center of the image, with the two children on either side of her. The girl on the left is wearing a blue tutu skirt and pink tights, and the girl in the middle is holding a yellow stuffed animal. The boy on the right is standing next to her, wearing a black t-shirt and shorts. In the background, there are trees and a swimming pool. A black dog is walking on the pathway next to the mother."
29,2023-05-30 00:21:55+00:00,rhyancaminske,️,no_hashtag,171,6,no_mention,"The image shows two young children, a boy and a girl, standing in front of a white door on a gray house. The boy is shirtless and wearing red, white, and blue striped swim trunks. The girl is wearing a blue bikini top and red shorts, and has a blue bow in her hair. They are both smiling and looking at the camera. The house has a gray siding and there is a white line marking the entrance."
30,2023-05-17 12:36:01+00:00,rhyancaminske,conference things ‍ a ton of talking walking granola bars and the hottest cocktail hour ever the mvps were my loafers they were so comfortable and super cute second were the work pants i need them in every color follow my shop on the ltk app to shop this post and get my exclusive apponly content ltk,workclothes workpants officeoutfit workoutfit blazer workoutfitideas workflats loafers oldnavyfinds worktravel worktrip womensworkpants womensworkwear casualstyle everydaystyle streetstyle everydayoutfit liketoknowit liketoknowitstyle outfitidea outfitideas simplestyle ootd workshoes liketkit,122,13,rhyancaminske shop,The image is a selfie of a young woman standing in a hallway. She is holding her phone up to take the picture. The woman is wearing a white blazer over a green blouse and beige jeans. She has long blonde hair that is styled in loose waves and is smiling at the camera. The background of the image shows a wall with a painting hanging on it.
31,2023-06-05 17:44:13+00:00,rhyancaminske,mondays are great when you love your job i’ve been in my new role for 5 months and i have never been happier in my career i remember i was so nervous i was making the wrong decision full blown meltdowns and now i’m just annoyed i didn’t make the change sooner happy monday everyone here are the shoes i’ve been loving for work and just everyday wear follow my shop on the ltk app to shop this post and get my exclusive apponly content ltk,businesscasual workclothes workoutfit worktravel businesstravel workshoes carryon carryonsuitcase blazeroutfit sales salescareer casualstyle everydaystyle streetstyle everydayoutfit momstyle liketoknowit liketoknowitstyle outfitidea outfitideas simplestyle ootd liketkit,101,11,rhyancaminske shop,"The image is a mirror selfie of a young woman standing in a hallway. She is holding a red phone in her right hand and is taking the picture with it. The woman is wearing a white long-sleeved shirt, blue jeans, and white sneakers. She has a blue crossbody bag slung over her shoulder and is holding the phone with both hands. In front of her, there is a black suitcase. The hallway has a beige carpet and a white wall with a framed picture hanging on it."
32,2023-05-18 17:17:20+00:00,rhyancaminske,one of the best parts of being in dc this week was getting to have dinner with my sisterinlaw and her boyfriend and obvi a predinner hair selfie because i’m obsessed with the color,hairgoals haircolorinspo blondehighlights blondebabylights haircolorgoals lowlights moneypiece hairgrowth blondehaircolor washingtondc,124,9,heathercaminske chasewbarlow,"The image shows two young women standing side by side on a sidewalk. They are both smiling and posing for the camera. The woman on the left is wearing a blue denim dress and brown sandals, while the woman in the middle is wearing denim shorts and a white blazer. They both have long blonde hair and are standing in front of a brick wall with trees and a building in the background. The sky is blue and the overall mood of the image is happy and relaxed."
33,2023-04-21 01:58:57+00:00,rhyancaminske,tbt because dinner dates with are my favorite ‍️‍️ the food might be horrible but we’ll fine as long as the drinks are good follow my shop on the ltk app to shop this post and get my exclusive apponly content ltk,bodysuit nightoutoutfit outfitinspo abercrombiestyle casualstyle everydaystyle streetstyle everydayoutfit momstyle liketoknowit liketoknowitstyle outfitidea outfitideas simplestyle ootd hairgoals haircolorinspo blondehighlights blondebabylights haircolorgoals hairgrowth blondehaircolor liketkit,174,9,karrlton rhyancaminske shop,"The image shows two young women standing in a restaurant. They are both smiling and posing for the camera. The woman on the left is wearing a white crop top and blue jeans, while the woman in the middle has long blonde hair. Both women are wearing casual clothes and appear to be happy and relaxed. The restaurant has wooden walls and tables and chairs, and there are a few people visible in the background. There are also some decorative items hanging on the walls."
34,2023-05-15 02:02:44+00:00,rhyancaminske,happy mother’s day wishing my mom and sister an extra special mother’s day love you both so much,no_hashtag,126,3,no_mention,"The image shows two women sitting on a brown couch with a baby in between them. The woman on the left is holding the baby in her arms and is wearing a white t-shirt and grey pants. She has long blonde hair and is smiling at the camera. The other woman is sitting next to her, wearing a black top and blue jeans. Both women have curly hair and are wearing glasses. They are sitting close together and appear to be posing for the photo. The background is a plain white wall."
35,2023-04-16 14:27:10+00:00,rhyancaminske,3 ab workouts i have been loving i normally hate doing core because i hate traditional crunches and most of the other moves hurt my lower back these have made me look forward to doing core i just tried a few more new moves this week that i love and want to share for my video people what do you use to hold your phone when you film in the gym,abworkout standingabs coreworkout corestrength abworkouts abworkoutsforwomen mombod mombody abday coreday coretraining coreexercises abexercises nvgtnleggings corestabilitytraining,146,13,no_mention,"The image shows a young woman standing in a gym, holding a mirror and taking a selfie. She is wearing a black sports bra and grey leggings with white sneakers. Her blonde hair is styled in loose waves and she is looking at her phone with a focused expression. In the background, there are various exercise equipment such as dumbbells and weightlifting machines. The text on the image reads ""3 Core exercises I'm loving."""
36,2023-05-02 18:53:40+00:00,rhyancaminske,𝟚 𝕞𝕠𝕟𝕥𝕙 progress update of my hair supplements there isn’t much of a visible difference but it definitely feels better hair takes forever to grow but i’m hopeful for the next few months the side by side is month 1 and month 2 both pics are my unstyled 3 day old hair it definitely feels less dry and stronger clearly i am due for a cut and color these almost 2 inch dark brown roots are killing me of you’re interested in trying their products use code rhyan for 10 off,hairgrowth haircare shampoo supplements hairgoals hairproducts damagedhair damagedhaircare damagedhairsolutions hairsupplement hairsupplements growwithgoldie goldielockshaircare goldielocks haircolorinspo blondehighlights blondebabylights haircolorgoals blondehaircolor,102,7,no_mention,The image is a portrait of a young woman standing in a living room. She is wearing a white long-sleeved top and light blue jeans. Her long blonde hair is styled in loose waves and cascades over her shoulders. She has a big smile on her face and is holding a pair of sunglasses in her right hand. The background shows a staircase and a potted plant. The overall mood of the image is happy and relaxed.
37,2023-04-17 18:43:30+00:00,rhyancaminske,well since these jeans were such a big hit i thought i’d let you know they are back in stock in almost all sizes they were perfect for our date night to if you go you have to try the deep fried grilled cheese with vodka sauce jeans linked in my stories or dm me and i’ll send it to you follow my shop on the ltk app to shop this post and get my exclusive apponly content ltk,abercrombiejeans datenightoutfit springoutfit outfitinspo blazeroutfit casualstyle everydaystyle streetstyle everydayoutfit momstyle liketoknowit liketoknowitstyle outfitidea outfitideas simplestyle ootd longislandeats longislandfood summerjewelry liketkit,135,10,itakitchenny rhyancaminske shop,"The image is a selfie of a young woman standing in a living room. She is holding her phone up to take the picture. The woman is wearing a leopard print crop top and blue jeans. She has long blonde hair and is smiling at the camera. In the background, there is a fireplace and a clock on the wall. The room is decorated with plants and a rug."
38,2023-04-20 01:39:11+00:00,rhyancaminske,take me back to the warm weather️ tshirt or dress you decide i’m wearing an x large shirt use code rhyan10 for 10 off your order follow my shop on the ltk app to shop this post and get my exclusive apponly content ltk,graphictee cowgirl concertoutfit beachcoverup oversizedtee blacksunglasses summeroutfit summerstyle beachstyle blackaviators outfitidea casualstyle everydaystyle streetstyle everydayoutfit momstyle liketoknowit liketoknowitstyle outfitideas simplestyle ootd liketkit,132,7,rhyancaminske shop,"The image shows a young woman standing on a sidewalk in front of a colorful wall. She is wearing a white t-shirt with a graphic design on it and black flip-flops. She has a black crossbody bag slung over her shoulder and is holding a pair of sunglasses in her hand. Her hair is styled in a messy bun and she is looking off to the side with a serious expression on her face. The wall behind her is painted in a combination of green, orange, and white, and there is a white railing on the left side of the image."
39,2023-04-18 14:59:12+00:00,gisele,nova campanha new vivara’s campaign,no_hashtag,362493,4089,vivaraonline,"The image is a portrait of a young woman with long, wavy hair. She is wearing a white strapless top and has multiple rings on her fingers. Her hair is styled in loose waves and falls over her shoulders. She has a serious expression on her face and is looking directly at the camera. The background is plain white, making the woman the focal point of the image."
40,2023-05-21 17:52:26+00:00,stephaniebroek,ballet flats parachute pants and this elite bar jacket,no_hashtag,1349,42,dior,The image shows a person's hand holding a small purse in the back seat of a car. The purse is black with a floral pattern and has a gold chain strap. The person is wearing a ring on their finger and appears to be holding the purse with both hands. The car seat is covered with a black fabric with a pattern of flowers and leaves. The interior of the car is black and there is a gear shift visible on the right side of the image.
41,2023-06-03 12:25:54+00:00,carodaur,comment your fav look 12345 or 6,no_hashtag,25002,809,no_mention,"The image shows a young woman standing in front of a mirror in a bathroom. She is wearing a white tank top and wide-legged white pants with a black belt. She has a pair of sunglasses on and is holding a beige handbag in her right hand. The woman is standing on a pink carpeted floor and there is a white curtain on the right side of the image. In the reflection of the mirror, we can see another woman wearing a black tank top."
42,2023-06-04 19:27:37+00:00,carodaur,about last week,daurdump,35122,137,no_mention,"The image shows two young women standing in a room with a chandelier hanging from the ceiling. The woman on the left is wearing a white crop top and blue jeans, and has blonde hair. She is looking at the other woman with a serious expression on her face. The other woman is standing with her hands in her pockets, wearing a black turtleneck and white jeans. They appear to be engaged in a conversation. The room has a wooden floor and white walls, and there is a large window on the right side of the image."
43,2023-05-30 09:58:36+00:00,carodaur,about last week,daurdump,52006,282,no_mention,The image is a circular mirror hanging on a wooden wall. The mirror is reflecting a young woman in a green bikini. She is standing in front of a bed with a wooden headboard and a nightstand with a lamp. The woman is holding a phone in her right hand and appears to be taking a selfie. She has blonde hair styled in loose waves and is looking directly at the camera with a confident expression.
44,2023-05-29 18:14:32+00:00,camilacoelho,race weekend i grew to like f1 with icaro and now i just loveeeee it too much ——— aprendi a gostar de fórmula 1 com icaro e agora sou apaixonada a adrenalina é a demais • •,f1monaco monacograndprix f1 cars ootd,101242,284,no_mention,"The image shows a young woman standing on a balcony overlooking a city. She is wearing a black and white checkered crop top and beige pants. Her hair is styled in two braids and she is wearing sunglasses. In front of her, she is holding a red and black phone in her hand. The balcony has a pink railing and there are buildings and trees in the background. The sky is blue and the weather appears to be sunny."
45,2023-05-27 16:11:39+00:00,camilacoelho,riviera golden hour •,ootd cannes,158048,744,no_mention,"The image shows a young woman standing on a balcony overlooking the ocean. She is wearing a white off-the-shoulder crop top and a long white skirt. She has long dark hair and is holding a glass of orange juice in her hand. The balcony has a black railing and there is a view of the ocean and palm trees in the background. The sky is orange and pink, indicating that it is either sunrise or sunset. The woman is looking off to the side with a serious expression on her face."
46,2023-06-06 16:21:47+00:00,josefinehj,,no_hashtag,11234,47,no_mention,"The image shows a young woman with long blonde hair, wearing sunglasses, drinking from a wine glass. She is standing in front of a wooden door with a stone wall behind her. The woman is holding the glass with both hands and appears to be taking a sip from it. The glass is filled with a golden-colored liquid, possibly wine, and the woman is looking down at it with a content expression on her face."
47,2023-05-08 13:00:13+00:00,dolcegabbana_beauty,feeling the in the idyllic capri setting is the latest limited edition for him by an energizing blend of mediterranean citrus and woody undertones photography,dgsummervibes dolcegabbana dglightblue dgbeauty madeinitaly,12719,284,stevenbrahms,The image shows a man lying on a sandy beach with the ocean in the background. He is shirtless and wearing white swim shorts with a drawstring waistband. He has a beard and is looking directly at the camera with a serious expression on his face. The man is lying on his back with his arms stretched out to the sides and his legs slightly bent at the knees. The beach is covered in white sand and there is a rocky cliff on the left side of the image. The ocean is visible in the distance with small waves crashing onto the shore.
48,2023-05-08 19:50:46+00:00,aimeesong,grateful ️,mothersday tiffanypartner,19844,213,tiffanyandco,"The image shows a young woman sitting on a white couch with a baby in her lap. The woman is wearing a white tank top and blue shorts, and her hair is styled in loose waves. The baby is a young boy, wearing a black t-shirt and a gold bracelet on his wrist. He is looking up at the woman with a curious expression on his face. The background is a plain white wall."
49,2023-05-14 18:40:24+00:00,camilacoelho,my first mother’s day i still pinch myself everyday kai you are the greatest gift that life has given me happy mother’s day to all of the beautiful loving mamas out there wearing the runway watch and dress mkpartner feliz dia das mães pra todas vocês mamães maravilhosas,mkmothersday mothersday mom,125312,421,michaelkors,"The image shows a young woman holding a baby in her arms on a rocky beach. The woman is wearing a long beige dress and has long dark hair that is styled in loose curls. She is looking out at the ocean with a peaceful expression on her face. The baby is a toddler wearing a white onesie and is standing on the woman's shoulders. The ocean is visible in the background with small waves crashing onto the shore. The sky is blue and the sun is setting, casting a warm glow over the scene. The overall mood of the image is calm and serene."
50,2023-05-07 16:57:17+00:00,camilacoelho,race weekend mood ️ fim de semana de corrida f1 em miami,ootn f1 f1miami palmangels,270901,823,no_mention,"The image shows a young woman standing in front of a swimming pool at night. She is wearing a black crop top and red and black striped pants with white stripes on the sides. She has long dark hair and is holding a black purse in her left hand. The pool is surrounded by lounge chairs and umbrellas, and there are a few people in the background. The sky is dark and the overall mood of the image is relaxed and casual."
51,2023-05-23 22:12:43+00:00,camilacoelho,riviera touchdown • look from ad,cannes,137836,733,revolve fwrd,"The image shows a young woman standing on a sandy beach with the ocean in the background. She is wearing a white crop top and purple sequin pants. Her long dark hair is styled in loose waves and she is looking off to the side with a serious expression on her face. In the distance, there is a cruise ship sailing on the water and a small island in the distance. The sky is blue and the weather appears to be sunny and warm."
52,2023-05-13 19:08:25+00:00,camilacoelho,9 months ago till now when my biggest dream came true ——— os últimos 9 meses quando meu maior sonho se realizou,mom son family mothersday,356527,652,no_mention,"The image shows a young couple standing on a boat in the ocean. The man is wearing a white t-shirt and orange shorts, while the woman is wearing blue bikini and a purple bandana on her head. They are both smiling and looking at each other. The sky is blue with white clouds and the ocean is a beautiful turquoise color. In the background, there are palm trees and a building visible. The couple appears to be happy and enjoying their time together."
53,2023-05-07 23:55:16+00:00,camilacoelho,let’s race️ thanks for having me such an epic day at •,f1miami ferraristyle f1 ferrari,338678,981,ferrari ferraristyle,"The image shows a young woman sitting on the floor of a race track. She is wearing a black top, a denim skirt, and white sandals. She has long dark hair and is wearing sunglasses. In the background, there are several red race cars and a few people wearing red uniforms. The track appears to be empty, with no spectators visible. The number 16 is visible in the top right corner of the image."
54,2023-06-04 22:48:49+00:00,everyday.holly,happy sunday last weeks top sellers sales is on sale in certain colors has 25 off is 15 off 5 off clickable coupon click on sizing to see the discounts appear for amazon pieces discounts can go away at any moment comment links for all the links sizing info to be sent to you ️ you will not see my messages if you are not following me or you have your messages restricted in privacy settings for reference i’m 5’1 109lbs 1 free people freya looksalike wearing a small tts 2 linen vneck jumupsuit wearing a small tts 3 2 piece skirt set small tts 4 high waisted wide leg trouser xs short in camel tts 5 linen blend cropped pants size small tts how to ship my posts 1 click the link in my bio then click “shop my reels tiktok’s” look for the outfit picture and tap the link to shop 2 comment “links” no other text or emoji’s for the links sizing info 3 free ltk app follow everydayholly direct link to type into your browser,1 3 4 amazonfashion top5 casualoutfits easyoutfits summersandals petitefriendly summeroutfit springstyle summerstyle comfystyle momstyle summerdressses denimshorts summerbasics vacationoutfit amazonfashionfinds amazonfinds founditonamazon founditonamazonfashion targetstyle targetfashion petiteoutfit petitestyle,1308,385,no_mention,"The image is a collage of two photos. On the left side, there is a photo of a woman wearing a beige top and light blue pants. She is standing in front of a white wall and is holding a phone in her hand. The top has a round neckline and short sleeves. The pants are loose-fitting and have a relaxed fit. The woman is also wearing a pair of beige sandals and carrying a brown crossbody bag. She has long dark hair and is smiling at the camera. The text on the image reads ""Weekly Tip Galleries #1"" and ""Amazon Free People, Two-Piece Sweater, 17 Colors""."
55,2023-05-28 15:12:41+00:00,everyday.holly,happy sunday last weeks top sellers sales is 25 off has a 10 off coupon is on sale for 19 reg 26 is 40 off click on sizing to see the discounts appear for amazon pieces discounts can go away at any moment comment links for all the links sizing info to be sent to you ️ follow me first you will not see my messages if you are not following me or you have your messages restricted in privacy settings for reference i’m 5’1 109lbs 1 vneck linen blend romper small tts 2 2 piece skirt set small tts 3 stretch activewear shorts xs tts 4 tarte dab go waterproof roottouch up concealer 5 halter neck floral blouse xs tts how to ship my posts 1 click the link in my bio then click “shop my reels tiktok’s” look for the outfit picture and tap the link to shop 2 comment “links” no other text or emoji’s for the links sizing info 3 free ltk app follow everydayholly direct link to type into your browser,2 3 4 5 amazonfashion top5 casualoutfits easyoutfits summersandals petitefriendly summeroutfit springstyle summerstyle comfystyle momstyle summerdressses highwaistedwhiteshorts summerbasics vacationoutfit amazonfashionfinds amazonfinds founditonamazon founditonamazonfashion targetstyle targetfashion petiteoutfit petitestyle,1009,255,no_mention,"The image is a collage of two photos. On the left side, there is a photo of a woman wearing a navy blue jumpsuit. The jumpsuit is wide-legged and has a V-neckline. She is standing in front of a white wall with a plant in the background. The woman is holding a phone in her right hand and is smiling at the camera. The text on the image reads ""Weekly Top Galleries #1 Amazon Wide Leg V-Neck Tumpsuit in Colors""."
56,2023-06-05 13:49:24+00:00,lojafashioncloset,se esfriar a gente já escolheu nosso casaco fav,no_hashtag,118,4,no_mention,"The image is a portrait of a young woman posing in a studio. She is wearing a white baseball cap with the word ""FSHN"" written on it in black letters. The cap has a curved brim and an adjustable strap at the back. The woman is also wearing a pair of light blue jeans with a silver belt. She has long dark hair and is looking directly at the camera with a serious expression. The background is a plain white wall."
57,2023-06-01 15:26:54+00:00,josefinehj,pj’s and suede,no_hashtag,11328,66,no_mention,"The image shows a young woman standing in front of a white door with the words ""CAFF ONLY"" written on it. She is wearing a beige coat over a white t-shirt and black and white striped pants. She has a green handbag slung over her shoulder and is wearing black sandals. The woman has blonde hair and is looking off to the side with a serious expression on her face. The background is a plain white wall."
58,2023-06-02 13:10:53+00:00,josefinehj,,no_hashtag,4864,25,no_mention,"The image shows the interior of an old, dilapidated church with arches and columns. The walls are painted white and there are two large windows on the left side of the image. The ceiling is arched and the floor is made of cobblestones. In the center of the room, there is a metal gate with a wooden panel on the right side. The gate is flanked by two tall columns with intricate carvings on top. The columns are made of stone and have a weathered, aged appearance. The overall atmosphere of the space is one of decay and neglect."
59,2023-05-30 15:56:19+00:00,lojafashioncloset,tá on o nosso drop fshn trip chegou e já arranca suspiro por onde passa com modelagens best sellers caimento perfeito tecido de alta qualidade com estampa exclusiva e claro produzido no brasil e com muito carinho pra você,no_hashtag,648,9,no_mention,"The image shows a set of swimsuits from the brand FSHN Trip. The swimsuits are in different colors and patterns, including pink, blue, green, yellow, and orange. The top left swimsuit has a halter neckline with thin straps and a tie-dye pattern. The bottom right swimsuit is a midi length with a low-rise waistline. All the swimsuits have a unique and eye-catching design. The text above the image reads ""FSHN TRIP"" and below the image, there is text that reads ""new drop available""."
60,2023-06-02 15:42:27+00:00,lojafashioncloset,w ️ ela usa calça fshn girl cropped fshn cinto… quem amou,fshnlook,479,7,nahcardoso,"The image shows a young woman walking on a street in front of a store named ""Portobello Market"". She is wearing a white crop top, light blue jeans, and a black crossbody bag. She has long brown hair and is wearing sunglasses. The store behind her has a red and yellow sign with the store's name written in white letters. There are other shops and buildings visible in the background. The woman appears to be walking confidently and is looking off into the distance."
61,2023-05-29 00:07:00+00:00,lojafashioncloset,fshn trip é o nosso novo drop que chegou e já deixou todas as fashion girls babando 0 nosso drop é composto por 4 peças irresistível vestido midi vestido curto body e biquíni… com modelagens must have e cuidadas minuciosamente para ficarem perfeitassss estampa exclusiva e qualidade fshn tudo produzido no brasil e com muito carinho pra você,no_hashtag,350,9,no_mention,"The image shows a young woman standing in a room with a white wall and a black floor. She is wearing a strapless dress with a colorful abstract print in shades of pink, blue, green, and yellow. The dress has a sweetheart neckline and is cinched at the waist with a thin strap. She has her hair styled in a high bun with a blue ribbon tied in a bow on top. The woman is looking off to the side with a serious expression on her face. There is a red fire extinguisher in the background."
62,2023-04-20 18:47:30+00:00,stephaniebroek,love an anonymous anti it bag this is the sac bucket in tabacco partner,aestherekme aedit,2306,63,aestherekme,"The image shows a young woman crossing the street. She is wearing a black coat, white pants, and black flats. She has a beige tote bag slung over her shoulder and is wearing sunglasses. Her blonde hair is styled in loose waves and she appears to be walking confidently. The street is lined with white lines and there is a sidewalk on the left side of the image."
63,2023-04-26 18:23:59+00:00,stephaniebroek,i can’t wear a tuxedo and not think about nan kempner who in 1968 famously dropped the bottom half of yves saint laurent’s revolutionary le smoking when a restaurant denied her access because she was wearing trousers the socialite played off the jacket as a mini dress and proceeded to dine sans pants her fabulous legs exposed a vibe 3 feeling equally chic in saint laurent resort23,no_hashtag,1135,108,ysl,"The image is a black and white photograph of a person standing on a sidewalk. The person is facing away from the camera, with their back towards the camera. They are wearing a white blazer and black pants, and their hair is styled in a short bob. The sidewalk is made of stone tiles, and there is a wooden bench on the right side of the image. The background shows a building with large windows and a stone wall. The image appears to be taken from a low angle, looking up at the person."
64,2023-04-10 18:37:24+00:00,stephaniebroek,plan de paris,diorss23,427,13,dior,"The image is a black and white photograph of a small cardboard box with a white ribbon tied around it. The box appears to be empty and is placed on a wooden floor. The background is a plain white wall with a circular design hanging on it. On the right side of the image, there is a wooden bench and a black cabinet. The floor is made of light-colored wood planks. The image is taken from a low angle, looking up at the box."
65,2023-04-06 18:36:35+00:00,stephaniebroek,2 months later and still thinking about,no_hashtag,1802,25,palomawool,"The image shows a woman standing on a street, holding a phone in her hand and taking a selfie. She is wearing a long, dark brown coat with a fur collar and a black top underneath. She has a beige skirt with a gold belt tied around her waist. The woman is also wearing a pair of large hoop earrings and carrying a white handbag. The street is lined with parked cars and there are buildings in the background."
66,2023-03-22 19:12:35+00:00,stephaniebroek,your favorite fashion widow,no_hashtag,899,47,no_mention,The image shows a woman standing on a sidewalk in front of a building. She is wearing a black oversized poncho over her shoulders and is holding a white handbag in her right hand. The woman is also wearing black pants and black shoes. She has blonde hair and is looking off to the side with a serious expression on her face. The background shows a concrete wall and a black railing.
67,2023-03-30 18:33:39+00:00,stephaniebroek,march camera roll with a 6 month old,no_hashtag,3462,79,no_mention,"The image shows a woman standing in front of a restaurant. She is wearing a long grey coat and black shoes. She has a black handbag on her lap and appears to be writing something on a piece of paper. The restaurant has a wooden door with a sign that reads ""Restaurant"" and there are several tables and chairs outside the restaurant. The woman is looking down at her phone and seems to be deep in thought."
68,2023-03-26 18:51:51+00:00,stephaniebroek,this weekend’s museum fit tuxedo trousers yak cardigan and offwhite shoulder bag from the ss23 collection ad,no_hashtag,1897,44,filippa_k,"The image shows a woman standing in a garden. She is wearing a black long-sleeved shirt, black trousers, and black shoes. She has blonde hair styled in loose waves and is carrying a white tote bag. The woman is holding a phone to her ear and appears to be talking on it. In the background, there are rows of neatly trimmed bushes and a stone wall. On the right side of the image, there is a small sign with information about the garden."
69,2023-03-08 20:17:02+00:00,stephaniebroek,last year i was fortunate enough to visit the atelier in paris before it closed down the building a former convent in the 11th i knew by heart from documentaries and books furniture covered in white fabric white paint splatter everywhere from when martin and his team first moved in this season i was invited to the house’s new and much bigger hq in the 16th it may not have martin’s soul but his legacy lives on it’s in the white fabric covered chairs at the reception the tabi shaped footprints directing to the elevators his bottle lamps with blank labels but the new hq also has john galliano written all over it to celebrate the move the basement atelier was turned into an art installation inspired by his short film for the latest artisanal collection called cinema inferno thanks so much for showing me around and for letting me drool over the aw23 collection and for bombarding you with questions about what it’s like to work for mm as the fashion nerd i am,no_hashtag,891,20,maisonmargiela moakarlsvard,"The image shows an empty room with two elevators in the background. The floor is made of white tiles with black speckles scattered across it. The elevators are made of stainless steel and have a sleek, modern design. The walls are painted white and there are a few electrical outlets on the wall. The room appears to be empty, with no people or other objects visible in the image."
70,2023-03-21 19:10:16+00:00,stephaniebroek,pov you have the new store all to yourself obsessing over the icey blue floors vintage design the rougier shell lamp the ducaroy for ligne roset sofa and tapestries in the fitting rooms made from leftover yarn from previous collections but most of all the house’s new direction under the helm of new creative director liisa kessler still all about minimalism and forever pieces but elevated and undeniably cool,no_hashtag,1821,93,filippa_k,"The image is a selfie of a young woman sitting on a chair in a room with a gray and white striped wall. She is wearing a denim jacket, light blue jeans, and black high heels. She has blonde hair and is holding a white handbag in her right hand. The woman is taking the picture with her phone, and her reflection can be seen in the mirror."
71,2023-03-19 19:29:55+00:00,stephaniebroek,summer me cosplay at home in ss23 until the weather catches up so i’ll be able to wear tanktops and bermuda shorts outside of my apartment too,no_hashtag,1390,54,samsoesamsoe,"The image shows a young woman standing in a room with white walls and wooden flooring. She is wearing a black tank top, beige shorts, and black strappy sandals. She has blonde hair styled in a short bob and is wearing sunglasses. In the background, there is a black dresser and a white chair. The woman is posing with one hand on her hip and the other resting on her thigh."
72,2023-03-22 12:09:04+00:00,gisele,new by styled by thank you michelle ruiz for coming to cr to spend time with me nova por styling por obrigada michelle ruiz por vir a cr para passar um tempo comigo,no_hashtag,359437,4552,vanityfair lachlanbailey georgecortina,"The image is the cover of Vanity Fair magazine. It features a photograph of actress Gisele Bundchen on the cover. She is sitting on a sandy beach with her legs crossed and her arms resting on her knees. Her hair is styled in loose waves and she is wearing a pink one-piece swimsuit. The background is a clear blue sky and the ocean can be seen in the distance. The magazine title is written in bold white letters at the top of the cover, with the words ""Vanity Fair"" and ""The Idaho Murders"" written in smaller white letters below."
73,2023-05-19 11:08:17+00:00,marianodivaio,how many times a week do u train i’ve changed my routine and i’m only training twice a week with a different approach i love it what about u •,beastmode nevergiveup mdvfitness,78977,538,no_mention,"The image shows a muscular man working out with dumbbells in a gym. He is shirtless and wearing a black baseball cap and white shorts. He has a beard and is looking down at the ground with a focused expression on his face. The background is blurred, but it appears to be a gym with various exercise equipment."
74,2023-05-27 17:56:03+00:00,marianodivaio,i really have no words only thing i can say is thank god for giving me the chance to be with this families alight with them dance with them pray with them and cry between them my prayer is that they can grow in faith and that we will be able to come here again and help more may god bless africa and this generations growing my love is with you my friends thanks thanks thanks a lot for what you’ve given me my heart is filled with love,no_hashtag,109884,1542,no_mention,"The image shows a man standing in front of a large group of children. The children are of different ages and ethnicities, and they are all smiling and making a peace sign with their hands. The man is wearing a white t-shirt and has a beard. He appears to be in a rural area, as there are trees and a building in the background. The overall mood of the image is joyful and happy."
75,2023-05-28 08:17:07+00:00,marianodivaio,merci • ph izzo,mdvfoundation missionafrica jesusisking,59519,642,gianpaolo,"The image shows a man standing in a rural area with a red building in the background. He is wearing a traditional Indian outfit, which consists of a long, flowing saree with intricate patterns and designs. The saree is draped over his shoulders and he is holding it with both hands. He has a serious expression on his face and is looking directly at the camera. The man appears to be in his late twenties or early thirties. The sky is overcast and the ground is dry and barren."
76,2023-05-15 12:02:09+00:00,marianodivaio,it was a blast playing golf at the with at the ️,golfswing golfaddict golfpassion,60932,274,marcosimonegolf rcabrerabello openditaliagolf,"The image shows a man standing on a golf course. He is wearing a white polo shirt and white pants, and is holding a golf club in his right hand. He appears to be in the middle of a practice round, as there is a golf ball on the ground in front of him. The man has a serious expression on his face and is looking off to the side. The background shows a grassy field and a fence."
77,2023-02-14 14:17:38+00:00,gisele,pure love i am convinced they are little angels on earth happy valentines day to all ️️️ amor puro tenho certeza que eles são anjinhos na terra,no_hashtag,537505,4704,no_mention,"The image shows a young woman with long blonde hair, wearing a beige tank top, kissing a brown and white pit bull dog on the cheek. The dog is wearing a blue collar and is standing on a wooden floor. The woman is holding the dog close to her chest and is looking up at the dog with a loving expression on her face. The background is a plain white wall."
78,2022-12-18 13:14:51+00:00,gisele,recharging with my little ones in the country of my ️ recarregando as energias com meus pequenos no país do meu ️,no_hashtag,1637385,14271,no_mention,"The image shows a young woman on a beach, taking a selfie. She is wearing a leopard print bikini and her hair is blowing in the wind. The sun is setting in the background, casting a warm orange glow over the horizon. The water is calm and the waves are gently crashing onto the shore. The woman is looking up towards the sky with a peaceful expression on her face. The overall mood of the image is serene and peaceful."
79,2022-12-27 13:08:57+00:00,gisele,é o meu rio grande do sul céu sol sul terra e cor onde tudo o que se planta cresce e o que mais floresce é o amor sempre tão bom voltar pra casa️ always so good to be back home,no_hashtag,1158317,10326,no_mention,"The image shows a young woman standing in front of a large cluster of pink and purple hydrangeas. She is wearing a green blouse and has long blonde hair. The woman is leaning against the flowers with her eyes closed and her head tilted back, as if she is enjoying the moment. The flowers are in full bloom and are surrounded by green leaves. The background is blurred, but it appears to be a garden or park with trees and greenery. The overall mood of the image is peaceful and serene."
80,2023-02-20 20:58:40+00:00,gisele,foi muito especial voltar ao carnaval e prestigiar esta festa tão linda da nossa cultura it was so special to return to carnival and honor this beautiful celebration of our brazilian culture,no_hashtag,1559091,20397,no_mention,"The image shows a woman standing on a red carpet in front of a large green stadium. She is wearing a black crop top with a graphic design on it and white pants. Her long blonde hair is styled in loose waves and she is smiling at the camera. The stadium appears to be empty, with rows of seats visible in the background. The woman is posing with one hand on her hip and the other resting on her thigh."
81,2023-04-11 00:47:33+00:00,rhyancaminske,finally seeing signs of spring even though the temperature doesn’t feel like it too cold to be outside so we took the kids to see the mario movie we really liked it and the kids actually sat through the whole movie have you seen it yet or do you plan to and if you saw my poll you know long islanders say mario totally wrong and it drives me crazy spring sale at use code rhyan10 for an extra 10 off follow my shop on the ltk app to shop this post and get my exclusive apponly content ltk,graphictee oversizedtee springtrends momstyle outfitinspo casualstyle everydaystyle streetstyle everydayoutfit liketoknowit liketoknowitstyle outfitidea outfitideas simplestyle ootd sassyqueen supermariobros easter2023 liketkit,130,1,sassyqueenboutique rhyancaminske shop,"The image shows a young woman taking a selfie in a living room. She is wearing a white t-shirt with a red heart design on it and blue denim shorts. Her long blonde hair is styled in loose waves and she is holding her phone up to take the picture. In front of her, there is a wooden tray with white balls and a white flower. The room has a large window with white curtains and a TV on the wall."
82,2023-05-29 10:28:32+00:00,josefinehj,,no_hashtag,10087,62,no_mention,The image shows a woman taking a mirror selfie in a bathroom. She is standing in front of a white sink with a black handbag on the countertop next to it. The woman is wearing a white outfit with a high neckline and long sleeves. She has blonde hair styled in loose waves and is holding her phone up to take the picture. The mirror is mounted on a white wall and there is a door visible in the background.
83,2023-03-26 14:31:20+00:00,rhyancaminske,sunday vibes ️ my favorite lounge bra is 50 off today i’m wearing a small follow my shop on the ltk app to shop this post and get my exclusive apponly content ltk,loungebra comfybra aerie aeriebra loungewear aestyle bralette sweatpants oldnavy oldnavyfinds casualstyle everydaystyle streetstyle everydayoutfit momstyle liketoknowit liketoknowitstyle outfitidea outfitideas simplestyle ootd liketkit,184,8,rhyancaminske shop,"The image is a mirror selfie of a young woman standing in a living room. She is holding a white coffee mug in her right hand and is taking the picture with her left hand. She has long blonde hair and is wearing a black sports bra and black sweatpants. In the background, there is a fireplace and a TV mounted on the wall. The room is decorated with plants and a clock."
84,2023-05-26 17:13:16+00:00,josefinehj,small things i found beautiful in italy,no_hashtag,3913,16,no_mention,"The image shows a window with white curtains hanging on it. The curtains are made of sheer fabric and have a button in the center. The window is framed by a wooden frame and there is a beige chair visible on the right side of the image. The background is blurred, but it appears to be a room with a window sill. The overall mood of the photo is peaceful and serene."
85,2023-03-22 17:58:22+00:00,rhyancaminske,hair healing journey as i’ve mentioned in my stories i’ve been on a mission to find products that will fix my dry and damaged hair for the last two months i’ve been using the shampoo conditioner and hair mask from even though it takes monthssss for hair to grow i can finally feel a difference it feels clean and healthy and i’m hopeful i can get my old hair back trimming off this damaged hair slowly but surely i also started taking their hair growth supplements 22 days ago again it’s going to take a few months to see the results but i already see a visible difference on my skin i ordered the enhanced formula and i’m taking these in place of my regular vitamins as well and i’m obsessed to say the least with that being said today and tomorrow the 22nd and 23rd the whole site is 20 off even better news use code rhyan and get and additional 10 off on top of the 20 off if you have any questions go check out their website or message me,hairgoals haircolorinspo blondehighlights blondebabylights haircolorgoals hairgrowth blondehaircolor teamgoldie growwithgoldie hairsupplement hairsupplements hairvitamins hairdamage hairdamagerepair hairgrowthgoals hairtreatments shampooandconditioner hairgrowthjourney,206,10,getgoldielocks,The image shows a young woman standing in a kitchen. She is wearing a grey t-shirt and blue jeans. Her long blonde hair is styled in loose curls that are cascading down her back. The kitchen has white cabinets and a stainless steel range hood. The woman is looking down at her hair with a serious expression on her face.
86,2023-03-20 17:04:46+00:00,rhyancaminske,spent the weekend with family and met my new nephew max,no_hashtag,149,6,no_mention,"The image shows a young woman sitting on a brown couch with a baby in her lap. The woman is wearing a gray camouflage jacket and has long blonde hair. She is smiling and looking at the camera. The baby is wrapped in a blue blanket and is looking up at the woman with a curious expression. The young boy is sitting next to her, wearing a green t-shirt and khaki pants. He is also smiling and has his hands clasped together in front of him. The background is a plain white wall."
87,2023-04-15 20:52:27+00:00,rhyancaminske,when i was getting ready for “date night” last night i realized i have 1000 tshirts and no “dress” shirts tshirts are my goto outfit every day but i do need to buy more dress up options with that being said…last day of the spring sale which includes my favorite aerosmith tee use code rhyan10 for an additional discount follow my shop on the ltk app to shop this post and get my exclusive apponly content ltk,bandtee oversizedtee outfitinspo springoutfit springstyle momstyle outfitideas graphictee amazonhat amazonfinds sassyqueen casualstyle everydaystyle streetstyle everydayoutfit liketoknowit liketoknowitstyle outfitidea simplestyle ootd liketkit,86,10,rhyancaminske shop,"The image shows a young woman standing in front of a white car with the trunk open. She is wearing a white t-shirt with a graphic design on it and light blue denim shorts. She has long blonde hair and is also wearing a wide-brimmed hat. The woman is smiling and looking up at the sky. In the background, there is a house and some trees."
88,2023-05-26 13:38:44+00:00,josefinehj,annonce,no_hashtag,14227,64,no_mention,"The image shows a woman standing in front of a stone wall. She is wearing a long grey trench coat over a black dress with white polka dots. She has a black handbag with a gold chain strap and is wearing sunglasses. The woman is standing with her hands in her pockets and is looking off to the side. On the wall behind her, there is a rectangular stone plaque with two lions on either side. The plaque appears to be made of stone and has a rough texture."
89,2023-03-15 17:34:09+00:00,rhyancaminske,ahhh i have another nephew max ryan murling made his entrance 31123 congratulations to my sister murling her husband can’t wait to get those baby snuggles this weekend swipe to the end to see this cutie follow my shop on the ltk app to shop this post and get my exclusive apponly content ltk,everydayoutfit winteroutfit woolcoat amazonfinds cozyoutfit carharttbeanie lululemonleggings womensboots casualstyle everydaystyle streetstyle momstyle liketoknowit liketoknowitstyle outfitidea outfitideas simplestyle ootd womenssunglasses blacksunglasses amazonjewelry liketkit,171,11,brooke mattmur56 rhyancaminske shop,"The image shows a young woman standing on the sidewalk in front of a gray building with a black door. She is wearing a long camel-colored coat, a gray beanie, black jeans, and black ankle boots. She has a black crossbody bag slung over her shoulder and is smiling at the camera. Her hair is styled in loose waves and she is wearing sunglasses. The building appears to be a two-story structure with a stone facade."
90,2023-05-25 17:56:16+00:00,josefinehj,summer basics at it’s best,no_hashtag,13126,87,samsoesamsoe,"The image shows a young woman standing on a cobblestone street in front of a wooden door. She is wearing a white blazer, black shorts, and black strappy heels. She has blonde hair styled in loose waves and is wearing sunglasses. The door is arched and has a wooden frame with intricate carvings. The background is a white wall with a stone archway. The woman is posing with one hand on her hip and the other resting on the wall."
91,2023-05-25 16:44:58+00:00,josefinehj,,no_hashtag,5421,33,no_mention,"The image shows a large room with a high ceiling and a chandelier hanging from it. The room is decorated with various artworks and paintings on the walls and ceiling. On the left side of the room, there is a fireplace with a white curtain and a wooden mantelpiece. In the center of the image, a woman is standing in the center, facing away from the camera. She is wearing a long, flowing dress with a floral pattern and carrying a black purse. The floor is covered in small, speckled tiles. The walls are painted in a light color and there are several framed artworks hanging on them. The overall atmosphere of the space is elegant and luxurious."
92,2023-04-11 18:43:52+00:00,stephaniebroek,spring at last wearing a cargo pant suit in olive green from the linen edition partner,no_hashtag,1561,72,samsoesamsoe,"The image shows a woman standing in front of a beige-colored wall. She is wearing a long-sleeved, olive green jumpsuit with a high collar and wide-leg trousers. She has a black handbag slung over her shoulder and is wearing black heels. Her blonde hair is styled in a short bob and she is wearing sunglasses. The woman appears to be walking away from the camera, with her back to the camera."
93,2023-05-21 13:53:23+00:00,everyday.holly,happy sunday last weeks top sellers 1 is 25 off is 15 off 5 has a 5 off coupon click on sizing to see the discounts appear discounts can go away at any moment comment links for all the links sizing info to be sent to you ️ follow me first you will not see my messages if you are not following me or you have your messages restricted in privacy settings for reference i’m 5’1 110lbs 1 2 piece skirt set small tts 2 halter neck dress xs go up if inbetween sizes 3 linen pants small tts 4 jumpsuit small tts 5 linen jumpsuit small tts how to ship my posts 1 click the link in my bio then click “shop my reels tiktok’s” look for the outfit picture and tap the link to shop 2 comment “links” no other text or emoji’s for the links sizing info 3 free ltk app follow everydayholly direct link to type into your browser,2 amazonfashion top5 casualoutfits easyoutfits summersandals petitefriendly summeroutfit springstyle summerstyle comfystyle momstyle summerdressses denimshorts summerbasics vacationoutfit amazonfashionfinds amazonfinds founditonamazon founditonamazonfashion targetstyle targetfashion petiteoutfit petitestyle over40petitestyle,1528,404,no_mention,"The image is a collage of two photos. On the left side, there is a photo of a woman wearing an orange maxi dress. The dress is sleeveless and has a high neckline. The woman is standing in front of a gray wall and is holding a phone in her right hand. She is wearing a straw bag and has long dark hair. The text on the image reads ""Weekly Tip Galleries #1"" and ""Amazon 3-piece skirt set with pockets""."
94,2023-03-13 17:07:15+00:00,rhyancaminske,march is a busy birthday month for us last week we celebrated my future sisterinlaws and a few days ago it was my brotherinlaws and we still have more birthdays to go so birthday wise march and september crush us which made me curious is there a specific month you feel like you have a ton of birthdays too if so what month follow my shop on the ltk app to shop this post and get my exclusive apponly content ltk,birthdaymonths birthdayseason marchbirthdays fauxleathervest fauxleatherpuffer bridesmaidproposal abercrombiejeans abercrombiefinds outfitinspo croppedpuffer puffervest croppedvest bodysuit casualstyle everydaystyle streetstyle everydayoutfit momstyle liketoknowit liketoknowitstyle outfitidea outfitideas simplestyle ootd liketkit,180,15,rhyancaminske shop,"The image is a close-up portrait of a young woman with long blonde hair. She is wearing a black leather vest over a white t-shirt. She has a neutral expression on her face and is looking directly at the camera. Her hair is styled in loose waves and falls over her shoulders. She appears to be in her late twenties or early thirties. The background is blurred, but it seems to be a room with a plant and a window."
95,2023-03-06 18:17:49+00:00,rhyancaminske,vacation pics round 3 we spent one night in tampa to visit carl’s alma mater we ate at timpano hyde park and when i tell you it was the best pasta dish i have ever had i am not exaggerating i normally have to have some sort of protein but neither carl or i needed it the food drinks and overall vibe was great highly recommend if you are ever in tampa follow my shop on the ltk app to shop this post and get my exclusive apponly content ltk,summeroutfit springoutfit outfitinspo casualstyle everydaystyle streetstyle everydayoutfit momstyle liketoknowit liketoknowitstyle outfitidea outfitideas simplestyle ootd targetstyle targetfinds levisshorts jeanshorts summeroutfitinspo abercrombiejeans tampaflorida tampauniversity utampa timpano tampaeats tampapasta liketkit,245,13,rhyancaminske shop,"The image shows a family of four posing for a photo in front of a Christmas tree. The family consists of a man, a woman, and two young children. The man is on the right side of the image, wearing a blue polka-dot shirt and jeans, and the woman and children are on the left side. They are all smiling and looking at the camera.

The tree behind them is decorated with silver and gold ornaments, and there is a sign that reads ""Merry Christmas"" hanging from the ceiling. The tree is located on a street with a green building in the background. There are also some decorative items scattered around the tree."
96,2023-03-02 01:34:57+00:00,rhyancaminske,take me back to the ️️ this snow is dreadful i’ve always loved neon colors for swimsuits i swear they make me look tanner what’s your go to color for swimwear and the cropped sweater tank in my second pic is so cute and comes in a ton of colors highly recommend follow my shop on the ltk app to shop this post and get my exclusive apponly content ltk,bikini swimsuits2023 swimsuit swimsuits targetswimwear bikiniready targetstyle targetfinds casualstyle everydaystyle streetstyle everydayoutfit momstyle liketoknowit liketoknowitstyle outfitidea outfitideas simplestyle ootd liketkit,273,27,rhyancaminske shop,The image is a mirror selfie of a young woman. She is standing in front of a white door and is holding her phone up to take the picture. The woman is wearing a turquoise bikini with yellow trim and has long blonde hair. She has a tattoo on her left arm and is looking directly at the camera with a slight smile on her face.
97,2023-02-27 17:01:02+00:00,rhyancaminske,be prepared for a week full of beach pics ️ we stayed in indian rocks beach fl for the week the kids first flight went well other then the flight attendant letting us know the plane we were on was jetblues first ever plane spent most days at the beach and we had to drag cannon away from the water every day sky tried her first macaroon she saw a reel of someone making macaroons on my phone and has been obsessed ever since i love them and now she does too bikinis are finally is stores this one is last season but i linked a bunch of my favorites for this year follow my shop on the ltk app to shop this post and get my exclusive apponly content ltk,targetfinds targetswim bikini sunglasses aviatorsunglasses amazonfinds amazonjewelry smallhoops goldjewelry diffeyewear casualstyle everydaystyle streetstyle everydayoutfit momstyle liketoknowit liketoknowitstyle outfitidea outfitideas simplestyle ootd summerjewelry liketkit,304,14,rhyancaminske shop,"The image is a selfie of a young woman on a beach. She is wearing a pink bikini and black sunglasses. She has blonde hair styled in loose waves and is smiling at the camera. In the background, there are palm trees and a blue swimming pool. The sky is blue and the weather appears to be sunny and warm."
98,2023-02-16 19:01:43+00:00,rhyancaminske,so it’s valentine’s week but my daughter is running around wishing everyone happy thanksgiving ️ if you need some cute sweaters or long sleeve shirts i linked a bunch of my favorites in my bio because they are either on sale or clearance right now sizes and colors selling out fast follow my shop on the ltk app to shop this post and get my exclusive apponly content ltk,winteroutfit coolweatheroutfit springsweater springsweaters abercrombiejeans iphonecases valentines valentinesgift hairgoals haircolorinspo blondehighlights blondebabylights hairgrowth blondehaircolor abercrombiestyle abercrombie sweater outfitinspo goingoutoutfit girlsnightoutoutfit momstyle easyoutfitideas liketkit,191,10,rhyancaminske shop,"The image is a selfie of a young woman standing in a living room. She is holding up her phone with both hands and is smiling at the camera. The woman is wearing a beige long-sleeved top with a ribbed texture and blue jeans. She has long blonde hair that is styled in loose waves and is wearing red nail polish. In the background, there is a white rug and a potted plant."
99,2023-02-19 20:13:25+00:00,rhyancaminske,counting down the seconds until summer ️ so excited i’m starting to see springsummer clothes in stores with the holiday weekend i’m also seeing a lot of the summer favs are back in stock and on sale one of my staples are jean shorts they are my go to and these ones are 30 off this weekend these are size 26 i think i could squeeze into a 25 follow my shop on the ltk app to shop this post and get my exclusive apponly content ltk,casualstyle everydaystyle streetstyle everydayoutfit momstyle liketoknowit liketoknowitstyle outfitidea outfitideas simplestyle ootd hairgoals haircolorinspo blondehighlights blondebabylights haircolorgoals summertrends levis jeanshorts levis501 liketkit,155,17,rhyancaminske shop,The image shows a young woman standing in a kitchen. She is wearing a white off-the-shoulder top with a floral pattern and denim shorts. Her long blonde hair is styled in loose waves and she is posing with one hand on her hip and the other resting on her thigh. She has a big smile on her face and is looking directly at the camera. The kitchen has white cabinets and a window with a view of trees outside.
100,2023-06-04 09:55:28+00:00,monikh,that dress,no_hashtag,2138,5,christopher_esber,The image shows a woman standing in a subway station. She is wearing a long blue dress and a beige coat. She has long dark hair and is holding a phone in her hand. The station has a tiled floor and a large poster on the wall behind her. There are two doors on the right side of the image and a sign on the left side. The woman appears to be taking a photo or video of herself.
101,2023-06-04 18:41:01+00:00,monikh,a very quick and rough sewing session this am taking a couple inches off the bottom for my 5’1 frame,no_hashtag,5328,35,faithfullthebrand,"The image shows a young woman standing in a hallway. She is wearing a long white dress with a floral pattern and black sandals. She has long dark hair and is holding a green handbag in her right hand. On the right side of the image, there is a large abstract painting hanging on the wall. The painting is black and white and appears to be hand-drawn. The hallway has white walls and a wooden floor. There is a door on the left side and a vase on the floor."
102,2023-05-31 17:50:42+00:00,monikh,bathtime moans followed by a bedtime fight and i’m now running 15 minutes late but i’m on my way,no_hashtag,4396,57,reformation,"The image shows a young woman standing in a room with white walls and wooden flooring. She is wearing a long, flowy green dress with thin straps and a high neckline. The dress is cinched at the waist with a belt, and she is holding a small green purse in her left hand. She has long dark hair and is posing with one hand on her hip and the other resting on her head. In the background, there is a large mirror hanging on the wall and a wooden table with a woven basket on it. On the right side of the image, there are two round lamps with white shades. The overall style of the room is modern and minimalistic."
103,2023-06-01 14:16:55+00:00,monikh,when lucy hosts,no_hashtag,6738,50,reformation lucywilliams02,"The image shows two women sitting at a table outside a restaurant. The woman on the left is wearing a green dress and is holding a yellow purse in her hand. She is sitting on a black metal chair with her legs crossed and is looking off to the side with a serious expression on her face. The other woman is sitting next to her, wearing a black off-the-shoulder dress and carrying a yellow handbag. Both women are wearing high heels and appear to be relaxed and enjoying each other's company. The restaurant has a large window with white curtains and a chandelier hanging from the ceiling. The floor is tiled and there are other tables and chairs set up outside the restaurant."
104,2023-05-31 11:51:41+00:00,monikh,all my faves in one,no_hashtag,7303,52,no_mention,"The image shows a young woman standing in a kitchen, taking a selfie with her phone. She is wearing a bright yellow sleeveless top with a deep V-neckline and black wide-leg trousers. She has a woven green tote bag in her left hand and is wearing black sandals. The kitchen has wooden cabinets and a large window with white curtains. There is a wooden dining table and chairs in the background. The floor is covered with a beige area rug."
105,2023-03-27 18:43:31+00:00,stephaniebroek,museums on mondays iykyk linen blazer and barrel leg trousers are toteme via,no_hashtag,1671,47,luisaviaroma,"The image shows an art gallery with a woman standing in the center of the room, facing the wall. She is wearing a gray sweater and black pants and is standing on a wooden floor. On the wall, there are several framed artworks hanging in a row. The artworks are of different sizes and colors, including portraits, paintings, and landscapes. The woman appears to be looking at one of the artworks with interest. The room is dimly lit with spotlights on the ceiling."
106,2023-05-17 08:10:07+00:00,chiaraferragni,are you guys ready the ferragnez season 2 is straming now,no_hashtag,843218,2824,no_mention,"The image is a promotional poster for the TV show ""The Ferragnes: The Series."" The background is a light blue color with the show's title written in pink neon letters at the top. In the center of the image, there is a family of four - a man, a woman, and two young children - sitting on a bed. The man is on the left side of the bed, with his arms around the woman and the two children on the right side. The woman is wearing a black dress and has blonde hair, while the children are wearing black dresses. All four of them are smiling and looking at the camera."
107,2023-06-06 16:44:50+00:00,chiaraferragni,brought the kids to see the new house today and they also saw their rooms,no_hashtag,315080,1113,no_mention,"The image shows a young woman in a military uniform holding two young children in her arms. The woman is standing in a room with a large window on the left side of the image, through which we can see a view of a city skyline. The children are wearing casual clothes, with one wearing a white t-shirt and blue shorts, the other wearing a yellow shirt and green shorts, and the third wearing a blue shirt and white sneakers. They are all smiling and looking at the camera. The room appears to be empty, with no other furniture or decorations visible in the background."
108,2023-02-07 23:45:59+00:00,chiaraferragni,la gabbia liberare le nuove generazioni dagli stereotipi di genere nei quali spesso le donne si sentono ingabbiate questa è l’idea che ha voluto rappresentare con questo abito alta moda di composto da una tuta di jersey ricamata di strass intrappolata in una gonna di tulle che prende ispirazione dall’opera di jana sterbak questo abito rappresenta la speranza di rompere le convenzioni imposte dal patriarcato una speranza che riponiamo nelle bambine di oggi che saranno le donne di domani questo è l’augurio di una mamma alla sua bambina che possa finalmente gridare vittoria da un’idea di e styling and art direction abito custom made di per foto make up hair hanno collaborato,no_hashtag,2172992,15515,mariagraziachiuri dior chiaraferragni fabiomariadamato giampaolosgura manuelemameli pattibussa mariasheilamiani dipo23 sasy_pezz,"The image shows a mother and daughter holding hands and walking together. The mother is wearing a long-sleeved, floor-length dress with a high neckline and long sleeves. The dress is made up of multiple layers of gold sequins that create a geometric pattern. The daughter is also wearing a matching dress with long sleeves and a full skirt. They are both smiling and appear to be enjoying each other's company. The background is a plain grey color. The overall mood of the image is joyful and playful."
109,2023-06-05 11:19:20+00:00,chiaraferragni,my little twin,no_hashtag,167978,755,no_mention,"The image is a selfie of a young woman and a young boy. The woman is sitting on a couch with her arm around the boy's shoulder. She is wearing a light blue tank top and has blonde hair styled in loose curls. The boy is also wearing a green t-shirt and has a tattoo on his arm. They are both smiling and looking at the camera. In the background, there is a window with a view of a city skyline."
110,2023-06-06 09:43:05+00:00,chiaraferragni,can’t count all the times i wore my eyewear collection go click the link in my stories to find out how you can win a special gift,adv,326340,574,chiaraferragnibrand,"The image shows a young woman walking through an airport terminal. She is wearing a white cardigan with a deep V-neckline and a pair of green sunglasses. Her blonde hair is styled in loose waves and she is carrying a brown purse. She has a serious expression on her face and is looking directly at the camera. The background shows a building with a sign that reads ""HTC""."
111,2023-05-18 19:59:56+00:00,maryleest,it takes a village … dress jewelry shoes hair makeup,cannesfilmfestival,26650,121,gustave_durin marmarhalim hassanzadeh_jewelry gianvitorossi balmainhaircouture narsissist the_frntal_pr,"The image is a black and white photograph of a young man and a young woman walking together. The man is on the left side of the image, wearing a suit and glasses, and is holding a piece of paper in his hand. He appears to be looking at the woman with a serious expression on his face. The woman is wearing a strapless, off-the-shoulder gown with a sweetheart neckline and a full skirt. She has her hair styled in an updo and is smiling at the man. In the background, there are two other men, one of whom is also smiling. The image appears to have been taken at a formal event, as there is a chandelier hanging from the ceiling."
112,2023-06-05 07:32:24+00:00,chiaraferragni,best of forte dei marmi,no_hashtag,145856,779,no_mention,"The image is a close-up portrait of a young woman. She has blonde hair styled in loose waves and is wearing a black top with a fur collar. She is looking directly at the camera with a serious expression on her face. Her makeup is dramatic, with dark eyeliner and nude lipstick. The background appears to be a room with green shutters and a white lattice wall."
113,2023-06-04 20:40:20+00:00,chiaraferragni,sunday in forte dei marmi,no_hashtag,343186,1043,no_mention,"The image shows a family of three - a man, a woman and a child - riding bicycles in a garden. The man is on the left side of the image, wearing a gray sweatshirt, camouflage shorts, and sunglasses. He is standing next to the woman and the child on the right side. The child is wearing a straw hat and sunglasses and is sitting on the front of the bicycle. The bicycle is decorated with pink and white flowers. In the background, there are trees and a building with a red roof. The sky is blue and the weather appears to be sunny."
114,2023-03-30 13:28:25+00:00,gisele,from planting trees regenerating springs and depleted soils and protecting turtles jaguars … everything impacts nature the power of nature comes from its diversity and it depends on it for survival every form of life uniquely creates balance on earth so all of life can flourish like with people our differences are also our strengths and we get stronger when we work together last year i started a project called biomes to help regenerate the biodiversity of brazil from north to south east to west we selected seven projects in different regions of the country each biomes species have an important role in nature because everything is connected now together with the luz alliance fund in partnership with on saturday may 20th in miami we are having a dinner to raise more funds to expand our efforts and have a more significant impact seja através do plantio de árvores regeneração de nascentes e solos degradados ou proteção de tartarugas onças… temos tentado ajudar de diferentes formas pois tudo impacta a natureza o poder da natureza vem de sua diversidade e depende dela para sua sobrevivência cada forma de vida desempenha um papel especial no equilíbrio da terra possibilitando que todas as formas de vida possam prosperar assim como acontece com as pessoas nossas diferenças também são nossos pontos fortes e ficamos mais fortes quando trabalhamos juntos no ano passado iniciei um projeto chamado biomas para ajudar a regenerar a biodiversidade do brasil de norte a sul de leste a oeste selecionamos 7 projetos em diferentes regiões do país porque sabemos da importância que cada bioma tem no todo pois tudo está interligado agora juntamente com no dia 20 de maio em miami teremos um jantar para arrecadar mais fundos para que possamos ampliar nossos esforços e ter um impacto ainda maior,no_hashtag,734590,5619,brazilfound,"The image shows a woman lying on her back on a sandy beach. She is wearing a long, flowing dress and her hair is styled in loose curls. The sky is a deep blue with a few wispy clouds scattered across it. The ocean is visible in the background, with small waves crashing onto the shore. The overall mood of the image is peaceful and serene."
115,2023-06-06 16:08:02+00:00,fashionmuniz,tshirt here ️ duas cores perfeitas no site r7990,no_hashtag,9,0,no_mention,The image shows a young woman standing in front of a black door. She is wearing a grey t-shirt and brown pants. She has long brown hair and is wearing sunglasses. The door has a decorative design on it and there is a white brick wall on the left side of the image. The woman is looking off to the side with a serious expression on her face.
116,2023-06-06 13:37:34+00:00,fashionmuniz,moletom joy ️ queridinho do momento p ao g r15990 •,no_hashtag,11,0,no_mention,The image shows a young woman standing in front of a white wall. She is wearing a dark green fleece pullover with a zipper on the front. The pullover has a small white logo on the left chest pocket. She has blonde hair and is wearing black leggings. The woman is looking directly at the camera with a serious expression on her face.
117,2023-06-04 12:27:16+00:00,chiaraferragni,best of these days in forte dei marmi,no_hashtag,391654,1040,no_mention,"The image shows a young woman sitting on a beach chair with her daughter. The woman is wearing a blue hat with a white logo on it and sunglasses. She is holding the daughter in her arms and is looking at the camera with a smile on her face. The daughter is also wearing a white dress and has blonde hair. In the background, there are other people and umbrellas on the beach. The sky is blue and the weather appears to be sunny and warm."
118,2023-06-05 18:03:56+00:00,fashionmuniz,hey babe nosso camisão brun perfeito pra qualquer ocasião • disponível no site,no_hashtag,14,0,no_mention,"The image shows a young woman standing in front of a white door, taking a selfie. She is wearing a pink button-down shirt with a deep V-neckline and long sleeves. The shirt has a lace-up detail on the front and appears to be made of a lightweight fabric. The woman is also wearing light blue ripped jeans with a high-waisted fit. She has her hair pulled back in a ponytail and is wearing gold bracelets on her wrists. The background is blurred, but it seems to be a room with a window and a plant."
119,2023-06-05 13:09:19+00:00,fashionmuniz,se prepara ️ look completo calça de couro jandira r23900 casaco loo r28990 peças na pré venda,no_hashtag,23,0,no_mention,The image shows a young woman standing on a cobblestone street. She is wearing a dark brown puffer jacket with a high collar and long sleeves. She has a black crop top underneath the jacket and black pants. The woman is holding a black umbrella in her left hand and is looking off to the side with a serious expression on her face. The background is a white wall.
120,2023-06-05 20:11:43+00:00,fashionmuniz,nossas calças preferidas ️ todas no site,no_hashtag,20,0,no_mention,The image shows a person standing in front of a white door with their back to the camera. The person is wearing a pair of black cargo pants with multiple pockets and a button closure at the waist. The pants appear to be made of a denim-like material and have a relaxed fit. They are paired with black and white Converse sneakers. The background is a tiled floor and a white wall.
121,2023-06-01 21:23:24+00:00,fashionmuniz,new babe moletom joy p ao g r15990,no_hashtag,136,0,no_mention,"The image shows a young woman standing in front of a mirror, taking a selfie. She is wearing a green hoodie, black leggings, and black boots. Her blonde hair is styled in loose waves and she is holding her phone up to take the picture. The background is a beige wall with a window on the left side. The overall mood of the image is casual and relaxed."
122,2023-05-16 13:23:24+00:00,maryleest,forbes brazil night,no_hashtag,26865,116,forbesbr lucreziabuccellati mbuccellati_ camarotti7,
123,2023-06-02 13:59:29+00:00,fashionmuniz,esfriou nossos quentinhos estão com tudo já no site,no_hashtag,18,0,no_mention,"The image shows a woman standing on a street with her hands on her hips. She is wearing a black sweatshirt with the words ""Active High Class"" written in white on the front. The sweatshirt has a round neckline and long sleeves. The woman is also wearing ripped grey jeans and a gold necklace. She has long white nails and is posing with one hand on her hip. The background shows a zebra crossing."
124,2023-05-10 19:14:02+00:00,maryleest,fendi x marc jacobs,marcjacobsxfendi,33785,125,fendi themarcjacobs mrkimjones gareart_i,"The image shows a young woman lying on a bed with white sheets and pillows. She is wearing a white crop top and white shorts. She has shoulder-length dark hair and is holding a black handbag with a strap attached to it. The handbag has the word ""Bagota"" written on it in white letters. The woman is looking directly at the camera with a serious expression on her face. The background is a plain white wall."
125,2023-04-28 16:52:17+00:00,maryleest,first glass of rossini is a sign that summer is around the corner sunglasses,no_hashtag,23692,126,pamarias marcolin_eyewear,"The image shows a woman standing on a balcony overlooking the ocean. She is wearing a long white dress with a high neckline and long sleeves. She has a leopard print bag slung over her shoulder and is wearing sunglasses. The balcony has a railing and there is a white chair and a table on the left side of the image. In the background, there are boats on the water and a small island on the right side. The sky is blue and the ocean is calm."
126,2023-05-04 18:33:30+00:00,maryleest,met gala night in honoring one and only karl glam,no_hashtag,25201,178,toryburch thetatithunder gareart_i,"The image shows a young woman standing in a room with a black and white striped floor. She is wearing a black sleeveless top and a white tulle skirt. She has a black handbag in her left hand and is posing with her right hand on her hip. The woman has short dark hair styled in a sleek updo and is looking directly at the camera with a serious expression. Behind her, there are three large gold spheres hanging on the wall. The spheres appear to be made of metal and have a shiny finish. The room has white walls and a chandelier hanging from the ceiling."
127,2023-06-01 12:38:26+00:00,fashionmuniz,4 quentinhos pra você se apaixonar • compras acima de r400 você ganha 20off na coleção de outono desconto automático no site,no_hashtag,19,0,no_mention,The image shows a young woman standing in front of a black door with intricate carvings on the doors. She is wearing a white sweatshirt with a black logo on the front and brown pants. She has long curly hair and is wearing sunglasses. The woman is smiling and looking off to the side. The door appears to be made of stone and has a gold handle. The background is a beige wall.
128,2023-06-01 14:08:44+00:00,fashionmuniz,tshirt here ️ duas cores perfeitas no site,no_hashtag,16,0,no_mention,"The image shows a young woman standing in front of a black door. She is wearing a grey t-shirt with a white logo on the front that reads ""Obey"" in a cursive font. She has long dark hair and is also wearing a silver necklace. The woman is standing with her hands in her pockets and is looking directly at the camera. She appears to be standing on a sidewalk with a brick wall in the background."
129,2023-05-25 09:34:33+00:00,josefinehj,annonce last night on our way to isola bella for the cruise show,no_hashtag,12547,110,louisvuitton,
130,2023-04-29 18:26:46+00:00,maryleest,didnt think my italian summer will start so soon,mayabeachresort,11389,73,mayabeachexperience bold_management,"The image shows a woman standing on a rocky cliff overlooking the ocean. She is wearing a white blouse, black shorts, and sunglasses. The cliff is covered in large rocks and boulders, and the ocean is visible in the background. The sky is blue with some clouds, and there are a few small waves crashing onto the shore. The woman is standing with her hands in her pockets and is looking out towards the horizon. The overall mood of the image is peaceful and serene."
131,2023-05-23 14:38:24+00:00,josefinehj,annonce italian espresso,lvcruise24,18668,70,louisvuitton,"The image shows a woman sitting at a table with a plate of food in front of her. She is wearing a white t-shirt with the words ""Hotel Zeros"" printed on it and black sunglasses. She has blonde hair and is holding a white coffee cup in her hand and appears to be drinking from it. The table is covered with a beige tablecloth and there is a glass of water on the table. The background shows a white wall with a window and a staircase."
132,2023-05-15 13:24:45+00:00,everyday.holly,happy monday i hope all of you mama’s had a wonderful mother’s day last weeks top sellers 1 is 25 off 3 has a 10 off coupon click on sizing to see the discounts appear discounts can go away at any moment comment links for all the links sizing info to sent to you ️ you will not see my messages if you are not following me or you have your messages restricted in privacy settings for reference i’m 5’1 110lbs 1 2 piece skirt set small tts 2 jumpsuit small tts 3 dress small tts 4 halter neck dress xs go up if inbetween sizes 5 linen pants small tts 1 comment “links” no other text or emoji’s for the links sizing info 2 click the link in my bio then click “shop my reels tiktok’s” look for the outfit picture and tap the link to shop 3 free ltk app follow everydayholly direct link to type into your browser,amazonfashion top5 casualoutfits easyoutfits summersandals petitefriendly summeroutfit springstyle summerstyle comfystyle momstyle summerdressses denimshorts summerbasics vacationoutfit amazonfashionfinds amazonfinds founditonamazon founditonamazonfashion targetstyle targetfashion petiteoutfit petitestyle over40petitestyle,1534,627,no_mention,"The image is a collage of two photos. On the left side, there is a photo of a woman wearing an orange maxi dress. The dress is sleeveless and has a high neckline. The woman is standing in front of a gray wall and is holding a phone in her right hand. She is wearing a straw bag and has long dark hair. The text on the image reads ""Weekly Tip Galleries #1"" and ""Amazon 3-piece skirt set with pockets""."
133,2023-05-07 21:54:12+00:00,everyday.holly,last weeks top sellers save 20 on target dresses sandals‼️ comment links for all the links sizing info to sent to you ️ you will not see my messages if you are not following me or you have your messages restricted in privacy settings for reference i’m 5’1 110lbs 1 target sandals tts 2 highrise denim shorts 0 3 linen dress xs loose fit 4 halter neck dress xs go up if inbetween sizes 5 casual ribbed knit dresss xs all sandals are from target tts save 20 1 comment “links” no other text or emoji’s for the links sizing info 2 click the link in my bio then click “shop my reels tiktok’s” look for the outfit picture and tap the link to shop 3 free ltk app follow everydayholly direct link to type into your browser,amazonfashion top5 casualoutfits easyoutfits summersandals petitefriendly summeroutfit springstyle summerstyle comfystyle momstyle summerdressses denimshorts summerbasics vacationoutfit amazonfashionfinds amazonfinds founditonamazon founditonamazonfashion targetstyle targetfashion petiteoutfit petitestyle over40petitestyle,929,188,no_mention,"The image is an advertisement for a weekly tip sellers sale. It features a photo of a woman wearing a yellow dress and sandals. She is standing in a room with a beige carpet and a plant in the background. The woman is holding a phone in her hand and is smiling at the camera. On the left side of the image, there is an image of a pair of beige sandals with a woven design. The text on the image reads ""Weekly Tip Galleries #1"" and ""20% off"" with a price tag of $99.99. On top of the text, there are details about the sale, including the date, time, and location."
134,2023-05-24 12:19:32+00:00,josefinehj,annonce last night was beautiful,no_hashtag,4712,12,louisvuitton,"The image shows an old stone archway with a group of people walking through it. The archway is made of stone and has a small window on the left side. The ground is covered in cobblestones and there is a tree on the right side of the image. The sky is visible in the background and the overall atmosphere is peaceful and serene. The image appears to be taken from a low angle, looking up at the archway."
135,2023-05-23 14:20:11+00:00,josefinehj,italy,no_hashtag,5275,20,no_mention,
136,2023-05-23 14:57:40+00:00,josefinehj,annonce,no_hashtag,21899,95,louisvuitton,
137,2023-05-02 19:47:53+00:00,maryleest,ready to sparkle for premet gala cocktail with wearing,swarowski swarowskijewelry metgala,20329,152,swarovski loveshackfancy gareart_i,"The image shows a woman sitting on a chair in a luxurious living room. She is wearing a long white dress with a halter neckline and high heels. The dress is flowing in the wind and she is resting her legs on the armrests of the chair. On the left side of the image, there is a beige armchair with a brown and white dog lying on it. The room has a large window with sheer curtains and a painting hanging on the wall. The floor is covered with a patterned rug. The woman is looking off to the side with a serious expression on her face."
138,2023-05-18 18:02:54+00:00,maryleest,ready for my first red carpet in cannes dress jewelry shoes hair makeup,no_hashtag,22917,158,marmarhalim hassanzadeh_jewelry gianvitorossi balmainhaircouture narsissist the_frntal_pr,"The image shows a woman walking down a staircase. She is wearing a long, flowing pink gown with a sweetheart neckline and off-the-shoulder straps. The gown has a full skirt that cascades down to the floor. The woman is holding onto a black handrail that extends to the right side of the image. The staircase has white walls and a chandelier hanging from the ceiling. The overall style of the gown is elegant and sophisticated."
139,2023-05-25 21:16:31+00:00,fashionmuniz,calça de couro molly está de volta ️• pré venda disponível no site,no_hashtag,32,0,no_mention,"The image shows a young woman standing in front of a wooden door. She is wearing a black long-sleeved top, black leather pants, and black ankle boots. She has a black crossbody bag slung over her shoulder and is wearing sunglasses. Her blonde hair is styled in loose waves and she is posing with one hand on her hip. The background is a white wall with a red curb."
140,2023-06-06 18:57:00+00:00,matildadjerf,a love story,no_hashtag,21800,51,no_mention,"The image shows a young woman walking on a street. She is wearing a navy blue dress and has a beige bag slung over her shoulder. She has blonde hair tied up in a high ponytail and is wearing sunglasses. The woman is holding a large bouquet of flowers in her right hand and appears to be looking off into the distance. In the background, there are cars parked on the side of the street and a building with a yellow awning."
141,2023-05-23 18:04:09+00:00,fashionmuniz,conjunto alicia está de volta na nossa pré venda • 3 cores disponível preto marrom e verde confira,no_hashtag,50,0,no_mention,The image shows a young woman standing in front of a wooden door. She is wearing a black crop top and wide-legged trousers. She has a black crossbody bag slung over her shoulder and is wearing sunglasses. Her blonde hair is styled in a messy bun and she is looking off to the side with a serious expression on her face. The background is a white wall with a black door.
142,2023-06-05 18:31:00+00:00,matildadjerf,that sums it up,no_hashtag,127390,228,no_mention,"The image shows a young woman standing in a garden. She is wearing a brown jacket and a straw hat. She has blonde hair and is smiling at the camera. In her hands, she is holding a bouquet of flowers. The bouquet is made up of different types of flowers, including roses, daisies, and lilies. The background shows a garden with trees, bushes, and a stone wall. The sky is blue and the weather appears to be sunny."
143,2023-05-22 20:31:10+00:00,fashionmuniz,moletons quentinhos pra você se apaixonar,no_hashtag,15,0,no_mention,"The image shows a person standing on a zebra crossing. The person is wearing a black long-sleeved sweatshirt with white text on it. The text reads ""I love you to the moon and back"" and is written in a cursive font. They are also wearing ripped grey jeans and black and white sneakers. The background is blurred, but it appears to be a city street with buildings and trees."
144,2023-06-01 17:58:05+00:00,matildadjerf,,no_hashtag,215348,361,no_mention,"The image shows a woman standing in a room with white walls and wooden flooring. She is wearing a long, flowy pink dress with a floral pattern. The dress is strapless and has a sweetheart neckline. The woman is holding a phone in her right hand and appears to be taking a picture of herself in the mirror. In the background, there is a dining table with a wooden chair and a white door. The room is dimly lit with natural light coming in from the window."
145,2023-06-03 18:40:05+00:00,matildadjerf,best weekend and we still have tomorrow,no_hashtag,257176,347,no_mention,"The image shows a young woman standing in a garden. She is wearing a long, flowy white dress with a deep V-neckline and thin straps. Her blonde hair is styled in loose waves and cascades down her back. The garden is filled with various plants and shrubs, and there is a white umbrella in the background. The sky is blue and the sun is setting, casting a warm glow over the scene. The overall mood of the image is peaceful and serene."
146,2023-05-31 18:18:48+00:00,matildadjerf,bff,no_hashtag,194121,322,no_mention,"The image shows a young woman sitting on a stone bench on a sidewalk. She is wearing a black short-sleeved dress and black high heels. She has blonde hair styled in loose waves and is wearing sunglasses. Next to her, there is a small white and brown dog on a leash. The dog is looking up at the woman with a curious expression. The background shows a building with a window and a sign that reads ""Cafe""."
147,2023-05-30 19:01:41+00:00,matildadjerf,favorite place and favorite time of day,no_hashtag,108797,121,no_mention,"The image shows a wooden table with a variety of food items arranged on it. On the left side of the table, there is a basket of fresh strawberries, a knife, a spatula, a small bowl of butter, a plate of sliced cheese, and a small container of strawberries. Next to the basket, there are two small bowls of strawberries and a bottle of honey. The table is covered with a white cloth and there are a few other items scattered around the table. The background is blurred, but it appears to be an outdoor setting with trees and a blue sky."
148,2023-05-10 17:40:34+00:00,fashionmuniz,tshirt here ️ duas cores perfeitas no site,no_hashtag,16,0,no_mention,"The image shows a person's hand holding a gray sweater with a pair of sunglasses resting on top of it. The sweater appears to be made of a soft, textured fabric and has a round neckline. The sunglasses have a gold frame and dark lenses. The person is wearing ripped blue jeans and black sneakers. The background is a wooden deck with a pink and white patterned rug."
149,2023-05-10 13:55:01+00:00,fashionmuniz,trio de calças novas pra você se apegar • no site,no_hashtag,32,0,no_mention,The image shows a woman standing in front of a white door with her back to the camera. She is wearing a black crop top and light blue denim jeans. The jeans have a high-waisted fit and are slightly flared at the bottom. The woman is also wearing black and white sneakers. She has her hands in her pockets and is standing on a tiled floor.
150,2023-05-29 18:47:38+00:00,matildadjerf,,no_hashtag,166233,259,no_mention,The image shows a young woman standing on a street in front of a building. She is wearing a black and pink dress with a lace overlay. The dress has a sweetheart neckline and thin straps. She has long blonde hair styled in loose waves and is holding a pink handbag in her left hand. The woman is looking directly at the camera with a serious expression on her face. There are cars parked on the street and a black limousine in the background.
151,2023-05-23 13:11:14+00:00,fashionmuniz,trio de calças novas pra você se apegar • no site,no_hashtag,21,0,no_mention,The image shows a person standing in front of a white door with their back to the camera. The person is wearing a pair of dark blue jeans with multiple pockets and a button closure at the waist. The jeans appear to be made of a denim-like material and have a relaxed fit. They are paired with white sneakers. The background is a tiled floor and a white wall.
152,2023-06-06 13:17:24+00:00,chiaraferragni,bikini season has finally started still not over this bikini with the coolest zebra print,adv calzedonia chiarawearscalzedonia,143533,893,calzedonia,"The image shows a young woman standing on a sandy beach. She is wearing a black and white zebra print bikini and sunglasses. She has blonde hair and is looking directly at the camera with a slight smile on her face. In the background, there are lounge chairs and umbrellas, and the ocean can be seen in the distance. The sky is blue and the weather appears to be sunny and warm."
153,2023-05-28 18:40:12+00:00,matildadjerf,this week,no_hashtag,258038,317,no_mention,The image shows a young woman standing on a sidewalk with her dog. The woman is wearing a long beige skirt and a maroon tank top. She is holding a black leash attached to the dog's collar. The dog is a small brown and white Pomeranian with a fluffy coat. The sidewalk is made of gray tiles and there is a building with a green awning in the background. The sky is blue and there are trees and other buildings visible in the distance.
154,2023-05-27 18:34:24+00:00,matildadjerf,hi hi hi,no_hashtag,90261,176,no_mention,"The image shows a young woman standing in front of a large metal gate with intricate designs. She is wearing a white blazer with a double-breasted design and pink flats. She has blonde hair styled in loose waves and is wearing sunglasses. The gate appears to be made of stone and has a sign on it that reads ""The Royal Palace"". The woman is holding a small pink purse in her left hand and is looking off to the side with a serious expression on her face."
155,2023-05-26 18:37:41+00:00,matildadjerf,me this dress,no_hashtag,233749,274,no_mention,The image shows a young woman standing in a gravel driveway in front of a house. She is wearing a long black dress with a halter neckline and a deep V-neckline. The dress has a fitted bodice and a flared skirt that falls to her ankles. She has blonde hair styled in loose waves and is smiling at the camera. The house in the background is a two-story building with a black roof and white walls. There is a wooden cart with potted plants on the right side of the image.
156,2023-05-23 18:46:14+00:00,matildadjerf,hi,no_hashtag,173091,212,no_mention,"The image shows a young woman lying on the ground on a sidewalk. She is wearing a black top, black pants, and black high heels. She has blonde hair and is wearing sunglasses. The woman is holding two brown paper bags filled with flowers and greenery. The bags appear to be filled with different types of flowers, including roses, daisies, and lilies. The sidewalk is made of gray tiles and there is a black car parked on the right side of the image. The image is taken from a high angle, looking down on the woman and the flowers."
157,2022-11-24 10:05:20+00:00,davidgandy_official,very proud to have won the style icon award at the gq moty awards for rather easy to look stylish in my full thank you to and his gq team for a wonderful evening,no_hashtag,35064,434,gqportugal henrypooleco jsantanagq,"The image shows a man standing on a red carpet at an event. He is wearing a black tuxedo with a white shirt and a black bow tie. He has a gold clutch in his left hand and is looking directly at the camera with a slight smile on his face. Behind him, there is a white backdrop with the words ""GQ Men of the Year Awards"" and logos of various sponsors."
158,2023-05-30 19:17:21+00:00,monikh,bits,no_hashtag,2022,9,no_mention,The image shows a plate of spaghetti with shrimp and tomato sauce. The spaghetti is cooked al dente and is covered in a rich tomato sauce with chunks of shrimp scattered throughout. The dish is garnished with fresh basil leaves. The plate is white with a gold rim and is placed on a woven placemat. A fork is resting on the side of the plate. The background is a wooden table.
159,2023-05-27 07:07:58+00:00,monikh,lazy oversized linen for 22 degrees,no_hashtag,8149,52,no_mention,The image shows a young woman standing in a room with wooden furniture and a large mirror. She is holding a black phone in her hand and taking a selfie. The woman is wearing a green blouse and a beige midi skirt. She has long dark hair and is wearing brown sandals. The room has a wooden floor and a white wall with a window with white curtains. There is a wooden dining table and chairs in the background.
160,2023-05-29 07:25:30+00:00,monikh,the rumours are true really is as good as they say,no_hashtag,1934,16,merit,"The image shows a young woman with dark hair, wearing a white t-shirt, holding a makeup brush in her right hand and applying foundation to her face. She is looking directly at the camera with a neutral expression. The background is a white curtain. The woman appears to be in her late twenties or early thirties."
161,2023-05-30 14:54:21+00:00,monikh,top with cargo pants sandals are and bag is old old links on stories and saved to may highlight 523,no_hashtag,9215,46,raeyofficial acnestudios therow palomawool,"The image shows a young woman standing in a kitchen, taking a mirror selfie. She is wearing a white off-the-shoulder top, grey pants, and black flip-flops. She has a straw bag slung over her shoulder and is holding her phone up to take the picture. The kitchen has wooden cabinets and a large wooden table with four chairs around it. The floor is covered with a beige area rug. There is a window with white curtains on the left side of the image."
162,2023-05-26 14:03:50+00:00,fashionmuniz,o courinho voltando com tudo por aqui ️• peças disponíveis na nossa pré venda,no_hashtag,25,0,no_mention,"The image shows a young woman standing in front of a mirror, taking a selfie. She is wearing a black leather jacket and black pants. The jacket has a high collar and long sleeves, and the pants are high-waisted. The woman has long blonde hair that is styled in loose waves and is holding her phone up to take the picture. The background of the image is a white wall with a geometric pattern."
163,2023-05-25 10:38:49+00:00,monikh,me hour plus a few beauty bits on rotation earth scrub to keep my hands exfoliated spf 50 and saving my lips,no_hashtag,8080,28,mirrorwater esteelauderuk rhode,"The image shows a young woman standing in a room with a large mirror in front of her. She is holding a black phone in her hand and taking a selfie. The woman is wearing a white blouse and pink pants, and is carrying a black and white woven bag. She has long curly hair and is wearing black flip-flops. The room has a wooden table and chairs, and there is a window with white curtains on the left side of the image. The floor is covered with a beige area rug."
164,2023-06-04 08:29:45+00:00,chiaraferragni,last night,no_hashtag,321404,2097,no_mention,The image shows a young woman standing on a sandy beach with a clear blue sky in the background. She is wearing a black crop top and a silver sequin mini skirt with cut-out details on the sides. She has blonde hair styled in loose waves and is holding a pink purse in her left hand. The woman is smiling and looking at the camera. There are several lounge chairs and umbrellas scattered around the beach.
165,2023-05-23 18:56:45+00:00,monikh,a very very lovely lunch with very very lovely people ️,no_hashtag,1519,18,no_mention,"The image shows a plate of food on a wooden table. The plate is white and has a fork and knife on the right side. On the left side of the plate, there is a dish that appears to be a soup or stew. The soup is a creamy green color and is garnished with chopped herbs. In the background, there are two glasses of water and a small bowl of butter. The table is set with a white tablecloth and silverware."
166,2022-11-25 21:52:26+00:00,davidgandy_official,i have always championed british brands and was delighted to celebrate the opening of new jermyn street flagship store a great evening and very happy to see the brands return to mayfair,thomaspink thomaspinkshirtmaker thomaspinkshop,38828,289,pinkshirtmaker,"The image shows a man standing in front of a glass door with his hands in his pockets. He is wearing a grey blazer with a black shirt underneath. He has a beard and mustache and is looking directly at the camera with a slight smile on his face. Behind him, there are several framed pictures hanging on the wall. The background appears to be an art gallery or exhibition space."
167,2023-06-03 14:07:39+00:00,chiaraferragni,what a special night starting summer tour in forte dei marmi at with a special performance by our beloved paola e chiara,no_hashtag,525948,1076,chiaraferragnibrand augustushotelresort,"The image shows a young woman standing on a stone pathway in a garden. She is wearing a bright blue sleeveless dress with a high neckline and a midi length skirt. She has blonde hair styled in loose curls and is wearing black strappy heels. The woman is holding a black and white handbag in her left hand and is smiling at the camera. In the background, there is a white metal gate and a white bench. The garden is well-manicured with green bushes and trees."
168,2023-06-02 14:45:35+00:00,chiaraferragni,june 1st in forte dei marmi with the family,no_hashtag,308225,1102,no_mention,The image shows a mother and daughter standing on a red carpet in front of a building with a green awning. The mother is holding the daughter in her arms and they are both smiling at the camera. The daughter is wearing a white dress with a floral pattern and pink flip-flops. She has blonde hair and is carrying a large black Louis Vuitton handbag. The background shows a garden with potted plants and trees.
169,2023-05-24 07:58:52+00:00,monikh,yesterday i found this semisheer dress by via cannot wait to wear it on holiday with a bikini underneath or big knickers and black bra still working out how to make it work for days in london possibly a skirt slip as i don’t want to take away from the beauty of the transparency too much colour goes nicely with my new diffusion bag and dainty rings are all ️,no_hashtag,3679,20,palomawool libertylondon dragon lil_milan,"The image shows a young woman taking a mirror selfie in a bathroom. She is standing in front of a shower curtain and is holding her phone up to take the picture. The woman is wearing a long, purple dress with a high neckline and long sleeves. She has long dark hair and is wearing brown sandals. The shower curtain is blue and has a floral pattern. There is a small potted plant in the corner of the room."
170,2023-06-01 09:09:51+00:00,chiaraferragni,january 2023 shooting my sanremo looks and matching with my princess,no_hashtag,591890,1773,no_mention,"The image shows a woman sitting on a white couch with a baby in her lap. The woman is wearing a long-sleeved, gold sequin jumpsuit with a high neckline and long sleeves. She has blonde hair styled in loose waves and is smiling at the camera. The baby is also wearing a matching outfit with gold sequins. The background appears to be a wooden wall with a black tablecloth."
171,2023-06-03 10:25:53+00:00,chiaraferragni,first night in forte,suppliedbylouisvuitton,549570,981,no_mention,"The image shows a young woman sitting on a wooden bench in a garden. She is wearing a white sleeveless dress with cut-out details on the sides. The dress is knee-length and falls above her knees. She has blonde hair styled in loose curls and is smiling at the camera. In her hand, she is holding a woven straw handbag with a gold clasp. The bench is covered with green and white striped cushions and there is a gazebo in the background. The overall mood of the image is relaxed and casual."
172,2023-06-02 09:52:37+00:00,chiaraferragni,today cf summer tour starts the first stop is at follow for more details,no_hashtag,536808,719,augustushotelresort chiaraferragnibrand,"The image shows a young woman standing in front of a pink cart with a sign that reads ""Chicco"" on it. She is wearing a white crop top and a blue mini skirt. She has blonde hair and is wearing sunglasses. The cart is decorated with a bamboo curtain and there are several pairs of sunglasses hanging on the wall behind it. The woman is making a peace sign with her fingers and is smiling at the camera."
173,2023-06-01 13:38:58+00:00,chiaraferragni,our portofino anniversary episode is now streaming hope you guys will like it,theferragnez,829312,2649,no_mention,"The image shows a couple sitting at a long table with white flowers and candles. The table is set up in a garden with greenery and mountains in the background. The couple is dressed in formal attire, with the woman wearing a black dress and the man wearing a suit. They are holding hands and looking at each other lovingly. The sky is blue and the sun is setting, casting a warm glow over the scene. The overall mood of the image is romantic and intimate."
174,2023-05-31 13:02:02+00:00,chiaraferragni,last day of may,no_hashtag,527074,1135,no_mention,The image shows a young woman walking on a cobblestone street. She is wearing a beige tweed jacket over a white crop top and a pair of beige shorts. She has a black crossbody bag slung over her shoulder and is wearing sunglasses. Her blonde hair is styled in loose waves and she is smiling as she walks. The street is lined with buildings on both sides and there is a person walking in the background.
175,2023-05-31 17:53:39+00:00,chiaraferragni,,no_hashtag,286834,1245,no_mention,"The image is a close-up portrait of a young boy's face. He has blonde hair and blue eyes. He is smiling widely and looking directly at the camera. He appears to be in his late teens or early twenties. The boy is wearing a striped shirt and has a big smile on his lips. The background is blurred, but it seems like he is in an office or a classroom setting."
176,2023-04-22 15:05:00+00:00,sincerelyjules,my only real pregnancy cravings have been all kinds of pancakes and anything sweet like pastries ice cream dessert my pregnant ladies what have your cravings been share,ojaivalley,149507,483,no_mention,"The image shows a young woman sitting at a wooden table with a plate of pancakes in front of her. She is wearing a green beanie, a gray cardigan, and green pants. She has long dark hair and is wearing sunglasses. The pancakes are topped with strawberries and blueberries, and there is a small bowl of whipped cream on the table next to the plate. In the background, there are trees and a golf course. The sky is blue and the weather appears to be sunny and warm."
177,2023-05-15 18:33:33+00:00,matildadjerf,city summer,no_hashtag,297685,330,no_mention,The image shows a young woman walking on a street. She is wearing a black tank top and blue jeans. Her blonde hair is styled in loose waves and she is carrying a brown purse. The street is lined with tall buildings and there is a blue and white striped pole on the right side of the image. There are cars parked on the street and a traffic light on the left side. The sky is overcast and the overall mood of the photo is somber.
178,2023-05-21 18:11:52+00:00,matildadjerf,and to think this is just the beginning,no_hashtag,251628,301,no_mention,The image shows a young woman sitting on a wooden porch with a small dog. The woman is wearing a yellow dress and has blonde hair tied up in a bun. She is holding a bottle of champagne in her left hand and is kissing the dog on the cheek. The dog is a brown and white breed with a fluffy coat. The porch has white walls and a glass door that leads to a balcony with a view of the ocean. There is a potted plant on the porch and a wine glass on the floor.
179,2023-05-11 18:52:22+00:00,matildadjerf,,no_hashtag,212867,166,no_mention,"The image shows a young woman sitting on the floor in front of a glass door. She is wearing a white blouse with a red rose embroidered on the left side of her chest. Her blonde hair is styled in a messy bun and she is holding a glass of water in her hand. She appears to be deep in thought, with a serious expression on her face. The background shows a tiled floor and a wooden cabinet."
180,2023-05-16 18:38:34+00:00,matildadjerf,if you know you know,no_hashtag,176203,191,no_mention,The image shows a young woman sitting at a table in a restaurant. She is wearing a white strapless dress and has long blonde hair. The table is covered with a white tablecloth and there is a vase of pink and purple flowers on the left side of the table. The woman is holding a white plate with a fork and knife in her hands and is about to take a bite out of it. There are two wine glasses on the table and a candle on the right side. The background shows a window with a view of the outside.
181,2023-05-20 18:33:24+00:00,matildadjerf,may,no_hashtag,153086,200,no_mention,"The image shows a close-up of a woman's upper body. She is wearing a light green knitted sweater with a deep V-neckline and long sleeves. The sweater has a ribbed texture and appears to be made of a soft, textured fabric. The woman is standing in front of a window with white curtains, and the floor is tiled. The image is taken from a low angle, looking up at the woman's neck."
182,2023-05-17 18:43:01+00:00,matildadjerf,most special lunch,no_hashtag,132721,182,djerfavenue,"The image shows a young woman sitting on a white staircase in a room with red carpet. She is wearing a long beige coat and a white dress with a high neckline and long sleeves. Her blonde hair is styled in loose waves and she is looking off to the side with a thoughtful expression on her face. On the right side of the image, there is a framed picture hanging on the wall and a window with a view of a kitchen. The staircase appears to be old and weathered, with peeling paint and chipped paint."
183,2023-05-12 18:19:18+00:00,matildadjerf,last weekend,no_hashtag,156183,167,no_mention,The image shows a woman standing on a concrete pathway in a park. She is wearing a black dress with a white lace top and a black skirt. Her blonde hair is styled in a high ponytail and she is holding a black clutch in her hand. The pathway is lined with trees and there is a grassy area in the background. The woman appears to be looking down at the ground.
184,2023-05-09 18:32:22+00:00,matildadjerf,poolside,no_hashtag,180890,146,no_mention,"The image shows a small white plate with a small orange flower on it. The plate is placed on a concrete floor and there is a burlap bag on the left side of the image. The burlap has the word ""love"" written on it in red letters. On the right side, there are two white chairs with pink and blue polka dots. The shadows of the chairs can be seen on the ground."
185,2023-05-18 18:47:57+00:00,matildadjerf,like mother like son,no_hashtag,143575,167,no_mention,"The image shows a large tree in the middle of a grassy field. The tree has green leaves and is surrounded by tall grass and wildflowers. In the center of the image, there is a person lying on a white bench under the tree. The person is wearing a white dress and appears to be sleeping or resting. The sky is blue and the sun is shining, creating a peaceful and serene atmosphere."
186,2023-05-15 07:01:49+00:00,carodaur,about last week,daurdump,30679,131,no_mention,"The image shows a woman standing in front of a large window with a view of a city at sunset. She is wearing a black top and white pants and is standing with her back to the camera, looking out at the city below. The window is covered with a beige curtain and has a round glass table in the center. On the table, there is a black purse and a purple book. The city below is filled with buildings and skyscrapers, and the sky is a beautiful orange and pink color. The overall mood of the image is peaceful and serene."
187,2023-05-13 10:55:42+00:00,carodaur,bye bye new york swipe for my ny list,no_hashtag,42221,320,no_mention,"The image shows a young girl sitting in the back seat of a car. She is wearing a blue hoodie and has blonde hair tied up in a ponytail. The girl is holding a purple book in her hands and appears to be engrossed in reading it. The car has black leather seats and the dashboard is visible in the background. Through the window, we can see a building and a tree outside."
188,2023-05-14 18:45:03+00:00,matildadjerf,forgot these ‍️,no_hashtag,169137,209,no_mention,The image shows a young woman sitting on a green couch in a living room. She is wearing a light blue robe and has a bouquet of pink and white flowers in front of her. The woman is holding a glass of water and appears to be drinking from it. There is a painting hanging on the wall behind her and a window with white curtains in the background.
189,2023-05-18 10:45:12+00:00,carodaur,secret garden lunch our tour guide was clearly the main character,no_hashtag,18078,94,no_mention,"The image shows a woman sitting on a set of stairs in front of a traditional Chinese temple. The temple is made of red stone and has a green roof with intricate designs and patterns. The woman is wearing an orange blouse, black shorts, and black shoes. She is holding a black handbag and appears to be posing for the photo. In the background, there are trees and shrubs, and the sky is blue. The overall atmosphere of the image is peaceful and serene."
190,2023-03-06 18:32:13+00:00,stephaniebroek,back in paris for my dream show aaaaah a few of my favorite cc moments throughout the years dying to show you my look for tomorrow 3,no_hashtag,2551,65,chanelofficial,The image shows a woman standing on a brick pavement in front of a large white column. She is wearing a sleeveless jumpsuit with black buttons down the front and black heels. She has blonde hair styled in loose waves and is wearing sunglasses. The woman is holding a pink purse in her left hand and is looking down at the ground. The background shows a building with arches and pillars. The image appears to be taken at night.
191,2023-02-14 16:25:23+00:00,stephaniebroek,who else loves hearing ‘how we met’ stories on our first date younes took me to a hiphop party two introverts counting on the music to avoid awkward silences in retrospect we had nothing to worry about we couldn’t stop talking all night on our third date we made plans to go to paris it was summer and the city was more romantic than ever we were students and couldn’t afford to go out for dinner instead we drank cheap wine and ate pizzas along the seine ad,maisonmargielafragrances smellslikememories onadate datewithreplica,3260,96,maisonmargielafragrances,"The image shows a man and a woman sitting side by side on a white couch. The man is on the left side of the image, wearing a black beanie and a black t-shirt. He has a beard and is looking directly at the camera with a serious expression on his face. The woman is sitting next to him, with her arm resting on the man's shoulder. She is wearing a gray tank top and has blonde hair and glasses. In her hand, she is holding a small bottle of perfume. The background is a plain white wall."
192,2023-02-22 19:26:09+00:00,stephaniebroek,recently a facialist complimented my skin after a treatment and said ‘keep doing what you’re doing’ i was shook 3 i’ve been consisted for years so you probably know what i’m doing the calm line just relaunched and it’s full of ingredients my skin loves hyaluronic acid peptides ceramides squalane particularly suitable for sensitive skin olive wasn’t supposed to be in this photo but wanted to be involved this photo pretty much sums up how i do my skincare routine in the morning with one hand ad,no_hashtag,3187,65,paulaschoicenl,"The image shows a young woman standing in a bathroom with a baby in her arms. The woman is wearing a black tank top and patterned pants, and is holding the baby close to her chest. She is looking down at the baby with a loving expression on her face. The bathroom has a white bathtub and a window with white curtains, and there is a sink with a faucet on the right side of the image. The walls are tiled in a light color, and the floor is made of dark tiles."
193,2023-02-16 16:39:37+00:00,stephaniebroek,so this is 34 celebrated my birthday on the 5th in new season margiela parachute pants and neon saks potts,no_hashtag,2103,73,luisaviaroma,The image shows a woman standing in a room with her back to the camera. She is wearing a bright yellow sleeveless top and a pair of black sheer pants. Her hair is styled in loose waves and she is wearing black high heels. The room appears to be a dressing room with a white wall and a red door in the background. There are several pairs of shoes scattered on the floor around the room.
194,2023-03-03 20:58:46+00:00,stephaniebroek,lucky girl syndrome paris edition,no_hashtag,2031,55,no_mention,"The image is a black and white photograph of a woman walking on a street. She is wearing a long coat, a scarf, and sunglasses. She has a black crossbody bag slung over her shoulder and is wearing black shoes. The street is lined with parked motorcycles and buildings on both sides. The sky is overcast and the overall mood of the image is somber."
195,2023-04-29 17:15:28+00:00,camilacoelho,flourishing w ad,no_hashtag,164197,763,loungeunderwear,The image shows a young woman sitting on a white bench with her legs crossed. She is wearing a yellow bikini top and a yellow skirt. The woman has long curly hair and is holding a bouquet of pink flowers in her hand. She appears to be relaxed and enjoying the sun. The background is a garden with trees and bushes. The overall mood of the image is peaceful and serene.
196,2023-02-19 18:57:43+00:00,stephaniebroek,the perfect black trouser with a side of slay ad,no_hashtag,1628,44,stagnistudio,"The image shows a young woman standing in a hallway with her back to the camera. She is wearing a white tank top and black pants. She has blonde hair and is carrying a beige sling over her shoulder. Her hands are covering her face, as if she is covering her eyes. The hallway has a tiled floor and a white wall with a red door on the right side."
197,2023-03-02 15:03:55+00:00,stephaniebroek,one word review ethereal black sand and crochet trees with big fabric flowers and gemstones garlands and i wore just the right boots for jonny johansson’s black forest,no_hashtag,924,36,acnestudios,"The image is a black and white photograph of a woman sitting on the floor in front of a large mirror. The woman is wearing black shorts and thigh-high boots with a textured pattern. She is holding a phone in her hand and appears to be taking a picture of herself in the mirror. In front of the mirror, there is a pair of high-heeled shoes with a pointed toe and a pointed heel. The shoes are made of a woven material and have a metallic sheen. The background is a plain white wall."
198,2023-01-18 20:03:51+00:00,stephaniebroek,,no_hashtag,2687,49,no_mention,"The image shows a woman standing on a brick sidewalk in front of a restaurant. She is wearing a black coat, a black scarf, and black pants. The scarf is wrapped around her neck and she is holding a black handbag with a gold chain strap. The woman is also wearing a white scarf tied around her waist. The background shows a building with a red awning and a tree. The overall mood of the image is casual and relaxed."
199,2023-01-25 19:11:37+00:00,stephaniebroek,beltskirts over pants type of week,no_hashtag,1466,68,no_mention,"The image shows a young woman standing in a room with a wooden floor and white walls. She is wearing a long, beige coat with a high collar and long sleeves. The coat has a belt around the waist and is cinched at the waist with a silver buckle. She has black leggings and beige ankle boots. The woman is standing with her hands in her pockets and is looking off to the side with a serious expression on her face. There is a window with white blinds on the right side of the image and a white radiator on the left side."
200,2023-02-05 19:32:39+00:00,stephaniebroek,in full ann demeulemeester and the row on day 1 a the attico cargo denim skirt moment on day 2 and magda butrym top on the last day of cphfw all via,no_hashtag,1695,70,luisaviaroma,"The image shows a woman walking down an escalator in a subway station. She is wearing a long grey coat, a black top, and black pants. She has blonde hair and is carrying a black handbag with gold accents. The woman is wearing sunglasses and appears to be in her late twenties or early thirties. The escalator is made of stainless steel and has a glass door on the right side. In the background, there is another woman with blonde hair, who is walking towards the elevator. The image appears to have been taken from a low angle, looking down on the woman."
201,2023-01-09 16:15:43+00:00,stephaniebroek,bag and coffee table slay,no_hashtag,1429,45,no_mention,"The image shows a black dress hanging on a white door. The dress appears to be a long, flowing dress with a high neckline and long sleeves. It is hanging from a hanger with a gold-colored handle. The door is open, and there is a window on the right side of the image, through which we can see a view of a tiled floor and a wall with a floral wallpaper."
202,2023-02-06 18:55:07+00:00,stephaniebroek,a week in copenhagen and this is what my camera roll looks like,no_hashtag,1133,38,no_mention,"The image shows a white towel hanging on a wooden railing in front of a window. The window is made of wood and has a beige-colored curtain on the left side. The curtain appears to be made of a sheer fabric with a geometric pattern. On the right side of the window, there is a white box with a label on it. The background is blurred, but it seems to be an old building with a tiled facade. The overall mood of the image is gloomy and abandoned."
203,2023-04-22 19:30:23+00:00,camilacoelho,miami nights •,ootn,107220,374,no_mention,"The image shows a young woman standing in front of a beige wall. She is wearing a strapless, knee-length dress with a zigzag pattern in shades of brown and black. The dress has a sweetheart neckline and is cinched at the waist with a thin strap. She has long dark hair styled in loose waves and is carrying a small, brown handbag with a gold clasp. The woman is looking off to the side with a serious expression on her face. The background is dark, suggesting that the photo was taken at night."
204,2023-04-23 21:29:38+00:00,camilacoelho,kai’s mom dropping my arm workout on last video lol se eu treino braço claro que sim haha • my set is available at,ootd momlife,133411,527,camilacoelhocollection revolve,"The image shows a young woman standing on a sidewalk in front of a building with palm trees in the background. She is wearing a two-piece outfit consisting of a pink crop top and a long, flowy skirt. The crop top is sleeveless and has a high neckline, while the skirt is flared at the bottom. The woman is also wearing sunglasses and has her hair styled in loose waves. She has a gold clutch in her hand and is looking off to the side with a serious expression on her face."
205,2023-05-10 16:56:37+00:00,matildadjerf,hiiiii ‍️,no_hashtag,185861,270,no_mention,"The image shows a woman standing on a cobblestone street, taking a photo with her camera. She is wearing a white tank top and beige pants, and carrying a woven bag. Her hair is styled in a messy bun, and she is holding the camera up to her eyes with both hands. The street is lined with old stone buildings, and there is a small gate on the left side of the image. The sky is blue and the weather appears to be sunny."
206,2023-04-18 20:18:58+00:00,camilacoelho,such a fun time at this weekend until next yearrrr fam •,revolvefestival festival festivalfashion ootd,162482,565,revolve,"The image shows a young woman standing in front of a large swimming pool. She is wearing a long-sleeved crop top with a floral pattern in shades of blue, green, and yellow. The top has a deep V-neckline and is paired with a pair of dark green trousers with a black belt. She has long dark hair styled in loose waves and is smiling at the camera. In the background, there are palm trees and other people enjoying the pool. The sky is blue and there are mountains in the distance."
207,2023-05-05 18:33:56+00:00,matildadjerf,small little pockets of my day,no_hashtag,147298,142,no_mention,"The image shows a woman standing in front of a large window, looking out at the view. She is wearing a white blouse with a floral pattern and carrying a beige tote bag. She has blonde hair tied up in a bun and is wearing sunglasses on her head. The window is framed by a wooden frame and is open, allowing natural light to enter the scene. In the background, there is a beautiful view of a lake and trees. The sky is blue and the weather appears to be sunny and warm."
208,2023-05-06 17:58:43+00:00,matildadjerf,‍️,no_hashtag,245634,348,no_mention,"The image shows a young woman standing in the doorway of a room. She is wearing a light green dress with a sweetheart neckline and thin straps. The dress is knee-length and has a fitted bodice. She has blonde hair styled in loose curls and is wearing strappy heels. The woman is smiling and looking off to the side. The room has beige walls and wooden flooring. There are two white curtains on either side of the doorway, and a small table with a vase of flowers in the background."
209,2023-05-08 18:26:04+00:00,matildadjerf,living,no_hashtag,186887,170,no_mention,"The image shows a small white boat in the middle of the ocean. The boat is floating on the surface of the water and there are several yellow buoys floating around it. In the background, there is a small sailboat visible on the horizon. The sky is clear and blue, and the water is calm. The overall scene is peaceful and serene."
210,2023-05-02 18:43:53+00:00,matildadjerf,highlights from the last two weeks,no_hashtag,155715,210,no_mention,"The image shows a young woman sitting on a wooden bench on a sidewalk. She is wearing a black leather jacket, blue jeans, and black flats. She has blonde hair and is holding a cup of coffee in her hand. On the bench, there is a small table with a glass of orange juice and a plate of food. The bench is next to a white pillar and there are other tables and chairs in the background. The sky is blue and the weather appears to be sunny."
211,2023-05-03 19:01:05+00:00,matildadjerf,soooooooon,no_hashtag,113716,126,no_mention,"The image shows a luxurious living room with a beautiful view of the ocean. The room has a high ceiling with a crystal chandelier hanging from it. The walls are painted in a light color and the floor is covered with a beige carpet. There are two beige sofas with colorful throw pillows, a wooden coffee table with a vase of flowers and a lamp on it, and a white ottoman on the right side of the room. On the left side, there is a large window with sheer curtains that offers a stunning view of a balcony with a table and chairs overlooking the ocean at sunset. The sky is orange and pink, indicating that it is either sunrise or sunset."
212,2023-05-20 11:23:27+00:00,josefinehj,spring in copenhagen,no_hashtag,16645,76,no_mention,The image shows a young woman standing in front of a window with a view of a city skyline. She is wearing a long white coat over a white top and beige trousers. She has a pair of black heels on her feet and is holding a white coffee cup in her hand. The woman has blonde hair and is wearing sunglasses. The window behind her has a wooden frame and is framed by a white wall. The sky is blue and the overall mood of the image is casual and relaxed.
213,2023-05-07 18:59:00+00:00,matildadjerf,,no_hashtag,220198,228,no_mention,"The image shows a young woman walking on a street in a European city. She is wearing a black tank top and white jeans, with a belt around her waist. She has blonde hair and is wearing black heels. The street is lined with buildings on both sides, and there are palm trees in the background. The sky is blue and the weather appears to be sunny. The woman is walking towards the right side of the image, and the street is empty."
214,2023-05-01 18:42:30+00:00,matildadjerf,a long weekend at home,no_hashtag,153650,197,no_mention,The image shows a person lying on a white couch with a dog lying next to them. The person is covered with a white blanket and has blonde hair. The dog is a brown and white Cavalier King Charles Spaniel with a black and tan coat. It is lying on its side with its head resting on the person's arm. There are two white pillows on the couch and a gray blanket on the right side of the image. The background shows a wooden floor and a white wall.
215,2023-05-24 21:47:26+00:00,fashionmuniz,de volta calça de couro jandira está de volta com tudo,no_hashtag,15,0,no_mention,"The image shows a person standing in front of a white wall with a black window on the left side. The person is wearing a black leather jacket and black pants. The jacket has a high collar and long sleeves, and the pants have a slim fit. They are also wearing black boots with a chunky sole. The pants appear to be made of leather and have multiple pockets on the sides. The background is a concrete sidewalk."
216,2023-05-20 14:02:46+00:00,josefinehj,annonce,no_hashtag,9945,48,no_mention,"The image is a black and white photograph of a young woman standing in front of a window. She is holding a black handbag in her right hand and appears to be speaking into it. The woman is shirtless and her hair is pulled back in a bun. She has a serious expression on her face and is looking down at the ground. The window behind her is open, letting in natural light. The overall mood of the image is somber and contemplative."
217,2023-04-30 18:47:07+00:00,matildadjerf,,no_hashtag,170642,284,no_mention,"The image shows a young woman standing in a dressing room. She is wearing a pink sequin dress with a deep V-neckline and long sleeves. The dress is knee-length and falls above her knees. She has blonde hair styled in loose waves and is holding a pink purse in her left hand. The woman is looking off to the side with a serious expression on her face. In the background, there are clothes hanging on a rack and a white dress hanging on the wall. On the right side of the image, there is a shelf with a black and white patterned handbag and a pair of black high heels."
218,2023-05-17 10:04:08+00:00,josefinehj,elevator check,no_hashtag,5466,19,no_mention,"The image shows a young woman standing on an escalator with her arms stretched out to the sides. She is wearing a white blouse with a lace pattern and black trousers. She has a black handbag slung over her shoulder. The background is blurred, but it appears to be an indoor space with a metal railing. The woman is smiling and seems to be enjoying herself."
219,2023-04-28 18:40:14+00:00,matildadjerf,forgot about these,no_hashtag,177435,223,no_mention,"The image shows a young woman standing in a bathroom. She is wearing a black mini dress and black high heels. She has blonde hair and is holding a glass of water in her hand. The bathroom has two white sinks with silver faucets and a large mirror above them. There are two white towels hanging on a rack next to the sinks. In the reflection of the mirror, there is another woman who is looking at her reflection. The walls are painted in a light beige color and the floor is tiled."
220,2023-04-27 18:51:46+00:00,matildadjerf,a rainy day in april,no_hashtag,102316,139,no_mention,"The image shows a young woman standing on a sidewalk on a rainy day. She is wearing a long beige trench coat, black tights, and black heels. She has a white handbag slung over her shoulder and is wearing sunglasses. The woman is holding a phone to her ear and appears to be talking on it. The sidewalk is made of gray tiles and there is a white column on the left side of the image. In the background, there are buildings and a zebra crossing."
221,2023-05-30 10:44:40+00:00,chiaraferragni,colorful bag for a total look today feeling playful with my bag in the prettiest shades of green,pradagalleria adv prada,540617,1027,prada,"The image shows a young woman sitting against a blue wall. She is wearing a beige trench coat over a white tank top and has a cross necklace around her neck. She has blonde hair styled in loose waves and is looking directly at the camera with a serious expression. In her hands, she is holding a green handbag with a triangle logo on it. The handbag appears to be made of leather and has two handles."
222,2023-04-26 18:23:36+00:00,matildadjerf,office lately,no_hashtag,121543,182,no_mention,"The image shows a woman sitting on a beige couch in a living room. She is wearing a pink blazer over a white dress and high heels. She has blonde hair and is smiling at the camera. Next to her, there is a black and white dog lying on the couch. On the right side of the image, there are two vases with white flowers. The room has beige curtains and a large window with white curtains."
223,2023-05-29 11:39:32+00:00,chiaraferragni,best of these past days,no_hashtag,336161,1411,no_mention,The image is a close-up selfie of a young woman with blonde hair. She is wearing a blue tank top and a silver necklace with a cross pendant. Her hair is styled in loose waves and falls over her shoulders. She has blue eyes and is looking directly at the camera with a slight smile on her lips. The background appears to be a room with a wooden wall.
224,2023-05-28 16:31:03+00:00,chiaraferragni,a good sunday,no_hashtag,375086,1107,no_mention,The image shows a young woman holding a young girl in her arms. The woman is wearing a yellow sleeveless dress and has blonde hair styled in loose waves. She is smiling and looking at the girl with a big smile on her face. The girl is also wearing a blue and white striped dress with ruffles on the shoulders. The background appears to be an indoor space with a table and chairs visible.
225,2023-05-27 15:26:39+00:00,chiaraferragni,saturday at the lake at our favorite,no_hashtag,326527,1161,ghtlakecomo,"The image shows a young woman sitting at a table with a plate of spaghetti in front of her. She is wearing a white blazer, sunglasses, and a cross necklace. She has blonde hair and is holding a fork in her mouth, as if she is about to take a bite out of the spaghetti. The table is covered with a white tablecloth and there are orange and white striped umbrellas in the background. The sky is blue and the ocean can be seen in the distance."
226,2023-05-26 19:52:24+00:00,chiaraferragni,may 26th,no_hashtag,249830,935,no_mention,The image shows a young woman standing on a sidewalk with her back to the camera. She is wearing a white blouse with long sleeves and a blue denim skirt. She has blonde hair styled in loose waves and is looking off to the side with a slight smile on her face. The woman is carrying a blue crossbody bag with a gold buckle on the front. The background is a gray wall.
227,2023-05-26 09:29:35+00:00,chiaraferragni,last night ️,suppliedbylouisvuitton,269901,1133,no_mention,The image shows a young woman standing on a balcony with a cityscape in the background. She is wearing a black dress with a plunging neckline and thin straps. She has a red handbag in her left hand and is posing with one hand on her hip. The woman has blonde hair styled in a sleek updo and is wearing red lipstick. She appears to be confident and fashionable. The balcony has a glass railing and there are buildings and trees visible in the distance.
228,2023-05-26 15:40:53+00:00,lojafashioncloset,nike gamma force ta no ar,no_hashtag,80,1,no_mention,The image shows a pair of white Nike Air Force 1 sneakers with a blue Nike swoosh logo on the side. The sneakers have a low-top design with a white leather upper and a white rubber sole. The laces are white and the tongue of the shoe is also white with the Nike logo in blue. The background is a solid blue color.
229,2023-05-22 00:59:47+00:00,lojafashioncloset,hello hello fashion girls… pq essa semana promete ser a semana das news mais hot fica on,no_hashtag,325,4,no_mention,The image shows a young woman standing in a room with white walls and a black floor. She is wearing a colorful bikini top with a floral pattern and blue jeans. She has long dark hair and is wearing black gloves on her hands. The woman is standing with her hands in her pockets and is looking off to the side with a serious expression on her face. There is a large circular light on the left side of the image and a fire extinguisher on the right side.
230,2023-05-26 14:10:13+00:00,chiaraferragni,ieri in qualità di copresidente e membro della giuria della ho partecipato alla terza edizione di camera moda fashion trust grant per selezionare 4 brand indipendenti da supportare economicamente e tramite mentorship per diventare il futuro della moda in italia congratulazioni ai vincitori official official e e complimenti a tutti i designer che hanno partecipato e presentato le loro idee e collezioni sono davvero fiera di supportare il made in italy e la nuova generazione di fashion designers yesterday i took part to camera moda fashion trust grant as part of the committee and copresident we selected 4 winners to support both financially and with a mentorship program congratulations to official official and and to all the amazing designers who took part to this contest i’m so proud to support the made in italy and the upcoming generation of fashion designers,no_hashtag,442878,553,cameramodafashiontrust setchu marcello_pipitone niccolopasqualetti florania__,The image shows a young woman posing on a staircase. She is wearing a black mini dress with a deep V-neckline and thin straps. The dress has a ruched detail on the front and a thigh-high slit on the side. The woman is also wearing black high heels and has her hair styled in loose waves. She has a serious expression on her face and is looking directly at the camera. The background shows a grand staircase with white columns and a marble floor.
231,2023-05-18 21:49:07+00:00,lojafashioncloset,photo dump de ontem ⭐️ … um pouquinho do está chegando por aí w,no_hashtag,571,19,anajuliaardito,"The image shows a clothes rack with multiple clothes hanging on it. The rack is made of metal and has a silver finish. On the left side of the rack, there is a black jacket hanging on a hanger. The clothes are neatly arranged and appear to be of different colors and patterns. In the center of the image, there are three photographs of a woman's face hanging on the rack. The photographs are of different ages, genders, and ethnicities. The background is a plain white wall."
232,2023-04-16 19:44:05+00:00,eleonorabrunaccidivaio,mamma daddy vi faccio una foto pic by leoncino adorato,meandyou,63975,241,no_mention,"The image shows a young couple walking on a beach at sunset. The man is shirtless and wearing white pants, while the woman is wearing a colorful maxi dress and a straw hat. They are both smiling and looking at the camera. The sky is orange and pink, and the ocean can be seen in the background. The couple appears to be happy and enjoying their time together."
233,2023-04-14 17:49:40+00:00,eleonorabrunaccidivaio,vorrei bloccare il tempo e potervi vivere il più possibile così i miei pazzerelli adorati sunset cruise,familymoments,45335,189,pullman_maldives,"The image shows a family of five on a cruise ship at sunset. The family consists of a man, a woman, and four young boys. The man is shirtless and wearing sunglasses, while the woman is wearing a blue and white patterned shirt. The boys are wearing matching white t-shirts and blue shorts. They are standing on the deck of the cruise ship, with the ocean in the background. The sky is orange and yellow, and the sun is setting, creating a beautiful orange glow over the horizon. The water is calm and the waves are gently lapping against the shore. The overall mood of the image is peaceful and serene."
234,2023-04-13 06:54:04+00:00,eleonorabrunaccidivaio,colazione in piscina amazing ️,goodmorning maldives,88711,339,pullman_maldives,"The image shows a family of six sitting around a swimming pool. The pool is surrounded by a thatched roof and there is a blue building in the background. The family consists of a man, a woman, and six children. The man is shirtless and has a beard, while the woman is wearing a white tank top and blue shorts. The children are of different ages and genders, and they are all looking at the camera.

In the center of the image, there is an inflatable pool with a variety of food items and drinks on it. The food items include fruits, vegetables, and other snacks. There is also a glass of orange juice on the side of the pool."
235,2023-04-15 18:15:43+00:00,eleonorabrunaccidivaio,continuando a scrivere pagine della nostra vita️voi la mia ricarica naturale️,myfamily mylife mykids,43816,165,no_mention,"The image shows a family of five on a beach. The family consists of a man, a woman, and six children. The man is wearing a green Hawaiian shirt and sunglasses, and the woman is sitting on the sand with her legs crossed. The children are of different ages and ethnicities, and they are all wearing swimsuits. The ocean is visible in the background, with clear blue water and white sand. The sky is blue with some clouds. The overall mood of the image is happy and relaxed."
236,2023-04-11 17:56:14+00:00,eleonorabrunaccidivaio,moments like this ️ here ️,familytime preciuosmoments,96690,328,pullman_maldives,"The image shows a family of five walking on a wooden pier at sunset. The pier extends out into the ocean, with a small hut on the right side. The sky is a beautiful orange and pink hue, indicating that it is either sunrise or sunset.

In the center of the image, there is a woman holding a baby in her arms. She is wearing a white dress and has her hair tied up in a bun. Next to her, there are two young boys, one wearing a blue shirt and the other wearing a light blue shirt. They are walking side by side, with the man on the left and the woman on the far right. The boys are walking ahead of the woman, and they are all looking towards the camera. The family appears to be happy and enjoying their time together."
237,2022-06-06 14:32:31+00:00,davidgandy_official,so very honoured to have taken part in the pageant yesterday wonderful if slightly surreal experience that brought so much togetherness unity laughter and smiles well done and for making this happen as many will not appreciate the hard work and organisation this took,platinumjubilee,12272,115,jaguar landrover,"The image shows a black Jaguar E-Type convertible car parked on a gravel road in front of a large building. The car has a sleek and modern design with a pointed front grille and chrome accents. The driver is sitting in the driver's seat and appears to be enjoying the ride. In the background, there are other vintage cars and people wearing high visibility vests. The building behind the car is a large, ornate structure with columns and arches."
238,2022-11-23 08:16:49+00:00,tinaabeysekara,want a cool 30 off of course you do have daily promos happening this week when you shop via the app here are some festive season picks to get your shopping cart started rosetta dress size 8 fleetwood shirt size m sienna belted jumpsuit size m happy hunting,petalandpup festivewear whitejumpsuit jeansandanicetop mididresses springstyle afforɗablefashion,1115,58,petalandpup,The image shows a young woman standing in a room with white walls and a beige carpet. She is wearing a strapless orange top and a pink midi skirt. She has long dark hair and is posing with one hand on her hip and the other resting on her thigh. The woman is standing in front of a large mirror and there is a white bench in the background. She appears to be confident and relaxed.
239,2023-05-08 02:02:47+00:00,lojafashioncloset,que a calça jeans fernando com corrente já é umas das nossas best sellers já sabemos… agora queremos saber você vai de cropped adidas ou body jade,no_hashtag,1841,7,no_mention,"The image shows a pair of blue denim shorts and a purple t-shirt with white stripes on the sleeves. The shorts are laid out on a black couch, with a hanger next to them. The t- shirt has a white logo on the front and appears to be made of a soft, comfortable fabric. The jeans have a high-waisted fit and a button-down front. The background is a gray carpeted floor."
240,2023-05-25 14:50:17+00:00,chiaraferragni,a prince,no_hashtag,549404,1779,no_mention,"The image is a close-up portrait of a young boy. He is wearing a yellow t-shirt and has blonde hair that is styled in a messy yet fashionable manner. The boy is looking directly at the camera with a serious expression on his face. In the background, there is a blue and white striped wall and a person's hand can be seen on the right side of the image. The image appears to be taken in a living room or bedroom."
241,2023-05-25 13:01:44+00:00,chiaraferragni,went to cruise show at isola bella yesterday it was so touching the see the new collection in such a beautiful place,no_hashtag,340661,1649,louisvuitton,The image shows a young woman sitting in the back seat of a car. She is wearing a sleeveless dress with a plunging neckline and gold bracelets on her wrists. Her blonde hair is styled in loose waves and she is wearing large hoop earrings. She has a tattoo on her left arm and is looking off to the side with a serious expression on her face. The background shows a view of trees and a blue sky.
242,2023-05-24 09:31:12+00:00,chiaraferragni,officially ready for summer 2023,no_hashtag,536680,1973,no_mention,"The image shows a young woman standing in front of a swimming pool. She is wearing a sleeveless, metallic top with a plunging neckline and a chain necklace. The top is covered in a pattern of black and white stripes, giving it a unique and edgy look. The woman has long blonde hair styled in loose waves and is looking directly at the camera with a serious expression. In the background, there are palm trees and a thatched roof hut. The pool is surrounded by greenery and there is a blue sky above."
243,2023-05-22 16:28:31+00:00,chiaraferragni,the first pic makes me so happy it’s like i’ve always visualized having a relationship like that with my son,no_hashtag,345163,637,no_mention,"The image shows a mother and her young son embracing and kissing in a park. The mother is wearing a gray sweater, blue jeans, and green sneakers. She has blonde hair and is holding the son in her arms. The son is also wearing a blue baseball cap and carrying a brown handbag. They are standing on a concrete pavement with trees and benches in the background. There are a few people sitting on benches and a green pole in the distance. The sky is blue and the weather appears to be sunny."
244,2023-04-23 18:11:40+00:00,matildadjerf,just two besties,no_hashtag,375308,451,no_mention,The image shows a young woman sleeping in bed with her dog. She is lying on her side with her head resting on a white blanket and her eyes closed. The dog is brown and white in color and is snuggled up against her. The bed is covered with white sheets and pillows with small white polka dots. The woman is wearing a white tank top and her hair is styled in loose curls. The overall mood of the image is peaceful and relaxed.
245,2023-05-23 11:59:18+00:00,chiaraferragni,the official pictures of my campaign are out i love them so much and it’s an honor to be the face of such an iconic italian brand that is celebrating its 160th anniversary ️ thank you to my martini family for making me part of this,adv,591572,1078,martiniit,"The image shows a young woman standing in front of a wall of bottles of alcohol. She is wearing a long, red dress with a one-shoulder neckline and a thigh-high slit. The dress is fitted and flares out at the bottom, accentuating her curves. She has blonde hair styled in loose waves and is holding a glass of red wine in her hand. There are two men in suits standing on either side of her, looking at her. The overall mood of the image is elegant and sophisticated."
246,2023-04-24 18:38:00+00:00,matildadjerf,️,no_hashtag,204225,345,no_mention,"The image shows a young woman standing in the doorway of a house. She is wearing a white off-the-shoulder dress with long sleeves and a slit on the side. The dress has a high neckline and is made of a textured fabric. The woman has blonde hair styled in loose waves and is looking off to the side with a slight smile on her face. In the background, there is a blue door and a window with white curtains."
247,2022-06-27 16:54:07+00:00,davidgandy_official,very proud of our new pool side summer collection combining style comfort and our wellwear protect properties available now,designedforwellbeing davidgandywellwear,30174,361,davidgandywellwear,The image shows a shirtless man standing on a boat. He is wearing blue swim shorts and a silver necklace. He has dark hair and is wearing sunglasses. The man is holding onto the railing of the boat with both hands and appears to be looking off into the distance. The background is a clear blue sky.
248,2023-04-22 18:18:06+00:00,matildadjerf,,no_hashtag,122725,153,no_mention,The image shows a blonde woman walking on a street. She is wearing a black blazer over a black top and black leggings. She has a black crossbody bag slung over her shoulder and is wearing sunglasses. Her hair is styled in loose waves and she appears to be walking with purpose. There are cars parked on the side of the street and a building in the background.
249,2023-04-21 18:55:08+00:00,matildadjerf,which look do you like the most ad,voyeureyeshadow,122226,157,hourglasscosmetics,The image is a close-up portrait of a young woman with blonde hair. She is wearing a white off-the-shoulder top and has a pair of white gloves on her left hand. The woman is looking directly at the camera with a serious expression on her face. The background is a plain grey wall.
250,2023-02-09 20:13:04+00:00,rhyancaminske,ok team we are changing it up as i mentioned in my stories i’m on the hunt for the best of the best hair products my hair is hands down my favorite thing about me and i want it to stay as healthy as possible i was using another brand exclusively for 15 years from the shampoo to the styling products though i do like some of the products still it was clear my hair was thinner and had a lot of breakage swipe to see before and after i stopped using that shampooconditioner in november so now on my quest to find the best i stumbled upon it’s a luxury haircare brand that has amazingggg reviews so i figured i had to try it i ordered the hydration shampoo and conditioner and the clarifying shampoo the clarifying shampoo is for 12 times a month with my dry scalp issues i’m hoping this will keep my scalp happy while making my hair shine and i think the reason i have the hydration duo is obvious first impression packaging super cutie smell absolutely incredible first wash hair feels insanely clean and soft if you want to try any of products use code rhyan for 10 off you can also use the link in my bio,hairgoals haircolorinspo blondehighlights blondebabylights haircolorgoals hairgrowth blondehaircolor healthyhair blondebalayage longhair longblondehair goldielocks shampooandconditioner haircaremusthaves luxuryhaircare hairbreakage hairproducts longhairgoals,124,6,getgoldielocks,The image shows a young woman standing in a modern kitchen. She is wearing a white blouse and blue jeans with ripped details on the knees. Her long blonde hair is styled in loose waves and she is posing with one hand on her hip. The kitchen has white cabinets and a stainless steel range hood above the stove. The floor is made of light-colored tiles and there is a beige area rug in front of her. The woman is looking directly at the camera with a confident expression.
251,2023-05-21 16:35:07+00:00,chiaraferragni,best of forte dei marmi part ii,no_hashtag,605760,669,no_mention,"The image shows two young children, a boy and a girl, holding hands and smiling at the camera. They are standing on a grassy lawn with a palm tree in the background. The girl is on the left side of the image, wearing a white sweatshirt with a colorful design on it and pink pants. She has blonde hair and is wearing pink sneakers. The boy on the right side is wearing blue jeans and black sneakers. Both children appear to be happy and enjoying each other's company."
252,2023-02-15 03:00:25+00:00,rhyancaminske,𝕃𝕠𝕧𝕖 𝕪𝕠𝕦,no_hashtag,133,3,no_mention,"The image is a black and white photograph of a couple embracing and kissing on a beach. The couple is standing close together, with the man's arm around the woman's waist. The woman has long blonde hair and is wearing a white dress. They are standing on a sandy beach with the ocean in the background. The sky is overcast and the overall mood of the image is romantic and intimate."
253,2023-05-21 13:56:01+00:00,chiaraferragni,best of forte dei marmi,no_hashtag,204707,575,no_mention,"The image shows a young woman sitting on a white chair in a restaurant. She is wearing a black leather jacket, a striped t-shirt, and blue jeans. She has blonde hair styled in loose waves and is wearing multiple bracelets and rings on her fingers. The woman is smiling and looking directly at the camera. In the background, there are other people sitting at tables and chairs, and a large window with a view of the outside."
254,2023-02-06 18:40:24+00:00,rhyancaminske,“gotta catch em all” when your kids are pokémon obsessed you gotta get a pic in front of the pokémon mural every time i thought i knew a pokémon’s name cannon corrected me explaining how that’s the “evolved version” and it’s new name lol i tried as i mentioned in my stories yesterday these press on nails are 17 days old i have them linked in my bio plus the cutest cropped pullover is on sale multiple colors and sizes available follow my shop on the ltk app to shop this post and get my exclusive apponly content ltk,abercrombiestyle croppedsweater pullover goodamerican outfitinspo casualstyle everydaystyle streetstyle everydayoutfit momstyle liketoknowit liketoknowitstyle outfitidea outfitideas simplestyle ootd hairgoals haircolorinspo blondehighlights blondebabylights haircolorgoals hairgrowth blondehaircolor amazonfinds liketkit,100,7,rhyancaminske shop,"The image shows a group of three people standing in front of a large mural on the side of a building. The mural is colorful and vibrant, with a variety of shapes and patterns. The main focus of the image is a large blue dragon with a red banner that reads ""Advanced Auto Care"". The dragon is surrounded by various cartoon characters, including a cat, a dog, and a bird. The characters are all smiling and appear to be happy. The background of the mural is filled with various shapes and colors, including circles, squares, and triangles. The people in the image are standing on a sidewalk, and they are posing for the photo."
255,2023-01-30 18:55:14+00:00,rhyancaminske,ᴍᴏɴᴅᴀʏ ️ code rhyan10 for 10 off this band tee and their website link in bio and i can’t believe the quality of this blazer for the cost i’m wearing a small follow my shop on the ltk app to shop this post and get my exclusive apponly content ltk,blazer blazeroutfit bandtee simpleoutfit outfitidea outfitinspo casualstyle everydaystyle streetstyle everydayoutfit momstyle liketoknowit liketoknowitstyle outfitideas simplestyle ootd classicrockband womensblazer hairgoals haircolorinspo blondehighlights blondebabylights haircolorgoals hairgrowth blondehaircolor liketkit,91,8,rhyancaminske shop,"The image is a mirror selfie of a young woman standing in a living room. She is holding her phone up to take the picture. The woman has long blonde hair that is styled in loose waves and is wearing a gray cardigan over a white t-shirt with a graphic design on it. She also has a pair of blue jeans. The room is decorated with a white rug, a blue armchair, and a large potted plant. The walls are painted a light beige color and there is a framed picture hanging on the wall."
256,2023-05-21 09:15:34+00:00,chiaraferragni,la nostra milano ️,no_hashtag,475155,1355,no_mention,"The image shows a couple embracing and kissing in front of the Duomo di Milano Cathedral in Milan, Italy. The cathedral is lit up with golden lights, creating a beautiful and romantic atmosphere. The couple is standing on a square in the center of the image, with the man's arm around the woman's waist. The woman is wearing a pink top and black pants, while the man has his arm around her waist. They are both smiling and looking into each other's eyes. The background is dark, making the cathedral stand out even more."
257,2023-01-26 17:43:45+00:00,rhyancaminske,with valentine’s day coming up i’m curious to know what do you prefer to get as a gift are you team chocolate jewelry a nice dinner flowers or wine if you know me you know where i stand team wine this is the rosé bouquet 6 bottles of rosé in this pack and with every purchase onehope will donate 10 of your order to a charity of your choice the perfect gift for valentine’s day or galentines day follow my shop on the ltk app to shop this post and get my exclusive apponly content ltk follow my shop on the ltk app to shop this post and get my exclusive apponly content ltk,onehopewine onehopepartner ad winenot valentinesgift valentinesday valentinesidea rosebouquet napavalleywine giftidea valentinesoutfit liketkit ltkgiftguide,118,14,rhyancaminske shop,"The image shows a young woman standing in a kitchen. She is wearing a red long-sleeved shirt and blue jeans. She has long blonde hair and is smiling at the camera. In her hands, she is holding a large bottle of wine and a glass of wine. The background shows white cabinets and a white countertop. There is also a small bottle of rose wine on the countertop next to the woman."
258,2023-04-20 18:58:12+00:00,matildadjerf,my weakness,no_hashtag,98700,118,no_mention,"The image shows a person sitting at a table with a laptop and a cup of coffee. The laptop is open and the screen is turned on. On the table, there is a white saucer with a spoon and a small piece of paper on it. Next to the saucer, there are two cups of coffee with frothy foam on top. The person's feet are wearing pink shoes and white pants. The table is covered with a black and white patterned tablecloth. The background is blurred, but it appears to be an outdoor setting with a tiled floor."
259,2023-01-24 19:02:05+00:00,rhyancaminske,i told them i needed one minute to take a quick picture they were able to wait a whole 30 seconds and whenever i ask them to take a picture with me they say no ‍️ use code rhyan10 for 10 off at sassy queen boutique plus their valentines collection is on sale until 131 my loafers are also on major sale i’m getting them in black too follow my shop on the ltk app to shop this post and get my exclusive apponly content ltk,woolcoat womensloafers womensflats abercrombiejeans amazonfinds sassyqueenboutique coldweatheroutfit colderweatheroutfit womensjeans casualstyle everydaystyle streetstyle everydayoutfit momstyle liketoknowit liketoknowitstyle outfitidea outfitideas simplestyle ootd hairgoals haircolorinspo blondehighlights blondebabylights haircolorgoals hairgrowth blondehaircolor liketkit,128,16,rhyancaminske shop,"The image shows a young woman sitting on the steps of a house. She is wearing a beige coat, ripped blue jeans, and brown loafers. She has a black handbag on her lap and is smiling at the camera. The house has a gray brick wall and a black door with a wreath hanging on it. There are fallen leaves scattered around the steps."
260,2022-04-02 15:31:58+00:00,davidgandy_official,couldnt be prouder to have the incredible team of talent representing my brand thank you to you all for bringing my vision to life beyond all my expectations thank you and a huge thank you to my good friend for the incredible pictures,teamwellwear davidgandywellwear designedforwellbeing,28715,192,davidgandywellwear odilejordan marvinaddae michaelreed99 jacckbuchanan anna_littlefield bigjldn daisyjelley arnaldoanaya,"The image shows four men standing in front of a brown wall. They are all wearing casual clothes, with the man on the left wearing a navy blue varsity jacket with the word ""WELLY"" written on it, the man in the middle wearing a white t-shirt and black pants, and the two men on the right wearing maroon and white varsity jackets. All four men have serious expressions on their faces and are looking directly at the camera."
261,2023-04-17 18:45:01+00:00,matildadjerf,first ever contributing guest editor of such a special and fun experience for me thank you to the team for trusting me and letting me bring my vision to life and thank you to bianca ida and nora for being your true beautiful selves magazine is out now photographer photographer assistant models ahlstrom hair and makeup,no_hashtag,157704,457,minivmag emiliastaugaard lamiakaric deoliveirabia basmarkeida nora jessicahedman,"The image is a photograph of a young woman with blonde hair and a white flower in her hair. She is wearing a white dress with a high neckline and her hair is styled in loose curls. The woman is looking directly at the camera with a serious expression on her face. The background is a light grey color and there are various icons at the bottom of the image, including a search bar, a menu bar, and a toolbar."
262,2023-05-20 15:49:01+00:00,chiaraferragni,la mia pizza si rigenera what’s your super power,no_hashtag,404896,2561,no_mention,"The image shows a young woman sitting at a table with a large pizza in front of her. She is wearing a white crop top and has blonde hair styled in loose waves. The woman is holding a slice of pizza in her right hand and is taking a bite out of it with her left hand. The pizza is topped with melted cheese, tomato sauce, and basil leaves. There is a glass of orange juice on the table next to the pizza. In the background, there is a framed black and white photograph of a woman with curly hair."
263,2023-04-18 18:51:45+00:00,matildadjerf,always mid conversation,no_hashtag,129897,224,no_mention,The image shows a young woman standing on a street with her arms crossed. She is wearing a pink blazer over a white t-shirt and blue jeans. She has blonde hair styled in loose waves and is wearing sunglasses. The street is lined with buildings and there are cars parked on the side of the road. The woman appears to be confident and relaxed.
264,2023-04-16 18:24:25+00:00,matildadjerf,weekend,no_hashtag,181546,243,no_mention,"The image shows a young woman sitting at a table in a cafe or restaurant. She is wearing a black leather jacket with a brown collar and black pants. She has blonde hair styled in loose waves and is wearing sunglasses. The woman is holding a white coffee cup in her hand and appears to be deep in thought. The table is covered with a white tablecloth and there are other tables and chairs around it. In the background, there are buildings and a street lamp. The overall mood of the image is relaxed and casual."
265,2023-04-12 18:17:36+00:00,matildadjerf,,no_hashtag,139328,213,no_mention,"The image shows a young man walking on a street. He is wearing a black leather jacket, a blue t-shirt, and light blue jeans. He has long blonde hair and is holding a bouquet of white flowers in his left hand. Behind him, there is a large yellow building with arched windows and a red and blue sign. There are cars parked on the street and a few people walking on the sidewalk. The sky is overcast and the overall mood of the image is somber."
266,2023-04-30 13:37:50+00:00,everyday.holly,last weeks top sellers 3 of these are on sale comment links for all the links sizing info to sent to you ️ you will not see my messages if you are not following me or you have your messages restricted in privacy settings for reference i’m 5’1 110lbs 1 target sandals tts 2 amazon comfy romper small 3 athleta trekkie shorts 0 size down 4 amazon comfy jumpsuit small 5 amazon petite friendly oneshoulder maxi dress xs 1 comment “links” no other text or emoji’s for the links sizing info 2 click the link in my bio then click “shop my reels tiktok’s” look for the outfit picture and tap the link to shop 3 free ltk app follow everydayholly direct link,amazonfashion top5 casualoutfits easyoutfits athleisure petitefriendly summeroutfit springstyle summerstyle comfystyle momstyle workoutshorts summerdress athleisureshorts summerbasics vacationoutfit amazonfashionfinds amazonfinds founditonamazon founditonamazonfashion targetstyle targetfashion petiteoutfit petitestyle over40petitestyle,783,266,no_mention,"The image is a collage of two photos. On the left side, there is a photo of a pair of women's sandals. The sandals are beige in color and have a flat sole. They have a strap across the top of the foot with a buckle closure. The straps are made of a woven material, giving the sandals a textured look. The background of the image is blurred, but it appears to be a wooden floor. The text on the image reads ""Weekly Tip Galleries #1"" and ""Targoli Slide Sandals with Memory Foam""."
267,2023-04-11 18:59:37+00:00,matildadjerf,,no_hashtag,169254,135,no_mention,"The image shows a young woman sitting on a concrete bench, reading a book. She is wearing a black tank top and has blonde hair tied up in a ponytail. The book she is reading is open and she is holding it in her hands. The background is blurred, but it appears to be an outdoor setting with a concrete wall. The woman is looking down at the book with a focused expression on her face."
268,2023-04-19 17:48:52+00:00,matildadjerf,week,no_hashtag,183318,224,no_mention,The image shows a young woman standing in front of a wooden door. She is wearing a black tank top and beige trousers. She has blonde hair and is wearing sunglasses. The woman is holding a white jacket in her left hand and is looking off to the side with a slight smile on her face. The door has ornate carvings on the left side and a white door on the right side.
269,2023-05-23 18:25:23+00:00,monikh,smiles when ’s behind the camera,no_hashtag,4469,27,billie_bhatia,"The image shows a young woman standing on a sidewalk in front of a building with large windows. She is wearing a pink blouse, blue jeans, and brown sandals. She has long dark hair and is smiling at the camera. The building behind her has a white facade with blue trim and large windows that let in natural light. The reflection of a tree and other buildings can be seen in the windows."
270,2023-04-08 18:19:26+00:00,matildadjerf,26,no_hashtag,326587,920,no_mention,"The image shows a young woman standing in a room with white wooden walls and a wooden ceiling. She is wearing a white strapless wedding dress with a sweetheart neckline and a full skirt. The dress has a fitted bodice and a flared skirt that falls to her ankles. She has blonde hair styled in loose curls and is holding a small bouquet of pink and yellow flowers in her hand. The woman is standing in front of a wooden table with a vase of flowers on it. There are two white chairs around the table and a black rug on the floor. On the wall behind her, there is a decorative piece that appears to be made of wood."
271,2023-04-09 18:18:10+00:00,matildadjerf,me and rufus celebrating 3 years together,no_hashtag,271322,269,no_mention,"The image shows a young woman sitting on the floor in a room with white walls and wooden flooring. She is wearing a white sleeveless top and pink pants. She has blonde hair and is looking directly at the camera with a serious expression on her face. Next to her, there is a small brown and white dog, possibly a Cavalier King Charles Spaniel, sitting next to her. The dog is looking up at the woman with a curious expression. The room appears to be empty, with no other furniture or decorations visible in the background."
272,2023-05-22 18:45:42+00:00,monikh,had been waiting to style that via skirt this exact way,no_hashtag,4651,36,celine bicestervillage,"The image shows a young woman standing in a kitchen, taking a mirror selfie. She is wearing a green blouse and a blue denim skirt. The kitchen has wooden cabinets and a large window with white curtains. There is a wooden dining table and chairs in the background. The floor is covered with a woven rug. The woman is holding her phone up to take the picture."
273,2022-12-28 19:23:06+00:00,stephaniebroek,this was yesterday but this could have been me at the hospital doing my 8step skincare routine right after giving birth yes i’m that girl even though there aren’t enough layers of eye cream i could apply to cover up my dark circles atm i haven’t had any breakouts regardless of the little sleep i’m getting according to my friends my skin somehow looks better than ever maybe they’re just being nice i love you all so much maybe it’s ’s 25 aha 2 bha exfoliant peel the aha a watersoluble exfoliant addresses wrinkles fine lines and rough texture oilsoluble bha unclogs pores refines and soothes skin giving you hydrated supple and ultraglowy skin ad,pcglow,1072,24,paulaschoicenl,"The image shows a woman taking a selfie in a bathroom mirror. She is wearing a white off-the-shoulder dress and sunglasses, and her blonde hair is styled in loose waves. The mirror is mounted on a white wall, and there is a white sink with a silver faucet on the right side of the image. On the countertop next to the sink, there are several bottles of skincare products, including lip balm, lotion, and lotion. There are also a few other items scattered around the counter. The overall aesthetic of the bathroom is clean and minimalistic."
274,2023-05-20 18:38:32+00:00,monikh,like a walking ray links on stories and saved to 523 highlight,no_hashtag,5791,15,no_mention,The image shows a woman sitting on the floor with her legs crossed. She is wearing a bright orange dress with a white skirt and white sandals. The woman is holding a maroon woven handbag in her right hand and a gold ring in her left hand. The handbag appears to be made of leather and has a long handle. The background is a beige-colored wall.
275,2022-12-28 14:16:44+00:00,stephaniebroek,first christmas with our future nepo baby,no_hashtag,1343,29,no_mention,"The image shows an old, ornate room with a high ceiling and wooden beams. The walls are painted white and the floor is made of light-colored wood. In the center of the room, there is a large wooden altar with a mirror above it. The altar is decorated with intricate carvings and there are several candles and other decorative items on it. On the right side of the altar, there are wooden cabinets and a black and white striped rug. The room appears to be dimly lit, with a few lights shining on the altar."
276,2023-05-22 09:48:05+00:00,monikh,those high high walls and that collection links on my stories,simonmillerxmango,10868,50,no_mention,The image is a portrait of a young woman with long dark hair. She is standing in front of a stone wall with a blue sky in the background. The woman is wearing a white shawl over her shoulders and has a pair of yellow earrings on her left ear. She has a serious expression on her face and is looking directly at the camera. The overall mood of the image is serious and contemplative.
277,2023-04-07 18:57:24+00:00,matildadjerf,morning with ru,no_hashtag,160851,190,no_mention,"The image shows a young woman sitting on a white mattress on a wooden deck overlooking the ocean. She is wearing a white tank top and a straw hat, and her long blonde hair is blowing in the wind. A black and white dog is sitting on the mattress next to her. The ocean is visible in the background, with small waves crashing onto the shore. The sky is blue and clear, and the overall mood of the image is peaceful and serene."
278,2023-05-19 13:35:39+00:00,monikh,long layers,no_hashtag,3176,11,no_mention,"The image shows a young woman standing in a room with a large mirror in front of her. She is holding a phone in her right hand and appears to be taking a selfie. The woman is wearing a beige trench coat over a green top and beige pants. She has long dark hair and is carrying a green handbag. The room has a wooden floor and white walls, and there is a dining table and chairs in the background. The overall style of the room is casual and relaxed."
279,2022-12-29 19:41:12+00:00,stephaniebroek,2022 in looks while my body was drastically changing i was able to fall back on the same classics pieces i grabbed without thinking and knew would look good on me when i just started showing 1 heavenly pregnant a month before my due date 2 just one month postpartum 3 and recently when temperatures dropped 4 and i started layering all my regulars the power of a uniform my capsule wardrobe never without my the perfect minimal frames that i’ll wear without a doubt throughout the new year too ad,lindbergxme lindbergeyewear,2324,58,lindbergeyewear,"The image is a black and white photograph of a woman walking on a street. She is wearing a long black coat, a white shirt, and sunglasses. She has a white handbag on her shoulder and is walking towards the camera. The street is lined with buildings on both sides and there are cars parked on the left side of the image. The woman appears to be in her late twenties or early thirties."
280,2023-04-02 18:28:51+00:00,matildadjerf,,no_hashtag,279149,335,no_mention,"The image shows a young woman walking up a set of stairs in an old stone wall. She is wearing a pink dress with a floral pattern and white sandals. The stairs are made of large rocks and there is a black pipe running along the right side of the image. On the wall, there is an ornate gold-framed painting hanging on the wall. The painting appears to be of a group of people, possibly saints or angels. The woman is looking down at the painting with a contemplative expression on her face."
281,2023-05-19 08:19:14+00:00,monikh,simple silhouettes in jersey and linen are my uniform this summer,myhushstyle,2962,22,hushofficial,"The image shows a young woman standing in a room with a large mirror on the wall. She is wearing a strapless black jumpsuit and is holding a glass of water in her hand. The woman has long dark hair and is looking directly at the camera with a serious expression. On the right side of the image, there is a white floor lamp with a wooden base and a white shade. In the background, there are two woven baskets and a wooden chair. The room appears to be well-lit with natural light coming in from the window."
282,2023-05-18 08:14:24+00:00,monikh,dress trousers full look is out may 22nd,simonmillerxmango mangosummerclub,14430,140,no_mention,The image shows a woman taking a selfie in a bathroom mirror. She is standing in front of a white tiled wall and is holding a woven basket in her left hand. The woman is wearing a blue robe and has long dark hair. There are two framed pictures hanging on the wall behind her. The mirror is reflecting the woman and the basket.
283,2023-04-15 18:03:10+00:00,matildadjerf,last week,no_hashtag,177363,226,no_mention,The image shows a young woman wearing a white dress and a tiara on her head. She is sitting on a wooden deck with a white pillar on the left side and a table and chairs in the background. The woman is holding a glass of water and appears to be drinking from it. She has blonde hair and is looking down at the ground with a slight smile on her face. The overall mood of the image is peaceful and serene.
284,2023-04-04 18:49:53+00:00,matildadjerf,photo diary,no_hashtag,182871,260,no_mention,"The image shows a young woman standing on a sidewalk in front of a stone wall. She is wearing a blue and white striped off-the-shoulder top and a long, flowy skirt. The skirt is made of a light-colored fabric with a textured pattern. She has long blonde hair and is carrying a brown crossbody bag. The woman is posing with one hand on her hip and the other resting on her thigh. The wall behind her is covered in graffiti and there is a small window on the right side of the image."
285,2023-04-01 18:50:25+00:00,matildadjerf,,no_hashtag,239973,298,no_mention,"The image shows a young woman sitting on a cobblestone street. She is wearing a white button-down shirt and a green skirt. She has a pink purse on her lap and is smiling at the camera. Behind her, there is a wooden door and a stone wall. The woman appears to be relaxed and comfortable."
286,2022-12-21 18:59:46+00:00,stephaniebroek,submerging myself into polkadots to test yayoi kusama’s idea of artmedicine and can confirm it’s very therapeutic congrats on,lvxyayoikusama,1261,33,louisvuitton,"The image is a mirror selfie of a young woman standing in front of a white door. She is holding her phone up to take the picture. The woman is wearing a colorful top with a polka dot pattern and black jeans. She has blonde hair and is standing on a wooden floor. The background is blurred, but it appears to be a room with a tiled floor and a white wall."
287,2022-12-13 19:10:56+00:00,stephaniebroek,2021 me at a very low point in life about to start fertility treatments would have never believed you if you said that one year later younes and i would be photographed holding our daughter forever cherishing these images with olive for by cools,no_hashtag,5500,184,maisonlacollection laurevanhijfte_photography florence,"The image is a black and white photograph of a man and a woman standing in a wooded area. The man is on the right side of the image, wearing a long coat and a hat with a feather on top. He has a beard and is looking down at the woman with a serious expression on his face. The woman is standing next to him, with her back to the camera, and she is holding a white cloth in her hand. The background is filled with trees and bushes, and the ground is covered in fallen leaves. The image appears to be from a movie or TV show."
288,2023-03-30 18:12:09+00:00,matildadjerf,️,no_hashtag,171051,195,no_mention,"The image shows a woman standing in front of an old, dilapidated stone structure. The structure appears to be made of large, irregularly shaped stones and has a sloping roof. The woman is wearing a long, flowing green dress and is holding a basket in her hand. She is standing on a rocky ground with a blue sky in the background. There are a few items scattered around the structure, including a red bucket, a white cloth, and a few bottles of water. The overall atmosphere of the image is one of decay and neglect."
289,2022-12-08 12:30:05+00:00,stephaniebroek,chanel day and a very special one the house shows it’s métiers d’art 202223 collection in dakar ’s firstever show in africa marks the beginning of a long term relationship between the maison and senegal attempting to build a bridge between local artisans and the luxury brand in awe by the lookbook shot by watch the show live at 2pm paris time on chanelcom,chanelmetiersdart chanelshow,594,18,chaneloffical malickbodi,"The image shows a small gift box with a white ribbon tied around it. The box is rectangular in shape and has a black and white photograph of a woman standing on a beach with a parasol in her hand. The photograph is taken from a low angle, looking up at the woman. The text on the box reads ""DAKAR 31 RUE CAMBON"" in bold, black letters. Below the photograph, there is a small white card with the same text. The background is a textured surface."
290,2023-04-25 12:52:44+00:00,lojafashioncloset,,no_hashtag,142,5,no_mention,"The image shows a group of trees with pink flowers blooming on their branches. The trees appear to be in full bloom, with clusters of small pink flowers covering the entire branches. In the background, there are buildings and a clear blue sky. The image is taken from a low angle, looking up at the trees. The overall mood of the image is peaceful and serene."
291,2023-03-31 18:35:39+00:00,matildadjerf,early summer,no_hashtag,211907,305,no_mention,"The image shows a woman standing on a street with a brick wall in the background. She is wearing a white and blue striped button-down shirt with a deep V-neckline and long sleeves. The shirt has a knot detail at the front, creating a flattering silhouette. The woman is also wearing white pants with a textured pattern. She has a brown crossbody bag slung over her shoulder and is holding a green drink in her hand. The image appears to be taken from a low angle, looking down on the woman."
292,2022-12-06 19:55:16+00:00,stephaniebroek,forget the naked dress tis the the season of naked trousers 3 looks i adore atm,editedgirls,2266,33,editedoffical,"The image shows a person sitting on a black and white cowhide rug with their legs crossed. The person is wearing a black sweater, black pants, and black shoes. The shoes have a brown sole and appear to be made of leather. The background is a wooden floor and a white door. The image is taken from a low angle, looking up at the person's legs."
293,2023-04-22 01:06:28+00:00,lojafashioncloset,o corset perfeito existe e podemos provar ️,no_hashtag,1169,9,no_mention,"The image shows a small, rectangular piece of fabric with a white and black striped pattern. The fabric appears to be made of a soft, textured material and has a drawstring at the bottom. On top of the fabric, there is a small pink tag with the word ""Fisher"" written on it. The tag is attached to the fabric with two white strings. The background is a wooden surface."
294,2023-03-28 18:27:08+00:00,matildadjerf,sun,no_hashtag,155667,300,no_mention,The image shows a young woman standing on a street in front of a building with green shutters. She is wearing a black dress with a deep V-neckline and thin straps. She has blonde hair styled in loose waves and is wearing sunglasses. The woman is posing with one hand on her hip and the other resting on her head. She appears to be looking off into the distance. The building behind her is made of stone and has a balcony with intricate carvings. The street is empty and there are no cars or people visible in the image.
295,2023-04-10 18:36:26+00:00,matildadjerf,one of my favorite days this year,no_hashtag,188855,174,no_mention,The image shows a young woman sitting on the ground in front of a sliding glass door. She is wearing a white towel wrapped around her body and has her legs crossed. She has blonde hair and is smiling at the camera. There is a can of soda on the floor next to her. The door appears to be made of glass and has a metal grille on the left side. The background shows a patio with a table and chairs.
296,2022-12-08 19:34:44+00:00,stephaniebroek,yes olive is undoubtedly a mini younes i know but i can’t not look at this photo and see a glimpse of her wearing on chanel day always the biggest honor,no_hashtag,2388,74,chanelofficial,"The image shows a young woman standing in a room with wooden paneling on the walls. She is wearing a long black coat, a black top, and blue tights. She has blonde hair and is wearing glasses. Her arms are crossed in front of her and she is looking directly at the camera with a serious expression. She appears to be posing for a photo."
297,2022-12-09 16:46:26+00:00,stephaniebroek,wore the one and only fw22 balloon pumps to the opening of their new store and my friends and baby slide 8 and i couldn’t stop obsessing over them all night,no_hashtag,2840,87,loewe,"The image shows a woman standing in front of a large mirror in a room with white walls. She is wearing a long grey coat with a high collar and long sleeves. The coat is draped over her shoulders and she is holding a purple purse in her left hand. The woman is standing with her back to the camera, facing away from the camera and her right hand is covering her face with her hand. She has blonde hair and is wearing black high heels. The floor is made of white tiles and there are red balls scattered around the room."
298,2022-03-18 16:34:13+00:00,davidgandy_official,thank you to for featuring me and of course on the cover and story one of my favorite magazines and truly the best crew of people to work with always an honor wearing stylist photographer creative direction hair for makeup interview location food and tomato sauce,no_hashtag,34028,345,essentialjournal davidgandywellwear chaywardstyle tomobrejc __thomassumner thehairystylist larrykinghair carolbrownmakeup jaimcintosh normanscafelondon,"The image is a cover of a magazine titled ""EVER"" with a photo of a man sitting at a table with a plate of food in front of him. The man is wearing a maroon hoodie and has a serious expression on his face. He is holding a bottle of hot sauce in his hand and appears to be making a gesture with his fingers. The background is white and there is text on the right side of the image that reads ""David Candy"" and on the left side, there is a logo for the magazine."
299,2023-04-16 19:22:01+00:00,camilacoelho,denim on denim for day1 •,revolvefestival festival ootd,144890,549,revolve,"The image shows a young woman standing in front of a white wall with a plant on the right side. She is wearing a denim crop top with a deep V-neckline and a pair of high-waisted, flared jeans with a patchwork design. The jeans are light blue in color and have a frayed hemline. She has long dark hair and is holding a white handbag with a tassel detail. The woman is posing with one hand on her hip and the other resting on her thigh. She appears to be confident and relaxed."
300,2022-11-30 20:13:00+00:00,stephaniebroek,last weekend in antwerp book shopping at copyright face to face with martin margiela’s first ever design a blazer for his barbie doll created in complete secrecy at 13 years old at momu and showing our own little doll around one of my favorite cities,no_hashtag,2093,51,no_mention,"The image shows a bookshelf filled with books of various sizes and colors. The books are arranged in rows and columns, with the top row being the largest and the bottom row being smaller. On the floor in front of the books, there are several stacks of books with titles such as ""NOGUCHI"" and ""NOSCHI"". The books appear to be of different genres and styles, with some having titles like ""The Big Bang Theory"" and others having a more modern design. The background is blurred, but it appears to be a library or a bookstore with a marble floor."
301,2023-04-14 19:14:00+00:00,camilacoelho,hello desert so excited to be back for festival weekend wearing skirt from o fim de semana promete quem vem ———,revolvefestival festival festivalfashion ootd,133661,606,superdown revolve,"The image shows a young woman standing in front of a black car. She is wearing a black crop top, a grey mini skirt, and a black leather jacket. She has long brown hair and is wearing sunglasses. The woman is posing with one hand on her hip and the other resting on the hood of the car. The background is a clear blue sky and a white building. The image appears to be taken from a low angle, looking up at the woman."
302,2023-04-17 01:34:34+00:00,camilacoelho,day 2 and in one night my feet hurts from dancing,rosalia blackpink coachella festival friends,293319,962,no_mention,"The image shows a young woman posing in front of a white fence at night. She is wearing a black crop top, a beige mini skirt, and brown knee-high boots. Her long dark hair is styled in loose waves and she is looking directly at the camera with a confident expression. In the background, there are palm trees and a ferris wheel, suggesting that the photo was taken at an outdoor event."
303,2022-03-15 16:27:47+00:00,davidgandy_official,so excited to share the new ss22 campaign not only did i get to work with the incredible dolcegabbana again but also the wonderful truly one of the most talented respectful and hardest working people i have had the privilege to work with,dgeyewear dgdna dolcegabbana,65213,900,dolcegabbana mertalas macpiggott jlo,"The image is a promotional poster for Dolce & Gabbana sunglasses. It features a man and a woman posing together. The woman is wearing a black lace dress with a high neckline and long sleeves. She has her hair styled in loose waves and is wearing large, round sunglasses with a gold frame. The man is also wearing a suit and sunglasses. They are both looking directly at the camera with serious expressions on their faces. The background is a plain white wall. The text on the image reads ""DOLCE & GABBANA"" in bold, black letters."
304,2022-11-23 20:06:05+00:00,stephaniebroek,last week in looks,no_hashtag,2099,46,no_mention,"The image shows a woman standing in a room, taking a selfie with her phone. She is wearing a brown jacket and black pants. Her hair is pulled back in a high ponytail and she is holding the phone up to take the picture. The room appears to be a living room with a wooden floor and a white wall. There is a fireplace in the background and a lamp on the right side of the image."
305,2022-11-27 20:21:39+00:00,stephaniebroek,24 hours with beauty 3 looks including my most treasured vintage chanel pieces and the pleats that still fit at 9 months pregnant,no_hashtag,1414,27,chanel,"The image shows a person standing in front of a mirror, taking a selfie. The person is wearing a green tweed jacket with a brown belt and black trousers. They are also wearing black loafers. The background of the image is a bathroom with a blue wall and a towel rack."
306,2023-04-15 16:59:31+00:00,camilacoelho,coachella day 1 roundup i missed this energy so fun seeing and perform mama is out haha ——— tava com saudade dia 1 foi massa curtimos becky g gorillaz burna boy e bad bunny •,beckyg burnaboy badbunny coachella festivalfashion ootn friends festival music,626797,2616,no_mention,"The image shows a young woman standing in front of a crowd at a music festival. She is wearing a crop top and beige pants with a unique design. The top is made up of multiple layers of silver beads and chains, and the pants are wide-legged. The woman has long dark hair and is looking directly at the camera with a serious expression. In the background, there is a stage with colorful lights and a crowd of people. The sky is dark, suggesting that the photo was taken at night."
307,2022-11-08 19:42:58+00:00,stephaniebroek,olive’s mom in look 53 from the fallwinter 202223 show,chanelfallwinter,1535,117,chanelofficial,The image is a black and white photograph of a young woman sitting on a bed. She is wearing a blazer with a floral pattern and patterned pants. She has a pair of sunglasses on and is resting her head on her hand. The bed has a white headboard and there is a window with white curtains in the background. The woman appears to be relaxed and comfortable.
308,2023-05-21 15:23:29+00:00,monikh,sunday in,no_hashtag,2133,5,sezane,The image shows a young woman sitting at a wooden table in a modern kitchen. She is wearing a green dress and is holding a cup of coffee in her hand. The kitchen has wooden cabinets and a large window with white curtains. There is a wooden bench on the right side of the image and a rug on the left side. The floor is made of light-colored wood and the walls are painted white. The woman appears to be relaxed and enjoying her coffee.
309,2023-04-13 23:02:26+00:00,camilacoelho,poolside before heading to the desert manhã relax antes de ir pro deserto bikini •,festival swim,131412,500,camilacoelhocollection revolve,"The image shows a young woman in a pink bikini lying on a white lounge chair by a swimming pool. She is holding a cup of coffee in her hand and appears to be relaxed and enjoying the sun. The pool is surrounded by lounge chairs and umbrellas, and there is a large pink building in the background. The sky is cloudy and there are palm trees and other tropical plants surrounding the pool."
310,2022-11-06 20:46:32+00:00,stephaniebroek,on maternity leave and strolling through the city visiting new stores amsterdam shop bakeries mater loof making a breastfeeding pit stop in the park and coming home to vintage baby sneakers sourced by younes for olive’s ever growing collection,no_hashtag,2264,47,carmen theceiling,"The image shows an empty room with white walls and a gray carpeted floor. On the left side of the image, there is a large piece of wood that appears to be old and weathered, with some areas of rust and peeling paint. Next to the wood, there are two black chairs and a small table. The room is decorated with white curtains hanging from the ceiling and a light fixture on the wall. The overall atmosphere of the room is rustic and abandoned."
311,2022-11-27 19:55:48+00:00,stephaniebroek,couldn’t have asked for a better first postpartum trip a weekend in antwerp on invitation by beauty and i was able to bring 4 close friends and bf and baby we were treated to a n°1 de chanel masterclass and took notes on this holistic beauty and makeup line in a cc notebook spent all morning in the spa visited the recently reopened momu and had dinner at graanmarkt13 one for the,n1dechanel chanelskincare,1339,28,chanel,"The image shows a person's feet standing on a set of stairs. The stairs are made of concrete and have a white finish. On the top of the stairs, there is a decorative molding with a lion's head in the center. The molding appears to be old and weathered, with some cracks and chips in the paint. The person is wearing black pants and black shoes. The image is taken from a low angle, looking up at the stairs."
312,2022-10-30 16:49:04+00:00,stephaniebroek,conversations with friends,no_hashtag,2510,37,no_mention,"The image shows a group of six pairs of shoes arranged in a row on a beige carpeted floor. The shoes are of different colors and styles, including black, white, brown, beige, and beige. There are six pairs in total, with the black pair on the left, the white pair in the middle, the brown pair on top, the beige pair at the bottom, and the black one on the right. A person's feet can be seen in the bottom right corner of the image, wearing black pants and white socks. The image appears to be taken from a high angle, looking down on the shoes."
313,2023-04-09 17:15:42+00:00,camilacoelho,happy easter with my favorite bunny feliz páscoa com meu coelhinho favorito um domingo abençoado pra todos vocês • •,easter pascoa family easterbunny,111731,351,no_mention,"The image shows a young woman holding a baby in her arms. The woman is wearing a white blouse, blue jeans, and a yellow baseball cap. She is also wearing sunglasses and has a big smile on her face. The baby is a toddler wearing a black t-shirt and yellow shorts. In the background, there is a pink door with a heart-shaped decoration hanging on it. The door is surrounded by plants and there are two dreamcatchers hanging on the wall behind the door."
314,2023-01-17 18:33:34+00:00,rhyancaminske,it was getting colder and i realized i had a ton of giant sweaters but no cute winter tops i ended up finding some really cute stuff like this top which is selling out in white but it is still in stock in black and it’s only 20 right now is their winter sale up to 50 off select styles link for this whole outfit in my bio follow my shop on the ltk app to shop this post and get my exclusive apponly content ltk,datenightoutfit girlsnightoutoutfit abercrombiestyle abercrombiejeans outfitidea daintynecklace clutchpurse yslbag winteroutfit casualstyle everydaystyle streetstyle everydayoutfit momstyle liketoknowit liketoknowitstyle outfitideas simplestyle ootd beigeboots skinnyjeans crossbodybagsforwomen hairgoals blondehairinspo hairgrowth liketkit,168,18,rhyancaminske shop,The image shows a young woman standing in a kitchen. She is wearing a white long-sleeved top with a deep V-neckline and blue jeans. She has long blonde hair that is styled in loose waves and is smiling at the camera. The kitchen has white cabinets and a white countertop with a sink and a window above it. There are wine glasses and a vase on the countertop. The floor is covered with a patterned rug.
315,2023-01-19 18:37:40+00:00,rhyancaminske,so the boutique i get alllll of my cute band tees from is having a sale on their valentine’s day collection ️ go check it out they have a ton of cute stuff also use code rhyan10 for 10 of anything on their site follow my shop on the ltk app to shop this post and get my exclusive apponly content ltk,bandtee graphictee tshirtandjeans blackboots blackbooties valentinessale outfitidea ankleboots sassyqueenboutique valentinesdayoutfit casualstyle everydaystyle streetstyle everydayoutfit momstyle liketoknowit liketoknowitstyle outfitideas simplestyle ootd blondehair hairgrowth aviatorsunglasses blacksunglasses diffeyewear liketkit,109,23,rhyancaminske shop,The image shows a young woman standing in front of a house. She is wearing a black coat over a white t-shirt with a purple graphic design and ripped blue jeans. She has long blonde hair that is styled in loose waves and is wearing sunglasses. The house has a gray brick wall and a black door with a glass panel. There are two potted plants on either side of the door. The woman is posing with one hand on her hip and the other resting on her thigh.
316,2023-01-11 15:21:44+00:00,rhyancaminske,hi all this is my good friend jonathan kuracina i am so excited to share he has officially launched his new online print shop he is a mixed media artist based in vancouver canada but they ship to both canada and the us with new countries coming soon you can purchase his prints some of which come with hand painted designs on top of the digital image those are limited edition he offers open edition prints and limited edition prints once the limited edition prints are gone they are gone so if you like something be sure to grab it the shop will be updated periodically throughout the year including the limited edition drops jonny and i met in college freshman year and were instant friends i was lucky enough to get one of his first limited edition pieces a few years ago he had posted this piece on instagram and i fell in love with it i asked if i could buy it and unfortunately he had sold it little did i know he had sold it to my husband it has been a pleasure to watch him grow as a person and artist please go check out his page and website he has some of the coolest work i’ll ever seen and it is exciting to see what he will come up with next,mixedmediaartist mixedmediaart homedecor digitalprints walldecor wallart wallartinspo artprints artprintsforsale artprintshop artforhome artforyourhome artforyourwalls,60,8,works_by_jk,"The image shows a man standing in front of a white wall with six black and white photographs hanging on it. The photographs are arranged in a grid-like pattern, with each photograph showing a different aspect of the artist's work.

The first photograph on the top left shows a close-up of a person's face, with their eyes closed and their mouth slightly open. The second photograph in the top right shows a woman's face with long hair and a black hat. The third photograph is of a man with a beard and glasses, wearing a white t-shirt with a graphic design on it and a baseball cap. The fourth photograph is a portrait of a woman with long blonde hair, with a serious expression on her face. The fifth photograph is an abstract painting with a mix of black, white, and red colors. The sixth photograph is from the bottom right corner of the wall, with the man standing with his arms crossed and looking off to the side."
317,2023-01-07 16:09:28+00:00,rhyancaminske,so i finally tried the good american jeans… and i love them the material feels so nice and has a bit of stretch to it i will definitely be buying more i bought size 2 because i wear 02 at abercrombie and i didn’t want them to be too tight with my abercrombie 0 are more “going out” jeans and 2 are more everyday wear jeans for me lol anyone else do this these are not tight i would say they are comfortable at this size even sitting i am curious to see how a 0 fits not sure if they would fit better or if they would be “standing only” jeans swipe to see my little monkeys jumping on the bed follow my shop on the ltk app to shop this post and get my exclusive apponly content ltk,womensjeans goodamerican goodamericanjeans jeans abercrombiestyle casualstyle everydaystyle streetstyle everydayoutfit momstyle liketoknowit liketoknowitstyle outfitidea outfitideas simplestyle ootd liketkit,153,9,rhyancaminske shop,"The image is a selfie of a young woman standing in a living room. She is holding up her phone with both hands and is smiling at the camera. The woman is wearing a grey sweater and light blue jeans. She has long blonde hair and is standing in front of a white rug. In the background, there is a gray armchair and a white coffee table. The room appears to be modern and minimalistic."
318,2022-03-16 17:09:41+00:00,davidgandy_official,a couple more from the new ss22 campaign with the incredible shot by and,dgeyewear dgdna dolcegabbana,37547,333,dolcegabbana jlo mertalas macpiggott,"The image is a close-up portrait of a young man with a serious expression on his face. He is wearing a white tank top and has a gold chain necklace around his neck. His hair is styled in a short, spiky cut and he is wearing black-framed glasses. The background is plain white, making the man the focal point of the image. He appears to be in his late twenties or early thirties."
319,2023-03-26 18:53:07+00:00,matildadjerf,this tuesday,no_hashtag,171734,271,no_mention,"The image shows a young woman standing on a cobblestone street in front of a white building. She is wearing a long black coat with a high slit on the side, revealing her legs. She has a green handbag slung over her shoulder and is wearing black high heels. Her blonde hair is styled in loose waves and she is wearing sunglasses. The building behind her has a beige facade with ornate details and a wooden door on the left side."
320,2023-03-25 19:38:46+00:00,matildadjerf,bday drop coming up,no_hashtag,301264,367,no_mention,The image shows a young woman sitting at a table in a restaurant. She is wearing a white headband and a black dress with a floral pattern. She has blonde hair and is looking at her phone with a serious expression on her face. The table is covered with a white tablecloth and there are two plates of food on it. The restaurant has yellow walls and a window with a view of a street and buildings. There is a blue umbrella hanging on the wall next to the window.
321,2023-01-05 18:41:59+00:00,rhyancaminske,had my 5th laser tattoo removal appointment today i got this tattoo at 18 and even though i love the lyrics the stars were driving me crazy the pain is totally bearable if you want to see what it looked like before check out my tattoo highlight on my page tie dye sweatshirt this is a large follow my shop on the ltk app to shop this post and get my exclusive apponly content ltk,oversizedsweatshirt etsyfinds etsyfind tiedye sunglasses diffeyewear fauxleatherleggings aviatorsunglasses outfitinspo lipplumper casualstyle everydaystyle streetstyle everydayoutfit momstyle liketoknowit liketoknowitstyle outfitidea outfitideas simplestyle ootd hairgoals haircolorinspo blondehighlights blondebabylights haircolorgoals hairgrowth blondehaircolor liketkit,167,10,rhyancaminske shop,The image is a selfie of a young woman sitting in the back seat of a car. She is wearing a gray sweater with a camouflage pattern and large sunglasses. Her long blonde hair is styled in loose waves and she is looking directly at the camera with a slight smile on her face. The car appears to be parked on a street with trees and a building visible in the background.
322,2022-02-12 16:28:39+00:00,davidgandy_official,with moisture wicking fabrics as well as wellwear breath technology of antibacterial and anti odour has been my training buddy for this year training has been part of my life for over 25 years not only to keep me physically healthy but also for my mental wellbeing,no_hashtag,23991,199,davidgandywellwear kirktruman,"The image is a black and white photograph of a man sitting on the ground in front of a corrugated metal wall. He is wearing a hoodie and sweatpants, and has a big smile on his face. His arms are crossed over his chest and he is looking directly at the camera. On the right side of the image, there is a large black ball. The man appears to be in a squatting position, with his legs crossed and his hands resting on his knees."
323,2023-05-23 18:59:29+00:00,chiaraferragni,mum’s life,no_hashtag,557936,709,no_mention,"The image shows a young woman standing in a park with two young children. The woman is wearing a black and white striped tank top and white pants, and is holding a small child in her arms. The child on the left is a blonde girl with curly hair, wearing a blue dress and white sneakers. The boy on the right is a young boy wearing a white t-shirt and black pants with a red and white logo on it. They are both smiling and looking at the camera. The background shows trees and grass, and the sky is blue."
324,2023-03-23 20:06:29+00:00,matildadjerf,june 23 2022 forever one of my favorite days,no_hashtag,168094,198,no_mention,"The image shows a young woman standing in front of a counter in a store. She is wearing a green t-shirt with pink text on it and blue jeans. She has blonde hair tied up in a ponytail and is carrying a brown purse. The counter is made of wood and has a computer monitor and other items on it. There is a sign on the right side of the counter that reads ""No Parking"". The store appears to be closed, as there is a window visible in the background."
325,2023-01-01 21:19:40+00:00,rhyancaminske,𝟚𝟘𝟚𝟛 • new year • same goals health happiness and a huge wishing everyone a happy new year,gymclothes gymoutfit newyeargoals happynewyear2023 casualstyle nvgtn sportbra nvgtnleggings mombod workoutclothes workoutfit strengthtraining everydaystyle streetstyle everydayoutfit momstyle outfitidea outfitideas simplestyle ootd,251,21,no_mention,"The image shows a young woman standing in front of a row of purple lockers in a locker room. She is wearing a white tank top and green leggings, and black sneakers. She has long blonde hair tied up in a ponytail and is holding a phone in her right hand. The woman appears to be taking a selfie or taking a picture of herself. The lockers are arranged in a neat row and the floor is tiled."
326,2023-03-21 19:00:26+00:00,matildadjerf,casual monday,no_hashtag,131995,234,no_mention,The image shows a young woman standing in a restaurant. She is wearing a black crop top and a white shawl draped over her shoulders. Her blonde hair is styled in loose curls and she is looking off to the side with a serious expression on her face. The restaurant has a yellow wall and there are tables and chairs in the background.
327,2023-03-19 19:41:27+00:00,matildadjerf,week 11,no_hashtag,161164,234,no_mention,"The image is a selfie of a young woman standing in an elevator. She is holding her phone up to take the picture, with her right hand resting on the door. The woman is wearing a gray sweater with a floral pattern, light blue jeans, and a black belt. She has blonde hair styled in loose waves and is wearing sunglasses. The elevator has wooden paneling and there is a mirror on the wall behind her."
328,2023-03-17 19:17:58+00:00,matildadjerf,reedition of the bag from 2000s,pradamoon ad,151705,216,prada,"The image shows a young woman standing in a grocery store aisle. She is wearing a blue sweater and white pants, and is carrying a green handbag. She has blonde hair and is wearing sunglasses. The aisle is stocked with various products, including milk, yogurt, and other dairy products. The woman is looking off to the side with a serious expression on her face."
329,2023-03-22 19:30:05+00:00,matildadjerf,my many personalities,no_hashtag,159580,219,no_mention,"The image shows a young woman standing in a room with a wooden floor and white walls. She is holding a phone in her right hand and taking a mirror selfie. The woman is wearing a white strapless top with a button-down front and a pair of navy blue shorts. She has long blonde hair that is styled in loose curls and is wearing black knee-high boots. There is a dining table and chairs in the background, and a vase with pink flowers on the table."
330,2023-03-15 20:03:02+00:00,matildadjerf,glossyyyy,hourglasspartner,112616,181,hourglasscosmetics,"The image is a close-up selfie of a young woman sitting in the back seat of a car. She has blonde hair that is styled in loose curls and is wearing a denim jacket. She is looking directly at the camera with a slight smile on her lips. The background is blurred, but it appears to be the interior of the car."
331,2023-03-20 19:43:25+00:00,matildadjerf,,no_hashtag,111842,209,no_mention,"The image shows a young woman walking out of a building. She is wearing a grey coat over a white blouse, a black mini skirt, and black knee-high boots. She has blonde hair styled in loose waves and is wearing sunglasses. The building has a large wooden door with intricate carvings and a chandelier hanging from the ceiling. The woman is walking on a cobblestone street and appears to be in motion."
332,2022-10-24 19:44:25+00:00,stephaniebroek,olive’s first hermès bath time never looked chicer than tonight thanks so much family this is truly the softest baby towel i have ever encountered,no_hashtag,945,25,hermes,
333,2023-04-08 16:13:40+00:00,lojafashioncloset,a calça perfeita existe sim e podemos provar com modelagem ampla caimento impecável tecido de alta qualidade… yes ️️️,no_hashtag,1304,11,no_mention,"The image shows a woman from the waist down, wearing a pair of light blue pants. The pants are made of a lightweight fabric and have a drawstring waistband with a small black logo on the right side. The woman is standing with her back to the camera, facing away from the camera. She is wearing a white crop top and white sneakers. The background is plain white."
334,2022-10-27 18:49:18+00:00,stephaniebroek,back vs front,no_hashtag,1364,24,no_mention,"The image shows a woman walking down a sidewalk in a parking garage. She is wearing a black off-the-shoulder dress with a high slit on the back, revealing her blonde hair. The dress is long and flowy, and she is carrying a black handbag. The woman is walking towards a red wall on the left side of the image, and there is a green exit sign above her head. The parking garage has a concrete floor and a metal railing on the right side. There are cars parked in the background."
335,2023-04-10 13:52:55+00:00,lojafashioncloset,um pedacinho do nosso esquema,no_hashtag,256,2,no_mention,"The image shows a clothes rack with multiple clothes hanging on it. The rack is made of metal and has a white finish. The clothes are of different colors and styles, including pink, green, blue, black, and beige. There are six hangers on the rack, each with a hook for hanging the clothes. The background is a plain white wall."
336,2022-10-04 19:00:32+00:00,stephaniebroek,liquid lipstick vinyl ad,no_hashtag,1644,90,officialbyredo bengorham,"The image is a close-up portrait of a woman's face. She is wearing a pair of black sunglasses with a black frame and dark lenses. Her blonde hair is styled in loose waves and falls over her shoulders. She has a slight smile on her lips and her eyes are closed. The background is blurred, but it appears to be an outdoor setting with trees and a blue sky. The overall mood of the image is peaceful and serene."
337,2022-10-02 18:04:28+00:00,stephaniebroek,not in paris this season but home celebrating three weeks of olive,no_hashtag,2058,89,no_mention,The image shows a woman standing in front of a silver van. She is wearing a long black dress with a white collar and cuffs. She has blonde hair and is wearing sunglasses. The van appears to be parked on a cobblestone street with trees and buildings in the background. The woman is looking towards the right side of the image.
338,2022-10-15 18:36:38+00:00,stephaniebroek,one month with olive today this hits different after struggling with endometriosis infertility and the depression that came with it,no_hashtag,7593,354,no_mention,"The image is a black and white photograph of a woman walking in a wooded area. She is wearing a long coat, a scarf, and a beanie, and is carrying a large black bag on her shoulder. The woman is walking on a gravel path with trees and bushes on either side. She appears to be deep in thought, with her head tilted back and her eyes closed. The overall mood of the image is somber and contemplative."
339,2022-09-27 19:17:03+00:00,stephaniebroek,pov you’re two weeks old and made it to the press list ️ meet olive’s new doudou louis teddy bear,no_hashtag,1679,90,louisvuitton,"The image shows a white card with the words ""Louis Vuitton"" written in black cursive font on it. The card is placed on top of a beige Louis Vuitton bag, which appears to be made of a soft, textured fabric. The text on the card reads ""Olivia, Stephanie's Younger"" in a cursive style. The background is blurred, but it seems to be a close-up of the card and the bag."
340,2022-09-17 19:17:25+00:00,stephaniebroek,welcome to the world olive lowe born on september 10th two days after i was induced at 39 weeks more on that later and our hearts exploded she’s one week old today and i’m not okay with that cherishing every moment with her night time feeding sessions and diaper changes included so so so grateful she made it safe and sound,no_hashtag,10714,811,no_mention,"The image shows a woman lying on a bed, holding a newborn baby in her arms. The baby is wrapped in a white blanket and appears to be sleeping peacefully. The woman is wearing a green sweater and her hair is pulled back in a bun. She is looking down at the baby with a peaceful expression on her face. The background is blurred, so the focus is on the woman and the baby."
341,2022-09-29 18:44:21+00:00,stephaniebroek,a moment our first stroll outside as a party of 3 olive seemed to love it this is the bugaboo fox 3 that we’re leasing as part of the new flex program a leasing service for new and preloved strollers that have been refurbished we chose the latter and it looks brand new with a flexible contract of either 6 12 or 24 months as your child grows andor your family bugaboo flex allows you to switch between strollers to match your changing family’s needs it feels good that we’re able to extend the lifespan of a product parents usually only use for a short period of time and therefore contributing to a circular economy which is hopefully the future for olive’s generation,no_hashtag,3331,98,bugaboo_bnlx,The image shows a young woman walking on a sidewalk with a baby stroller. She is wearing a long beige trench coat and blue jeans. She has long blonde hair that is styled in loose waves and is carrying a white handbag with a silver chain strap. The stroller is black and has four wheels. The woman is walking past a building with a window and a brick wall.
342,2023-03-16 19:19:23+00:00,matildadjerf,thursday,no_hashtag,142624,222,no_mention,"The image shows a young woman standing in front of a large white backdrop. She is wearing a black t-shirt, blue jeans, and black shoes. She has blonde hair and is holding a black purse in her left hand. The background is a room with wooden flooring and large windows with beige curtains. The overall mood of the image is casual and relaxed."
343,2023-04-23 13:14:55+00:00,everyday.holly,last weeks top sellers save 25 on shorts skirts tops swim at these shorts are so good comfy flattering pockets with zippers the tank is super cute too and it comes in petite comment links for all the links sizing info to sent to you ️ you will not see my messages if you are not following me or you have your messages restricted in privacy settings for reference i’m 5’1 110lbs 1 trekkie shorts 0 size down 2 comfy romper small 3 2 piece set small bottoms are big on me 4 overall romper small 5 tank dress xs 1 comment “links” no other text or emoji’s for the links sizing info 2 click the link in my bio then click “shop my reels tiktok’s” look for the outfit picture and tap the link to shop 3 free ltk app follow everydayholly direct link,amazonfashion top5 casualoutfits easyoutfits athleisure petitefriendly summeroutfit springstyle summerstyle comfystyle momstyle workoutshorts summerdress athleisureshorts summerbasics vacationoutfit amazonfashionfinds amazonfinds founditonamazon founditonamazonfashion targetstyle targetfashion petiteoutfit petitestyle over40petitestyle,923,292,athleta,"The image is a collage of two photos. On the left side, there is a photo of a woman wearing a pair of black athletic shorts. The shorts are high-waisted and appear to be made of a lightweight fabric. She is standing in front of a mirror and taking a selfie with her phone. The woman is wearing a sleeveless tank top and black sneakers. The background of the image shows a room with a plant and a door. The text on the image reads ""Weekly Tip Galleries #1"" and ""Athleta Trekkif North Short""."
344,2022-10-31 19:50:48+00:00,stephaniebroek,the right pair of sunglasses can elevate any outfit through autumn and hide tired mom eyes honestly don’t know where i’d be without my beloved sunglasses this season ad,lindbergxme lindbergeyewear,1373,59,lindbergeyewear,"The image shows a woman walking on a street. She is wearing a black coat, a long black skirt, and white boots. She has blonde hair and is wearing sunglasses. The woman is carrying a black handbag and appears to be walking towards a building with white columns. The building has a black door and a white facade."
345,2022-06-12 13:26:00+00:00,davidgandy_official,delighted to announce that we’re launching swimwear and summer essentials with the poolside collection get a first look in today for what’s coming this month thank you arlidge,designedforwellbeing davidgandywellwear,67099,736,davidgandywellwear theststyle stylelaura john,"The image shows a shirtless man standing on a wooden surface near the ocean. He is wearing red swim shorts and has a necklace around his neck. His body is toned and muscular, and he appears to be looking off into the distance with a serious expression on his face. In the background, there is a clear blue sky and the ocean with a sailboat visible in the distance. The overall mood of the image is intense and focused."
346,2021-12-10 18:30:56+00:00,davidgandy_official,thank you for for featuring in our recently shot editorial by featuring our ultimate hoodie and sweat gilet wouldnt recommend wearing it like this during winter hair stylist,no_hashtag,27969,299,vanityfairitalia davidgandywellwear nickthompsonstudio larrykinghair nicholasgalletti,"The image is a black and white portrait of a man with a serious expression on his face. He is wearing a sleeveless shirt and has a beard and mustache. His arms are crossed in front of him and he is looking directly at the camera. The background is plain white. At the bottom of the image, there is text that reads ""Lavera"" in bold, black letters. The text is in a modern, sans-serif font and is centered on the image."
347,2023-04-16 11:34:19+00:00,everyday.holly,last weeks top sellers comment links for all the links sizing info to sent to you ️ you will not see my messages if you are not following me or you have your messages restricted in privacy settings for reference i’m 5’1 110lbs 1 2 piece set small bottoms are big on me 2 comfy romper small 3 skort xs 4 tank dress xs 5 overall romper small 1 comment “links” no other text or emoji’s for the links sizing info 2 click the link in my bio then click “shop my reels tiktok’s” look for the outfit picture and tap the link to shop 3 free ltk app follow everydayholly direct link,amazonfashion top5 casualoutfits easyoutfits athleisure petitefriendly summeroutfit springstyle summerstyle comfystyle momstyle workoutshorts summerdress skort summerbasics vacationoutfit amazonfashionfinds amazonfinds founditonamazon founditonamazonfashion targetstyle targetfashion petiteoutfit petitestyle over40petitestyle,2131,720,no_mention,"The image is a collage of two photos. On the left side, there is a photo of a woman wearing a beige sleeveless jumpsuit with wide legs. The jumpsuit has a scoop neckline and thin straps. The woman is standing in front of a mirror and is holding a phone in her hand. She is wearing sandals and has a woven bag slung over her shoulder. The background is a white wall with a plant in a pot. The text on the image reads ""Weekly Tip Galleries #1"" and ""Amazon 2 Piece Wide Leg Tank Set""."
348,2021-12-21 16:33:11+00:00,davidgandy_official,thank you to the and for this wonderful editorial in decembers issue featuring so many of our favourite pieces styles by the wonderful and hair by,dgwellwear,42531,450,therake arnaldoanaya davidgandywellwear gracegilfeather whosrobscott,The image shows a man standing in front of a vintage car. The man is wearing a brown leather jacket with a fur collar and black pants. He has a serious expression on his face and is looking directly at the camera. The car is green and appears to be parked on a street with a brick wall and trees in the background. The overall mood of the image is casual and relaxed.
349,2022-12-25 22:16:36+00:00,rhyancaminske,when the random last minute gift becomes your favorite gift pikachu for the win️ merry christmas from our family to yours pretty happy with how the playroom turned out minus the wall stickers that keep falling off,christmas2022 pokemongifts pokemonfans kidsplayroom kidsplayroomdecor neutralchristmastree neutralchristmasdecor burlapchristmastree,133,3,no_mention,"The image shows two children, a boy and a girl, standing in a living room with a Christmas tree in the background. The children are wearing matching yellow onesies with the number 5 on them. The boy is standing on the left side of the image, while the girl is on the right side. There are several gift boxes scattered around the room, including a small black and tan dog. The room appears to be decorated for the holiday season."
350,2022-12-31 03:39:39+00:00,rhyancaminske,finally not sick what a feeling so happy i can actually enjoy ringing in the new year we are having a few people over to our house i’m making pulled pork sandwiches and i already made bomb cookies what are your new year’s eve plans both my sweater and jeans are on sale right now follow my shop on the ltk app to shop this post and get my exclusive apponly content ltk,abercrombie goodamerican abercrombiestyle foodamericanjeans outfitinspo winteroutfit cropsweater casualstyle everydaystyle streetstyle everydayoutfit momstyle liketoknowit liketoknowitstyle outfitidea outfitideas simplestyle ootd hairgoals haircolorinspo blondehighlights blondebabylights haircolorgoals hairgrowth blondehaircolor liketkit,177,17,rhyancaminske shop,The image shows a young woman standing in a kitchen. She is wearing a white long-sleeved sweater and light blue ripped jeans. Her long blonde hair is styled in loose waves and she is smiling at the camera. The kitchen has white cabinets and a white countertop. There is a blue light shining on the countertop and a black and white logo on the bottom right corner of the image.
351,2023-03-22 21:38:45+00:00,camilacoelho,bubble gum,ootd,135781,802,no_mention,"The image shows a young woman walking on a busy street in Paris, France. She is wearing a long pink coat with a high collar and long sleeves, paired with a pair of denim shorts and pink knee-high boots. She has a black crossbody bag slung over her shoulder and is wearing sunglasses. The street is lined with parked cars and motorcycles, and there are buildings on both sides of the road. The sky is overcast and the overall mood of the image is casual and relaxed."
352,2022-12-13 00:44:39+00:00,rhyancaminske,happy birthday to my dad aka “grandpa sprinkler” because they can’t figure out how to say spangler the video at the end is my favorite love you dad,no_hashtag,204,16,no_mention,"The image shows a family of five posing for a photo in a kitchen. There are four people in the photo, two adults and two children. The adults are standing on the left side of the image, with the adults holding the children in their arms. The children are on the right side, with one child in the middle and two on either side. They are all smiling and looking at the camera. The kitchen has white cabinets and a white countertop. The family appears to be happy and relaxed."
353,2022-11-22 20:44:38+00:00,rhyancaminske,ahhh the cutest tops everrr are on sale is offering 15 off their whole site plus use code rhyan10 and get another 10 off you can dm me for a link use the link in my story or the link in my bio,casualstyle everydaystyle streetstyle everydayoutfit momstyle liketoknowit liketoknowitstyle outfitidea outfitideas simplestyle ootd graphictee graphictess bandtee bandtees outfitinspo sassyqueenboutique blackfridaysale blackfriday2022 shopsassyqueenboutique,124,12,sassyqueenboutique,"The image is a portrait of a young woman standing in a room with a wooden floor and white walls. She is wearing a white t-shirt with a graphic of a skull on it and light blue denim shorts. She has long blonde hair styled in loose waves and is smiling at the camera. The woman is standing with her hands in her pockets and is posing with one hand on her hip. In the background, there is a staircase and a chandelier hanging from the ceiling."
354,2023-03-14 21:49:27+00:00,camilacoelho,denim fever ad •,ootd denim lookdodia,137771,825,jimmychoo,The image shows a young woman sitting on a concrete staircase. She is wearing a denim jacket with a tie-dye pattern in shades of blue and white. The jacket has a collared neckline and long sleeves. She has a white handbag slung over her shoulder and is wearing blue high heels with a gold chain strap. Her hair is styled in loose waves and she is looking directly at the camera with a serious expression. The background is a plain white wall.
355,2023-03-10 16:53:10+00:00,camilacoelho,home jet lagged but heading out for a great cause huge thanks to my glam babes for making me look awake ———— se volta em casa e a caminho do almoço da que acontece agora em maio aguardem mais detalhes o bazar será demais,ootd,164899,722,thebazaarforgood stylesaves,The image shows a young woman in a white dress standing in a living room. She is leaning against a wooden door with her right hand on the door handle. The woman has her hair styled in a high bun and is wearing gold earrings. She has a serious expression on her face and is looking directly at the camera. The room has hardwood flooring and white walls. There is a large window in the background with a view of trees outside.
356,2023-05-16 08:00:05+00:00,zara,zara atelier collection 03the skirt the atelier team has created six variations of the skirt designed with unbridled creativity to unlock a multitude of wearable attitudes limited only in number the fabrication construction and embellishments are all of the highest standard thank you creative director fabien baron photographs nick knight stylist ludivine poiblanc make up val garland hair sam mcknight set designer andy tomlinson artist rob unett,no_hashtag,11390,87,maggiejoymaurer fabienbaron nick_knight ludivinepoiblanc thevalgarland sammcknight1 tomotattle robunett,"The image shows a woman standing on a black platform with a white background. She is wearing a long skirt with a colorful pattern in shades of blue, green, yellow, and pink. The skirt has a high waistline and falls below her knees. The woman is standing with her back to the camera, facing away from the camera. Above her head, there is a large, circular object that appears to be made of metal or a similar material. The object is tilted slightly to the side, creating a sense of depth and dimension. The overall mood of the image is surreal and surreal."
357,2023-05-15 14:00:09+00:00,zara,zara atelier collection 03the skirt a limited edition collection from the house celebrating our commitment to craftsmanship and passion for artistic expression thank you creative director fabien baron photographs nick knight stylist ludivine poiblanc make up val garland hair sam mcknight set designer andy tomlinson artist rob unett,no_hashtag,12095,116,maggiejoymaurer fabienbaron nick_knight ludivinepoiblanc thevalgarland sammcknight1 tomotattle robunett,"The image shows a person standing on a white pedestal with their back to the camera. The person is wearing a long, flowing dress with a high neckline and long sleeves. The dress is made of a light-colored fabric with a subtle pattern of vertical lines. The skirt of the dress is slightly flared and falls below the person's knees. The background is a plain grey color, and the person is standing with their hands on their hips. The image is taken from a low angle, looking up at the person and the dress. The overall mood of the image is surreal and dreamlike."
358,2023-05-15 08:06:56+00:00,zara,zara atelier collection 03the skirt a limited edition collection from the house celebrating our commitment to craftsmanship and passion for artistic expression thank you creative director fabien baron photographs nick knight stylist ludivine poiblanc make up val garland hair sam mcknight set designer andy tomlinson artist rob unett,no_hashtag,17128,99,maggiejoymaurer fabienbaron nick_knight ludivinepoiblanc thevalgarland sammcknight1 tomotattle robunett,"The image shows a woman standing on a white pedestal in a room with a gray background. She is wearing a short, light pink dress with a high neckline and short sleeves. The dress has a high slit on the side, revealing the woman's legs. The woman is also wearing strappy, high-heeled sandals. Above her head, there is a large, abstract design made up of vertical lines that create a sense of depth and dimension. The overall mood of the image is futuristic and edgy."
359,2023-05-15 12:00:08+00:00,zara,zara atelier collection 03the skirt one garment six ways unlimited possibilities thank you creative director fabien baron photographs nick knight stylist ludivine poiblanc make up val garland hair sam mcknight set designer andy tomlinson artist rob unett,no_hashtag,14972,118,maggiejoymaurer fabienbaron nick_knight ludivinepoiblanc thevalgarland sammcknight1 tomotattle robunett,"The image shows a woman standing on a black pedestal with her back to the camera. She is wearing a black skirt with gold sequins and black heels. The skirt is draped over her shoulders and she is holding a large, circular object that appears to be made up of small, black dots. The object is tilted slightly to the side, creating a sense of depth and dimension. The background is a plain grey color, making the woman and the object stand out. The overall mood of the image is futuristic and edgy."
360,2023-05-17 07:27:29+00:00,monikh,hello,mangosummerclub mangogirls,3989,46,mango,The image shows a young woman standing in an archway in a garden. She is wearing a long brown dress and is holding a small plant in her hand. The archway is made of stone and is surrounded by trees and plants. There is a large clay pot on the right side of the archway and a stone wall on the left side. The sky is blue and the overall atmosphere of the image is peaceful and serene.
361,2023-05-17 11:02:55+00:00,monikh,day 1,mangosummerclub mangogirls,7926,41,no_mention,"The image shows a woman sitting on a concrete floor with a white wall in the background. She is wearing a brown strapless dress and a colorful necklace with red, blue, and green beads. The woman is holding a green crocheted purse in her left hand and her right hand is resting on her hip. The purse appears to be made of a soft, textured material and has a round shape. The overall mood of the image is peaceful and serene."
362,2023-03-12 17:42:55+00:00,camilacoelho,“kai in paris” album merci for making our stay even more special • álbum do kai em paris foi muito especial leválo comigo pra um dos lugares que mais amo sem dúvida a semana de moda mais feliz de todas,dcmoments paris son family,189846,999,plaza_athenee dorchestercollection,"The image shows a woman holding a baby in her arms on a balcony overlooking the Eiffel Tower in Paris, France. The woman is wearing a purple jacket and a green and white patterned shawl, and she is smiling at the camera. The baby is also wearing a black and white striped onesie. The balcony has a stone column and there are buildings and trees in the background. The sky is blue and the sun is shining brightly."
363,2023-05-14 12:48:23+00:00,monikh,very lucky to have these two,no_hashtag,1907,13,no_mention,"The image shows three young women standing on a sidewalk in front of a brick building with a red door. They are all smiling and appear to be posing for a photo. The woman on the left is wearing a white coat, the woman in the middle is wearing black pants and a black jacket, and the woman next to her is wearing an orange coat and a blue dress. All three women are holding hands and looking at the camera. The building behind them has large windows and a sign that reads ""Luxury Hotel"". The sky is overcast and the ground is wet, suggesting that it has recently rained."
364,2023-05-16 14:00:05+00:00,zara,zara atelier collection 03the skirt one garment six ways unlimited possibilities thank you creative director fabien baron photographs nick knight stylist ludivine poiblanc make up val garland hair sam mcknight set designer andy tomlinson artist rob unett,andytomlinson,10132,86,maggiejoymaurer fabienbaron nick_knight ludivinepoiblanc thevalgarland sammcknight1 robunett,"The image shows a woman standing on a white pedestal with her back to the camera. She is wearing a long, flowy skirt made of yellow feathers. The skirt is draped over her body, covering her head and shoulders. The woman is also wearing high heels and her hair is styled in a sleek, straight look. The background is a plain white wall, and the overall mood of the image is dramatic and edgy."
365,2023-05-14 13:22:00+00:00,monikh,officially obsessed with in betina a ‘nude’ that works on darker skins thank you for coming over and being so patient with baby,no_hashtag,4305,20,biosculpturegelgb paintedbyjools,"The image shows a close-up of a person's hand resting on a beige cloth. The hand is wearing a blue and white tweed glove with a gold ring on the palm. The ring has a large amber stone in the center and two smaller gold rings on either side. The person's nails are painted a light pink color and they are wearing black shoes. The background is blurred, but it appears to be a sidewalk or pavement."
366,2023-04-03 18:19:04+00:00,matildadjerf,,no_hashtag,267365,361,no_mention,The image is a portrait of a young woman with long blonde hair. She is standing in front of a white wall and appears to be posing for the camera. The woman is wearing a black dress with a plunging neckline and her hair is styled in loose waves. She has a serious expression on her face and is looking directly at the camera with a slight smile. The lighting is dim and the overall mood of the image is confident and relaxed.
367,2023-05-15 19:27:30+00:00,monikh,my collection with is now stocked at and … a huge moment for me in my career thank you to everyone who’s purchased and of course to for trusting me with these designs which are very close to my heart,no_hashtag,3783,63,daphine harveynichols matches,"The image shows a close-up of a person's lower body, from the waist down. The person is wearing a beige coat with a belt around their waist. The coat has a button-down front and appears to be made of a soft, textured fabric. They are also wearing a pair of light grey trousers. On their wrist, there is a gold bracelet with a thin, intricate design. The background is blurred, but it seems to be a room with a wooden floor and a white wall."
368,2023-05-14 12:13:15+00:00,monikh,my sisters were making me go to a boozy brunch yesterday and i tipped my entire wardrobe upside down trying to find something to wear then i decided to just dress like myself and i remembered this deconstructed knitted dress i got when working with on their aw22 evening dresses campaign i pulled it because it works for so many different occasions including mojitos at 2pm,no_hashtag,5435,36,christopher_esber theofficialselfridges,"The image shows a young woman standing in front of a pink building with large windows. She is wearing a long blue dress with a floral pattern and a beige trench coat. She has a maroon handbag slung over her shoulder and is smiling at the camera. The building appears to be a store or a clothing store, as there are clothes and accessories visible through the windows. The sky is blue and there are a few clouds in the background."
369,2023-05-17 14:57:51+00:00,monikh,and then there was lunch,simonmillerxmango mangosummerclub,2506,16,mango,"The image shows a dessert dish on a white plate with a blue rim. On the plate, there is a slice of chocolate cake with a fork resting on top. The cake is dark brown in color and appears to be moist and fluffy. Next to the cake, there are two pieces of cheesecake, one with a golden brown crust and the other with a creamy white filling. The cheesecake is drizzled with a dark chocolate sauce and garnished with a sprig of mint. The plate is sitting on a table with a white tablecloth and there are wine glasses in the background."
370,2023-05-15 10:00:06+00:00,zara,zara atelier collection 03the skirt the atelier team has created six variations of the skirt designed with unbridled creativity to unlock a multitude of wearable attitudes limited only in number the fabrication construction and embellishments are all of the highest standard thank you creative director fabien baron photographs nick knight stylist ludivine poiblanc make up val garland hair sam mcknight set designer andy tomlinson artist rob unett,no_hashtag,12005,88,maggiejoymaurer fabienbaron nick_knight ludivinepoiblanc thevalgarland sammcknight1 tomotattle robunett,"The image shows a man standing on a black pedestal with his back to the camera. He is shirtless and wearing a long, flowing blue skirt that is flowing in the wind. The skirt appears to be made of a lightweight fabric and has a high waistline. The man is standing with one hand on his hip and the other resting on his thigh. He has a serious expression on his face and is looking off to the side. The background is a plain white wall. The overall mood of the image is somber and contemplative."
371,2023-05-18 08:55:58+00:00,chiaraferragni,ieri sera a milano c’è stata la premiere di stagione 2 è stata una sensazione incredibile mostrarvi una preview esclusiva dei nuovi episodi in una location così iconica come l’arco della pace grazie ai tantissimi fan che hanno partecipato all’evento e a tutti i miei amici e la mia famiglia che sono venuti a supportare me e c’era un’energia pazzesca nell’aria grazie anche a per aver reso tutto questo possibile la stagione 2 di the ferragnez è disponibile ora last night in milan we had the premiere of season 2 it was an incredible feeling to show an exclusive preview of the new episodes at the iconic arco della pace in milan thank you to all the fans who attended the event and to my friends and family who came to support me and there was an amazing energy in the air that i can’t describe thank you for making this possible the ferragnez season 2 is streaming now,theferragnezlaserie adv theferragnezseries,1129550,2764,fedez primevideoit,"The image shows a man and a woman posing together on a red carpet at an event. The man is on the left side of the image and the woman on the right side. They are both dressed in formal attire, with the man wearing a black suit with a plunging neckline and tattoos on his arms and chest. The woman has blonde hair styled in loose waves and is wearing a strapless black dress with a high neckline. She has tattoos on both arms and is smiling at the camera. In the background, there is a black backdrop with the words ""The Magnets"" and the Amazon logo."
372,2023-05-19 12:00:47+00:00,chiaraferragni,friday in my underwear cargo pants and jacket are all from,mycalvins adv,597770,783,calvinklein,The image is a portrait of a young woman posing in a studio. She is standing in front of a plain white wall and is wearing a green crop top and beige pants. Her blonde hair is styled in loose waves and she is looking directly at the camera with a slight smile on her face. She has a tattoo on her left arm and is holding a beige jacket over her shoulder. The overall mood of the image is casual and relaxed.
373,2023-05-19 17:32:22+00:00,chiaraferragni,still not over the premiere thanks guys for loving our second season,theferragnez,363316,1298,no_mention,"The image shows a young man and woman standing in front of a crowd of people. The man is on the left side of the image, taking a selfie with his phone. He is wearing a black shirt and has tattoos on his arms and chest. The woman is standing next to him, wearing a strapless dress and has her hair styled in loose waves. She is smiling and looking up at the man with a slight smile on her face. The crowd behind them is filled with people, some of whom are holding up their phones to take pictures or videos. The background shows a building and trees, suggesting that the photo was taken at an outdoor event."
374,2023-05-18 13:35:26+00:00,chiaraferragni,still feeling excited about last nights premiere and so in love with my full make up look by that was all about the eyes to create an intense smokey eye we used hypnôse palette n18 nude sculptural and then for the eyelashes we used hypnôse mascara while for the lips we used the shade n259 of labsolu rouge cream lipstick im obsessed with the result ️‍,adv lancome makeup,452771,2843,lancomeofficial manuelemameli,"The image is a close-up portrait of a young woman posing on a red carpet. She is wearing a black sequin dress with a halter neckline and a deep V-neckline. Her hair is styled in a short, blonde bob with bangs framing her face. She has a dramatic makeup look with dark eyeliner and red lipstick. The background is a pink curtain, and the woman is looking directly at the camera with a slight smile on her lips."
375,2023-05-19 13:59:39+00:00,chiaraferragni,leo’s school photos make me,no_hashtag,872379,3908,no_mention,The image is a portrait of a young boy with blonde hair. He is standing with his arms crossed in front of him and is smiling at the camera. He has a big smile on his face and his hand is resting on his chin. The boy is wearing a navy blue jacket with a white shirt underneath. The background is plain white.
376,2023-05-16 12:48:36+00:00,chiaraferragni,this look,no_hashtag,257872,2313,no_mention,"The image shows a young woman standing on the side of a street. She is wearing a beige crop top with the word ""OK"" written on it in black letters. She has blonde hair styled in loose waves and is holding a black handbag in her left hand. The woman is also wearing a black coat over a black skirt with a leopard print waistband. She appears to be posing for the camera with a serious expression on her face. In the background, there are trees and a yellow bus stop."
377,2023-05-16 07:07:25+00:00,monikh,keeping those early mornings slow and calm,no_hashtag,4625,38,reiss,"The image shows a young woman standing in a room with white walls and a large wooden mirror hanging on the wall. She is wearing a beige t-shirt and white trousers. She has long dark hair and is looking directly at the camera with a serious expression. On the right side of the image, there is a white floor lamp with a unique design. Next to the lamp, there are two large vases and a wooden table. The room has a window with white curtains and a rug on the floor."
378,2023-03-24 15:58:08+00:00,lojafashioncloset,é desejo combine calça jeans goi com sua peça branca basic que você mais gostar vem,fshnlook,2144,15,no_mention,"The image shows a young woman wearing a pair of light blue denim jeans. She is standing with her back to the camera, facing the camera with her hands in her pockets. The jeans have a high-waisted fit and are slightly flared at the bottom. The woman is wearing a white strapless top and white sneakers. Her hair is styled in a high ponytail and she is looking directly at the camera. The background is plain white."
379,2023-03-24 01:02:15+00:00,lojafashioncloset,black dress lovers,no_hashtag,431,8,no_mention,"The image shows a young woman posing in a black off-the-shoulder dress. The dress has a ruched design on the front, with a tie detail at the waist. The woman is standing with one hand on her hip and the other resting on her thigh. She is wearing a silver choker necklace and has a tattoo on her left arm. The background is a plain white wall."
380,2023-03-22 18:12:11+00:00,lojafashioncloset,um dia shooting por aqui,no_hashtag,412,14,no_mention,"The image shows a clothes rack with multiple rows of clothes hanging on it. The rack is made of metal and has a white finish. The clothes are neatly arranged on the rack and are of different colors and styles. On the left side of the rack, there are several pairs of shoes and a pair of sandals. The background is a plain white wall. The floor is covered with a gray carpet."
381,2023-05-14 08:47:22+00:00,chiaraferragni,happy mother’s day to my mum who’s been the best mum ever and thanks to her i have hope i can be a good enough mum too for my precious kids big shoutout to all the moms out there we all are doing our best and that is amazing we must be proud,no_hashtag,281854,1022,marinadiguardo,"The image shows a mother and her two young children sitting on the steps of a building. The mother is sitting on a white column with her legs crossed and her arms resting on her lap. She is wearing a black and white patterned blazer, brown pants, and black high heels. The two children are sitting on either side of her, one wearing a red jacket and the other wearing a blue jacket and jeans. They are all smiling and looking at the camera. The background shows the entrance of the building with large windows and a chandelier hanging from the ceiling."
382,2023-05-15 15:00:36+00:00,chiaraferragni,are you guys ready 2 days to the premiere in milan and 3 days for the first 4 episodes live,theferragnez,551132,951,no_mention,The image shows a young woman standing in front of a large billboard on the side of a building. The billboard has a blue background with a large image of a man and a woman sitting on a bed. The man is wearing a black suit and the woman is wearing an orange top and a beige jacket. They are both smiling and making a peace sign with their fingers. The woman is also wearing sunglasses and carrying a black purse. There is a blue car parked in the background and a white building with columns on the right side of the image.
383,2023-05-13 12:11:12+00:00,chiaraferragni,back to paradise,supplied,300214,1388,villafeltrinelli,"The image shows a young woman sitting at a table in a restaurant. She is wearing a black jacket and has blonde hair styled in loose waves. The woman is holding a pair of chopsticks in her mouth and appears to be eating a meal. There is a bowl of spaghetti on the table in front of her. The table is covered with a red and white patterned tablecloth and there are plates of food and a glass of water on the right side of the table. In the background, there are trees and bushes."
384,2023-05-12 13:32:12+00:00,chiaraferragni,feeling super fancy in today and wearing their lady 9522 sunglasses to top off my look,adv dioreyewear,649366,1761,dior,The image shows a young woman standing in front of a stone wall with a statue in the background. She is wearing a white dress with a round neckline and short sleeves. She has blonde hair styled in a bob with bangs and is wearing sunglasses. The woman is holding a bright pink handbag with a quilted pattern and a gold chain strap. The handbag has a silver clasp on the front and appears to be made of leather. She also has multiple bracelets on her wrists.
385,2023-04-09 01:05:49+00:00,everyday.holly,last weeks top sellers target for the win last chance‼️ 20 off target dress shoes bogo 50 off comment links for all the links sizing info to sent to you ️ you will not see my messages if you are not following me or you have your messages restricted in privacy settings this is from saturday to saturday if sunday was included then yesterday’s jumpsuit would have been for sure for reference i’m 5’1 110lbs 1 skort xs 2 tank dress xs 3 2 piece set small bottoms are big on me 4 workout shorts wliner xs 5 zipup hoodie small tts but i sized up for more length 1 comment “links” no other text or emoji’s for the links sizing info 2 click the link in my bio then click “shop my reels tiktok’s” look for the outfit picture and tap the link to shop 3 free ltk app follow everydayholly,1 amazonfashion top5 casualoutfits easyoutfits athleisure petitefriendly summeroutfit springstyle summerstyle comfystyle momstyle workoutshorts summerdress skort summerbasics vacationoutfit amazonfashionfinds amazonfinds founditonamazon founditonamazonfashion targetstyle targetfashion petiteoutfit petitestyle over40petitestyle,982,263,no_mention,"The image is a collage of two photos. On the left side, there is a photo of a young woman wearing a light blue denim dress and white sneakers. She is standing in front of a blue door and is holding a phone in her right hand. The text on the image reads ""Weekly Tip Galleries #1 Target French Terry Skorts"". On the right side of the image, the text reads ""Everyday""."
386,2023-05-11 14:13:48+00:00,chiaraferragni,colorful look today this bright blue jumper i’m wearing is from silk and cotton collection,adv falconeri,561506,1198,falconeriofficial,The image shows a young woman standing in a shopping mall. She is wearing a blue sweater and a beige mini skirt. She has a blue crossbody bag slung over her shoulder and is smiling at the camera. The mall has a high ceiling with a glass roof and is filled with people walking around. The floor is made of marble tiles and there are colorful confetti scattered around.
387,2023-05-11 10:32:49+00:00,chiaraferragni,may 10th,no_hashtag,511298,592,no_mention,The image is a selfie of a young woman standing in front of a mirror. She is holding her phone up to take the picture. The woman is wearing a beige dress with a high neckline and long sleeves. She has blonde hair styled in loose waves and is wearing gold bracelets on her wrists. The background of the image is decorated with a floral wallpaper. There are two blue and white bowls on either side of the woman.
388,2023-05-11 17:51:02+00:00,chiaraferragni,,no_hashtag,564079,1742,no_mention,"The image shows a young child, probably around 2-3 years old, standing in a bathroom. The child is wearing a white towel wrapped around their head and a red robe with a floral pattern. They are smiling and looking directly at the camera. The bathroom has a white tiled wall and a white toilet in the background. There is a towel rack on the left side of the image."
389,2023-05-14 12:35:27+00:00,chiaraferragni,family weekend at the lake,no_hashtag,242482,875,no_mention,"The image shows a family of four standing in front of a large, ornate building with a golden facade. The building appears to be a palace or palace with multiple levels and intricate details. The family consists of a man, a woman, and two young children. The woman is wearing a gray blazer and brown pants, while the man and the children are wearing casual clothes. The children are holding hands and smiling at the camera. The sky is blue and there are trees and bushes in the background."
390,2023-05-16 09:27:34+00:00,chiaraferragni,cant go out without my bossy eye sunglasses here’s a little slideshow of all the times i wore them lately,adv,502956,514,chiaraferragnibrand,The image is a close-up portrait of a woman wearing a pair of black sunglasses. She has blonde hair styled in a short bob and is wearing large gold hoop earrings. She is also wearing a gold necklace with a cross pendant. The background appears to be a room with a white wall and a bookshelf. The woman is looking directly at the camera with a serious expression on her face.
391,2023-02-28 21:15:32+00:00,parisfashionweek,some streetstyles and backstages looks spotted by and for this second day of womenswear paris fashion week® fallwinter 20232024,parisfashionweek pfw,19319,69,samirnovotny iulia_matei joleomemeier linebrusegan,"The image is a portrait of a young woman, who appears to be in her late twenties or early thirties, walking on a street. She is wearing a black suit with a white shirt and a black tie. Her hair is styled in loose waves and she is smiling at the camera. In the background, there are people holding cameras and taking pictures of the woman. The street is lined with buildings and there is a fence visible in the background."
392,2023-05-20 16:28:44+00:00,parisfashionweek,our photographer highlights the streetstyle looks revealed during the last womenswear fallwinter 20232024 paris fashion week® follow the link in bio to access all the collections,parisfashionweek pfw claireguillon,4949,23,claireguillon,"The image is a portrait of a young woman with long red hair. She is standing on a street with a crowd of people in the background. The woman is wearing a black and white crop top with a black bow on the shoulder and a beige skirt with a brown belt. She has a serious expression on her face and is looking off to the side. The background is blurred, but it appears to be a city street with buildings and cars. The overall mood of the image is serious and edgy."
393,2023-06-09 01:44:56+00:00,urbanoutfitters,does your bff glow no get a new bff then,uohome,1180,4,smokonow,The image shows a small toy mushroom sitting on top of a green book. The mushroom is yellow with pink spots on its cap and has a small smiley face on its face. The book is open and there are a few other books visible in the background. The background is a pink wall with a cartoon character hanging on it.
394,2023-06-06 19:00:39+00:00,prada,created with 83 individual pieces all handfinished its edges smoothed and handpainted the prada galleria is an icon of prada’s enduring attention to detail discover more via link in bio,pradagalleria prada,11531,58,no_mention,"The image shows a person's hand holding a red clutch bag with a gold zipper. The person is wearing a white shirt and is using the zipper to open the bag. The bag appears to be made of leather and has a rectangular shape with a flap on top. The zipper is open and the person is holding it with both hands. The background is blurred, but it seems to be a desk or table with other bags visible in the background."
395,2023-06-08 20:15:43+00:00,urbanoutfitters,another day another maxi skirt li,uocommunity,2304,19,kathrynlucyoutfit shayanarex stylesbybrin poli,The image shows a young woman standing in front of a large wooden door. She is wearing a white dress with a floral pattern and a black belt around her waist. The dress has a ruffled skirt that falls to her ankles. She has a red purse slung over her shoulder and is wearing sunglasses. The woman is standing on a street with a pink building in the background.
396,2023-06-08 15:31:38+00:00,urbanoutfitters,out with the old in with the new we picked these bath mats especially for you shop them at the link in bio,uohome,10713,18,no_mention,"The image shows two pink rugs on a gray carpeted floor. The rugs are rectangular in shape and have a white design on them. The design appears to be a heart with a star in the center. On the left side of the rugs, there is a small basket with pink flowers and a yellow sponge. Next to the basket, there are a few other items scattered on the floor, including a pair of black shoes and a small rug. The background is blurred, but it seems like the focus is on the two rugs."
397,2023-06-08 10:08:18+00:00,milanfashionweek,our warmest congratulations to official for winning the lvmh prize for young designer at lvmh prize 2023 award ceremony which took place yesterday official was awarded this year also with the 2023 camera moda fashion trust grant which consisted in a financial and detailed mentoring program the next appointment with setchu will be on june 17 2023 during milan fashion week where the designer will showcase his next collection,no_hashtag,656,10,setchu satoshikuwata,"The image shows a man standing in front of a rack of clothes. He is wearing a black coat and has a mustache. The rack is filled with clothes of different colors and styles. The man is holding a piece of paper in his hand and appears to be looking at it intently. In the background, there are other people browsing the rack. On the wall behind the man, there is a sign that reads ""11 PRIZE 2023""."
398,2023-06-08 09:38:34+00:00,milanfashionweek,we extend our congratulations to cnmi member magliano insta for winning the karl lagerfeld prize at the lvmh prize 2023 ceremony which took place yesterday insta joined cnmi as member in may 2023 his remarkable journey has seen him debut in the milan fashion week calendar back in january 2019 since then with the support of cnmi luca magliano showcased his exceptional talent in milan fashion week calendar season after season and his line has been prominently featured in various milan fashion week campaigns additionally participating in the captivating borders a flash of new italian fashion event in new york in may 2019 the next appointment with magliano is for sunday 18 june 2023 duringn for his next show for the men’s ss 24 in the pictures 1 luca magliano at borders a flash of new italian fashion event in new york in may 2019 2 magliano latest show during milan fashion week for the fallwinter 2324 3 magliano featured in 2020 milan fashion week men’s collection campaign 4 luca magliano portrait,mfw cnmimembers,827,11,magliano,"The image shows a man standing in front of three mannequins wearing suits. The man in the center is wearing a brown suit with a white shirt and a black belt. He has a mustache and is looking directly at the camera with a serious expression. Behind him, there is a large window with a view of a city skyline. The background is dark and there are yellow caution tape on the floor."
399,2023-06-07 14:00:59+00:00,urbanoutfitters,the official “its too hot to wear anything” look link in bio to shop new summer slip dresses,no_hashtag,2052,17,no_mention,"The image shows two young women holding hands in a grassy field. The woman on the left is wearing a light blue dress and white sandals, while the woman in the middle is wearing an orange dress with a floral pattern. They are both smiling and appear to be enjoying each other's company. The background shows trees and a blue sky. The image appears to be taken during the day, as the sun is shining and the grass is green."
400,2023-06-06 18:02:38+00:00,urbanoutfitters,two weeks until it’s officially summer in the meantime these fresh new prints from will get you in the right mindset link in bio,no_hashtag,1399,9,baggu,"The image shows three pieces of fabric lying on a grassy lawn. The fabric appears to be made of a light blue fabric with a floral pattern. The top piece is a green and white striped dress with ruffles on the shoulders. The bottom piece is an orange and yellow striped dress. All three pieces are folded and stacked on top of each other. The grass is green and well-maintained. The image is taken from a low angle, looking up at the fabric."
401,2023-05-06 03:58:55+00:00,taylorswift,it fills me with such pride and joy to announce that my version of speak now will be out july 7 just in time for july 9th iykyk i first made speak now completely selfwritten between the ages of 18 and 20 the songs that came from this time in my life were marked by their brutal honesty unfiltered diaristic confessions and wild wistfulness i love this album because it tells a tale of growing up flailing flying and crashing … and living to speak about it with six extra songs i’ve sprung loose from the vault i absolutely cannot wait to celebrate speak now taylor’s version with you on july 7th preorder now at taylorswiftcom,no_hashtag,10442955,0,bethgarrabrant,"The image is a portrait of a young woman with long, wavy hair. She is wearing a strapless, purple tutu that is flowing in the wind. The woman is looking off to the side with a serious expression on her face. The background is dark, making the woman the focal point of the image. The lighting is soft and dramatic, highlighting her features."
402,2023-06-05 15:41:17+00:00,urbanoutfitters,right now is the perfect time to plan your great escape new swim is online and select styles are 30 off too at the link in bio,no_hashtag,2078,8,no_mention,The image shows a young woman standing in front of a house. She is wearing a brown bikini and a denim jacket. The woman is also wearing a wide-brimmed straw hat. She has long dark hair and is looking off to the side with a slight smile on her face. The house in the background has a white exterior and there are plants and trees visible.
403,2023-06-08 14:18:47+00:00,spfw,vamos conhecer melhor nosso recordista de desfiles que integra o time da agência another nascido em salvador na bahia iniciou a carreira após ser visto por um olheiro nas redes sociais em 2014 desde então o jovem de 28 anos coleciona passagens por mercados como itália china e turquia campanhas de moda e beleza desfiles em outras edições do spfw e na casa de criadores além de editoriais em publicações como gq antes do sucesso na moda lucas chegou a trabalhar como professor de inglês foi militar do exército brasileiro e assistente administrativo em uma empresa de imóveis além de ter iniciado a faculdade de direito recebo mensagens de pessoas que dizem se inspirar em mim na maioria das vezes vindas de pessoas negras assim como eu fico muito feliz em saber que inspiro pessoas isso só me faz querer melhorar cada dia mais não estou conquistando apenas o meu espaço mas sim de muitas pessoas que se sentem representadas diz voa lucas ️,spfw spfwn55 modelomasculino modelo,1750,70,_lucasevangelista agfotosite,"The image shows a young African-American man standing in a dimly lit room with other people in the background. He is wearing a black blazer with a white scarf tied around his neck and a gold belt around his waist. He has curly hair and is looking directly at the camera with a serious expression on his face. Behind him, there are two other men, one wearing a white shirt and the other wearing a dark-colored outfit. The overall mood of the image is serious and edgy."
404,2023-05-29 22:40:55+00:00,taylorswift,yeahhhh so the last three nights were a dreamscape and totally overwhelming i love every single one of you who came to those 3 shows in jersey all 217625 of you i’ll miss you out here my dude thanks for the duets and the dressing room heart to hearts i was so excited to welcome to the eras tour and i love youuuu and i’m still buzzing from getting to sing with you all three nights this tour has become my entire personality see you soon chicago,no_hashtag,5249532,0,phoebebridgers owennmusic icespice mattswen,"The image shows a woman standing on a stage with a microphone in her hand. She is wearing a long, white gown with intricate floral patterns. The gown has a high neckline and long sleeves. The woman has long blonde hair styled in loose waves and is looking off to the side with a serious expression on her face. The background is dark with blue and purple lights shining down on the stage. There are also small white confetti scattered around the stage, adding to the festive atmosphere."
405,2023-05-04 18:58:27+00:00,zendaya,just a post in appreciation for the past couple of weeks so grateful and excited for the year ahead,no_hashtag,7695019,9903,no_mention,"The image shows a woman on stage, holding a microphone and singing passionately. She is wearing a pink dress with a ruffled skirt and thigh-high boots. Her long dark hair is styled in loose curls and she appears to be in the middle of a performance. The background is dark and there is a large screen behind her. The stage is lit up with red and yellow lights, creating a dramatic atmosphere."
406,2023-05-27 17:17:17+00:00,taylorswift,last night in jersey was the way the whole stadium screamed when ice literally popped up unannounced getting to world premiere the karma music video i directed with my dancers who were in it playing getaway car with jack and hearing everyone shout the lyrics i love you i love you i love you all in that crazy crowd last night can’t wait to get back out there tonight ️,no_hashtag,5444259,0,icespice jackantonoff kevinmazur gettyimages mattswen,The image shows a group of dancers performing on a stage. The dancers are wearing black outfits and are surrounded by colorful confetti and streamers. The stage is lit up with bright lights and there are other dancers in the background. The overall mood of the image is festive and celebratory.
407,2023-05-27 04:07:16+00:00,taylorswift,karma is that girl like,no_hashtag,5692622,0,no_mention,"The image shows two young women posing for a photo in a nightclub. The woman on the left is wearing a black top and jeans, and has long dark hair with bangs. She is standing next to the other woman, who is also wearing a red crop top and a bandana on her head. Both women are smiling and making a peace sign with their fingers. In the background, there are various electronic devices and equipment."
408,2023-04-03 19:32:56+00:00,zendaya,i had the most extraordinary night celebrating india thank you mumbai for the warmest and kindest welcome and to for your beautiful creations it was an honor for and i to wear your work yet again️,no_hashtag,8662294,22296,nmacc rahulmishra_7 luxurylaw,"The image shows a young woman standing on a red carpet with a red curtain in the background. She is wearing a long, flowing gown with a deep V-neckline and a high neckline. The gown is made of a dark blue fabric with intricate floral embroidery and sequins. The skirt of the gown is long and flows down to the floor. The woman is posing with one hand on her hip and the other resting on her thigh. She has dark hair styled in loose waves and is looking off to the side with a serious expression on her face. The overall mood of the image is elegant and sophisticated."
409,2023-06-02 13:02:35+00:00,spfw,esse camarim tava divertido uma espiada no backstage da,spfw spmdet prefsp édasuavida iguatemispfw soudealgodao moda criatividade empreendedorismo modaearte spfworigens sousenacmoda senacmoda komplexotempo diversidade sustentabilidade localiza localizaemmovimento právocêchegarlá ypenospfw andjustlikethat nasescadasdacarrie,1470,18,martins__________ agfotosite,"The image is a close-up portrait of a young woman with blonde hair styled in a short pixie cut. She is wearing black sunglasses with a large frame and dark lenses. The woman is also wearing a colorful necklace with multiple pendants and earrings. She has a serious expression on her face and is looking directly at the camera. The background is blurred, but it appears to be an outdoor setting with other people in the background."
410,2023-06-09 02:20:26+00:00,whowhatwear,face card has truly never declined photos getty images,wwwtb,3427,28,no_mention,"The image is a close-up portrait of a young woman with curly blonde hair. She is wearing a blue sleeveless dress with a cut-out design on the front and a statement necklace. The dress appears to be made of a knit fabric and has a high neckline. The woman is looking off to the side with a serious expression on her face. In the background, there are other people and a colorful backdrop."
411,2023-06-08 23:55:39+00:00,whowhatwear,liza koshy has entered a new era “global movie star the multihyphenate voices arcee—the firstever liveaction female transformer—in the latest installment of the hit action franchise out in theaters this month there is something for all fans both existing and new i was most excited to hear that the superhero superbabe that is arcee was featured heavily in this installment she says of the film ahead of the premiere we discussed her statementmaking red carpet look her love of thrifting and the films shes tackling next read the full interview at the link in our bio photos stylist hair makeup,transformers,1098,12,lizakoshy _jzg castillo_13 domdella,"The image shows a young woman standing in a room with a tiled floor and a dresser in the background. She is wearing a red off-the-shoulder dress with a ruffled neckline and a flared skirt. She has her hair tied up in a high bun and is smiling at the camera. In the foreground, there is a person bending down to pick up something from the floor."
412,2023-03-07 01:46:09+00:00,zendaya,look who came with me to paris…,no_hashtag,7231417,22119,no_mention,The image shows a young woman posing on a set of stairs. She is wearing a yellow and black patterned jacket with a black belt and thigh-high boots. The jacket has a high collar and long sleeves. The woman has long dark hair styled in loose waves and is looking directly at the camera with a confident expression. The background is dark and there is a circular light shining down on the woman. The overall mood of the image is glamorous and edgy.
413,2023-05-24 16:58:56+00:00,taylorswift,um so much to tell you i’m a massive fan of this brilliant artist and after getting to know her i can confirm she is the one to watch so delighted to say that karma featuring the incredible will be out tomorrow night at midnight et as a part of the new midnights til dawn edition deluxe album that you can preorder now at storetaylorswiftcom in addition to karma ft ice spice… you asked for it we listened lana and i went back into the studio specifically to record more lana on snow on the beach love u ️ but wait there’s more… for those of you going to the east rutherford shows we will have a new special edition cd available only on site starting at 1230pm et on friday this cd will have a never before heard midnights vault track called “you’re losing me”,no_hashtag,6862603,0,icespice honeymoon,"The image shows two people standing on a platform in the middle of a vast sky filled with clouds. The platform is made of concrete and has a staircase leading up to it. On the left side of the platform, there is a large blue planet with a white ring around it, which appears to be a planet or a planet. The planet is glowing with a bright light, and on the right side, there are two smaller planets, one larger and one smaller, that appear to be Saturn. The sky is dark and filled with stars, and the overall mood of the image is mysterious and awe-inspiring."
414,2023-05-16 15:31:23+00:00,taylorswift,philly was a dream honestly playing three nights in the stadium i used to see on tv when my dad watched eagles games every sunday the most magical 3 hometown shows a girl could hope for plus i got to emotionally hobble my way through singing the best day for my mom on mother’s day i love you all so much and am counting down the hours til foxborough,no_hashtag,6376238,0,lisalakephotodesign gettyimages,"The image shows a female singer performing on a stage. She is wearing a long, flowing white dress with a high neckline and long sleeves. The dress is made of a sheer fabric that cascades down her back, creating a dramatic silhouette. The singer is holding a microphone in her right hand and her left hand is raised in the air, as if she is singing. The background is dark, with a large crowd of people visible in the distance. The stage is lit up with bright lights, and there are various musical instruments and equipment scattered around."
415,2023-05-21 21:13:17+00:00,taylorswift,last night we all danced together in the rain for the entire 35 hour show in foxy foxborough ma we’ve had rain shows at gillette stadium before but this was a full on deluge that never let up i just want to thank that iconic crowd love you so much you have no idea,no_hashtag,7329144,0,no_mention,"The image shows a young woman standing on a stage with a microphone in her hand. She is wearing a blue sequin dress and thigh-high stockings. The background is dark and there are small white dots scattered across the image. The woman appears to be singing or performing, with her mouth open and her eyes closed. She has long blonde hair styled in loose waves and is wearing minimal makeup. The overall mood of the image is joyful and energetic."
416,2023-05-31 23:06:39+00:00,spfw,todas as edições o spfw revela o ranking com as modelos e os modelos que mais desfilaram no evento nosso sistema contabiliza as informações do evento e bookings de modelos por desfile abrangendo desfiles presenciais e fashion films com vocês os recordistas da edição n55 que ficaram em primeiro segundo e terceiro lugar em número de desfiles ️ 11 desfiles lucas evangelista another agency 8 desfiles guilherme blanco way 7 desfiles akin mega fernando schnerocke way kalu another agency,modelo spfwn55 desfile passarela,3731,93,no_mention,"The image shows a male model walking down a runway during a fashion show. He is wearing a white outfit with black spots all over it. The outfit consists of a long-sleeved shirt with a high collar and a pair of trousers with a tie-dye pattern. The model is also wearing sunglasses and has a serious expression on his face. The background is dark and there are people sitting on either side of the runway, watching the model. The overall mood of the image is edgy and provocative."
417,2023-06-07 19:28:40+00:00,whowhatwear,it’s worth noting that marks ’s first solo career move up to this point she has done everything professionally alongside her sister “my sister is my angel i truly feel … i don’t think i would have been doing any of this without her the whole sole reason i wanted to sing is because i saw my sister singing … next thing you know we’re singing together then we’re doing shows together” halle says of chloe who makes up the other half of their grammynominated rb duo read more in the full interview at the link in our bio photographer stylist hair at basic white shirt using sparkle hair imports makeup nails creative director video director editor cinematographer la sound mixer senior video producer video editor entertainment director,thelittlemermaid,3424,37,hallebailey chloebailey chloexhalle alexgharper laurenegg sparkyourhair beautybychrisc nails_by_yoko awiley_creative kelliefilmedthat missusatomba amusementproductions jasonflaster stephrmro collinhughart jbake21,"The image shows a young woman standing on a grassy hill with her arms stretched out wide. She is wearing a long black dress with a deep V-neckline and long sleeves. Her hair is styled in loose waves and she is looking off to the side with a serious expression on her face. In the background, there are trees and bushes, and the sky is blue. The overall mood of the image is peaceful and serene."
418,2023-05-09 14:43:20+00:00,taylorswift,well we had our first rain show of the eras tour and it was so much fun the dancers band crowd and i all pretty much turned into little kids joyfully jumping in puddles all night i wanted to thank the crowd again for waiting for the weather to clear and my amazing crew for keeping the stage lighting and equipment all dry and working so we could play that was a late great night i won’t forget,no_hashtag,5542877,0,johnshearer gettyimages,"The image shows a young woman, presumably Taylor Swift, performing on a stage. She is wearing a white t-shirt with the words ""Eminem"" written on it and black shorts. Her long blonde hair is styled in loose waves and she is holding a microphone in her hand. Behind her, there are four dancers wearing red outfits, also dancing. The stage is lit up with bright lights and there is a large screen in the background. The image appears to be taken during a concert or performance."
419,2023-06-01 13:58:59+00:00,soudealgodao,foi aqui que pediram uma curadoria de looks em algodão direto do n55 surpreendendo um total de zero pessoas nossa fibra arrasou mais uma vez pelas mãos dos talentosos estilistas parceiros do lineup não tem jeito né gente quando a criatividade brasileira e a fibra nacional se unem o resultado é sempre incrível,soudealgodao spfwn55 spfw modabrasileira,7486,84,spfw,"The image is a collage of four photographs of a fashion show. The photographs are arranged in a grid-like pattern, with each photograph showing a different model walking down the runway. 

The first photograph on the left shows a model wearing an orange jumpsuit with a green and blue patterned jacket. The jacket has a high collar and long sleeves. The model is walking confidently with her hands in her pockets. The second photograph in the middle shows a young man wearing a brown jacket and pants. The third photograph shows a woman wearing a red dress with a ruffled neckline. The fourth photograph is a close-up of the model's face.

All the photographs appear to be taken from a side angle, with the model walking in the center of the collage. The background is black, and the lighting is bright and dramatic."
420,2023-05-31 22:49:22+00:00,spfw,todas as edições o spfw revela o ranking com as modelos e os modelos que mais desfilaram no evento nosso sistema contabiliza as informações do evento e bookings de modelos por desfile abrangendo desfiles presenciais e fashion films com vocês as recordistas da edição n55 no primeir segundo e terceiro lugar e já já divulgamos o ranking masculino 13 desfiles selena another agency 9 desfiles ôda cairu joy 8 desfiles carmelita mendes another agency desil guiveline allure,modelos spfwn55 desfile passarela,1760,86,no_mention,"The image shows a model walking on a runway during a fashion show. The model is wearing a pink outfit with a unique design. The outfit consists of a short-sleeved top with a round neckline and short sleeves, paired with a pair of beige trousers. The trousers have a high-waisted fit and are cinched at the waist with a belt. She is also wearing orange ankle boots. The background of the image is a black wall with the words ""The Cora"" written in blue. There is another model walking in the background."
421,2023-06-06 01:22:14+00:00,whowhatwear,summer jewelry is unparalleled this season the trends dominating are particularly good chunky bangles punchy pendants and seainspired details to name a few if youre in full summer outfit planning mode tap our link for the five best summer 2023 jewelry trends that will elevate any look photos hamelijnck,no_hashtag,2422,21,amaka emnitta cassdimicco,"The image shows a young woman on a beach. She is wearing a brown bikini top and shorts, with a gold necklace and earrings. Her long blonde hair is styled in loose waves and cascades down her back. She has a tattoo of a bird on her left arm. In the background, there are palm trees and a blue sky. The woman is sitting on a woven chair, and there is a small boat visible in the distance."
422,2023-06-04 21:01:03+00:00,wheresmydriver,i’m making the leap from shooting red carpet to directing rom coms at the gala in los angeles this weekend click through for their full looks,ashleesimpsonross evanross aaronphypers deniserichards racetoerasems,34,0,no_mention,"The image is a collage of three photos. The top left photo shows a man and a woman kissing on the red carpet. The man is bald and wearing a black suit, while the woman is wearing a strapless dress and a necklace. They are both smiling and looking into each other's eyes.

The top right photo is a close-up of the couple's faces. The woman has long blonde hair and is wearing an orange dress. She is also wearing a necklace and earrings. The background of the image is white with blue and orange text that reads ""Aston Martin"".

In the bottom left photo, there is a man with dark hair and a beard, wearing a gray suit and a white shirt. He is kissing the woman on the cheek."
423,2023-05-23 05:01:20+00:00,wheresmydriver,yes it looks like a movie but it was a real photographer taking a tumble yesterday on the croisette in cannes he was ok swipe through to see supermodel in a calmer moment,alessandraambrosio streetstyle cannesfilmfestival,73,1,no_mention,"The image shows a group of people walking on a sidewalk. There are three people in the foreground, two men and one woman. The man on the left is wearing a pink shirt and black pants, while the man in the middle is wearing black pants and sunglasses. The woman on the right is wearing white pants and a beige blazer. She is also wearing sunglasses and carrying a brown purse. In the background, there are other people walking and a white signboard. The sky is blue and there are trees and buildings visible in the distance."
424,2023-05-08 00:53:25+00:00,taylorswift,even though we have one last show in nashville tonight i just have to post these photos causeeeee… it’s been wild i got to announce speak now my version is coming on 77 got to perform ‘nothing new’ with boss geniusbaby angel face for the first time and have been so moved by these beautiful generous nashville crowds i just can’t believe it ps i know there’s talk of a rainy weather vibe tonight but i’m ready to play see you sooon,no_hashtag,5963203,0,phoebebridgers johnshearer gettyimages,"The image shows a female singer, Taylor Swift, performing on stage. She is holding a microphone in her right hand and her left hand is raised in the air as she sings. Taylor is wearing a short, sparkly dress with gold sequins that sparkle in the light. Her blonde hair is styled in loose waves and she has a dramatic expression on her face. The background is dark, making the singer stand out even more."
425,2023-06-06 12:00:18+00:00,versace,the versace foundation together with donatella versace and allegra versace beck announce today that they are collectively supporting the elton john aids foundation’s rocket fund making a fiveyear commitment to this new fundraising campaign in support of lgbtqia communities for more information on the rocket fund visit or and for further details on capri holdings’ commitment to diversity and inclusion visit “diversity inclusion” at,versacefoundation,23012,310,ejaf,"The image is a cover page of a book titled ""Supporting LGBTQ+ Programs through the Elton John AIDS Foundation's Rocket Fund"". The cover page has a white background with black text. The title of the book is written in large, bold font at the top of the page. Below the title, there is a subtitle that reads ""VERSACE Foundation"" in smaller, sans-serif font. The author's name, ""Elton John"", is written below the title in smaller font. At the bottom right corner, there are two logos, one for the Versace Foundation and the other for the AIDS Foundation."
426,2023-05-06 04:01:53+00:00,wheresmydriver,opened its new 30000 sq ft 2800 sq m 4 story retail store today in beverly hills on rodeo drive the first shot is the rear of the store where most clients will enter the next shot are details of the front of the store and,chanel rodeodrive,16,0,no_mention,"The image shows a modern building with a glass facade. The building is located on a street with two white walls on either side. The sky is blue with some clouds and there are trees and bushes in front of the building. In the foreground, there are a few people walking on the sidewalk. On the right side of the image, there is a large glass window that allows natural light to enter the building, creating a bright and airy atmosphere."
427,2023-05-31 15:03:55+00:00,versace,the greca goddess mini bag for versace is pleased to donate a percentage of sales from the greca goddess mini bag in powder blush pink to the elton john aids foundation during the month of june to celebrate pride month with the style in pink chosen for the color’s representation of sexuality and sexual freedom in the lgbtqia pride flag,versacelavacanza versacegrecagoddess,23067,149,ejaf,"The image shows a small, light pink quilted handbag with a gold-colored metal clasp on the front. The bag has a flap closure and a strap attached to it. The background is a light blue color, and the bag appears to be placed on a white surface. The overall aesthetic of the bag is elegant and sophisticated."
428,2023-05-29 16:21:43+00:00,versace,the versace vacanza cannes south of france the collection is available now instore and at versacecom,versacelavacanza,42815,193,donatella_versace dualipa,"The image shows a young woman sitting on a white chair by a swimming pool. She is wearing a black and white polka dot dress with a halter neckline and thin straps. The dress has a deep V-neckline and is cinched at the waist with a gold necklace and earrings. She has a pair of sunglasses on and her hair is styled in loose waves. The woman is also wearing multiple bracelets and rings on her fingers. The background is blurred, but it appears to be an outdoor setting with trees and greenery."
429,2023-05-26 18:00:18+00:00,versace,“la vacanza” by donatella versace and dua lipa the collection is available now instore and at versacecom,versacelavacanza,125245,294,donatella_versace dualipa,"The image is a close-up of a woman's upper body. She has blonde hair pulled back in a high ponytail. She is wearing a pair of earrings that are in the shape of a butterfly. The earrings are made of gold and have a blue and orange color scheme. The woman is looking down and to the side, with a serious expression on her face. The background is blurred, but it appears to be an outdoor setting with trees and greenery."
430,2022-03-11 19:45:55+00:00,romilux,2 hours under the rain later leaving the show,no_hashtag,1702,57,gigihadid bellahadid burberry,The image shows two women walking side by side. The woman on the left is wearing a black double-breasted trench coat with a belt and sunglasses. She has a shaved head and is looking off to the side with a serious expression on her face. She is also wearing a pink and white plaid jacket with a white shirt underneath. The man on the right is wearing pink sunglasses and has a tattoo on his chest. They are walking on a street with a building in the background.
431,2023-05-26 08:00:45+00:00,versace,“la vacanza” by donatella versace and dua lipa the collection is available now instore and at versacecom,versacelavacanza,157124,352,donatella_versace dualipa,"The image shows a close-up of a person's lower body, specifically their neck and upper body. The person is wearing a blue strapless top with a textured pattern. On the bottom of the image, there is a gold chain bracelet with small blue and pink beads. The bracelet is made up of small, round beads in various colors, including red, pink, and blue. The beads are arranged in a symmetrical pattern, with the largest bead at the bottom and the smallest at the top. The background is blurred, so the focus is on the bracelet."
432,2023-06-07 19:08:01+00:00,nyfw,get your coins ready has announced they will be ending their famous program with one last final drop more details to come,telfar bagsecurity,1007,10,no_mention,"The image shows a group of people walking through a shopping mall. They are all wearing black suits and hard hats, and some of them are carrying shopping bags. The mall has a high ceiling with metal beams and a blue wall with a sign that reads ""E-Commerce News Alert: Telfer's Last Bag Security"". There are also several other people in the background, some of whom are also carrying bags and hats. The overall mood of the image is busy and bustling."
433,2023-06-01 16:19:44+00:00,nyfw,happy ️‍ we stand with all members of the community support you endlessly in your battle for civil rights and the fight for the freedom to simply be ️ ⁠ ⁠ enjoy these photos from the 2022 parade,pridemonth lgbtqia nycpride,6563,259,no_mention,"The image shows a person walking on a street with their arms stretched out in front of them. The person is wearing a colorful outfit with a rainbow-colored butterfly wings on their back. The wings are made up of different shades of pink, orange, yellow, green, blue, and purple, creating a vibrant and eye-catching look. They are also wearing black boots and have a colorful headband on their head. The background shows tall buildings and a crowd of people. The text on the image reads ""Happy Pride Month."""
434,2023-05-30 15:55:19+00:00,nyfw,its picnic season this genderless collection by is vibrant and made for the outdoors is a fashion brand and concept store founded by two chineseamerican women named ophelia chen abi lierheimer each item is made of deadstock and recycled fabrics from around the world,bobblehaus aapiheritagemonth,860,50,bobblehaus,"The image shows a group of five young people standing on a grassy field with trees in the background. On the left side of the image, there is a young woman wearing a colorful floral dress and white sneakers. She is standing with her hands on her hips and looking off to the side. In the center, there are two young men, one wearing a red jacket and the other wearing a blue shirt and shorts. The man in the red jacket is holding a microphone and appears to be making a peace sign with his hands. The other two men are standing behind him, one in a pink shirt and khaki shorts, and the third man is sitting on the ground with his legs crossed. All of them are wearing casual clothes and appear to be posing for a photo."
435,2023-05-27 12:00:14+00:00,versace,the versace vacanza cannes south of france the collection is available now instore and at versacecom,versacelavacanza,38466,195,donatella_versace dualipa,The image is a portrait of a young African-American man wearing a black shirt with colorful polka dots. He is standing outdoors with his arms crossed and is looking off to the side with a serious expression on his face. The man is also wearing a gold necklace and sunglasses with a unique design. The background is a clear blue sky. The overall mood of the image is casual and relaxed.
436,2023-05-31 16:35:35+00:00,nyfw,my friends and meeting up to gossip,luar fw23,945,16,no_mention,"The image shows a model walking on a runway during a fashion show. The model is wearing a long, grey dress with a deep V-neckline and short sleeves. The dress has a fitted bodice and a flared skirt that flares out at the bottom. The skirt is made of a light grey fabric with gold buttons running down the center. She is wearing sunglasses and her hair is styled in a sleek updo. The background is dark and there are other models walking in the background. The overall mood of the image is elegant and sophisticated."
437,2023-06-02 16:32:17+00:00,nyfw,clean girl aesthetic for the win,brandonmaxwel fw23,411,3,no_mention,"The image is a portrait of a young woman posing in a room with a white wall and a window in the background. She is wearing a brown blazer with a high collar and long sleeves. Her hair is styled in a sleek updo and she is wearing large, dangling earrings. She has a ring on her finger and is looking directly at the camera with a serious expression. The overall mood of the image is elegant and sophisticated."
438,2023-05-23 16:00:58+00:00,nyfw,femininity undone from burch described the collection as being about the confidence that comes from being unapologetically yourself women aren’t interested in rules and every piece is designed to be endlessly mixed layered and individualized”,toryburch aw23,1260,15,no_mention,The image shows a model walking down a runway in a black dress. The dress is sleeveless and has a deep V-neckline with thin straps. It is cinched at the waist with a black belt. The model is wearing black high heels and has her hair styled in a sleek updo. She is walking confidently with her left hand on her hip and her right hand resting on her thigh. The background shows a blue wall with a white railing and a crowd of people sitting on either side of the runway. The overall mood of the image is elegant and sophisticated.
439,2023-05-26 16:01:34+00:00,nyfw,outside of naturally,streetstyle collinastrada streetsofnyfw,567,18,no_mention,"The image shows a mannequin wearing a colorful costume. The costume is made up of various shapes and colors, including yellow, green, blue, pink, and orange. The body of the costume is covered in a pattern of small squares and rectangles, and the legs are covered in yellow and green patterns. The woman is standing in front of a store window with string lights hanging from it. She has blonde hair styled in a bob and is wearing red lipstick. The background is dark, suggesting that the photo was taken at night."
440,2023-06-04 15:00:52+00:00,prabalgurung,honored to have worked on such a stunning collaboration with and the amazing costume design team for to create this look for goddess guanyin stream all episodes of now on,americanbornchinese,4457,24,michelleyeoh_official joycrettton joseramosdesign ambornchinese disneyplus,"The image shows a woman standing in a forest with red leaves. She is wearing a long, flowing blue dress with a high neckline and long sleeves. The dress is made of a light blue fabric with intricate patterns and designs. The woman has long dark hair styled in loose waves and is wearing large, silver headpieces with intricate details. She has her arms stretched out to the sides and is looking off to the side with a serious expression on her face. In the background, there is a man with a beard and a black shirt standing next to her. The overall mood of the image is dramatic and dramatic."
441,2023-05-27 16:01:11+00:00,nyfw,its giving blast from the past imperialera inspired clothing is informed by creative director christian juul nielsens danish heritage he imagined outfits for hypothetical american royalty the collection is also genderless,aknvas,514,11,no_mention,"The image shows a young African-American man walking down a runway. He is wearing a bright orange blazer with a pink scarf around his neck. His hair is styled in dreadlocks and he is looking directly at the camera with a serious expression. The background is blurred, but it appears to be an indoor space with people sitting in the audience."
442,2023-05-24 16:35:20+00:00,nyfw,pleats are such a power move s collection is composed of 37 ultrafeminine designs and an incredible attention to detail,bibhumohapatra fw23,462,9,no_mention,"The image shows two models walking on a runway. The model on the left is wearing a white wedding dress with a halter neckline and a full skirt. The dress is made of a light, airy fabric with a subtle sheen. The skirt is flowing and cascades down to the floor, creating a dramatic silhouette.

On the right side of the image, the model is walking with her back towards the camera, facing away from the camera. She has her hair styled in an updo and is wearing minimal makeup. The background is a plain white wall, which contrasts with the bright colors of the dress."
443,2023-05-25 12:15:15+00:00,facehunter,autumn in juliette florence model “i was born in belgium but i’m half israeli and spent a big part of my childhood in israel i was raised there when i was around 13 years old i moved to rio de janeiro and have been living here since then so by heart i feel very i am in love with rio de janeiro if i’m having a bad day i just have to look at the city to cheer up rio has ‘borogodó’ charmsex appeal and people are always smiling no matter the situation i want to become a tattoo artist i’m studying for it i wish to travel the world and get to know people and different cultures but my heart will always belong to rio de janeiro” kalleb digital pr and style icon “rio has a very mixed and divided life at the same time we have such a diversity of scenari beach and mountain and at the same time we have many stereotypes of characters in the city such as the guy playing altinha rio de janeiros favorite unofficial sport a beach game where players prevent a soccer ball from touching the ground by keeping it high up in the air as long as possible who only goes to bar jobi a classic rio bar at the end of the day and the flamengo footbal fans from tijuca i love hanging out with both of them” style cariocastyle,style riodejaneiro carioca streetsyle estilo estilomasculino estilocarioca rio riostyle riolifestyle brasil brazil facehunterrio,331,4,juliette kallebdaniel,"The image shows a young woman standing on a sidewalk in front of a building. She is wearing a white sleeveless jumpsuit with colorful fish embroidered on it. The jumpsuit has a high neckline and long sleeves, and she is also wearing black pants. She has tattoos on her arms and legs, and her hair is styled in a messy bun. The woman is posing with one hand on her hip and the other resting on her thigh. The background shows a brick wall and some plants and trees."
444,2023-05-20 13:48:30+00:00,facehunter,meet badass artist and actress maya her music is available on all platforms go check her out ️,riodejaneiro rj rio carioca brazilianartist artistabrasileira brazilianmusician brasil brazil streetstyle style styleinspiration stylefashion facehunterrio,455,23,muse,"The image shows a young woman standing on a set of stairs. She is wearing a black lace jumpsuit with a plunging neckline and thin straps. She has long red hair that is styled in loose waves and is wearing large black furry hat. The woman is posing with one hand on her hip and the other resting on the railing. In the background, there is a building with large windows and a stone wall. The overall mood of the image is edgy and provocative."
445,2023-06-07 14:39:11+00:00,facehunter,the first house created by brazilian paulo mendes da rocha is now home to an artist residency program damo “house of love” in esperanto a hybridhomesecret i got to meet the three artists who are currently spending three months livingcreating in this intimate and monumental place congolese painter and poet merveille kélékélé who is studying fine arts at beauxarts of paris “i write poetry all the time it’s like a vital need for me and based on my texts i make paintings” brasíliabased visual artist poli pieratti “my paintings are compositions based on bodily impressions that memories activate – in general i give more light and add water and fluidity to what was experienced in an attempt to pacify the past i map out new paths for memories fertilizing dry narratives and adding water to the land of dreams” brazilian sculptor dancer and performer luana vitra what’s the story of the house in 1962 italian artist and gallery owner gaetano miano commissioned da rocha to build his residence where the miano’s only lived between 1964 and 1968 when the family left for rome to escape brazil’s military dictatorship recently parisian art gallerist benjamin trigano the founder of los angeles apartmentconcept gallery mb and based french entrepreneur david laloum came across the residence and decided to make it an art project 1928 – 2021 was one of the essential names of the an informal group of brazilian architects who popularised brutalism embracing exposed concrete structures chunkier massing and rougher finishes as opposed to the smoother curvy surfaces of the carioca school à la oscar niemeyer,saopaulo brutalist architect sp paulomendesdarocha escolapaulista paulistaschool domodamo brazilianbrutalism arquitetura arquiteturabrasileira brutalistarchitecture saopaulobrutalism archi arch architecture archidaily archilovers archilover archiporn brasil brazil facehuntersp,3935,104,domo merveillekelekelekelekelelele polipieratti cadeiadecorpo,"The image shows a large, two-story house with a sloping roof and a balcony on the second floor. The house is surrounded by lush greenery and trees, and there is a large swimming pool in front of it. The pool is filled with crystal clear blue water and there are two lounge chairs on the right side of the image. The sky is blue and the overall atmosphere is peaceful and serene."
446,2023-05-31 10:02:23+00:00,facehunter,in while ’s capital is known for its french neoclassical neogothic beauxarts art nouveau art deco and modern brutalism has also left its discreet but impactful mark three argentinian landmarks 14 biblioteca nacional mariano moreno designed in 1961 by italoargentine clorindo manuel josé testa 19232013 in partnership with francisco bullrich 19292011 and alicia cazzaniga 19281968 its construction started in 1971 but successive changes in government leadership complex bureaucracy and certain indifference towards culture matters by some leaders slowed down the process a lot and the national library was finally inaugurated in 1992 the location is rich in significance as the concrete building stands on the exact site where president juan perón and his wife eva duarte “evita” had their official residence the unzué palace they were initially 19461952 highly popular among working class but from 1952 things got complicated and evita passed away juan perón would eventually lose its power in a military coup and be forced to leave the country their residence would symbolically be destroyed in 1958 57 banca de londres designed by clorindo testa and built in 1966 as the hq of the bank of london and south america a british bank that would later on be merged with lloyds 89 brazilian embassy’s chancellery by olavo redig do campos 19061984 the brazilian architect was president of the brazilian heritage conservation service of the foreign ministry between 1946 and 1976 this privileged position allowed him to design several state buildings outside brazil such as embassies in washington dc lima diplomatic residences in beirut dakar and more,brutalism buenosaires argentina architecture concrete architect archi arch archilovers arquitectura arquitecturaargentina buenosairesarquitectura brutalismo architecturephotography concretedesign arquitecturabrutalista brutalist brutalistarchitecture archidaily archiporn bsas travel travelling travelgram facehunterba,1383,30,no_mention,"The image shows a modern building under construction. The building appears to be a high-rise structure with multiple levels and balconies. The exterior of the building is made of concrete and has a sloping roof. The balconies are made of glass and are arranged in a grid-like pattern. The sky is blue and there are other buildings visible in the background. The ground is covered in rubble and debris. The image is taken from a low angle, looking up at the building."
447,2023-05-22 12:35:46+00:00,facehunter,getting emotional… the documentary and me have been crafting for the last three years in collaboration with is finally becoming reality these days,no_hashtag,325,25,sabrinafidalgoo gullaneentretenimento globofilmes globonews canalbrasil,"The image shows a man holding a clapperboard in his hands. He is wearing a black t-shirt and khaki shorts. The clapper board is rectangular in shape and has a green and red striped pattern on it. The words ""A001 PAY MAX"" are written in bold white letters at the top of the board. Below the words, there is a list of names and numbers written in black letters. The man is holding the board with both hands and appears to be standing on a concrete floor. There are also some wires and cables attached to the board, suggesting that he is on a set or filming location."
448,2023-05-01 14:11:32+00:00,facehunter,unique people of ️ 1 sanarya english literature and german student “it was my first time visiting baghdad since i emigrated to north reinwestphalia germany in 2015 on this trip i felt loved yet foreign sometimes 2 hussein fine arts student “i chose to live and study in baghdad mostly because i love so much the history of this city you can find me wandering the streets and old palaces every weekend” 3 salwa 7 interior design student 4 hadeel 1 graphic design student baghdad brings together people who are completely different from each other in terms of traditions and religions after the october 2019 revolution people became more openminded there is more acceptance of peoples differences 5 jamal art director 6 maryam interior design student “my goal is to have my own makeup brand” 7 arwa graphic design student “i will graduate in two months my classes are way too old school its why i want to take online courses in illustration and motion graphics 8 riyadh artist curator and art teacher “while visiting in 2011 after years of exile in jordan and canada i understood i could use my international experience and bring some change to my country and help my people to live better so i decided to move back and teach art” 9 5 rawsa architectural designer “having being born and raised in baghdad in a kurdisharab household then moving to the states and growing up to be the woman i am today have molded me to be a mix of things i’ve never felt like i belong in the states but i also don’t get that strong feeling of belonging when i’m back in baghdad i always feel like an outsider in either regions being iraqi have made me a resilient strong woman who can easily acclimate and adapt to change and new environments” 10 miria sculpture student “for the last year and a half things have been really good we are still conservative people are still not very open but it’s better than before”,baghdad iraq streetstyle style iraqiyouth newiraq iraqis travel travelling facehunteriraq,1411,65,soysanarya h_r771 salawi hadeelshaker ek33j um_issa_20 artsyarwaxx gheneastudio rawssssa miria__97,"The image shows a young woman standing in front of a colorful mural. The mural is made up of various shapes and colors, including blue, green, pink, and white. The woman is wearing a colorful blouse with a tie-dye pattern in shades of pink, blue, and green. She is also wearing beige cargo pants and black boots. She has her hands in her pockets and is looking directly at the camera with a serious expression. There is a potted plant on the right side of the image."
449,2023-05-04 07:21:58+00:00,facehunter,i ️ اني احب بغداد 1 alshaheed monument aka martyrs memorial designed by sculptor ismail fatah al turk built in 1983 to commemorate the iraqi soldiers who died in the iran–iraq war over time it has become a commemoration site for all iraqi martyrs 2 abbas doing his thing 3 mosaic by nadhim ramzi 19282013 from 1953 representing ibn sina aka avicenna one of the most significant physicians astronomers philosophers and writers of the islamic golden age and the father of early modern medicine 4 aws bumped into his uncle iyad 5 a hip café gym and gallery all in one iq 6 interior of the city hall designed by hisham munir and nasir alasadi 1978 7 graduation party at alzawraa park 8 the only remaining abbasid palace in baghdad built between 1179 ad and 1225 ad 9 amba a very popular sauce generally prepared with green mango salt white vinegar oil garlic chili pepper curcuma fenugreek brown sugar cumin and often mustard and coriander seeds also according to the legend it was invented by the sassoon’s a famous jewish family while in exile in india in the 19th century 10 central station designed by j m wilson and inaugurated in 1953,baghdad iraqi abbasidpalace baghdadi travel travelphotography traveler travelling traveling instatravel instatravelling traveller travelgram travellife travelpics baghdadarchitecture baghdad_iraq iraq iraqis iraqifood iraqiart iraqiarchitecture brutalism brutalistarchitecture facehunteriraq,4589,122,aws_1994_ six5ifty thegallery,"The image shows a large, modern building with a unique architectural design. The building is made up of two large, curved structures that are painted in a bright turquoise color. The structures are arranged in a symmetrical pattern, creating a sense of depth and dimension.

In the foreground, there is a man and a child walking in front of the building. The man is wearing a white shirt and black pants, and the child is wearing an orange shirt and blue pants. They are both walking on a sandy ground, and there are a few people visible in the background. The sky is clear and blue, and it appears to be a sunny day."
450,2023-05-12 17:48:39+00:00,parisiensinparis,la discrétion,shotoniphone paris parisian parisien effortless style effortlesschic natural fashion denim denimmania parisianstyle leparisien laparisienne parisfashionweek pfw,2867,4,no_mention,"The image shows a woman riding a bicycle on a zebra crossing on a street. She is wearing a green jacket, black shorts, and black boots. She has a brown bag on her back and is wearing sunglasses. The street is lined with buildings on both sides and there are a few people walking on the sidewalk. There is a motorcycle parked on the right side of the street and a few traffic cones on the left side. The sky is overcast and the overall mood of the image is gloomy."
451,2023-05-16 10:06:08+00:00,facehunter,in i didn’t expect to see so many in town there are nowadays about 250000 christians left in until the gulf war in 1991 they used to be 115 million years of wars and persecution made their number fall drastically while many fled abroad some of them moved to the nations capital to find refuge is home to some of the largest christian populations in the country the of iraq are considered to be one of the world’s oldest continuous christian communities actually most of them are not arabs they are mainly assyrian people even though during the saddam regime they were pressured to identify as arabs many of them still speak assyrian as a first language i asked raya a pharmacy major student and musician how is it to live in baghdad as a christian in 2023 “i’m a chaldean catholic i used to be the choir’s pianist in my church st george for five years and also played piano at several other churches i haven’t faced any difficulties or discrimination due to my religion i believe that religious differences don’t create barriers between people anymore it may have happened in the past but it is over now which is something i am glad about i think all iraqi people regardless of religion and beliefs aim to live peacefully and calmly despite all the terror that us christians faced in the past in addition to other iraqi sects who went through similar experiences i believe all of us are facing the same fate since we live in the same country” two thirds of christians in iraq are chaldean catholics and 20 belong to the assyrian church of the east smaller denominations include syrian orthodox syriac catholic armenian catholic armenian orthodox anglican evangelical and other protestants photo 9 bakram in front of an armenian church “there are 345 armenian families in iraq we have been living here for centuries and still speak armenian”,christianity baghdad churches iraq christians iraqichristians baghdad_iraq travel travelphotography travelling facehunteriraq,995,19,kamelea_roze,"The image shows a large, two-story building with a white exterior and a cross on the top. The building appears to be a church or cathedral, with a steeple on the left side and a bell tower on the right side. The front of the building has multiple windows and a staircase leading up to the entrance. There is a red sign on the wall that reads ""Welcome to the Church of the Holy Sepulchre"". The building is surrounded by trees and there is a motorcycle parked in front of it. The sky is blue and there are a few clouds in the sky."
452,2023-04-28 05:15:49+00:00,parisiensinparis,love this,shotoniphone paris parisian parisien effortless style effortlesschic natural fashion denim denimmania parisianstyle leparisien laparisienne parisfashionweek pfw,8953,48,no_mention,"The image shows a person walking on a sidewalk in front of a building. The person is wearing a black and white striped shirt, blue jeans, and brown shoes. They have short curly hair and is carrying a black crossbody bag. The building appears to be made of concrete and has a large window with a red curtain. The reflection of a person can be seen in the window."
453,2023-06-06 12:00:12+00:00,prada,cityscape and landscape clash together in impossible combinations within the prada linea rossa springsummer 2023 eyewear campaign starring jake gyllenhaal springsummer 2023 prada linea rossa discover more via link in bio photography norbert schoerner,pradalinearossa pradaeyewear prada,10637,62,no_mention,"The image is a promotional poster for the Prada eyewear brand. It features a close-up of a man's face, wearing a pair of sunglasses with a red frame and dark lenses. He has a beard and mustache and is looking off to the side with a serious expression. The background is a desert landscape with red and orange hues, and there is a red bridge in the distance. The word ""PRADA"" is written in bold white letters at the bottom of the image."
454,2023-05-18 16:08:46+00:00,parisfashionweek,the duo boutet and solanes are both partners in life and work for this womenswear fallwinter 20232024 emphasise on fit and structure discover the creative film of for their second collection unveiled at pfw® link in bio,parisfashionweek pfw boutetsolanes,1551,7,coco josemaria boutetsolanes,"The image is a full-length portrait of a young woman in a dance pose. She is wearing a black long-sleeved top with a high neckline and long sleeves, paired with black pants and high-heeled boots. Her hair is styled in a braided updo and she is looking directly at the camera with a serious expression. The background is a plain grey color. The woman is in a crouching position with her left leg extended upwards and her right leg bent at the knee. Her arms are stretched out to the sides and her left hand is resting on her hip."
455,2023-05-10 16:00:00+00:00,parisfashionweek,throwback to streetstyle looks spotted by our photographer at the womenswear fallwinter 20232024 paris fashion week® follow the link in bio to watch all the shows on our platform,parisfashionweek pfw josefinemeier,2691,16,palmangels joleomemeier,"The image is a black and white photograph of a young woman standing on a street in front of a crowd of people. She is wearing a long-sleeved sweatshirt, white pants, and black shoes. Her hair is styled in dreadlocks and she is looking off to the side with a serious expression on her face. The crowd behind her is made up of people of different ages and ethnicities, some of whom are holding cameras and taking pictures. The street is lined with buildings and there is a person's hand visible on the right side of the image."
456,2023-06-03 17:00:13+00:00,prada,pieces move between formal and casual hot and cool discover more via link in bio,prada,14029,66,no_mention,The image shows a young man sitting on a chair with a blue woven tote bag in front of him. He is wearing a white button-down shirt with black stripes and white trousers. He has a black baseball cap on his head and is wearing black shoes. The background is plain white. The man is looking directly at the camera with a serious expression on his face.
457,2023-04-23 16:00:00+00:00,parisfashionweek,stolen moments by during the show presented during womenswear fallwinter 20232024 paris fashion week® watch the full show on our platform by tapping the link in bio,parisfashionweek pfw leonardparis taralevy,1968,13,taralevyphoto leonardparis,"The image shows a model walking down a runway during a fashion show. The model is wearing a long-sleeved dress with a colorful, geometric pattern in shades of pink, blue, green, and purple. The dress has a high neckline and long sleeves, and the skirt flares out slightly at the bottom. She is also wearing black sunglasses and has long red hair that is styled in loose waves. The background is blurred, but it appears to be a large crowd of people sitting in the audience. The overall mood of the image is vibrant and eye-catching."
458,2023-06-03 10:00:09+00:00,prada,the prada crisp poplin shirt is an enduring essential endlessly reimagined discover more via link in bio,prada,11572,48,no_mention,"The image shows the back of a young African-American man standing with his back to the camera. He is wearing a white sleeveless dress with a high neckline and a low back. The dress appears to be made of a lightweight fabric and has a fitted bodice. The man's hair is styled in a short afro and he is facing away from the camera, with his head turned slightly to the side. The background is a plain green wall. The image is taken from a low angle, with the focus on the man's back."
459,2023-04-18 16:00:00+00:00,parisfashionweek,extracts from ’s last womenswear fallwinter 20232024 collection for paris fashion week® discover the full lookbook on our platform link in bio,parisfashionweek pfw victoriatomas,3382,14,victoriatomasofficial,The image shows a model walking down a runway in a fashion show. The model is wearing a black jacket over a black crop top and grey cargo pants. She has shoulder-length dark hair with bangs and is looking directly at the camera with a serious expression. The background shows a large window with a view of a crowd of people sitting on either side of the runway. The floor is made of white tiles and there is a green and white patterned wall behind the model.
460,2023-04-27 16:05:00+00:00,parisfashionweek,“ captures the main image of the season from the intersection of the many lines peeping through the small gaps in the basketnetting the dances of shadows and the lightness of the bamboo” follow the link in bio to discover the artisanal craft behind the womenswear fallwinter 20232024 collection,parisfashionweek pfw mamekurogouchi,1652,15,mamekurogouchi,"The image shows a model walking down a runway in a fashion show. The model is wearing a long, oversized sweater with a geometric pattern in shades of orange, black, and white. The sweater has a high neckline and long sleeves, and it is cinched at the waist with a black belt. The skirt of the sweater is knee-length and falls below the model's knees. She is wearing brown ankle boots and has her hair styled in loose waves. The background is a white wall with columns on either side."
461,2023-03-05 01:25:18+00:00,harrystyles,love on tour sydney ii march 2023,no_hashtag,3182206,12206,no_mention,"The image shows a man standing on a stage with his arms raised in the air. He is wearing a red jacket and yellow pants. The stage is lit up with blue and white lights, creating a dramatic atmosphere. The background is dark, making the man and the stage stand out. The audience can be seen in the background, with their hands raised in a celebratory gesture. The image appears to be taken at night, as the lights are shining brightly."
462,2022-08-27 14:42:47+00:00,oldprada,ss 2008 vogue italia mar 2008 “all that prints” by mario sorrenti,oldprada prada miuccialover inspo print ss2008 tuttoprada throwback jamesjean joemckenna mariosorrenti natashapoly vogueitalia beauty saturday vibes archive praduh icons,339,5,no_mention,"The image is a black and white photograph of a young woman posing in a dramatic pose. She is wearing a sleeveless dress with a high neckline and a flared skirt that falls below her knees. The dress is made of a dark fabric with a floral pattern on the bodice and sleeves. The woman has blonde curly hair styled in loose curls and is looking directly at the camera with a serious expression on her face. The background is completely black, making the woman the focal point of the image."
463,2022-05-22 23:11:02+00:00,oldprada,ss 1999 vogue italia mar 1999 “gym chic” by steven klein,oldprada miuccialover prada editorial vogueitalia stevenklein fashion gym chic 1999 risque michelbotbol colors sundayvibes fashionphotography vintageprada throwback tuttoprada,297,3,no_mention,"The image is a portrait of a young woman with shoulder-length brunette hair. She is wearing a blue collared shirt and has a serious expression on her face. Her arms are crossed over her chest and she is looking directly at the camera. The background is blurred, but it appears to be an outdoor setting with trees and greenery. The image is in black and white and there is text on the bottom right corner that reads ""BEST VALUE, Top Picks Updated + BONUS""."
464,2022-08-27 14:42:38+00:00,oldprada,ss 2008 vogue italia mar 2008 “all that prints” by mario sorrenti,oldprada prada miuccialover inspo print ss2008 tuttoprada throwback jamesjean joemckenna mariosorrenti natashapoly vogueitalia beauty saturday vibes archive praduh icons,317,2,no_mention,"The image is a photograph of a young woman posing in a studio. She is wearing a maroon dress with a high neckline and short sleeves. The dress is knee-length and falls above her knees. She has short blonde hair styled in a short bob with bangs. The woman is standing with one hand on her hip and the other resting on her thigh. She also has a pair of black high heels on her feet. The background is a plain grey color. The image is framed by a white border with the words ""All That Prints"" written in black."
465,2022-08-15 13:39:05+00:00,oldprada,ss 2006 vogue italia mar 2006 “pale shades” by glen luchford,oldprada miuccialover inspo vibes prada vogueitalia archive fashion 2000s tuttoprada chic moody throwback vintageprada nicolettasantoro fashionphotography monday glenluchford doutzenkroes,440,0,no_mention,"The image is a black and white photograph of a young woman standing in a dimly lit room. She is wearing a short, flowy dress with a floral pattern and a ruffled neckline. The dress has a fitted bodice and a flared skirt that falls below her knees. The woman has her arms crossed over her chest and her hair is styled in an updo. She appears to be looking off to the side with a serious expression on her face. The background is a plain wall with a shadow of a person on the left side of the image."
466,2022-08-27 14:42:31+00:00,oldprada,ss 2008 vogue italia mar 2008 “all that prints” by mario sorrenti,oldprada prada miuccialover inspo print ss2008 tuttoprada throwback jamesjean joemckenna mariosorrenti natashapoly vogueitalia beauty saturday vibes archive praduh icons,608,0,no_mention,"The image is a photograph of a young woman posing in a dance pose. She is wearing a short, flowy dress with a purple and black patterned design. The dress has a high neckline and short sleeves, and the skirt falls below her knees. She has blonde hair styled in loose waves and is wearing yellow thigh-high boots with a leopard print pattern. The woman is standing with one leg bent at the knee and the other extended behind her, with her arms stretched out to the sides. The background is black, making the woman the focal point of the image."
467,2022-05-22 23:09:07+00:00,oldprada,ss 1999 vogue italia mar 1999 “gym chic” by steven klein,oldprada miuccialover prada editorial vogueitalia stevenklein fashion gym chic 1999 risque michelbotbol colors sundayvibes fashionphotography vintageprada throwback tuttoprada,861,1,no_mention,"The image shows two young women in a room with a blue wall and a window in the background. The woman on the left is wearing a denim jacket and white shorts, while the woman in the yellow tank top is in a squatting position with her arms stretched out to the sides. Both women have long dark hair and are wearing white knee-high socks. The image appears to be taken from a low angle, looking up at the two women."
468,2022-05-22 23:10:44+00:00,oldprada,ss 1999 vogue italia mar 1999 “gym chic” by steven klein,oldprada miuccialover prada editorial vogueitalia stevenklein fashion gym chic 1999 risque michelbotbol colors sundayvibes fashionphotography vintageprada throwback tuttoprada,159,0,no_mention,"The image is a photograph of a person lying on the ground in a garden at night. The person is wearing a white t-shirt and appears to be in a state of distress. The background is dark and there is a wooden fence on the right side of the image. On the left side, there is text that reads ""Chic Gym"" and a logo for ADT. The text is in white and is in a sans-serif font. The image is taken from a low angle, looking up at the person's hands."
469,2023-02-28 05:50:14+00:00,zendaya,,no_hashtag,5758761,11574,no_mention,"The image shows a young woman posing on the red carpet at the SAG-AFTRA Screen Actors Guild Awards. She is wearing a strapless, floor-length gown with a sweetheart neckline and a full skirt made of pink roses. The dress has a fitted bodice and a flared skirt that cascades down to the floor. The woman is standing with one hand on her hip and the other resting on her thigh. She has shoulder-length dark hair styled in loose waves and is looking directly at the camera with a serious expression. In the background, there is a white backdrop with the words ""SAG-AFTRA"" and the logo of the event."
470,2023-06-02 21:01:11+00:00,urbanoutfitters,new arrivals from have us really ready for summer link in bio,uomens,1172,1,katinusa,"The image shows a young man sitting on a concrete wall. He is wearing a navy blue button-down shirt with white polka dots all over it. The shirt has a collar and short sleeves. The man is also wearing green shorts with white stripes on the sides. He has his hands resting on the wall and is looking off to the side with a serious expression on his face. The background is blurred, but it appears to be an outdoor setting with wooden planks."
471,2023-06-05 23:00:38+00:00,urbanoutfitters,cute things for a small space say less link in bio,uohome,6135,14,no_mention,"The image shows a wooden shelf attached to a white wall. On the shelf, there is a small table lamp with a transparent glass shade. The lamp is turned on and emits a warm orange light. The glass shade is filled with small pink and purple objects, which appear to be jewelry or accessories. There is also a small orange pumpkin on the shelf next to the lamp. On top of the shelf there are a few books and a picture frame. The overall aesthetic of the image is modern and minimalistic."
472,2023-04-16 05:22:16+00:00,taylorswift,still buzzing from those 3 shows in tampa thank you to the unforgettably epic crowds and to for coming out to play twice with me we’ve been dreaming about that for so long so grateful for the memories we’re making on this tour,no_hashtag,6207794,0,aarondessner octaviojones gettyimages,The image shows three female singers performing on a stage. The stage is lit up with red and black lights and there is a large crowd in the background. The singer in the center is holding a microphone and appears to be singing. She is wearing a black and red outfit with a high neckline and long sleeves. The two singers on either side of her are also wearing black outfits with red accents. They are all holding microphones and appear to be in the middle of a performance. The image appears to have been taken during a concert or performance.
473,2023-04-24 18:12:32+00:00,taylorswift,just got to play 3 insane shows in houston and i’m waking up smiling reminiscing about how much fun we all had loving this tour so much because of the passion these crowds put into it all seriously can’t wait for atlanta ️ ps for those asking how i cut my hand i’m totally fine and it was my fault completely tripped on my dress hem and fell in the dark backstage while running to a quick change braced my fall with my palm it was all very mercury in retrograde coded don’t worry about me i’m gooooood,no_hashtag,5860477,0,blevey gettyimages,"The image shows Taylor Swift performing on stage with a black electric guitar. She is wearing a red sequin top and black shorts, and her blonde hair is styled in loose waves. The stage is lit up with blue and white lights, creating a dramatic atmosphere. Taylor is holding the guitar with both hands and appears to be singing into a microphone."
474,2023-05-01 14:23:59+00:00,taylorswift,wow atlanta just… wow the band dancers and i can’t stop talking about how insanely magical it was playing for you guys the past 3 nights you were always bouncing dancing screaming every lyric and you created so many breathtaking moments for us you know what i mean looove yooouuu hey nashville you’re next,no_hashtag,5813265,0,photorushin gettyimages,The image shows a young woman singing into a microphone on a stage. She is wearing a purple feathered jacket with sequins and beads. Her long blonde hair is styled in loose waves and she has a serious expression on her face. The background is dark and there are bright lights shining down on her. The overall mood of the image is energetic and dramatic.
475,2023-03-25 20:49:30+00:00,taylorswift,vegas you were wild the crowd of childhood dreams what’s there to do but play again tonight here’s a few pics by ethan miller and a video my dad took,no_hashtag,6771062,0,gettyimages,"The image shows a female singer, Taylor Swift, performing on a stage. She is wearing a long, flowing pink dress with intricate lace detailing. The dress has a high neckline and long sleeves, and her hair is styled in loose waves. The stage is lit up with colorful confetti, and there is a large crowd of people in the background. The singer is holding a microphone and appears to be in the middle of a performance."
476,2023-06-02 14:01:04+00:00,urbanoutfitters,spending a little extra time outside lately,uocommunity,5391,12,msenglu annabella_dittmar alexissrrae boynamedpedro ally_warner2000 adayalcin5,The image shows a young woman standing in a field of red and yellow poppies. She is wearing a strapless blue top and a long white skirt. She has long dark hair and is holding a yellow purse in her left hand. The sky is overcast and the overall mood of the image is peaceful and serene. The woman appears to be looking up towards the sky with a dreamy expression on her face.
477,2023-03-19 01:50:27+00:00,taylorswift,i miss you like it was the very first night good thing we’re about to go onstage and do the whole thing again tonight see you glendale erazona️,no_hashtag,8402240,0,johnshearer kevinmazur kevincwinter gettyimages,"The image shows Taylor Swift performing on stage with a white acoustic guitar. She is wearing a silver sequin bodysuit and fishnet stockings. Her hair is styled in loose waves and she is singing into a microphone. In the background, there is another woman with long blonde hair, also singing into the microphone. The stage is lit with pink and purple lights, creating a dramatic atmosphere."
478,2023-05-07 15:35:29+00:00,facehunter,‘s most mysterious project the destiny of baghdad gymnasium is fascinating 1 it’s almost a miracle that it actually exists 2 for many years its existence fell into obscurity in the architecture world 3 le corbusier’s paternity remained controversial for quite some time in 1957 eight of the most important western architects le corbusier walter gropius josé luis sert gio ponti aalvar aalto and werner march constantine doxiadis were commissioned by king faisal ii to transform baghdad into a modern and cosmopolitan capital le corbusier was originally hired to create baghdad stadium and city of sport in support of the citys bid to host the 1960 olympics on july 14th 1958 just one day after the project was formally approved a coup d’état ended the 37year hashemite monarchy of iraq and the king was assassinated most of the largescale projects imagined by the starchitects were instantly abandoned as the iraqi capital didnt get the olympic games the construction of the complex was postponed le corbusiers passed away in 1965 thanks to the support of influential iraqi rifat chadirji a part of the sports city with reportedly little modification to the original plans would eventually be built under the supervision of french architect axel mesney between 1978 and 1980 and inaugurated under the name saddam hussein gymnasium for decades it suffered from the plight of being a posthumous work contested by the purists it was never mentionned in the literature dedicated to the swissborn french architect it was perceived as a bastardized project not bearing the master’s signature while researching for her thesis on modern architecture in baghdad in 2004 researcher caecilia pieri got interested in the complex after years of research in 2012 she managed to put a hand on neverseenbefore construction archives at axel mesney’s proving le corbusier’s authorship the site was renovated a decade ago and is now fully functional it is mainly used for basketball and volleyball games,baghdad lecorbusier architect architecture facehunteriraq modernistarchitecture brutalist brutalistarchitecture concrete archi arch,2111,38,no_mention,"The image shows a modern building with a unique architectural design. The building is made of concrete and has a triangular shape with a sloping roof. The exterior of the building is painted in a light beige color and has multiple layers of concrete blocks stacked on top of each other. The blocks are arranged in a spiral pattern, creating a sense of depth and dimension. The sky is blue and there are a few trees visible in the background. A person can be seen walking on the sidewalk in front of the structure."
479,2023-02-26 03:52:11+00:00,zendaya,look 2 thank you miuccia for recreating this for us,no_hashtag,8861786,23682,naacpimageawards prada,The image shows a young woman standing in a hallway. She is wearing a white crop top and a white skirt with a geometric pattern. The crop top has thin straps and a deep V-neckline. The skirt has a high-waisted fit and falls below her knees. The woman has shoulder-length brunette hair styled in loose waves and is looking off to the side with a serious expression on her face. The hallway has yellow walls and there is a door visible in the background.
480,2023-03-16 20:33:29+00:00,taylorswift,in my eras era,no_hashtag,9535676,0,no_mention,"The image shows a young woman standing on a stage with a dark background. She is wearing a black crop top and striped pants. Her long blonde hair is styled in loose waves and she is looking off to the side with a serious expression on her face. The stage is lit with blue lights, creating a dramatic atmosphere."
481,2023-02-26 00:46:55+00:00,zendaya,,no_hashtag,7244060,24823,naacpimageawards,"The image is a portrait of a young woman posing in a strapless dress. The dress is black and green in color with a sweetheart neckline and a deep V-neckline. The skirt of the dress is fitted and flares out at the bottom, creating a flattering silhouette. The woman has shoulder-length dark hair styled in loose curls and is looking directly at the camera with a serious expression. She is standing with one hand on her hip and the other resting on her head. The background is a plain grey color."
482,2022-08-15 13:38:28+00:00,oldprada,ss 2006 vogue italia mar 2006 “pale shades” by glen luchford,oldprada miuccialover inspo vibes prada vogueitalia archive fashion 2000s tuttoprada chic moody throwback vintageprada nicolettasantoro fashionphotography monday glenluchford doutzenkroes,721,4,no_mention,"The image is a black and white photograph of a young woman sitting on the floor. She is wearing a sleeveless tank top and black shorts. Her hair is styled in a short bob and she is looking off to the side with a slight smile on her face. The background is blurred, but it appears to be a room with a window and a curtain. The woman is holding a cigarette in her right hand and her left hand is resting on her chin. The overall mood of the image is relaxed and contemplative."
483,2023-04-01 19:09:18+00:00,harrystyles,as it was one year april 1 2022,no_hashtag,4911333,32121,no_mention,"The image shows a person in mid-air, with their arms stretched upwards and their legs bent at the knees. They are wearing a white suit and a blue helmet. The background is a plain white wall, and the person appears to be in the middle of a dance move. The image is taken from a low angle, looking up at the person with a sense of movement and energy. The overall mood of the image is surreal and dreamlike."
484,2022-10-03 11:15:45+00:00,zendaya,the valentino girl,no_hashtag,9539441,36821,no_mention,"The image shows a young woman standing in front of a large window with a view of a cityscape. She is wearing a black lace dress with a high neckline and long sleeves. The dress is knee-length and has a high slit on the side. The woman is also wearing black tights and high heels. She has long dark hair styled in loose waves and is looking directly at the camera with a serious expression. The window behind her is open, allowing natural light to enter the room."
485,2022-08-03 20:32:56+00:00,zendaya,pp pink,no_hashtag,7533443,23976,maisonvalentino pppiccioli,The image shows a young woman standing in front of a bright pink background. She is wearing a pink mini dress with long sleeves and a high neckline. The dress is fitted at the waist and falls above her knees. She has long curly hair that is styled in loose waves and is holding a small pink handbag in her left hand. The woman is also wearing pink tights and high heels with a chunky heel. She appears to be posing for a photo. The overall mood of the image is confident and fashionable.
486,2023-05-19 13:38:31+00:00,cameramodafashiontrust,we are thrilled to present the copresidents and members of the international committee of the cnmi fashion trust grant 2023 their invaluable experience will allow three up to four independent brands based in italy to receive our support,no_hashtag,2950,35,no_mention,"The image is a black and white portrait of Chiara Ferragni, the CEO and President TBS Crew & Chiara Ferrari Brand. She is wearing a black blazer and a pearl necklace. Her hair is styled in loose waves and she is looking directly at the camera with a serious expression. The background is plain white. On the right side of the image, there is text that reads ""CNMIFashion Trust Grant 2023""."
487,2023-05-19 13:42:28+00:00,cameramodafashiontrust,we are thrilled to present the copresidents and members of the international committee of the cnmi fashion trust grant 2023 their invaluable experience will allow three up to four independent brands based in italy to receive our support,no_hashtag,854,22,no_mention,"The image is a black and white portrait of a man named Elia Maramotti. He is wearing a suit and tie and has a serious expression on his face. The background is plain white. On the top right corner of the image, there is text that reads ""CNMIFashion Trust Grant 2023"". Below the text, it reads ""Brand Director, Member of Max Mara, Fashion Group Sustainability Committee, Committee Co-President""."
488,2023-05-12 14:36:17+00:00,milanfashionweek,yesterday mr giorgio armani received the honorary degree in global business management conferred by the università cattolica del sacro cuore in piacenza his native city “the honorary degree that i am being awarded today has a special value because it rewards beyond the creative aspect my role as an entrepreneur the commitment and passion that i have over the years they allowed me to transform a dream into a solid group a symbol of made in italy “ mr giorgio armani photo credit,cnmimembers giorgioarmani,1644,17,sgpitalia,"The image shows two men wearing black graduation gowns and hats, standing on a stage. The man on the left is holding a large document in his hands and appears to be presenting it to the other man, who is standing next to him. Both men are smiling and looking at the document. The background is dark, suggesting that the photo was taken at a graduation ceremony."
489,2022-09-14 21:50:38+00:00,zendaya,when your feet hurt but you got a whole lot to smile about still absolutely beaming thank you from the bottom of my heart,no_hashtag,10963524,24262,no_mention,"The image shows a young woman sitting on the ground in a parking lot. She is wearing a long black dress with gold accents and has long brown hair. The dress is flowing in the wind and she is holding a black bag in her hands. The woman is smiling and looking at the camera. In the background, there is a yellow forklift parked on the side of the road and a building with a sign that reads ""CAT"". The parking lot is marked with yellow lines and there are several yellow taxi cabs scattered around."
490,2023-05-05 10:35:26+00:00,milanfashionweek,presents the new collection along the arno river in firenze a panoramic landscape of the city during the sunset light it is here that presents her first pucci show one year after her debut as artistic director,cnmimembers,1922,18,emiliopucci camillemiceli,"The image shows a model walking down a runway during a fashion show. The model is wearing a long, colorful dress with a unique design. The dress is made up of different shades of blue, green, yellow, pink, and purple, creating a vibrant and eye-catching pattern. The skirt of the dress is flowing and cascades down to the floor, creating an asymmetrical silhouette. The top of the skirt has a deep V-neckline with a cut-out detail in the center, adding a pop of color to the otherwise monochromatic outfit. In the background, there are other models walking on the runway, and a building can be seen in the distance. The runway is lined with pink flowers and greenery, and the sky is dark, suggesting that the photo was taken at night."
491,2023-05-29 00:59:13+00:00,spfw,diretamente de ny pro spfw as icônicas escadas de carrie bradshaw e a veio prestigiar com look inspirado na diva,nasescadariasdacarrie andjustlikethat,3130,42,galisteuoficial,"The image shows a woman walking on a red carpet at an event. She is wearing a long, flowing red gown with a sweetheart neckline and a full skirt. The dress is made of a shiny, satin fabric and has a ruffled bodice. The woman is wearing sunglasses and has her hair styled in an updo with a flower crown on top. She appears to be walking towards the audience, who are holding up their phones to take pictures or videos. The background shows a brick building and a staircase with a railing. There are also some plants and flowers on either side of the stairs."
492,2023-05-28 23:47:56+00:00,spfw,o spfw recebeu uma exposição especial com peças produzidas pelas alunas do programa cria costura que está em sua terceira edição e já capacitou mais de 200 pessoas da periferia de são paulo o programa é uma iniciativa do inmode em parceria com a secretaria municipal de desenvolvimento econômico e trabalho ele foi criado para promover talentos na área de costura “o cria costura proporciona uma oportunidade de empoderamento e transformação de vidas” diz o designer jefferson de assis coordenador do projeto as peças são produzidas com uma abordagem consciente beneficiando tanto os envolvidos quanto a cadeia e o meio ambiente essa exposição que ocupou um espaço nobre dentro do spfw é um momento de orgulho para os participantes do programa que podem mostrar sua criatividade e talento para um público maior e diverso,spfw spfwn55 spmdet prefsp édasuavida iguatemispfw soudealgodao moda criatividade empreendedorismo modaearte spfworigens sousenacmoda senacmoda komplexotempo diversidade sustentabilidade localiza localizaemmovimento právocêchegarlá ypenospfw andjustlikethat nasescadasdacarrie,1475,22,no_mention,"The image shows three mannequins wearing dresses on display in front of a yellow banner that reads ""Cria Costura Acceleradora Criativa >"". The dresses are displayed on wooden stands and are arranged in a row. The mannequin on the left is wearing a brown dress with a floral pattern, the one on the right is wearing an olive green dress with ruffles and a ruffled neckline, and the one in the middle is wearing the same dress. The background is dark, and there are other dresses visible in the background."
493,2023-05-28 23:03:39+00:00,spfw,o estilista cearense fez sua estreia no spfw com um ótimo desfile em que equilibra cultura popular com alfaiataria e streetwear intitulada parangaba nome de um bairro e uma feira popular em fortaleza a coleção tem uma série de ótimas camisas calças e shorts tudo bem usável ao mesmo tempo em que reflete a identidade da marca em especial o trabalho com crochê – e do tema do desfile uma ótima estreia de um estilista que acreditou no poder transformador do design e também foi transformado por ele,spfw spmdet prefsp édasuavida iguatemispfw soudealgodao moda criatividade empreendedorismo modaearte spfworigens sousenacmoda senacmoda komplexotempo diversidade sustentabilidade localiza localizaemmovimento právocêchegarlá ypenospfw andjustlikethat nasescadasdacarrie,5734,117,davidleeoficial,"The image shows a male model walking down a runway during a fashion show. He is wearing a white outfit with a large white hat and sunglasses. The outfit is made up of multiple colorful bags in different colors, including orange, yellow, green, purple, and blue. The bags are arranged in a way that they form a unique and eye-catching design. The model is walking confidently with his hands in his pockets and his head turned slightly to the side. In the background, there is a black wall with the words ""Fashion Week"" written in white. On the left side of the image, there are people sitting in the audience, watching the show."
494,2023-05-02 08:55:12+00:00,milanfashionweek,italian fashion at the 2023 met gala celebrating karl lagerfeld a line of beauty the creative directors of italian fashion houses arriving on the red carpet of metropolitan museum of art in new york city,cnmimembers metgala metgala2023,5557,33,no_mention,"The image shows two women and a man posing together on a red carpet at a formal event. The woman on the left is wearing a long, pink fur coat with a high neckline and long sleeves. She has blonde hair styled in loose waves and is wearing high heels. The man on the right is also wearing a black suit and is standing behind her. They are both smiling and looking at the camera. In the background, there are photographers and photographers taking pictures of the event."
495,2023-05-28 21:31:31+00:00,spfw,último dia de spfw e última oportunidade de passar no estande da e conhecer os looks blooming collection uma coleção de roupas simbióticas com flores que nascem do tecido além de poder fazer fotos e vídeos incríveis no espaço instagramável do estande,ypenospfw spfw spfwn55,900,7,oficialype,"The image shows a mannequin wearing a colorful dress. The dress is made up of multiple layers of fabric in different shades of pink, orange, and yellow. The bodice of the dress is sleeveless and has a scoop neckline. The skirt of the skirt is full and flows down to the floor. On the right side of the image, there is a blue wall with a sign that reads ""Ype"". On the left side, there are several colorful balls hanging from a string. The background is a dark blue color."
496,2023-06-02 00:57:47+00:00,whowhatwear,our barbiecore mood board for the summer photos shutterstock getty images,wwwtb,51736,149,no_mention,"The image shows a woman walking on a sidewalk at night. She is wearing a pink dress with a high slit on the side, revealing her legs. The dress is strapless and has a fitted bodice. She has a large pink hat on her head and is accessorized with multiple necklaces and bracelets. The woman is wearing high heels and appears to be in motion. In the background, there are other people walking on the sidewalk and a blackboard with the words ""Open New York City"" written on it. There is also a man in a black shirt and a yellow suitcase."
497,2023-06-04 02:15:43+00:00,whowhatwear,were side parts ever truly out of style when it comes to 2023 hair trends the answer is a resounding no whether its styled with slickedback buns crimped waves or diffused natural curls the side part is a cornerstone well be coming back to all summer long find fashion person–approved styling tips and musthave products at the link in bio photos mei,no_hashtag,4244,49,maryljean sasha champagnemani,"The image is a close-up portrait of a young woman with dark hair styled in loose curls. She is wearing a white tank top and has a small white flower in her hair. The woman is looking directly at the camera with a serious expression on her face. The background is blurred, but it appears to be an outdoor setting with a wooden roof and a white wall. The text on the image reads ""Gen Zers and Millennials Finally Agree: This 2-Second Hairstyle Will Define 2023""."
498,2023-06-08 21:00:18+00:00,dudalina,sentiu o conforto e suavidade daí os novos tricots da duda já são um desejo aposte nas cores vibrantes para adquirir as peças da estação diferentes tons shapes e tramas que vão inovar o guardaroupa de inverno aproveite que ainda dá tempo de garantir o presente de dia dos namorados perfeito para o seu amor em nossas lojas ref 66020574 66020572 66020614,dudalina tricot outonoinverno inverno2023,540,8,no_mention,"The image is a portrait of a young woman with her hair pulled back in a high ponytail. She is wearing a pink knitted sweater with a high neckline and long sleeves. The sweater appears to be made of a soft, fuzzy material and has a ribbed texture. The woman is posing with her hands on her neck and is looking directly at the camera with a serious expression. She has a pair of gold hoop earrings on her ears. The background is plain white."
499,2023-06-07 21:00:13+00:00,dudalina,neste inverno aposte em peças atemporais da camisaria aos casacos os lançamentos de inverno da duda chegaram para renovar o seu guardaroupa com itens clássicos e certeiros acesse nosso site e confira todas novidades que vão te vestir com muita elegância e sofisticação link na bio ref 53042578 66010486,camisa jaqueta dudalina inverno2023 outonoinverno,412,5,no_mention,"The image shows two shirts hanging on a wooden hanger against a white wall. The shirt on the left is a dark grey button-down shirt with a collar and long sleeves. It has a small pocket on the right side of the chest and two buttons on the front. On the left, there is a pair of olive green sneakers with white soles. The shoes appear to be new and unused."
500,2023-03-20 02:36:07+00:00,taylorswift,well last night was a rush thank you to everyone in that glorious glendale night 2 crowd for giving us all you had and more counting down the hours til we get to play again see you in vegas ig,no_hashtag,6700152,0,johnshearer kevincwinter gettyimages,"The image shows a female singer performing on stage with her arms stretched out wide. She is wearing a black outfit with a red and black patterned top and black pants. Her blonde hair is styled in loose waves and she is holding a microphone in her right hand. The background is dark and the stage is lit with bright lights. The image appears to be taken from a low angle, looking up at the singer."
501,2023-06-01 21:22:53+00:00,dudalina,dizem que o amor está nos detalhes nesta jaqueta da duda não é diferente um item superversátil e com modelagem especial para presentear seu par com uma peça cheia de sofisticação acesse nosso site e encontre o presente perfeito para surpreender seu amor link na bio ref 66010463,dudalina inverno2023 jaqueta outonoinverno diadosnamorados,123,0,no_mention,"The image is a portrait of a young African-American man. He is wearing a navy blue hoodie with a ruffled collar and a white t-shirt underneath. The hoodie has the words ""Anor A Yoda Duda"" written in white cursive font across the chest. The man is looking directly at the camera with a serious expression on his face. The background is plain white."
502,2023-01-27 05:05:24+00:00,taylorswift,the lavender haze video is out now there is lots of lavender there is lots of haze there is my incredible costar who i absolutely adored working with this was the first video i wrote out of the 3 that have been released and this one really helped me conceptualize the world and mood of midnights like a sultry sleepless 70’s fever dream hope you like it,no_hashtag,5967383,0,laith_ashley,The image shows a young woman sitting on the floor in a living room. She is wearing a white dress with a floral pattern and has long blonde hair that is styled in loose waves. The woman is looking directly at the camera with a serious expression on her face. The room is decorated with purple and white flowers and there are two lamps on either side of her. The walls are painted in a soft pink color and there is a couch in the background. The overall mood of the image is peaceful and serene.
503,2023-05-29 15:00:13+00:00,mamamaluf,neste dia dos namorados presenteie seu amor com a versatilidade da opções incríveis tanto para ele quanto para ela para que vocês possam se vestir juntos ou separados em qualquer ocasião criando sempre um laço de conforto e elegância confira a coleção e escolha o presente perfeito,dudalina dudasquad modaversátil diadosnamorados presenteperfeito,670,75,dudalina,"The image shows a man and a woman standing in a living room. The man is standing behind the woman, who is sitting on a black leather armchair. They are both wearing beige sweaters and white pants. The woman is wearing a beige sweater and white sneakers. She has long dark hair and is looking directly at the camera with a serious expression. The room has a large window with sheer curtains, and there is a small wooden stool in front of the window. The walls are painted in a light beige color, and the floor is covered with a patterned rug."
504,2023-06-02 21:00:14+00:00,dudalina,camisa um ícone que nunca sai de moda as novidades em camisaria da duda chegaram para nunca mais te deixar na dúvida na hora de escolher o look do dia peças cheias de estilo e elegância com a qualidade incomparável que a dudalina tem acesse nosso site e garanta já a sua preferida link na bio ref 53021367 53032125 53011175 53032127 53032154,dudalina camisa camisaria outonoinverno inverno2023,1016,24,no_mention,"The image shows a young woman standing in front of a plain white background. She is wearing a navy blue blouse with a small white polka dot pattern. The blouse has a button-down collar and long sleeves. The woman is also wearing black trousers with a high waist and a belt with gold buttons. She has her hair pulled back in a low bun and is looking off to the side with a serious expression on her face. The text on the top left corner of the image reads ""L'Oreal Paris""."
505,2023-03-07 20:20:30+00:00,wheresmydriver,after the show in paris today brooklyns the best making sure nicola doesnt trip over her 4 inch miu miu heels nicola is very elegant in a grey miniskirt and miu miu embroidered buttoned up blouseand clutch size miu miu brooklyn is wearing a neat jacket somehow they switch and she takes his hand to lead through the crowd nicola signs some autographs which freaks everyone out and then thats the end of fashion month,nicolabeckham brooklynbeckham miumiu handbag prada streetstyle,81,1,no_mention,"The image shows a young woman and a young man walking together on a street. The woman is on the left side of the image, wearing a black leather jacket and a white blouse. She has her hair styled in a sleek updo and is smiling at the camera. The man on the right side is wearing a dark jacket and has short dark hair. They appear to be walking side by side, with the woman's arm around the man's waist. The background is blurred, but it appears to be a city street with buildings and people."
506,2023-06-06 20:00:14+00:00,dudalina,o tweed já é um clássico do inverno na camisa alongada e calça alfaiatada para completar o conjunto ele fica ainda mais charmoso complete a produção com um cinto imponente e voilá chic aquecida e elegante acesse nosso site e confira todas as novidades de inverno link na bio ref 53011053 91012754,dudalina camisa tweed inverno2023 outonoinverno,248,1,no_mention,The image shows a young woman with her hair pulled back in a high ponytail. She is wearing a black and white tweed jacket with a black belt cinching her waist. The jacket has a high collar and long sleeves. The woman is also wearing gold earrings. She has a serious expression on her face and is looking off to the side. The background is plain white.
507,2023-05-04 10:26:34+00:00,leeoliveira,street style outside of ’s show could have been its own runway,proenzaschouler rtw23,138,3,nyfw,The image shows a young woman walking on a sidewalk in front of a white brick building. She is wearing a blue jumpsuit with short sleeves and a high neckline. The jumpsuit has a high waistline and wide legs that flare out at the bottom. She has a red clutch in her left hand and is wearing sunglasses. Her hair is styled in loose waves and she is looking off to the side with a serious expression on her face.
508,2023-03-07 20:48:38+00:00,wheresmydriver,i’m going to leave my original caption intact but add this intro and delete a few comments i don’t define people by the relationships they are in what i’m saying in the first sentence is deal with it appreciate that she waded into the crowd to say hi which is no joke appreciate how well she represents the brand in an accessible look the reason i posted nicola and alba is that they looked strong and elegant in simple looks and the images are more interesting than just red carpetstep and repeat images that’s it thanks original caption let me me get this out of the way actress is chris evans girlfriend and shes kind of a firecracker at the show she wore a blue miniskirt with striped semicrop top and lacey heels she has a white nappa leather tophandle shes really rocking the miu miu as she wades into the crowd that’s why you invite someone with confidence and a sense of humour to your show,albabaptista miumiu matelassé handbag sunglasses streetstyle,273,117,no_mention,"The image is a close-up portrait of a young woman with long brunette hair. She is wearing a pair of tortoiseshell-framed sunglasses with a gold frame and dark lenses. She has a big smile on her face and is looking directly at the camera. The background is blurred, but it appears to be an outdoor setting with people and buildings visible. The woman is also wearing a white and blue striped sweater."
509,2023-04-20 18:25:03+00:00,leeoliveira,brera design district an ethereal art installation recreating andean landscapes by argentinian artist and designer mohaded the sculptural towers inspired by traditional rock piles found as trail markers in the andean mountains are covered in repurposed fabrics showcasing a commitment to sustainable practices and precise craftsmanship,no_hashtag,102,10,cristian loropiana,"The image shows a modern outdoor seating area with a concrete floor and a white wall in the background. On the left side of the image, there is a large orange sculpture of a bird with its wings spread wide. In the center of the seating area, there are two beige armchairs and a round coffee table. The chairs have a modern design with a curved backrest and armrests. The coffee table is made of wood and has a rectangular shape. The overall color scheme of the space is warm and inviting."
510,2023-03-07 08:23:07+00:00,wheresmydriver,snippets from yesterdays shows in paris zimmerman stella mccartney louis vuitton,streetstyle,207,3,no_mention,"The image shows a young woman standing in a garden with a large building in the background. She is wearing a two-piece outfit consisting of a crop top and a long skirt with a ruffled hemline. The top is a coral-colored crop top with short sleeves and a cut-out detail on the front. The skirt is made of a textured fabric with a floral pattern and has a high-low hemline, creating a flowy silhouette. The woman is holding a white handbag in her left hand and is wearing high heels. She has long brown hair styled in loose waves and is looking off to the side with a serious expression on her face."
511,2023-05-25 11:56:40+00:00,versace,guests at the “la vacanza” fashion show hyunjin rosie huntingtonwhiteley jason statham lewis hamilton rina sawayama dwyane wade charles melton simone ashley manu rios salma abu deif troye sivan the collection is available now at versacecom via the link in bio,versacelavacanza,698752,9193,donatella_versace dualipa,"The image shows a young man standing on a concrete surface with a view of the ocean in the background. He is wearing a beige jumpsuit with a collared shirt underneath and black shoes. He has a black crossbody bag slung over his shoulder and is looking directly at the camera with a serious expression. The sky is blue and the ocean is visible in the distance, with a few buildings and trees visible on the left side of the image. The overall mood of the photo is casual and relaxed."
512,2023-05-24 21:29:28+00:00,versace,eveningwear for donatella versace and dua lipa’s codesigned “la vacanza” women’s collection—presenting the full versace lifestyle now instore and at versacecom,versacelavacanza,127686,312,donatella_versace dualipa,"The image shows a woman walking on a white runway. She is wearing a long, flowy dress with a colorful floral print in shades of pink, blue, green, and yellow. The dress has a deep V-neckline and thin straps that cross over her shoulders. She has long dark hair styled in loose waves and is wearing gold bracelets and high heels. The woman is walking confidently with her hands on her hips and her head turned slightly to the side. The background is plain white."
513,2023-05-24 11:31:34+00:00,versace,“la vacanza” by donatella versace and dua lipa the collection is available now instore and at versacecom,versacelavacanza,238804,402,donatella_versace dualipa,"The image shows a young woman walking on a blue runway. She is wearing a pink one-piece swimsuit with a halter neckline and thin straps. The swimsuit is fitted and flares out at the bottom, accentuating her curves. She has long dark hair that is styled in loose waves and is wearing high heels with a pointed toe. The woman is holding a pink purse in her left hand and her right hand is resting on her hip. In the background, there are other people walking on the runway. The image appears to be taken during a fashion show or performance."
514,2023-05-24 17:46:00+00:00,versace,donatella versace and dua lipa’s shared vision of an absolute modern elegance for “la vacanza” now instore and at versacecom,versacelavacanza,130145,284,donatella_versace dualipa,"The image shows a young woman walking on a runway. She is wearing a blue and white patterned outfit consisting of a cropped jacket and a mini skirt. The jacket has a high collar and long sleeves, and the skirt is knee-length. The woman is also wearing a pair of sunglasses on her head. She has blonde hair styled in a sleek updo and is looking off to the side with a serious expression on her face. In the background, there are people sitting at tables and a white railing."
515,2023-05-24 07:20:59+00:00,versace,“la vacanza” by donatella versace and dua lipa the collection is available now instore and at versacecom,versacelavacanza,310627,662,donatella_versace dualipa,"The image shows a beautiful outdoor wedding ceremony taking place on a hill overlooking the ocean. The hill is covered in lush greenery and there are rows of trees on either side. The sky is clear and blue, and the ocean can be seen in the background. In the center of the image, there is a long white runway with a group of people walking down it. The people are dressed in formal attire, with some wearing pink and others wearing blue. There are also a few people sitting on the grass, watching the ceremony. The overall atmosphere is peaceful and serene."
516,2023-05-24 00:37:17+00:00,versace,the butterfly ladybugs print for donatella versace and dua lipa’s codesigned “la vacanza” women’s collection the collection is available now instore and at versacecom,versacelavacanza,76189,242,donatella_versace dualipa,The image shows a woman walking on a white runway. She is wearing a black dress with white polka dots all over it. The dress has a collared neckline and short sleeves. The woman is also wearing sunglasses and has her hair styled in loose waves. She has gold bracelets on her wrists and is wearing white high heels. The background is plain white.
517,2023-04-25 11:30:15+00:00,leeoliveira,techniques and materials presents its new creations for the home in milan the aesthetics of the creations for the home are inspired by the authenticity of their shapes and the innate strength of their minimalism this is the very essence of design drawing inspiration from materials and expressed through expert knowhow to create durable contemporary objects that grow more beautiful with the passing years,no_hashtag,76,3,hermes,"The image shows a wooden chair with an orange seat and backrest. The chair is placed on a concrete floor in front of a wall with a geometric pattern of black lines. The lines are arranged in a zigzag pattern, creating a sense of depth and dimension. The overall aesthetic of the image is modern and minimalistic."
518,2023-06-09 15:00:10+00:00,dudalina,conheça a sua nova camisa preferida com um xadrez space dyed cor atemporal e detalhes impecáveis ela será destaque aonde for ainda pensando no presente do dia dos namorados achou o presente ideal visite nossas lojas e confira todas as opções incríveis que vão surpreender o seu amor ref 53042578 53042557 53042869 53042874,dudalina inverno2023 camisa camisaria outonoinverno,157,5,no_mention,"The image is a portrait of a young man with a beard and short, dark hair. He is wearing a grey button-down shirt with a small blue embroidered logo on the chest. The shirt has a collar and long sleeves. The man is looking directly at the camera with a serious expression on his face. The background is plain white."
519,2023-02-28 05:21:07+00:00,zendaya,been learning how to stop and smell the roses even handmade ones last night was one of those very special moments,no_hashtag,3910922,7083,maisonvalentino sagawards,"The image is a close-up portrait of a young woman with shoulder-length brunette hair styled in loose curls. She is wearing a statement necklace with multiple layers of colorful crystals and pearls. The necklace is draped over her shoulder and she is looking directly at the camera with a serious expression. The background is a plain white wall. The woman appears to be posing for a photo, with her body slightly turned to the side."
520,2023-05-22 16:01:50+00:00,nyfw,birds of feather flock together ‍️ outside of show,streetstyle privatepolicy fw23 streetsofnyfw,839,14,no_mention,"The image shows a man and a woman walking on a sidewalk in front of a building. The man is on the left side of the image, wearing a green cowboy hat and a long black coat. He has a beard and is holding a black bag in his left hand. The woman on the right side is wearing a black leather jacket, a plaid mini skirt, and white boots. She is also wearing a pink and white striped hat. Both of them are holding hands and appear to be walking side by side. The building behind them has large windows and there are cars parked on the street."
521,2023-05-15 16:04:57+00:00,nyfw,moments from,willychavaria fw23,558,5,no_mention,"The image shows a man sitting on a wooden chair in a room with wooden walls. He is wearing a long black robe with a high collar and long sleeves. The robe is made of a shiny, satin-like material and has a high waistline. The man is bald and has short, dark hair. He has a serious expression on his face and is looking directly at the camera. Behind him, there are several wooden chairs with white cushions. The room appears to be dimly lit, with a red tablecloth visible in the background."
522,2023-05-11 16:01:11+00:00,nyfw,still thinking about,carolinaherrera aw23,1921,9,no_mention,"The image shows a model walking on a runway during a fashion show. The model is wearing a long, floor-length, purple dress with a sweetheart neckline and thin straps. The dress has a fitted bodice and a full skirt that flares out at the bottom. The skirt is made of a light, airy fabric with a subtle sheen. The bodice is fitted and the skirt flares out slightly at the ankles. The woman is walking confidently with her hands on her hips and her head turned slightly to the side. She has dark hair styled in a sleek updo and is wearing minimal makeup. In the background, there are other models walking down the runway and a white staircase."
523,2023-05-20 15:55:14+00:00,nyfw,welcome to the house of presents their 7th season at the collection is posh poised and playful were so here for it,macgraw aafw ss24,1137,32,macgrawlove,"The image shows a group of five young women posing together on a balcony. They are all dressed in fashionable outfits, with the woman in the center wearing a white dress with a plunging neckline and long sleeves. The woman on the left is wearing a black off-the-shoulder dress with white polka dots, the woman next to her is sitting on a white bench with her legs crossed, and the other three are standing behind her. The balcony has a black and white checkered floor and a white railing. The background shows trees and a blue sky. The overall mood of the image is elegant and sophisticated."
524,2023-06-06 19:54:35+00:00,taylorswift,chicago that was sooooo epic playing 3 nights at soldier field and getting to sing ‘you all over me’ with who i adore you guys were so much fun to play for i love you see you detroit,no_hashtag,4492716,0,marenmorris iammoustache gettyimages,"The image shows a female singer performing on a stage. She is wearing a long, flowing green dress with intricate patterns and designs. The dress is flowing in the wind, creating a dramatic silhouette. The singer is holding a microphone and appears to be singing passionately. The background is dark, making the singer stand out even more."
525,2023-03-21 21:28:08+00:00,wheresmydriver,designer has left after an unusually long run as creative director for the brand shown here are my photographs of mr scott at shows in los angeles and new york backstage and on the runway and models starlets and influencers wearing moschino,jeremyscott moschino,75,1,no_mention,"The image shows a man and a woman posing for a photo at an outdoor event. The man is on the left side of the image, wearing a pink baseball cap with the word ""JACOB"" written on it. He has short blonde hair and is wearing a black jacket with colorful flowers on it, while the woman on the right side is wearing black leather jacket. They are both smiling and looking at the camera. In the background, there are other people and tents, suggesting that the event is taking place outdoors."
526,2023-05-13 17:02:40+00:00,nyfw,another look at,thombrowne aw23,1144,13,no_mention,The image shows a model walking on a runway during a fashion show. The model is wearing a unique outfit with a red and black plaid skirt and a white blouse with gold accents. The blouse has a high neckline and long sleeves with gold polka dots. The skirt is knee-length and falls below the model's knees. She is carrying a black handbag in her left hand and her right hand is resting on her hip. Her hair is styled in a sleek updo and she is wearing minimal makeup. The background is dark and there is a white structure visible in the distance.
527,2023-06-09 09:27:27+00:00,facehunter,street encounters ️ 12 10 inara “i have lebanese origins my name means ‘ray of light’ in arabic i used to work in advertising and my dog is called pretty baby ii she’s 17 years old” 34 merveille poet artist “it’s my first time in brazil i’m making a threemonths art residency i love exploring cities and observing people feels like a warmer version of paris less dense and filled with good people” 5 andréia documentary researcher “ive been traveling around brazil and listening studying and living experiences rooted in traditional decolonial regenerative knowledge and linked to good living i’m guided by the construction of subjectivities and imaginaries of futures that contain multiplicities of human and morethanhuman worlds and i have been spreading ideas from the margins to the center in my work as a researcher and curator in innovation communication and content projects and i try to put them in my personal life i am in a process of transition to a less urban life and closer to the forest guided by care and respect for life i intend to act in the preservation and recovery of degraded spaces and in the collective construction of ways of life that reintegrate us to our organicity and to times other than the one that the clock shows seeking ways of existing that are less exploratory and standardizing creating monocultures i dream of walking barefoot on the soft earth and sleeping at night with the singing of crickets and cicadas” 6 hiram painter 7 silvio “ i found a place nearby where i got this tunique made for me with the word god written on it” 8 nicole film director and art director “i want to make films that touch people in some way” 9 eduardo,saopaulo sp brasileiros brasileiras brasileirao brasileira streetstyle style estilo styleinspiration stylefashion streetphotography people brasil brazil facehuntersp,888,25,merveillekelekelekelekelelele _deiamato hiramlatorre nicolegullane educalunga7,"The image shows an elderly woman sitting at a table with a small dog. The woman is wearing a leopard print jacket and sunglasses, and has a big smile on her face. She is holding up a small black object in her right hand, which appears to be a cigarette or a lighter. The dog is sitting next to her, looking up at the woman with a curious expression. There is a red book on the table in front of them. The background is a park or garden with trees and bushes."
528,2023-05-26 14:46:05+00:00,wheresmydriver,cannes streetstyle awards cannes has awards for everything else during film week so i established the for 2023 best overall perfect for strolls down the croisette this look is sophisticated and eyecatching especially with the matching shoes you can actually buy this complete look at the dg boutique at the nice airport best “spot you in a crowd” look cannes gets very crowded so it helps to pop out from the crowd i photographed this woman almost everyday around hotel martinez best “beach café” look cannes was a fishing village for almost 2000 years so her fishing net handbag was a subtle hat tip to the town best “quiet luxury” look when you know you know you can almost lip read “fire up the g550” best “matchy matchy” look that actually works drive or die with chanel on this one i think the new barbie movie makes these looks younger and fun the mary jane’s 1700 are right off the 2023 runway best “out of my way” look the whole vibe is “make way” this woman could walk right into any board room or secret military installation without saying a word best “she knows the assignment” look i wouldn’t pose her this way but you have to get in the daily mail some how best packable look she’s a former miss universe el salvador who can pack a weeks worth of looks in a handbag a show stopper in 2 ounces best eva peron look best use of a partner as an accessory don’t come at me if you’re taking over a country best where’s my driver look you can tell she’s from the us ready to car jack a limo to get to the red carpet in time,cannesstreetstyleawards,28,0,no_mention,"The image shows a young woman walking on a cobblestone street. She is wearing a long, flowy dress with a pink and white floral pattern. The dress has a V-neckline and short sleeves. The woman is also wearing high heels with a peep-toe design. She has long dark hair and is carrying a small white purse in her hand. The background shows a white column and some greenery. The image is captioned ""Cannes Streetstyle Awards"" and ""Best Overall Look (Dolce & Gabbana)""."
529,2023-06-07 01:00:32+00:00,prabalgurung,my favorite look designed with for a heavenly look for guanyin glimmering in gold watch this episode and all episodes of now on,americanbornchinese,1886,6,michelleyeoh_official joycrettton joseramosdesign ambornchinese disneyplus,"The image shows a woman performing on a stage. She is wearing a long, flowing gold dress with intricate patterns and designs. The dress has a high neckline and long sleeves, and the skirt is full and flowing. The woman is holding a bouquet of flowers in her hands and appears to be in the middle of a performance. She has a crown on her head and is standing in front of a large screen with a geometric pattern. The stage is lit with bright lights and there is a cloud of smoke in the air around her."
530,2023-05-09 15:57:16+00:00,nyfw,dreaming of,adeam fw23,2619,29,gettyimages,"The image shows a model walking on a runway during a fashion show. The model is wearing a beige dress with black sleeves and a ruffled skirt. The dress has a high neckline and long sleeves, and the skirt flares out slightly at the bottom. She is also wearing black gloves and black heels. The background is dark and foggy, with a few lights shining down on the model. The overall mood of the image is dramatic and edgy."
531,2023-04-16 15:33:14+00:00,wheresmydriver,raissa gerrona chief brand officer at revolve along with revolve cofounders michael mente and mike karanikolas celebrated 20 years of influencer innovation in 2023 when i started shooting fashion events designers didn’t even let “bloggers” into fashion shows that has changed,no_hashtag,15,1,no_mention,"The image shows a woman standing in a garden with pink umbrellas. She is wearing a black dress and sunglasses and is holding a camera in her hands. The garden is filled with colorful flowers and plants, and there is a white building in the background. The sky is blue and there are a few clouds scattered across it. The woman appears to be posing for a photo, with her arms outstretched and a smile on her face. The image is taken from a low angle, looking up at the woman and the flowers."
532,2023-06-06 12:17:48+00:00,watchingnewyork,there’s something “shady” about these new yorkers,streetfashion fashion street nyc nycfashion spring springfashion fashiontrends newyorkcity style streetstyle vintage thrift sunglasses shades,25063,134,no_mention,"The image shows a young woman walking on a street. She is wearing a black top and a black and white houndstooth blazer. She has long dark hair that is styled in loose curls and is wearing large sunglasses with a white frame. The woman is carrying a white crossbody bag and has a necklace with a pendant hanging from it. The background is blurred, but it appears to be a busy street with people walking around."
533,2023-05-28 14:35:36+00:00,watchingnewyork,may archives,streetfashion fashion street nyc nycfashion winter winterfashion fashiontrends fallfashion newyorkcity style streetstyle vintage thrift,33901,137,no_mention,"The image shows a young man walking on a busy street. He is wearing a white cardigan, blue jeans, and red socks. He has curly hair and is smiling as he walks. In the background, there are people walking on the sidewalk and a traffic light. On the left side of the image, there is a sign that reads ""First Drink On Us""."
534,2023-06-05 12:18:33+00:00,watchingnewyork,recent favorites,streetfashion fashion street nyc nycfashion spring springfashion fashiontrends newyorkcity style streetstyle vintage thrift,22451,96,no_mention,"The image shows a young man and a young woman walking on a street. The man is on the left side of the image, wearing a black and white patterned shirt, brown pants, and sunglasses. He is holding a black jacket in his left hand and appears to be walking with his right hand in his pocket. The woman is walking ahead of him, with her left arm around the man's waist. She is wearing a blue floral top, a black mini skirt, and brown cowboy boots. Both of them have tattoos on their arms and legs. The street is lined with trees and there is a building in the background."
535,2023-04-24 02:01:52+00:00,leeoliveira,the chairs exhibition presented during salone del mobile in milan sees handcrafted chairs reimagined by artisans through the act of weaving and embellishment antique and newly crafted stick chairs and paper loom chairs are woven with leather raffia or metallic fibres transforming everyday objects into one of a kind items,no_hashtag,224,13,loewe,"The image shows a row of wooden chairs on blue pedestals in a courtyard. The chairs are arranged in a neat row and are of different colors - blue, yellow, and red. Each chair has a unique design with a curved backrest and armrests. The floor is made of cobblestones and there are several pillars in the background. The walls of the courtyard are made of stone and there is a large vase hanging from the ceiling. The overall atmosphere of the image is peaceful and serene."
536,2023-05-30 12:47:45+00:00,watchingnewyork,happy birthday to a true new york king if you see this dude in the street stop and say hello he has that power that gives you happiness some of my favorite looks from over the last few years,streetfashion fashion street nyc nycfashion spring springfashion fashiontrends newyorkcity style streetstyle vintage thrift,32099,301,darnellbernard33,"The image shows a man walking on a wet street in the rain. He is wearing a white hat, a colorful floral shirt, blue jeans, and brown boots. He has a brown leather crossbody bag slung over his shoulder and is holding a pair of sunglasses in his right hand. The background shows a busy city street with cars and buildings. The raindrops are falling heavily, creating a dappled effect on the man's face."
537,2023-04-26 07:25:36+00:00,facehunter,burj abboud 1955 by 19262020 and abdullah ihsan kamil 19191984 this bauhausinfluenced tower represents the symbol of baghdad intense modernisation and westernisation in the 1950s it was back then the first highrise in town while the includes some vernacular features such as archways screens and courtyards in response to the hot environment it remains mainly a project borrowing to the “international style” built at a time when chadirji was employed by the monarchy mandated under british rule it’s really in the 1960s in a postmonarchy republic that the “father of modernism” will fully express his unique style that he called “international regionalism” the idea was to “combine ancient iraqi heritage with modern art and architecture to develop an iraqi aesthetic that was not only unique to iraq but also influence the development of a panarab visual language” with nearly 100 buildings chadirji contributed greatly to define the aesthetics of his country’s public space especially through the 1970s by 1970 chadirji had offices throughout the middle east one of them was employing a young in 1978 at the peak of his career he was wrongfully sentenced to life in prison but was eventually released after 20 months by saddam hussein who was seeking iraq’s best architect to oversee the preparation of baghdad for an international conference in 1982 in 1983 chadirji eventually fled baghdad for teaching at harvard before relocating in the uk where he would spend the rest of his life the burj abboud survived miraculously six fires in 1985 1989 1996 1998 2005 2x it is nowadays partly unused,baghdad rifatchadirji abboudbuilding iraqi zahahadid brutalism brutalistarchitecture visitiraq travel travelphotography travelgram traveler travelling traveling instatravel travelawesome archi archidaily archilover archiporn arch archlovers archilovers baghdadarchitecture baghdad_iraq iraq_baghdad facehunteriraq,1332,19,no_mention,"The image shows a large, round building with multiple levels and balconies. The building appears to be old and dilapidated, with peeling paint and crumbling walls. It is located on a street with other buildings in the background. In the foreground, there are several yellow taxi cabs parked on the side of the road. A man is standing in front of one of the cabs, holding a wooden cart. The sky is blue and there are a few clouds in the sky."
538,2023-05-30 12:46:53+00:00,watchingnewyork,watching disney had an absolute blast first time on a plane and first time in disney was with the fam but had to take a couple shots of these drippy disney duds,streetfashion fashion street nyc nycfashion spring springfashion disneyworld disney fashiontrends newyorkcity style streetstyle vintage thrift,31340,177,no_mention,"The image shows a man and a woman walking on a street. The woman is on the left side of the image and the man is walking on the right side. They are both wearing colorful outfits, with the woman wearing a green crop top, blue shorts, and pink sneakers. She has pink hair styled in two pigtails and is wearing a pair of sunglasses. The man is wearing white jeans and a brown jacket, and he has a serious expression on his face. In the background, there are other people walking and a building with a sign that reads ""Coca-Cola."" The sky is overcast and the street appears to be wet, suggesting that it has recently rained."
539,2023-05-24 11:27:08+00:00,watchingnewyork,recent favorites donald on the cover in honor of being in disney world today,streetfashion fashion street nyc nycfashion winter winterfashion fashiontrends fallfashion newyorkcity style streetstyle vintage thrift,78620,266,no_mention,"The image shows a young girl, probably around 4-5 years old, walking on a sidewalk. She is wearing a bright yellow crop top and blue denim pants with ruffles on the bottom. She has two braided hair in two braids and is holding a pink stuffed animal in her left hand. Next to her, there is a woman wearing red pants and a black and white zebra print top. The background is blurred, but it appears to be a city street with trees and buildings."
540,2023-05-25 20:06:05+00:00,versace,guests at the “la vacanza” fashion show sarah lysander bashir arabsanchez peggy gou amina muaddi simon jacquemus gilda ambrosio marc forne devon carlson jeremy o’harris ivan olita the collection is available now at versacecom via the link in bio,versacelavacanza,84690,203,donatella_versace dualipa,"The image shows a young woman standing on a balcony overlooking the ocean. She is wearing a long black dress with a halter neckline and a high slit on the side. The dress is sleeveless and has a flowy skirt that falls below her knees. She has a black and white patterned handbag in her left hand and is wearing gold strappy heels. The woman has long dark hair styled in loose waves and is looking off to the side with a serious expression on her face. In the background, there are greenery and a clear blue sky."
541,2023-04-15 16:25:08+00:00,facehunter,chic ‎ ‎جميلات بغداد meeting many special people through the vibrant cultural life of ’s capital so eyeopening and hopeful to listen to their perspectives 12 fatima influencer 34 zahraa junior doctor “i love the acceptance in baghdad regardless of your believes your religion your language one of the things that changed the most in the last years is that it’s much safer i feel safe walking in the street as a girl for me being iraqi is like being a super hero we survived many things in the past years” 5 reem industrial design student 6 salwa 7 interior design “i also paint write arabic calligraphy in seven types design my own clothes and am learning to play the piano my dream is to become the zaha hadid of interior design” 7 tabarak abarak painter 8 ayoush fashion design student 9 janat artist 10 arwa qalrawi gallerist executive director of a cultural heritage preservation organisation “this year it is much more happening in the baghdad cultural scene” ️,baghdad iraq streetstyle style iraqistyle streetfashion iraqiwoman iraqiwomen baghdadiraq baghdadi iraqiyouth newiraq baghdad_iraq iraqfashionpost iraqiartists iraqi_beauty iraq_baghdad iraqigirl iraqigirls iraqicreatives facehunteriraq,3516,97,fatomglam zahraed99 reem_alghazal salawi tt _ayosh99 janatmajeed arwa,The image shows a young woman standing in a courtyard with a group of people in the background. She is wearing a black jumpsuit with white polka dots and a white collar. She has a black crossbody bag slung over her shoulder and is smiling at the camera. The woman appears to be in her late twenties or early thirties and has dark hair styled in loose waves. The courtyard has a tiled floor and there is a building in the distance.
542,2023-02-26 17:16:48+00:00,facehunter,did you know that the were developed on the basis of a genocide before the 15th century castilian conquest and the islands located off the coast of presentday morocco were inhabited by the guanches ⵉⴳⵡⴰⵏⵛⵉⵢⵏ who were genetically and culturally related to the they were descendants of tribes who migrated from north africa at least 2000 to 3000 years ago to develop their own civilisation on the they can be considered the only not to have been islamised due to their incredible resistance brutal fightings with the spaniards lasted for over a century but the guanches people were eventually either killed raped enslaved or assimilated the canary were hispanized without leaving much space for syncretic culture as it is often the case in latin america for instance the guanches’ language spirituality and culture were forever erased anyways thanks for coping with my “architecture post” hacked by some important history context so yeah here are some 20th21st architectural gems encountered on the largest and most populous island of the canary islands 12 edificio cristianmar residential building 1960s 34 auditorio de tenerife adán martín auditorium designed by architect santiago calatrava built between 19972003 59 facultad de bellas artes universidad la laguna designed by juan antonio gonzález pérez urbano yanes tuña and constanze sixt inaugurated in 2014 10 la iglesia del santísimo redentor church designed by menis arquitectos built between 20052008,tenerife canaryislands colonisation amazigh canarias amazighpeople spanishcolonisation conquista arquitectura archi archidaily archilover modernism macaronesia espana spain santacruztenerife lalagunatenerife,4739,80,no_mention,"The image shows a tall, white building with multiple floors and balconies. The building appears to be a hotel or apartment complex, as there are palm trees on the right side of the image. The sky is blue and the ocean can be seen in the background. There are a few cars parked in the parking lot in front of the building, suggesting that it is located on a beach or a coastal area. The image is taken from a low angle, looking up at the building."
543,2023-05-21 12:45:59+00:00,watchingnewyork,from the may archives,streetfashion fashion street nyc nycfashion winter winterfashion fashiontrends fallfashion newyorkcity style streetstyle vintage thrift,42590,156,no_mention,"The image shows a young woman rollerblading on a busy street. She is wearing a green jacket with a floral pattern and green pants. She has a pair of green roller skates on her feet and her hair is styled in a messy bun. The woman is balancing on one leg with the other leg bent at the knee and her arms stretched out to the sides. In the background, there are other people walking on the sidewalk and a black lamppost on the left side of the image. The street is lined with buildings and there is a sign on the right side that reads ""ONITS""."
544,2023-03-13 19:51:48+00:00,facehunter,eerie vibe in a ghost town turned leisure park in august 1974 the popular cypriot beach resort was invaded by the turkish army in the context of the fearing a massacre the entire population fled the town a few hours earlier emilia picture 2 was one of them she now lives in nicosia “i was two months pregnant and had three young sons suddenly we heard that the turkish army was attacking by the land and by the sea everyone was panicking we didn’t have time to pack anything i just took my jewellery i was a millionaire and within a few minutes i became a refugee we lost everything i have nothing against turkish cypriots we are just people the problem is politics” the army immediately fenced off the whole area and left it nearly untouched and reclaimed by the nature until this day in october 2020 the authorities reopened some streets to visitors can’t even imagine what the greek cypriots who have been allowed to visit their town for the first time in 46 years might have felt the whole experience is quite weird as the is now equipped like a park bikes can be rented and one bar has opened on the beach i’ve seen many people having a ‘good day out’ taking selfies in front of war leftovers… according to a un resolution from 1984 only the original inhabitants who were forced out could resettle in the town in the last few years the government of northern cyprus has been pushing to normalise the occupation of varosha in turkish and announced it would open it to settlement it would imply that if a greek cypriot wants to get his buildingland back he would have no other choice than rent a plot to the north cyprus authorities,varosha cyprusproblem greekcypriot northcyprus ghosttown maraş famagusta mağusa gazimağusa βαρώσια darktourism κύπρος kıbrıs travel traveler travelling traveling travelers travels traveller traveldeeper cyprusdispute cyprusissue facehuntercyprus,597,3,no_mention,"The image shows a group of people riding bicycles on a street in front of an old, dilapidated building. The building appears to be in a state of disrepair, with peeling paint and crumbling walls. The sky is blue and there are trees and bushes in the background. The people in the image are wearing casual clothes and appear to be enjoying the ride. One person is wearing a black jacket and blue jeans, while another is wearing an orange jacket. There is a street lamp on the right side of the image."
545,2023-03-04 16:36:48+00:00,facehunter,curves in 🟡 1 9 apostle peter and st helen the martyr chapel by michail georgiou 23 eleftheria square by zaha hadid architects 20052021 4 lala musta pasha mosque built between 1298 and 1400 as a catholic cathedral it was converted into a mosque in 1571 5 staircase nicosia 6 nicosia central park residence serviced apartments 2019 moshe zur and vafeiades vafeiades 7 private house 8 residential building kyrenia just for context… twothirds of the island the south is governed by the internationally recognised republic of cyprus this territory is mainly populated by greek cypriots who speak greek and tend to be christian orthodox onethird of the island the northeast is under de facto control of the selfproclaimed and unrecognised turkish republic of northern cyprus only turkey recognises it it is mainly populated by turkish cypriots and turks who speak turkish and who tend to be muslim cyprus was divided in 1974 when turkey invaded it to support turkish cypriots in response to a military coup sponsored by the greek army aiming at putting in power a proenosis government whose ultimate aim was the annexation of the island by greece,cyprus paphos nicosia famagusta kyrenia girne architecture λευκωσία lefkosía lefkoşa κύπρος cypruslife cyprusisland travel travelphotography traveler traveling travelling travellife instatravel arch archlovers archidaily archiporn facehuntercyprus,2088,29,no_mention,"The image shows a small, modern church with a curved roof. The roof is made of a light-colored material, possibly concrete or stone, and has a cross on top. The church has a large arched doorway with a wooden panel on the right side and a small window on the left side. The door is slightly ajar, revealing a glimpse of the interior of the church. The entrance is flanked by two large windows on either side, allowing natural light to enter the space. The ground is covered in gravel and there are trees and buildings in the background. The sky is blue with some clouds."
546,2023-04-12 17:30:09+00:00,facehunter,️ roaming around such a major city that despite how famous it is i had no idea how it would look like before stepping here what a feeling one type of aesthetics clearly dominates the contemporary oriental shapes they are everywhere amazed by how iraqi modernists worked on abstracting the heritage elements in so many ways baghdad is filled with modernist and buildings from the 1960s to 1980s inspired by shapes reminiscent of islamic arches and occasionally by the volume of ziggurats these massive mesopotamian terraced structures it’s an old but modern city more construction took place in baghdad during the second half of the 20th century than at any time since its foundation in the 8th century after centuries of ottoman and then british rule and after deposing its britishbacked monarchy in 1958 postcolonial with a growing westernised elite faced an important question in its urban planning how would it build a modern nation without sacrificing its national identity 1 ministry of agriculture 2 almansur neighbourhood 3 alsalihiya residential complex 1984 4 alwathba square mural representing hafidh aldroubi’s “watermelon sellers” 1969 5 ministry of foreign affairs 6 central post telegraph and telephone administration 1972 by 7 baghdad waters directorate by nasir alasadi 1978 8 baghdad city hall by hisham munir nasir alasadi 1975 9 albataween neighbourhood 10 ministry of industry and minerals by fadhil ajina,baghdad iraqi modernist architecture urbanscape brutalist islamicarchitecture iraq rifatchadirji hishammunir facades brutalism brutalistarchitecture archi baghdadarchitecture archidaily architexture archilovers baittarkib visitbaghdad visitiraq travel travelphotography traveler travelling instatravel traveling travels travelholic facehunteriraq,1995,69,traveltoiraq,"The image shows a large, modern building with a unique architectural design. The building appears to be made of concrete or stone and has multiple arched windows on the sides. The windows are decorated with intricate patterns and designs, and there is a large banner hanging from the top of the building. The sky is blue and there are power lines running across the image. In the foreground, there are two cars parked on the street and a few people walking on the sidewalk. The overall atmosphere of the image is bright and sunny."
547,2023-04-16 07:57:02+00:00,parisiensinparis,bromance ️,shotoniphone paris parisian parisien effortless style effortlesschic natural fashion denim denimmania parisianstyle leparisien laparisienne parisfashionweek pfw,26239,82,no_mention,"The image shows two police officers standing in front of a restaurant. They are both wearing black uniforms with bulletproof vests and helmets. The officer on the left is holding a knife and appears to be explaining something to the other officer. There is a woman walking on the sidewalk next to them. In the background, there is a man sitting at a table with a plate of food. The restaurant has a sign that reads ""Crispy Kreme""."
548,2023-02-25 15:59:21+00:00,facehunter,veni vidi streetstyli laid over in during and met… 12 martino fashion writer 34 venita model 5 khrystyna model 6 anna model,milano milan fashionweek streetstyle style styleinspiration stylefashion styleinspo mensfashion mensstyle modelstyle milanstyle milanfashion milanfashionweek italia italy facehuntermilan,812,27,martinocarrera venitaraquel krisshyn annaanne_ahn,"The image is a portrait of a man standing on a street. He is wearing a beige coat and a colorful scarf around his neck. The scarf is made up of different colors and patterns, including pink, blue, yellow, and green. The man has dark hair and is wearing glasses. He has a slight smile on his face and is looking directly at the camera. In the background, there are buildings and people walking on the sidewalk. The overall mood of the image is casual and relaxed."
549,2023-03-01 05:11:54+00:00,harrystyles,love on tour gold coast february 2023,no_hashtag,4658051,39562,no_mention,"The image is a collage of two photographs. The first photograph on the left shows a man in a blue jumpsuit performing on a stage with a crowd of people in the background. The stage is lit up with bright lights and there is a large archway in the center of the image. The man in the red shirt is in the middle of a dance move, with his arms stretched out to the sides and his legs bent at the knees. He appears to be in mid-air, with a determined expression on his face. The background is dark, suggesting that the photo was taken at night."
550,2023-04-16 07:03:45+00:00,parisiensinparis,,shotoniphone paris parisian parisien effortless style effortlesschic natural fashion denim denimmania parisianstyle leparisien laparisienne parisfashionweek pfw,7610,40,no_mention,"The image shows a man and a woman walking on a zebra crossing on a busy street. The man is wearing a black jacket and jeans, while the woman is wearing an orange jacket and blue jeans. They are both walking side by side, with the man's arm around the woman's waist. The street is lined with buildings on both sides, and there are a few people walking and riding bicycles on the sidewalk. The sky is blue and the sun is shining, casting shadows on the ground. The image appears to be taken from a low angle, looking up at the couple."
551,2023-04-24 14:08:42+00:00,facehunter,‍️ marina started to ride her through the capital of in 2016 as an during festival her pictures went viral and inspired many people men and women to join her for rides in the city marina still organises group bike rides “the idea came to me when i first moved out of baghdad and saw bike rentals my husband suggested to take a ride and i said i don’t know how to ride a bike he told me you did it before as a kid and it is something you don’t forget i went on it and it felt so amazing because it was something i couldn’t do for years i was told off doing it as a woman and when i tried again i felt free and didn’t like the feeling at the same time because i was so proud of myself i was telling myself it’s just a bike i shouldn’t be proud i didn’t like that my country took that little enjoyment that i had when i was little i was remembering my grandfather telling me not to i didn’t understand why but i followed it was not even my bike it was my cousin’s bike i didn’t have a bike in my life the feeling i had that moment made me want to ride a bike in baghdad and i thought what’s going to happen it’s just because people stopped doing things and maybe we should do it again i bought a bike and brought it all over baghdad i remember the first time it was intense i was so scared i could hear my heart beats it felt so amazing i remember at a checkpoint i was riding my bike and i was so scared they wouldn’t tell me off because it’s not illegal but in my head it was something i shouldn’t do i was riding and i saw him and i was trying to return i didn’t want him to say anything what he did he opened the barrier and let me pass”,baghdad bicycle iraq artproject womenempowerment womenartists womanartist womanpower artist baghdadi baghdad_iraq baghdadiraq iraqiartist iraqipainting iraqiartists iraqbaghdad performanceart facehunteriraq,1409,46,marina_zayed tarkib_baghdad,"The image shows a young woman sitting on a colorful rug in front of a large mural. She is wearing a pink and white patterned jacket and has long dark hair. The woman is looking up at the mural with a thoughtful expression on her face.

In the background, there is a painting of a man and a woman embracing each other. The man is lying on his back with his head resting on the woman's chest, while the woman is leaning in to kiss him on the cheek. The painting is done in a realistic style with vibrant colors and intricate details. The background is a mix of blue, green, yellow, and orange hues, creating a sense of depth and movement. The overall mood of the image is peaceful and serene."
552,2023-04-13 13:40:05+00:00,parisiensinparis,️️,shotoniphone paris parisian parisien effortless style effortlesschic natural fashion denim denimmania parisianstyle leparisien laparisienne parisfashionweek pfw,4974,8,no_mention,"The image shows a young woman standing on the side of a street in Paris, France. She is wearing a pink outfit and carrying a pink and black striped bag. The street is lined with buildings on both sides, and there are a few people walking on the sidewalk. The sky is blue and the weather appears to be sunny and warm. The woman is looking down at the street, and the street is wet, suggesting that it has recently rained."
553,2023-03-03 18:00:48+00:00,facehunter,looking for hope in the last divided capital will love save “ and couldn’t meet with each other for decades but since the checkpoints opened in 2003 people started to fall in love with each other and they were some bicommunal couples it happens to me as well a decade ago it was still something marginal but now it has become something more common it’s part of our daily life especially for the people of nicosia unification of the island is our dream it’s still a long way it should happen but first it’s important that we become part of our personal lives social circles and romantic relationships love will save the world i understand why people think that after many years a peaceful but separated coexistence would be more manageable but i don’t think cyprus is big enough for that especially with bigger problems that we are facing we have ecosystems being destroyed we have global warming we have diminishing resources we have crisis and violence all around the world cyprus is a small small place and it can become an example for a peaceful unification and more democratic ways of living i guess it’s attainable it’s just that people got used to think it’s impossible after many years but it’s not“ for nearly a halfcentury since 1974 the republic of cyprus and its capital nicosia have been split in two and separated by a unpatrolled buffer zone while here i heard as many opinions on the as people nevertheless there is a new generation of hoping that greeks and turks can come together ️ 1 μιχάλης michalis 23 alya 4 κάμπος kampos 5 mehmetemin 6 arzu 7 tayfun 8 bethel 9 father irinarochos or something similar 10 beran,nicosia cyprus turkishcypriots greekcypriots cyprusproblem cypriots cyprusdispute cyprusquestion cyprusconflict λευκωσία lefkosía lefkoşa κύπρος streetstyle style cypruslife cyprusisland travel travelphotography traveler traveling travelling travellife instatravel facehuntercyprus,752,11,berandjemal taurrusx memoland11 arzugenc8 tyfnadem,"The image shows a man sitting on a black chair in front of a store. He is wearing a brown vest, a white shirt, and brown trousers. He has a pair of brown knee-high boots on his feet. The man is looking off to the side with a serious expression on his face. Behind him, there is a store window with a sign that reads ""Cafe"". The store appears to be located on a cobblestone street."
554,2023-02-14 16:23:20+00:00,harrystyles,brits february 2023,no_hashtag,4166577,27485,no_mention,"The image shows a man sitting in the driver's seat of a black limousine. He is smiling and appears to be enjoying himself. The car is parked on a street at night, with a building visible in the background. The man is wearing a black jacket and has short blonde hair. The interior of the car is luxurious, with white leather seats and a sleek design. The door is open, and the man is looking out the window with a smile on his face."
555,2023-04-22 16:31:21+00:00,facehunter,old reminiscent of the 1920s to 1960s’ cultural boom in their glory and streets used to be home to baghdad’s intelectual scene and nightlife with one of the world’s oldest book markets cinemas photo 1 al zawraa built in 1936 was one of iraq’s first cinemas theatres and cafés where writers artists politicians intellectuals and students would gather after nearly half a century of neglect under saddam hussein who saw the area as a symbol of past rulers and the monarchy and later during the war the historic hub is recently going through a cultural renaissance thanks to a better safety situation many iraqis from all generations are being drawn to this spot to buy books celebrate their cultural heritage or just hang out feels so good to be here ️️️,baghdad iraqi alrasheed mutanabi oldbaghdad mutanabbi mutanabistreet iraq baghdad_iraq iraqesque iraqtravel traveliraq travel travelling travelphotography traveler traveling instatravel baghdadis baghdadistyle visitiraq travelawesome travelholic travellife travels travelingram travelpics facehunteriraq,2719,42,no_mention,"The image shows an old, dilapidated building on the corner of a street. The building appears to be in a state of disrepair, with peeling paint and crumbling walls. The top of the building is covered in rubble and debris, and there are several windows and balconies. The street is empty, with no cars or people visible. In the foreground, there is a person riding a scooter on the road. The sky is blue with some clouds, and the overall mood of the image is one of neglect and abandonment."
556,2023-02-07 03:26:37+00:00,harrystyles,grammys february 2023,no_hashtag,6415828,83042,no_mention,"The image shows a man kneeling on the floor in a dimly lit room. He is wearing a white shirt and khaki pants and has long curly hair. His hands are clasped together in front of him and he appears to be deep in thought. On the left side of the image, there is a gray trash can with a bottle of beer on top. The floor is covered with a gray carpet and there are a few items scattered around the room."
557,2023-02-02 21:33:23+00:00,harrystyles,love on tour palm springs ii february 2023,no_hashtag,4481353,29151,no_mention,"The image shows a man sitting on the floor of a room with a yellow floor. He is wearing a red jacket and appears to be deep in thought. On the left side of the image, there is a blue balloon floating in the air. The man is looking down at the ground with a serious expression on his face. In the background, there are stairs leading up to the top of the stairs. The image is taken from a low angle, looking up at the man and the balloon."
558,2023-06-03 12:32:25+00:00,watchingnewyork,june archives,streetfashion fashion street nyc nycfashion spring springfashion fashiontrends newyorkcity style streetstyle vintage thrift,36482,166,no_mention,"The image shows a young couple walking on a street. The woman is on the left side of the image, wearing a black crop top and a black mini skirt. She has long dark hair and is holding a skateboard in her left hand. The man on the right side is wearing a beige t-shirt, black pants, and black sneakers. He has curly hair and glasses. He is also holding a pink skateboard. They are both smiling and appear to be enjoying their time together. In the background, there are other people walking on the sidewalk and a yellow traffic light."
559,2022-05-11 19:21:31+00:00,oldprada,ss 2011 karen elson by sam taylorwood vogue italia mar 2011,oldprada prada miuccialover ss2011 karenelson samtaylorwood color drama mood dresses praduh iconic inspo love seasontoremember vogueitalia fashion editorial panosyiapanis,125,0,no_mention,"The image is the cover of a book titled ""By Sam Taylor-Wood"" by Karen Elson. The background is black and the title of the book is written in white text at the top. In the center of the image, there is a hand holding a red apple. The hand is positioned in a way that the apple is slightly tilted to the side. The apple appears to be fresh and shiny, with a smooth texture. The person's arm is visible in the foreground, with their left arm slightly bent at the elbow. The image has a vintage feel to it."
560,2023-04-07 16:10:00+00:00,parisfashionweek,“logical and functional as clothing yet fully at tuned to the elegance of contemporary lifestyles” discover the womenswear fallwinter 20232024 collection entitled “knitware” from by tapping the link in bio,parisfashionweek pfw cfcl,1842,16,cfcl_official,"The image shows a model walking on a runway. The model is wearing a strapless yellow dress with a black hat. The dress has a sweetheart neckline and is cinched at the waist with a thin black ribbon. The skirt of the dress is full and flows down to the floor. The outfit is completed with black gloves and black boots. The background is a gradient of pink and purple, with small white dots scattered throughout. The overall mood of the image is elegant and sophisticated."
561,2023-04-11 16:14:24+00:00,parisfashionweek,our photographer captured some specials moments during our last womenswear fallwinter 20232024 paris fashion week® get an access to all the collections by tapping the link in bio,parisfashionweek pfw samirnovotny,3531,21,samirnovotny,The image shows a young woman standing on a street with a building in the background. She is wearing a black and white patterned blouse with a high neckline and long sleeves. She has long braided hair styled in two braids and is wearing blue earrings. The woman is also wearing a pair of high-waisted blue denim jeans. She appears to be smiling and looking off to the side.
562,2023-05-28 11:44:06+00:00,prada,anushka sharma and storm reid in prada while attending the 76th cannes film festival anushka sharma wore a cherry pink double satin top with train detail and pants embellished with black sequin embroidery while attending the loreal light on women award during the 76th cannes film festival storm reid wore gold colored sequined gown with neckline on the back embellished by the detail of the bow train and gold brushed leather sandals while attending the amfar cannes gala during the 76th cannes film festival,pradapeople cannes2023,32677,199,anushkasharma stormreid festivaldecannes,"The image shows a young woman posing on a black carpet at an event. She is wearing a strapless pink top with a high neckline and a long, flowing pink ribbon tied around her waist. The top is cinched at the waist with a black sequin skirt. She has long dark hair styled in loose waves and is wearing black high heels. The background is black with the words ""L'Oreal Paris"" and ""Light on Women"" written in white. The woman is standing with one hand on her hip and the other resting on her thigh."
563,2022-05-11 19:21:14+00:00,oldprada,ss 2011 karen elson by sam taylorwood vogue italia mar 2011,oldprada prada miuccialover ss2011 karenelson samtaylorwood color drama mood dresses praduh iconic inspo love seasontoremember vogueitalia fashion editorial panosyiapanis,288,0,no_mention,"The image shows a young woman standing on a stage with a wooden chair in front of her. She is wearing a blue and black striped sweater, a black skirt, and black shoes. Her hair is styled in loose waves and she is holding a phone to her ear with one hand. The background is dark and there is a green curtain on the right side of the image. The woman appears to be deep in thought, with a serious expression on her face."
564,2022-05-11 19:21:46+00:00,oldprada,ss 2011 karen elson by sam taylorwood vogue italia mar 2011,oldprada prada miuccialover ss2011 karenelson samtaylorwood color drama mood dresses praduh iconic inspo love seasontoremember vogueitalia fashion editorial panosyiapanis,259,0,no_mention,"The image shows a young woman standing on a stage with her arms stretched out to the sides. She is wearing a striped dress in shades of pink, orange, and black. Her hair is styled in loose waves and falls over her shoulders. She has a serious expression on her face and is looking directly at the camera. The background is black, making the woman stand out even more."
565,2023-03-29 16:10:28+00:00,parisfashionweek,the talented brings us into the streets of show during the last womenswear fallwinter 20232024 paris fashion week® tap the link in bio to access all the collections on our platform,parisfashionweek pfw linebrusegan,2716,32,linebrusegan off____white,"The image is a close-up of a man's face. He appears to be in his late twenties or early thirties. He has long braided hair that is styled in two braids on top of his head. He is wearing a gray suit jacket and sunglasses. The man is smiling and looking off to the side. In the background, there are people holding cameras and microphones, suggesting that he is being interviewed or interviewed."
566,2023-05-28 16:03:13+00:00,prada,alexa chung and alice rohrwacher in prada while attending the 76th cannes film festival alexa chung wore a fuchsia nylon crêpe dress with draping and wide train crystalembellished bag and black satin décolleté while while attending the ‘killers of the flower moon’ premiere during the 76th cannes film festival alice rohrwacher wore a white poplin top with wide builtup sleeves paired with an inky blue tec satin paneled skirt while attending the ‘la chimera’ premiere during the 76th annual cannes film festival,pradapeople alicerohrwacher cannes2023,15068,73,alexachung festivaldecannes,"The image shows a woman posing on a red carpet at a formal event. She is wearing a strapless, floor-length, pink gown with a train that flows behind her. The gown has a sweetheart neckline and is fitted at the waist. The woman is holding a black handbag and is standing with one hand on her hip and the other resting on her thigh. She has long dark hair styled in loose waves and is wearing black heels. In the background, there are photographers and photographers taking pictures of the event. The red carpet is lined with palm trees and there are buildings visible in the distance."
567,2023-03-24 17:10:31+00:00,parisfashionweek,for fall winter wardrobe at weinsanto we have a range from daywear classics and workwear to escapism couture extravaganzas is inspired by cultural icons like satc and the full womenswear fallwinter 20232024 show is available on our platform link in bio,parisfashionweek pfw weinsanto,3718,25,weinsanto badgalriri,"The image shows a woman standing in front of a white background. She is wearing a short, flowy dress with a floral pattern in shades of blue, yellow, and green. The dress has a high neckline and short sleeves. The woman is also wearing a large, feathered headpiece that covers her head and shoulders. The headpiece is made up of multiple layers of fabric, creating a unique and eye-catching design. The fabric appears to be made of a soft, lightweight material, and the woman is posing with one hand on her hip and the other resting on her thigh. She has a tattoo on her left arm and is looking directly at the camera with a confident expression."
568,2022-05-09 18:00:47+00:00,oldprada,ss 2002 vogue italia mar 2002 “variation on gold” by glen luchford,oldprada miuccialover editorial glenluchford prada fashion icons mood color ss2002 vintageprada love inspo vogueitalia francasozzani inspired jacquardfabric chic tuttoprada amo gorge obsessed annacockburn,881,3,no_mention,"The image shows two women standing in a hallway with their backs to the camera. The woman on the left is wearing a pair of leopard print shorts and high heels, while the woman in the middle is wearing shorts and a leopard-print top. Both women are leaning against a white wall, with one of them leaning against the wall and the other leaning against it. On the floor in front of them, there is a gold handbag with a black handle. The image appears to be taken from a low angle, looking up at the women."
569,2023-05-29 07:35:12+00:00,prada,anaïs demoustier in prada while attending the 76th cannes film festival anaïs demoustier wore a prada champagne colored organza gown with neckline trimmed with grosgrain ribbon embroidered with pearls and crystals and embellished with jais embroidery and microcrystal fringes anaïs demoustier wore a prada black patent leather dress embellished with handpainted gold shades while attending the opening ceremony of the 76th cannes film festival,pradapeople anaïsdemoustier cannes2023,18469,57,festivaldecannes,"The image shows a woman standing on a red carpet at a formal event. She is wearing a long, floor-length gown with a high neckline and a fitted bodice. The dress is covered in silver sequins that sparkle in the light. The woman is posing with one hand on her hip and the other resting on her thigh. She has a serious expression on her face and is looking directly at the camera. In the background, there are photographers and photographers taking pictures of the event. The red carpet is lined with palm trees and there are buildings visible in the distance."
570,2023-03-26 16:00:00+00:00,parisfashionweek,“he expresses his attachment to his moroccan roots through his sense of lines and volumes inspired by traditional moroccan clothing” defines contemporary silhouettes mix with his craft discover the womenswear fallwinter 20232024 collection by tapping the link in bio,parisfashionweek pfw benjaminbenmoyal,2756,23,benjaminbenmoyal,"The image shows a man and a woman standing side by side in front of a dark grey background. The woman is on the left side of the image, wearing a colorful outfit with a floral pattern and a baseball cap. She has red hair and is looking down at the ground with a serious expression on her face. The man is standing on the right side, with his hands in his pockets and his head tilted slightly to the side. He is wearing a long-sleeved shirt with a geometric pattern in shades of blue, green, and purple, and a pair of trousers with a high-waisted fit. Both men have dreadlocks and are wearing black shoes."
571,2023-04-02 16:25:00+00:00,parisfashionweek,“you can be a sweet dream or a beautiful nightmare” the designers’s duo and bryn taubensee behind nyc mark a strong return with this womenswear fallwinter 20232024 paris fashion week® discover the full collection on our platform link in bio,parisfashionweek pfw vaquera,2183,24,patric_heavenly6 vaquera,"The image shows a model walking down a runway during a fashion show. The model is wearing a green jacket with a camouflage pattern and black pants. She is also wearing a white mask with a white feather on top. The mask is covering her face and neck, and she is holding a small black object in her hands. The background is dark, and there are people sitting on either side of the runway, watching the model. The overall mood of the image is dramatic and edgy."
572,2023-03-20 16:57:43+00:00,parisfashionweek,“details are forgotten and recalled again bringing thoughts back to a time or place or person” proposes an androgynous landscape through the reinterpretation of his traditional wardrobe tap the link in bio to discover the full lookbook,parisfashionweek pfw niccolopasqualetti,1707,24,niccolopasqualetti,"The image shows a young woman standing on a brown surface with a white background. She is wearing a white dress with long sleeves and a long, flowing skirt. The dress is made of a light-colored fabric with a crochet pattern in shades of yellow and white. The woman is also wearing a large, yellow scarf that is draped over her shoulders. She has a pair of black boots on her feet and is looking directly at the camera with a serious expression. The overall style of the outfit is traditional and elegant."
573,2023-05-05 12:36:20+00:00,facehunter,iraqiswedish sara recently had an exhibition heal 30 and performance iq in i had the chance to have a coffee with her and chat about identity art traumas and moving to iraq i grew up in sweden and i came to looking for two things to explore the art scene to find the piece of my identity that ive always been missing im not done yet with my quest i will always be feeling this when im here im not completely home it feels like home but it is so far away from home at home in sweden i feel like at home but there is something missing my art show started out as a meditative means for healing my traumas and therapy there is a momentum right now in iraq things are changing and people feel hope and want to come back to their roots i have several friends from the diaspora who are considering moving back i actually want to move here im trying to arrange that for september in sweden the streets are clean life is comfortable i value that there is a safe system but are they the most important things in my life the social life the warmth the social closeness to my people my heritage and my language are way more important to me”,artist baghdad iraq iraqiartist iraqidiaspora iraqiwoman creativeiraq back2theroots iraqiart facehunteriraq,710,18,saraalmosaibijasas thegallery,"The image shows a young woman standing in an art gallery. She is wearing a white blouse and black pants. She has long dark hair and is smiling at the camera. In her hand, she is holding up a large pink sculpture that appears to be made of plastic or a similar material. The sculpture is in the shape of a hand with multiple fingers and a thumb and index finger. The background of the image shows several paintings hanging on the walls and a red rope barrier."
574,2023-03-22 17:10:00+00:00,parisfashionweek,“in aw23 rui attempts to create an enclosed private experience by describing the texture of the shell“ discover the full womenswear fallwinter 20232024 collection from me on our platform link in bio,parisfashionweek pfw rui,1586,15,ruiofficial,"The image is a portrait of a young woman posing in a unique outfit. She is standing with her body slightly turned to the side, with her hands on her hips. The outfit is a sleeveless dress with a unique design that is made up of multiple layers of green and black stripes. The stripes are arranged in a zigzag pattern, creating a geometric and eye-catching look. The woman has long black hair styled in loose waves and is wearing a pair of white gloves on her left hand. She has a serious expression on her face and is looking directly at the camera. The background is plain white."
575,2022-05-09 18:01:14+00:00,oldprada,ss 2002 vogue italia mar 2002 “variation on gold” by glen luchford,oldprada miuccialover editorial glenluchford prada fashion icons mood color ss2002 vintageprada love inspo vogueitalia francasozzani inspired jacquardfabric chic tuttoprada amo gorge obsessed annacockburn,374,0,no_mention,"The image shows two young women lying on a gray couch. The woman on the left is lying on her back with her legs stretched out in front of her. She is wearing a gold sequin top and a maroon skirt. She has long blonde hair and is looking off to the side with a serious expression on her face. The other woman is lying next to her, with her arms stretched out to the sides and her legs bent at the knees. Both women are wearing gold high heels. The background is a plain white wall. The overall mood of the image is somber and contemplative."
576,2023-05-19 13:43:03+00:00,cameramodafashiontrust,we are thrilled to present the copresidents and members of the international committee of the cnmi fashion trust grant 2023 their invaluable experience will allow three up to four independent brands based in italy to receive our support,no_hashtag,464,1,no_mention,"The image is a black and white portrait of Carlo Capasa, a member of the CNMI Fashion Trust. He is wearing a suit and tie and is standing with his arms crossed in front of him. He has a serious expression on his face and is looking directly at the camera. The background is plain white. On the top right corner of the image, there is text that reads ""CNMIFashion Trust Grant 2023"". Below the text, there are two smaller text boxes that read ""Carlo Capasa"" and ""Committee Member""."
577,2022-05-09 18:01:03+00:00,oldprada,ss 2002 vogue italia mar 2002 “variation on gold” by glen luchford,oldprada miuccialover editorial glenluchford prada fashion icons mood color ss2002 vintageprada love inspo vogueitalia francasozzani inspired jacquardfabric chic tuttoprada amo gorge obsessed annacockburn,136,0,no_mention,"The image is a black and white photograph of a person's face. The person appears to be standing in front of a window with a white curtain. The background is blurred, but it seems to be a room with a window on the right side. On the top left corner of the image, there is a text that reads ""variation on gold. by glen luchford"". The text is written in a bold, sans-serif font and is centered on the image."
578,2022-06-28 22:29:16+00:00,zendaya,️,no_hashtag,4314715,8273,vogueitalia,"The image is a close-up portrait of a woman's face. She has dark hair that is styled in loose waves and falls over her shoulders. Her eyes are closed and her lips are slightly parted. She is wearing a dramatic makeup look with a bold pink and purple color scheme. The makeup is applied in a way that creates a dramatic and dramatic effect. There are several red drops of blood dripping down her face, adding a pop of color to the overall look. The overall mood of the image is dark and dramatic."
579,2023-06-02 14:00:10+00:00,prada,the prada caffè is a space designed to add a new dimension to the brand and offer customers a unique and engaging experience using timetested prada codes discover more via link in bio,pradacaffe prada,64023,177,no_mention,"The image shows a large, light green door with the word ""PRADA"" written in black capital letters above it. The door appears to be in a room with white walls and a beige carpeted floor. On either side of the door, there are two white columns with intricate carvings. The overall aesthetic of the room is elegant and sophisticated."
580,2022-06-28 18:30:06+00:00,zendaya,,no_hashtag,5090976,10618,vogueitalia,"The image is a black and white photograph of a young woman sitting on a chair. She is wearing a sleeveless dress with a high neckline and a statement necklace. Her hair is styled in loose waves and she is looking up towards the sky with a dreamy expression on her face. The background is blurred, but it appears to be a room with a chandelier hanging from the ceiling. The overall mood of the image is dreamy and ethereal."
581,2022-03-03 18:51:47+00:00,zendaya,future human,no_hashtag,9528960,18429,no_mention,"The image is a black and white portrait of a young woman. She is standing in front of a wall with a rough texture. The woman is wearing a strapless dress and her hair is styled in a short, spiky cut. She has a serious expression on her face and is looking directly at the camera. The lighting is soft and natural, highlighting the woman's features. The overall mood of the image is somber and contemplative."
582,2022-05-23 16:59:38+00:00,zendaya,a great honor thank you for this acknowledgment and to denis for his kind words this means the world to me️,time,5970056,14355,time,"The image is the cover of Time 100 magazine. It features a portrait of a young woman, Zendaya, on the cover. She is wearing a red strapless dress with ruffles on the shoulders and a choker necklace. Her hair is styled in loose waves and she is looking off to the side with a serious expression on her face. The background is a solid red color. The magazine title ""Time 100"" is written in bold white letters at the top of the cover, with the word ""Zendaya"" written in smaller white letters below it."
583,2023-05-29 16:00:12+00:00,prada,as part of an ongoing partnership between prada and red bull prada linea rossa has joined red bull rio conquest a renowned street skate competition challenging athletes as well as young talents for the first time in rio de janeiro brazil discover more via link in bio,pradalinearossa redbull redbullrioconquest,42797,481,no_mention,"The image shows a skateboarder performing a trick on a ramp at a skate park. The ramp is red and white with the word ""PRADA"" written on it. The skater is wearing a black t-shirt, black pants, and a black beanie. He is in mid-air, with his skateboard in the air and his arms stretched out to the sides. The background shows empty bleachers and a blue sky. The image appears to have been taken during the day."
584,2022-03-29 15:39:42+00:00,zendaya,vanity fair 2022,no_hashtag,10633517,30201,no_mention,The image is a portrait of a young woman posing in a formal attire. She is wearing a black blazer with a pink shirt underneath and a black tie. The blazer has a white lapel pin with a floral design on it. She has her hands on her hips and is wearing multiple rings on her fingers. Her hair is styled in a sleek updo and she is looking directly at the camera with a serious expression. The background is a plain white wall with a blue curtain.
585,2022-03-03 16:10:17+00:00,zendaya,one of my all time favorite shoots for such a special collaboration directed by denis villeneuve and shot by,no_hashtag,5917917,10095,wmag jackdavisonphoto,"The image is a movie poster for the film ""Zendaya"" directed by Denis Villeneuve. The background is a dark blue sky with white clouds. In the center of the poster, there is a large image of a woman with her arms stretched out in front of her. She is wearing a black dress with a high neckline and long sleeves. Her hair is styled in a dramatic updo and she is looking off to the side with a serious expression on her face.

The title of the film is written in bold yellow letters at the top of the image, with the word ""W"" in a larger font size than the rest of the text. Below the title, the director's name, ""Directed by"" is written below the title in smaller font size. The overall color scheme of the design is black, white, and gold."
586,2023-04-21 09:50:29+00:00,milanfashionweek,presents woven spectrum a dreamy installation of soft visual artworks created by american artist in collaboration with creative director featuring at etro home collection boutique part of milano moda design calendar we were especially interested in how colors can define an era and how these particular colors go in and out of fashion about the creative flow behind the woven spectrum installation in collaboration with etros creative director for,milandesignweek,774,7,etro amyplincoln marcodevincenzo amvplincoln,"The image shows a bedroom with a large bed in the center. The bed is covered with a black and gold patterned comforter and has two pillows on top. The walls are painted in a dark purple color with a mural of trees and a sunburst design. On the left side of the bed, there are two circular lights hanging from the ceiling. The room is dimly lit with blue and purple lights. The overall mood of the room is peaceful and serene."
587,2023-05-27 21:00:48+00:00,urbanoutfitters,its almost lounge at the pool all day season dress accordingly–new arrivals at the link in bio,no_hashtag,2541,6,no_mention,"The image shows a young woman standing under a palm tree in a tropical setting. She is wearing a white crop top and a white skirt with fringes hanging from the bottom. Her hair is styled in loose waves and she is looking down at the ground with a serious expression on her face. The background is filled with lush greenery, including palm trees and other tropical plants. The overall mood of the image is peaceful and serene."
588,2023-04-21 15:48:03+00:00,milanfashionweek,on the occasion of and part of milano moda design calendar presents for the very first time at palazzo orsini a selection of armanicasa furniture and furnishings a unique display creates a path from the hidden garden – accessed from the 17th century porticoed courtyard – through the frescoed rooms usually reserved for haute couture unveiling the new designs one after the other,milandesignweek mmd milanomodadesign armanicasa salonedelmobile giorgioarmani,1309,6,giorgioarmani,"The image shows a luxurious living room with a high ceiling and ornate decorations. The room has a large window on the right side, allowing natural light to enter the space. The walls are made of wood paneling and the ceiling is decorated with intricate patterns and designs. The floor is covered with a gray carpet and there are several wooden furniture pieces scattered throughout the room, including a sofa, armchairs, and a coffee table. The furniture is arranged in a way that creates a cozy and inviting atmosphere. The overall color scheme of the room is warm and inviting, with a mix of beige, brown, and black tones."
589,2023-04-18 15:57:42+00:00,milanfashionweek,unveils the missoni home collection 2023 during milano moda design unusual colours innovative fabrics iconic features and new symbols the result is a stronger and playful identity where functionality and aesthetics follow on from simplification of the shape the fabric is the very soul of the missoni brand it is an emotional driver compelling and the main design feature of the furnishing range the brand heritage lies in the heart and soul of the alltime classic designs new lifeblood is generated also by innovative patterns while colour and art are key factors multiform textiles are the other distinctive feature,milandesignweek missoni,844,9,missoni,"The image shows a modern living room with a large abstract art piece hanging on the wall. The art piece is made up of multiple vertical stripes of different colors and patterns, creating a zigzag-like effect. The stripes are arranged in a diagonal pattern, with each stripe having a different color and texture. The colors range from bright and vibrant to muted and subtle, with shades of blue, green, yellow, orange, pink, and purple.

In front of the art piece, there is a white sofa with colorful throw pillows in shades of pink, blue, and yellow. On the right side of the sofa, there are two round ottomans in different colors - one with a striped pattern and the other with a geometric pattern. The floor is made of concrete, and the walls are painted a light purple color. The overall style of the room is bright and cheerful, with a mix of geometric and abstract elements."
590,2023-04-19 10:14:44+00:00,milanfashionweek,enter the timeless elegance and unbound creativity of valentino vintage on the occasion of milano moda design presents a unique secondhand initiative of the maison valentino vintage reframes its iconic design dna and expands its universe through the many historical layers of the past the madame pauline store in milan offers a new idea of vintage one based on an eccentric and strong personality the store conjures up images of a sitting room in a mid20thcentury apartment creating the perfect setting for a unique timeless discovery,milandesignweek,5072,27,maisonvalentino,"The image shows the entrance of a clothing store. The store has a large glass window with a green awning above it. Above the window, there is a white neon sign with the letter ""V"" in a cursive font. The sign is lit up with bright lights, creating a warm and inviting atmosphere. Through the glass window, we can see mannequins wearing dresses in various colors and styles. The floor is made of concrete, and there are other clothing items visible in the background."
591,2023-05-26 18:17:30+00:00,urbanoutfitters,did we get it right,uohome,2004,18,no_mention,"The image is a collage of six different zodiac signs as cute UO home items. 

The first image on the top left shows a pink armchair with the word ""Aries"" written on it. Next to it, there is a bed with a white comforter and pillows. The second image in the top right shows a green nightstand with a lamp on top. The third image is of a taurus zodiac sign. The fourth image is from the bottom left corner of the image. The fifth image is in the center of the collage. The sixth image is on the bottom right corner.

There are six smaller images in total, each representing a different sign of the zodiac. The first image shows a cancer symbol, the second image shows an elephant with a crown on its head, the third image shows two elephants with crowns on their heads, the fourth image shows three elephants with their heads facing each other, and the fifth image shows four zodiac symbols - Cancer, Leo, and Virgo. The text above the images reads ""The Zodiac Signs as Cute UO Home Items""."
592,2023-04-20 17:31:20+00:00,milanfashionweek,presents the new home collection at roberto cavalli boutique on the occasion of milano moda design,milandesignweek robertocavalli mmd,1379,13,roberto_cavalli,"The image shows a luxurious living room with a modern and elegant design. The room has a high ceiling with recessed lighting and a large mirror on the left side. The walls are painted white and the floor is covered with a light-colored carpet.

In the center of the room, there is a large sectional sofa with colorful throw pillows in shades of blue, purple, and gold. Next to the sofa, there are two round ottomans with leopard print cushions. On the right side of the image, there appears to be a staircase with a black metal railing. The staircase is decorated with a large screen displaying a map of the world. The overall color scheme of the space is warm and inviting, with a mix of blues, greens, and yellows."
593,2022-06-28 13:36:47+00:00,zendaya,such a dream shooting this cover thank you so much for having me shot by the incredible,no_hashtag,4496011,10272,vogueitalia elizavetaporodina,"The image is the cover of a Vogue Italian magazine. It features a portrait of a young woman posing in a glamorous outfit. She is wearing a white dress with a plunging neckline and a statement necklace. Her hair is styled in a sleek updo and she is looking directly at the camera with a sultry expression. The background is a gradient of yellow and purple, with the word ""Vogue"" written in a bold, cursive font at the top and ""Italia"" in a larger font size at the bottom. The overall color scheme of the cover is vibrant and eye-catching."
594,2023-05-28 20:00:16+00:00,dudalina,seja qual for a ocasião um look da duda é sempre uma escolha certeira por isso trouxemos algumas inspirações com os lançamentos que acabaram de chegar em nosso site para te ajudar a arrasar nas composições de inverno arrasta pro lado para conferir todas elas e conte pra gente qual a sua favorita ref 53032127 91012503 91012705 66020563 66020572 91012742 53010981 01060171,dudalina inverno2023 outonoinverno jaqueta camisa tricot,465,4,no_mention,"The image shows a woman standing in a studio with a plain white background. She is wearing a white blouse with long sleeves and a button-down front. The blouse has a collar and appears to be made of a lightweight fabric. The woman is also wearing a pair of brown trousers and brown heels. She has her hands in her pockets and is looking directly at the camera with a serious expression. The text on the image reads ""Isolação scro de días de l'ivorno"" which translates to ""I love you"" in English."
595,2023-04-19 07:41:42+00:00,milanfashionweek,for milano moda design casa presents design wears fashion a special project that creates a juxtaposition and interaction between two separate yet connected fields with four special editions of the trussardi nebula armchairs reinterpreted through a combined lens of fashion and design,milandesignweek,1260,11,trussardi,"The image shows a modern and luxurious room with a high ceiling and white walls. The room has a large window on the right side, allowing natural light to enter the space. On the left side, there is a white armchair with a round cushion and a beige ottoman. In the center of the room, there are several rows of white panels arranged in a grid-like pattern, creating a wall-like effect. A mannequin with a long, flowing dress is hanging from the ceiling, adding a touch of elegance to the room. The floor is covered with a light-colored carpet, and the overall color scheme is neutral and elegant."
596,2023-04-21 17:47:55+00:00,milanfashionweek,opens the doors of the latest versace home collection in a space of great visual impact to present its new collection that combines fashion luxury and living,milanomodadesign versacehome versace milandesignweek salonedelmobile,2115,11,versace,"The image shows a modern living room with a large gold-framed mirror hanging on the wall above a white marble coffee table. In the center of the table, there is a black sculpture of a face with two leaves on either side. The sculpture appears to be made of a dark material and has a glossy finish. Above the sculpture, there are several potted plants with green leaves, adding a touch of greenery to the room. The room is furnished with a white sofa and a coffee table with a lamp on it."
597,2023-05-22 20:00:14+00:00,dudalina,a qualidade que você conhece com detalhes e padronagens atualizadas aposte nos lançamentos em camisaria para garantir o toque de sofisticação e modernidade que a sua rotina merece acesse nosso site e confira todas as novidades de inverno que vão deixar seu guardaroupa cheio de estilo e elegância link na bio ref 53032104 5304255 53010996 53042870 53010975,dudalina inverno2023 camisaria camisasmasculinas camisadudalina,235,0,no_mention,"The image shows a man standing in front of a plain white background. He is wearing a blue and black checkered button-down shirt and blue jeans. He has a beard and is looking off to the side with a serious expression on his face. His hands are clasped in his pockets and he appears to be deep in thought. The text on the top left corner of the image reads ""Campbell's""."
598,2023-04-20 12:50:29+00:00,milanfashionweek,and celebrate milano moda design by unveiling the new home collection under the artistic direction of at the flagship boutique in piazza della scala milan,milandesignweek,2227,14,fendi fendicasaofficial silviaventurinifendi,"The image shows a modern and luxurious living room with a high ceiling and white walls. The room has a large arched window on the left side, allowing natural light to enter the space. On the right side of the room, there is a large sectional sofa with beige cushions and a coffee table in front of it. The sofa is placed against a white brick wall with the word ""FENDI"" written in black capital letters. The floor is covered with a brown area rug, and there are several potted plants scattered around the room. The overall aesthetic of the space is minimal and contemporary."
599,2023-05-28 03:40:00+00:00,spfw,inspirado na infância do sertão piauiense e na simplicidade do trabalho manual de suas tias e avós trouxe um desfile suave e tocante para a passarela do o artista usou técnicas de fuxico e amarrações com tiras de malha para construir peças elegantes e contemporâneas em uma cartela de cores enxuta porém impactante o artesanato é algo novo para weider que inclusive pretende expandir esse segmento a fim de fortalecer e preservar os saberes ancestrais que a técnica carrega,spfw spmdet prefsp édasuavida iguatemispfw soudealgodao moda criatividade empreendedorismo modaearte spfworigens sousenacmoda senacmoda komplexotempo diversidade sustentabilidade localiza localizaemmovimento právocêchegarlá ypenospfw andjustlikethat nasescadasdacarrie,2578,45,weidersilveiro agfotosite,"The image shows a close-up of a woman's head and upper body. She is wearing a green jacket and large, circular earrings. Her hair is styled in a braided bun with black and white braids. The background is blurred, but it appears to be a runway or a fashion show. The woman is looking off to the side with a serious expression on her face."
600,2023-05-19 21:00:10+00:00,dudalina,preparese para inverno com nossos lançamentos jaquetas elegantes e atemporais das mais leves às mais pesadas itens versáteis e com modelagens especiais para te acompanhar em todos seus momentos acesse nosso site e garanta já seu favorito link na bio ref 66010456 66020651 66010483 66010461 66010452,dudalina inverno2023 casacos jaquetas outonoinverno,216,2,no_mention,"The image shows a man standing in a studio with a white background. He is wearing a black jacket with a hood and a white t-shirt underneath. He has a beard and is looking directly at the camera with a serious expression on his face. The jacket has a zipper closure and two pockets on the front. The man is also wearing grey jeans and white sneakers. The text on the image reads ""Champion"" in white letters."
601,2023-05-31 14:35:35+00:00,urbanoutfitters,so which one is your mood new needlepoint pillows from at the link in bio,uohome,24351,75,furbishstudio,"The image shows a rectangular pillow with a colorful patchwork design on it. The pillow is placed on a brown couch with a beige cushion in the background. The patchwork is made up of different colors and patterns, including red, blue, green, yellow, and orange. In the center of the pillow, there is a text that reads ""This is a horrible idea, what the should I think?"" The text is written in a cursive font and is surrounded by a white border. The overall style of the patchwork appears to be vintage or retro."
602,2023-05-31 00:58:41+00:00,whowhatwear,in our world the onset of long summer days signifies more opportunities to put together great outfits with vacations seasonal events and warm weather almost upon us were looking to our editors for insights on the trends worth shopping for the season ahead from a fresh way to wear color to the shoes every fashion insider is shopping tap the link in our bio to see all the major editorapproved trends of summer 2023 photos getty images,no_hashtag,2867,21,chanelofficial josefinehj jacquemus sofiarichiegrainge endlesslyloveclub,"The image is a collage of two photographs. On the left side, there is a model walking down a runway wearing a white tweed outfit with a black belt. The outfit consists of a long-sleeved blouse with a high collar and a button-down front. The model is also wearing a pair of black and white striped socks and white high heels. She has her hair styled in a sleek updo and is looking off to the side with a serious expression on her face.

On the right side of the image, there are two photographs side by side. The first photograph on the left shows the model walking in front of a stone wall, while the second photograph shows a close-up of the model's feet wearing a black hat with a white Chanel logo on it. The hat is resting on a white bench. The background is blurred, but it appears to be a city street with buildings and trees."
603,2023-05-25 20:00:09+00:00,dudalina,em um relacionamento sério com os tons terrosos a estação mais fria está chegando e estamos cheios de novidades para aquecer você e o seu amor com muita elegância confira os lançamentos em nosso site ou lojas físicas e mantenha a sofisticação nesse inverno link na bio ref 53032125 66010430 01060172 91012503,dudalina inverno2023 outonoinverno jaqueta,341,8,no_mention,"The image shows a clothes rack with three clothes hanging on it. On the left, there is a white shirt hanging on a wooden hanger, and on the right, there are two brown jackets hanging on the rack. The jackets appear to be made of a soft, suede-like material and have a zipper on the front. The background is blurred, but it appears to be a room with a white wall and a window. The text on the image reads ""amor a yoda duda"" which translates to ""amour a yoida duda""."
604,2023-05-28 01:09:39+00:00,spfw,já passou no lounge da além de poder fazer fotos e vídeos incríveis você também pode conhecer de perto os looks de uma collab ypê a marca e a designer espanhola paula ulargui a blooming collection é uma coleção de roupas simbióticas com flores que nascem do tecido inspirada no conceito do perfume que floresce nas roupas com o uso dos amaciantes ypê,no_hashtag,1011,12,oficialype martins__________ ulargui_escalona,"The image shows a close-up of a mannequin wearing a white dress made of green grass. The dress is displayed on a stand with a banner in the background that reads ""BLOOMING COLLECTION"" and ""Tom Martins"" with the name ""Paula Glaser"" underneath. The background is blurred, but it appears to be an indoor space with a blue and yellow color scheme. On top of the dress, there is a string of colorful beads hanging from the ceiling."
605,2023-05-28 02:37:40+00:00,spfw,os cartões do estão até nos backstages das marcas que desfilam em nossa passarela lindos e com muitos benefícios,édasuavida,398,8,c6bank,"The image shows a collection of C6 Bank credit cards in various colors. There are six cards in total, each with a unique design and color scheme. The cards are arranged in a scattered manner, with some overlapping each other. The colors of the cards are pink, blue, green, yellow, orange, and red. The background is blurred, but it appears to be a desk or table with a few pens and pencils scattered around. The image is taken from a top-down perspective, looking down on the cards."
606,2023-05-28 00:10:21+00:00,spfw,a trouxe um pouco de ny para o nosso festival a famosa escadaria do prédio de carrie bradshaw personagem das série sexy and the city e and just like that é espaço certo para tirar fotos de looks com a hashtag,nasescadariasdacarrie,862,67,hbomaxbr,"The image shows a woman standing on the steps of a building. She is wearing a long, light blue dress with a floral pattern and thigh-high boots. The dress has a high neckline and long sleeves. She has long blonde hair and is looking off to the side with a serious expression on her face. The building behind her has ornate carvings on the walls and a large wooden door with blue curtains. There is a sign on the right side of the image that reads ""BRONTOX"". The building is surrounded by greenery and there are potted plants on either side."
607,2023-05-26 22:24:21+00:00,whowhatwear,oh to be kendall jenner in the south of france carrying the it bag of summer a raffia tote while jenners oversized bottega veneta is certainly a dream bag at 3k there are plenty of ways to get the look on a budget shop some of our favorite and more affordable fashion editorapproved summer bags at the link in our bio photos backgrid splash news,no_hashtag,52170,209,no_mention,"The image shows a young woman walking up a set of stairs on a rocky cliff. She is wearing a long, navy blue jumpsuit with a scoop neckline and thin straps. She has a straw bag slung over her shoulder and is wearing black sandals. The woman is also wearing sunglasses and has her hair pulled back in a sleek bun. The stairs are made of stone and have a metal railing on one side. The background is blurred, but it appears to be an outdoor setting with a clear blue sky."
608,2023-05-26 21:00:09+00:00,dudalina,a jaqueta trendy da estação trucker de suede com pelúcia aposte na composição com jeans para um look casual sofisticado acesse nosso site e confira todos os lançamentos de inverno que vão te aquecer com muita elegância link na bio ref 66010430,dudalina inverno2023 jaqueta outonoinverno,483,10,no_mention,The image shows a young woman wearing a brown suede jacket. The jacket has a collar and two pockets on the front. The woman is also wearing a pair of blue jeans with ripped knees. She is standing with her hands in her pockets and is looking directly at the camera with a serious expression. The background is plain white.
609,2023-05-28 23:40:02+00:00,whowhatwear,if you thought the y2k style movement was over think again its simply evolving in a more refined direction with romantic and edgy elements intersecting for a highly stylized approach to early 2000sinspired dressing tap the link in our bio to learn about 7 brands spearheading the sartorial shift photos vt h,highlydocumented,9598,30,oliviarodrigo rosalia sandyliang barbieferreira stxph linmick,The image is a selfie of a young woman standing in a bathroom. She is wearing a black corset with pink bows on the sides and a pink mini skirt. She has long dark hair and is holding a phone in her right hand. The woman is posing with one hand on her hip and the other resting on her thigh. The bathroom has a white tiled floor and a white door in the background.
610,2023-05-20 17:22:29+00:00,versace,donatella versace and dua lipa request the pleasure of your company to be part of la vacanza watch the codesigned womens collection debut on tuesday may 23rd in cannes south of france the collection will be available instore and at versacecom immediately following the show,versacelavacanza,192271,586,no_mention,"The image is a photograph of a handwritten invitation card. The card is white with black text. The text is written in a cursive font and is centered on the card. Below the text, there is a list of names written in blue ink. The names are:

- Jonathan Versace
- Laura Lipa
- Request the pleasure
- If your company to be party
- La Vacanza
- Tuesday, May 25
- Wednesday, May 26
- Thursday, May 27
- Friday, May 28
- Saturday, May 29
- Sunday, May 30

At the bottom of the card, there are two signatures, one in black and one in white. The first signature reads ""Donate Versace"" and the second reads ""Join the celebration from June 27th to June 31st.""

The card appears to be a formal invitation for a wedding or other special occasion."
611,2022-08-15 13:38:45+00:00,oldprada,ss 2006 vogue italia mar 2006 “pale shades” by glen luchford,oldprada miuccialover inspo vibes prada vogueitalia archive fashion 2000s tuttoprada chic moody throwback vintageprada nicolettasantoro fashionphotography monday glenluchford doutzenkroes,236,2,no_mention,"The image is a black and white photograph of a woman standing in front of a window with sheer curtains. She is wearing a long, flowing dress with a high neckline and short sleeves. Her hair is styled in an updo and she is looking off to the side with a serious expression on her face. The background is blurred, but it appears to be a room with a window and a curtain. The overall mood of the image is somber and contemplative."
612,2023-04-20 10:39:31+00:00,milanfashionweek,immerse yourself in the nuances of the andes and discover apacheta the new installation by during milano moda design in collaboration with argentinian artist and designer mohaded,milandesignweek loropiana fuorisalone salonedelmobile loropianalnteriors,1684,16,loropiana cristian,"The image shows the interior of a modern building with a high ceiling and large windows. The floor is made of white marble and the walls are made of black and white panels. On the left side of the image, there are several tall, cylindrical sculptures made of different materials, including white, blue, orange, and red. The sculptures are arranged in a way that creates a sense of depth and dimension. In the background, there is a group of people walking around and a few people sitting on benches. The overall atmosphere of the space is bright and airy."
613,2023-05-17 21:00:13+00:00,dudalina,chic estilosa e versátil nossas novas jaquetas são as novidades de inverno perfeitas para te deixar sempre prontoa para qualquer ocasião acesse nosso site e confira todos os lançamentos disponíveis link na bio ref 66010506 66010504,dudalina inverno2023 jaquetacouro outonoinverno,607,13,no_mention,"The image is a portrait of a young woman wearing a black leather jacket. She has her hair pulled back in a sleek bun and is wearing large gold hoop earrings. She is looking directly at the camera with a slight smile on her face. The background is plain white. The text on the image reads ""inverro + dudalina""."
614,2023-05-28 01:41:57+00:00,spfw,a goiana cora coralina foi a inspiração do também goiano theo alexandre para criar a coleção “todas as coras” que sua marca thear apresentou no spfw no design as estampas de colher de pau e grampos de cabelo remetem à simplicidade do tempo que cora viveu os laises ornamentados gripir e mangas 34 criam um contraste de sofisticação um casting diverso coroado pela influenciadora representou todas as faces da escritora cora coralina uma mulher ousada à frente de seu tempo “vive dentro de mim a mulher do povo bem proletária bem linguaruda desabusada sem preconceitos de cascagrossa de chinelinha e filharada” escreveu o desfile foi uma ode à liberdade feminina e sua emancipação de amarras que existem desde outras épocas,spfw spfwn55 spmdet prefsp édasuavida iguatemispfw soudealgodao moda criatividade empreendedorismo modaearte spfworigens sousenacmoda senacmoda komplexotempo diversidade sustentabilidade localiza localizaemmovimento právocêchegarlá ypenospfw andjustlikethat nasescadasdacarrie,3545,66,voizaurademari,"The image is a close-up of a model walking down a runway. She is wearing a black dress with sheer sleeves and a statement necklace. The necklace is made up of multiple layers of gold chains and spikes, creating a unique and eye-catching look. The model has dark hair styled in a sleek updo and is wearing large, statement earrings that add a touch of glamour to her outfit. The background is blurred, but it appears to be a blue-tinted runway with other models walking in the background. The overall mood of the image is elegant and sophisticated."
615,2023-05-19 12:26:39+00:00,watchingnewyork,recent favorites,streetfashion fashion street nyc nycfashion winter winterfashion fashiontrends fallfashion newyorkcity style streetstyle vintage thrift,40523,159,no_mention,"The image shows a young woman walking on a street. She is wearing a long brown coat over a dress with a floral pattern and black boots. She has a pair of white headphones around her neck and is holding a phone in her hand. The woman has shoulder-length dark hair and is looking off to the side with a serious expression on her face. In the background, there are other people walking on the sidewalk and cars parked on the street. On the right side of the image, there is a trash can."
616,2023-05-15 12:29:34+00:00,watchingnewyork,recent favorites,streetfashion fashion street nyc nycfashion winter winterfashion fashiontrends fallfashion newyorkcity style streetstyle vintage thrift,29681,174,no_mention,"The image shows a group of five people walking on a busy street in the rain. There are four people in the group, three men and two women, all of whom appear to be of African descent. The man in the center is wearing a white beanie, a brown jacket, and brown pants. He is walking with his arms around the woman on the left, who is carrying a yellow handbag. The woman next to him is also wearing a green top and blue jeans. The two men on the right are wearing denim jackets, striped pants, and black boots. They are also carrying bags. The street is wet and there are buildings and umbrellas in the background. The sky is grey and it appears to be raining."
617,2023-04-20 14:44:57+00:00,milanfashionweek,living returns to with a statement in the brands attitude of fearlessness irreverence and irony a popup showroom x at via della spiga 26 is an audacious 3d expression of the diesel lifestyle defined by a bold surreal window takeover in iconic diesel red,milandesignweek forsuccessfulliving salonedelmobile2023 mdw23 diesellivingmdw2023,787,3,diesel dieselliving morosofficial,"The image shows a modern living room with red walls and flooring. The room has a large window on the left side, allowing natural light to enter the space. On the right side of the room, there is a red sofa with a white throw pillow. In front of the sofa, there are two wooden chairs and a round table with a DJ mixer and other equipment on it. Above the table, two large red lamps are hanging from the ceiling. The lamps are arranged in a circular pattern, creating a unique and eye-catching design. The floor is covered with a red carpet, and there are a few black speakers scattered around the room."
618,2023-02-22 17:29:57+00:00,facehunter,you took my heart ️‍ have you been or would you consider visiting,mauritania mauritanie travel travelphotography travelphoto traveler travelgram travelling traveling instatravel travelholic travels travelers nouakchott atar zouerate sahara desert facehuntermauritania,2725,94,no_mention,"The image shows an open doorway of a green building with a tiled floor. The doorway is made of metal and has a small window on the left side. Through the doorway, we can see a man sitting on a chair in front of a table with a basket of oranges on it. He is wearing a white robe and a headscarf. Behind him, there is a person riding a bicycle and another person walking on the street. The sky is blue and there are buildings in the background. The overall atmosphere of the image is peaceful and serene."
619,2021-06-17 17:08:28+00:00,oldprada,ss 2003,oldprada prada miuccialover embellishment metal hardware borse itsallinthedetails praduh accessories lookbook ss2003 beading colors inspo spaceage stillrelevant necklace iconic want fashionarchives pradavintage,785,0,no_mention,"The image shows two handbags, one in white and the other in beige. The handbags have a unique design with a round shape and a handle on top. The handle is made of silver metal and is attached to the top of the bag with a silver ring. The bag on the left is white and has a black beaded chain attached to it. On the right side of the handbag, there is a beige purse with a red and yellow flower design on the front. The purse has a yellow pom-pom detail on the bottom. Both handbags appear to be made of a soft, textured material."
620,2023-05-13 13:27:39+00:00,watchingnewyork,may archives,streetfashion fashion street nyc nycfashion winter winterfashion fashiontrends fallfashion newyorkcity style streetstyle vintage thrift,47122,226,no_mention,"The image shows two young women walking on a busy street. The woman on the left is wearing a beige trench coat over a brown dress and black boots. She has long curly hair and is carrying a brown handbag. She is smiling and appears to be engaged in conversation with the other woman.

On the right side of the image, there is another woman wearing a blue denim jacket with a colorful t-shirt and a patterned skirt. She also has a red pom-pom in her hand. Both women are wearing high heels and have their hair styled in braids. The background shows a busy city street with cars and buildings."
621,2023-05-10 15:00:08+00:00,versace,atelier versace springsummer 2023 look 7 draped black mini dress with black lace embroidery intarsias and abstract bow cascading volume in customcrushed organza chiffon and organza offshoulder neckline in overstitched silk satin and lingerie details in lace on the cups look 6 draped neon fuchsia mini dress with nude lace embroidery intarsias and abstract bow cascading volume in customcrushed organza chiffon and organza offshoulder neckline in overstitched silk satin and lingerie details in lace on the cups now at versacecom via the link in bio,atelierversace,56649,146,no_mention,"The image is a black and white photograph of two young women posing together. The woman on the left is wearing a short, sparkly dress with a ruffled skirt and a deep V-neckline. She has long dark hair styled in loose waves and is looking directly at the camera with a serious expression. The other woman is standing next to her, with her arms crossed and her head tilted slightly to the side. Both women are wearing statement necklaces and earrings.

The background is plain and dark, making the two women the focal point of the image. The image appears to be a promotional photo for a fashion show or event."
622,2023-05-09 12:30:23+00:00,watchingnewyork,recent top shots,streetfashion fashion street nyc nycfashion spring springfashion fashiontrends fallfashion newyorkcity style streetstyle vintage thrift,36816,258,no_mention,"The image shows a young woman walking on a busy street. She is wearing a pink striped blazer over a white crop top and white jeans. She has a pink crossbody bag slung over her shoulder and is wearing black sandals. Her hair is styled in a messy bun and she is looking off to the side with a serious expression on her face. In the background, there are other people walking on the sidewalk and a building with a green awning."
623,2023-02-12 09:52:30+00:00,facehunter,has always been battling for its own survival against the in the middle age it managed to become a major cultural intellectual religious and trading centre for many centuries the territory of most of presentday was commonly known in the arab world as bilad shinqit the land of chinguetti the “city of libraries” in is heyday it counted up to 30 libraries for a population of 20000 people which housed thousands of arabic manuscripts the work of theologians writers jurists philosophers poets mathematicians and scientists ranging from the golden age of the almoravids in andalusia in the 11th century to the 20th century five libraries still remain and i got to visit one alhabot a center of science religion and mathematics mauritanians and other north western saharan islamic scholars have had a profound impact on islamic culture scholars bearing the title alshinqiti used to suggest strong scholarly expertise a holy city the city was a principal gathering place for pilgrims of the maghreb on their way to mecca it eventually became known as a holy city in itself especially for pilgrims who couldn’t make the long journey to the arabic peninsula a massive tradingcenter desert caravans transporting gold salt dates ivory and… enslaved people across the sahara were the source of chinguettis economic prosperity with as many as 30000 camels gathering here at the same time historians believe that the spread of islam is intertwined with the development of the transsaharan trade as the religion established common values and a sense of trust among traders by the middle of the 19th century most transsaharan commercial arteries dried up replaced by maritime routes a is a place without expectation facehuntermautitania,chinguetti sahara mauritania desert architecture saharaarchitecture desertarchitecture sandstorm sandstorms desertification deserttown desertcity desertlife saharatown travel travelphotography traveler travelling travellife instatravel travelpics travels travelphoto mauritanie westafrica northafrica,2190,46,no_mention,"The image shows an old, dilapidated building in a desert-like area. The building appears to be made of sandstone and has a tall tower with multiple levels. The tower has a small window on the right side and a door on the left side. There are several small bells hanging from the top of the tower. A person wearing a blue robe is walking in front of the building, and there are other buildings and structures in the background. The sky is overcast and the ground is dry and barren."
624,2023-01-21 15:39:59+00:00,facehunter,ⴰⴳⴰⴷⵉⵔ after being destroyed by a massive earthquake in 1960 became “accidentally” one of the pioneer cities with rabat of in many of the involved in the of the city belonged to the gamma groupe des architectes modernes marocains most of them were actually frenchmen who were born or who grew up in morocco and who were connected to both cultures pics 14 “bâtiment a” by henri tastemain 19222012 183 meters long 2 floors with retail and cafés 1 office floor 2 residential floors pics 56 “hôtel de ville” city hall by emile duhon who took his inspiration from a fortified communal granary agadir that gave its name to the city pic 7 “la poste centrale” by jeanfrançois zevaco 19162003 pic 8 fatima “agadir lost its identity twice the first time because of the earthquake and the second time because of such an intense touristic development until the 90s agadir was still a small family destination with wild beach areas”,agadir brutalism morocco architects reconstruction archi archidaily brutalistarchitecture brutalist_architecture brutalist archilovers archiporn archigram archilover modernism modernist modernistarchitecture maroc almagrib northafrica facehuntermorocco,741,17,fatimazahra1224,"The image shows a man standing in front of a large building under construction. The building appears to be a modern, two-story structure with a flat roof and multiple levels. The exterior of the building is made up of multiple levels, each with a unique architectural design. The man is wearing a black cap and a brown sweater, and he is looking down at the ground below. The sky is clear and blue, and there are a few other buildings visible in the background."
625,2023-05-05 12:19:19+00:00,watchingnewyork,early spring blazer inspiration,streetfashion fashion street nyc nycfashion spring springfashion fashiontrends fallfashion newyorkcity style streetstyle vintage thrift,42229,314,no_mention,"The image shows a woman walking on a busy street. She is wearing a black leather skirt, a white blouse, and a black jacket with a red scarf around her neck. She has blonde hair styled in a curly bob and is wearing glasses. The woman is carrying a black purse and has a cigarette in her hand. In the background, there are other people walking on the sidewalk and a red car parked on the side of the street. The street appears to be wet, suggesting that it has recently rained."
626,2023-02-07 11:57:08+00:00,facehunter,riding the for 20 hours makes you feel slightly delirious… still trying to process the level of surrealism of sleeping dreaming and having tea on top of 22000 tons of iron ore in motion in the middle of the it is as well a special experience because this 704kmlong played an essentiel role in mauritania’s history to exploit a humongous iron ore deposit in the deep desert a european conglomerate miferma created in the 1950s a city from scratch and built this to carry the raw mineral to the port of nouadhibou from where it is exported it provided the income for mauritanias economic development and rapid urbanisation during the first two decades of its independence 1960s1970s in 1966 after only three years of operations iron mining contributed to 28 of the gdp and accounted for 92 of the value of all exports during the western sahara war in the 1970s the line became a target of the polisario front who partly destroyed it pushing eventually mauritania to drop its territorial claim on western sahara in 1979 the rail track nowadays briefly crosses the territory of the partially recognized state of the sahrawi arab democratic republic sadr the plays as well the role of a lifeline for many people and remote desert communities who need to travel to visit family or search for work there is one passenger carriage at the very end of the world’s longest 23km and heaviest train but most people ride it atop the iron ore big up to my partnerinadventure for joining me,mauritania irontrain sahara railway zouerat railtrack deserttrain train_nerds trainride trainrides trainadventures adventure adventuretime adventuretravel travel traveler traveling mauritanie facehuntermauritania,3569,133,ivonayw,"The image shows a man wearing a face mask and goggles. He is standing in a desert-like area with a clear blue sky in the background. The man is looking directly at the camera with a serious expression on his face. In the foreground, there is a concrete structure that appears to be part of a construction site. The structure is made up of concrete blocks and is surrounded by sand dunes. The overall mood of the image is somber and desolate."
627,2023-01-12 14:03:05+00:00,facehunter,ⵜⴰⵖⴰⵣⵓⵜ “i was born to be a creative person i give coffee sack bags a second life i started my brand because making clothes is the only thing i’m good at”,taghazout maroc almagrib morocco northafrica streetstyle mensfashion mensstyle style styles styleinspiration stylefashion styleinspo creativity facehuntermorocco,1139,25,mohamedyouno,The image shows a man standing on a set of stairs with his arms stretched out wide. He is wearing a white shirt with a colorful tie and patterned pants. He has a big afro hairstyle and is smiling at the camera. The background shows a blue and white building with a balcony. The man appears to be posing for a photo.
628,2023-02-18 16:38:00+00:00,facehunter,inspiring women of ️ during my trip in the northwestern african country i had the opportunity to meet with members of the new generation of creative and entrepreneurial women you can find interviews with some of them in my mauritania highlights 1 10 aziza fashion entrepreneur 2 3 kadiata fashion designer 4 5 hawa communication manager 6 wenibik music artist 7 de aïchetou jeweller 8 betty communication marketing manager 9 baba works at a guesthouse,mauritania streetstyle style styleinspiration stylish styleinspo muslimfashion muslimstyle mauritanie mauritanian mauritanianwoman mauritanienne nouakchott nouakchottcity nkc nktt facehuntermauritania,721,17,azizasega niukud hikariyayaba wenibikgueye dankobera candeved,"The image is a portrait of a young woman standing in front of a rack of clothes. She is wearing a black and gold patterned shawl over her head and has her hands painted in the shape of a peace sign. The woman is smiling and looking directly at the camera. The background is blurred, but it appears to be a room with a wooden wall and a window."
629,2023-02-01 11:27:06+00:00,facehunter,swag loving how every is styling his in a unique way and adjusting it according to the weather conditions while more and more live in urban centres and their lifestyles are evolving a lot the haouli remains essential to deal with the harshness of the considering that 90 of the country is located in the the 34meterlong piece of fabric does an amazing job at protecting its wearers from sun wind and sand save your lungs don’t smoke pic 12 10 ibrahim chinguetti pic 3 mohamed ouadane pic 4 abdou nouakchott pic 5 papa atar pic 6 ahmed chinguetti pic 7 abdullahi atar pic 8 mesala aoujeft pic 9 mahjoub atar,mauritania haouli mauritanianman turban mauritanians desert sahara streetstyle style styleinspiration stylefashion styleinspo mensfashion mensstyle mauritanian mauritanianmen mauritanien mauritaniens mauritanie facehuntermauritania,1433,62,no_mention,"The image shows a person wearing a traditional headscarf and sunglasses. The person is standing in front of a store with shelves and boxes in the background. The headscarves are made of a white fabric with blue and orange patterns, and the sunglasses are orange. They are also wearing a beige shawl draped over their shoulders. The overall mood of the image is one of protection and safety."
630,2023-04-30 15:12:17+00:00,watchingnewyork,april archives,streetfashion fashion street nyc nycfashion spring springfashion fashiontrends fallfashion newyorkcity style streetstyle vintage thrift,29709,122,no_mention,"The image shows a young woman walking on a busy street. She is wearing a black crop top, black shorts, and black ankle boots. She has long dark hair and is carrying a gray jacket over her shoulder. She appears to be in her twenties and is looking off to the side with a serious expression on her face. In the background, there are other people walking on the sidewalk and a man in a blue shirt is walking behind her. The street is lined with trees and there are buildings in the distance."
631,2023-02-09 11:14:13+00:00,facehunter,jopo mamadou,nouakchott nkt mauritanie mauritania nktt streetphotography streetstyle style styleinspiration styleinspo mensfashion mensstyle mauritanian mauritanien facehuntermauritania,790,32,no_mention,"The image shows a man standing in front of a market stall. He is wearing a blue shirt, beige trousers, and a brown hat with a feather on top. He has a white suitcase in his left hand and is smiling at the camera. Behind him, there are rows of colorful fabrics hanging on the walls. The stall appears to be made of stone and has a tiled floor. The overall atmosphere of the image is rustic and traditional."
632,2023-05-20 21:00:09+00:00,dudalina,toda a praticidade e atemporalidade de uma composição all jeans peças curingas para seu máximo conforto e estilo neste dia do jeans inspirese conosco acesse nosso site e confira todos os lançamentos que vão rechear seu closet de sofisticação e versatilidade link na bio ref 53050362 91012742 91012660 53050352 91012699 53050367,dudalina inverno2023 alljeans diadojeans,507,5,no_mention,"The image shows a young woman wearing a blue denim shirt. The shirt has a button-down collar and long sleeves. She is also wearing a pair of blue jeans. Her hair is styled in a braided updo and she is looking off to the side with a serious expression on her face. The background is plain white. On the top left corner of the image, there is text that reads ""All Journeys"" and on the top right corner, it reads ""Made in the USA""."
633,2023-02-06 13:20:06+00:00,facehunter,zaïda is the owner of the most highindemand guesthouse in the oasis town that prospered during the transsaharan trade era when i opened my guesthouse 20 years ago i was the first black female in the whole region people shouldnt limitate themselves because they are black and they think they cant achieve what they want moving on in life is a personal choice you shouldnt care at what others have to say i didnt study much but i was open to general culture you need to be brave to make things possible if a white man is saying hes better than us we need to prove him wrong to change things we need to talk and change our way of thinking,ouadane entrepreneur adrar melahfa streetstyle style styleinspo mauritanianstyle mauritanie mauritania mauritanian mauritanianentrepreneur wadan sahara facehuntermauritania,464,8,zaida_vasque,The image shows a woman standing in a desert-like area with a stone wall in the background. She is wearing a traditional African outfit with a colorful shawl draped over her shoulders and a headscarf covering her head. The woman is also wearing a pair of black sandals and has a smile on her face. The sky is overcast and the ground is dry and barren. The overall mood of the image is peaceful and serene.
634,2023-05-27 14:00:11+00:00,prada,anthony chen anais demoustier koreeda hirokazu and julia ducournau in prada while attending the ‘kering women in motion award’ during the 76th cannes film festival anthony chen wore a kid mohair tuxedo white poplin shirt silk tie and black brushed shoes anais demoustier wore a black cady dress with jeweled straps that embellished the deep back neckline koreeda hirokazu wore a navy blue kid mohair tuxedo with black satin lapels navy blue popeline shirt and black brushed shoes julia ducournau wore an embroidered rhinestone mesh dress with black silk slip and absinthecolored silk sandals with crystals,pradapeople anaisdemoustier koreedahirokazu juliaducournau cannes2023,14369,40,antchen festivaldecannes,The image shows a young man standing in front of a black background with white logos of various brands. The man is wearing a dark blue suit with a white shirt and a black tie. He has short dark hair and is smiling at the camera. He is standing with his hands clasped together and appears to be posing for a photo. The logos on the background are arranged in a grid-like pattern.
635,2023-05-14 05:43:46+00:00,prabalgurung,a golden night oh what a night seeing so many of us celebrating and rooting for each other with so much love respect and reverence was emotional for decades we have either downplayed or have never been given any platform to share our incredible stories we fought for it demanded it and eventually when they felt a little generous they gave us the crumbs we saw that and built gold house we made our table a decisionmaking and celebratory one we created a community that rooted and showed up for each other we took the trauma pain of invisibility and turned it into action the result is there for you all to see what astounds me is that its just the 2nd annual and less than four years of gold houses existence and the impact is quantifiable and inspiring thanks to the incredible leadership of and jeremyntran you had to be there to witness the collective love of and from the community and beyond to see the entire cast of joy luck club celebrated was very emotional the impactful joy that gold house brings could be felt throughout–titans of every industry from entertainment to business to technology to politics to social justice attended allies from other communities equally rejoicing in our celebration felt like i was finally in a dream i had dreamt all these years a table and space so diverse that my lifes stronger in colour mantra finally manifested into a reality it was palpable not just to me but to everyone out there celebration with intention creates change and the entire gold house team created a substantive celebratory gala that i will forever remember as instyle rightfully said you may not have realised it but last week was host to not one but two major galas the met gala and gold gala luckily i had the privilege to attend both and walked away from them feeling inspired and energised because witnessing the body of work of all these creatives artists entrepreneurs etc celebrated and in attendance was inspiring and humbling i realise now i have miles to go before i sleep,goldgala,1764,10,bingchen,"The image shows a group of nine women posing for a photo in a room with a beige background. The women are of different ages and ethnicities, and they are all dressed in formal attire. In the center of the group, there is an elderly woman sitting on a chair, wearing a blue dress and a white headscarf. She is smiling and looking at the camera. Behind her, there are nine other women, all of whom are also smiling and posing for the photo. The overall mood of the photo is happy and celebratory."
636,2023-05-25 19:00:09+00:00,prada,ben whishaw and jasmine jobson in prada while attending the bafta television awards 2023 in london ben whishaw winner of the leading actor award for this is going to hurt wore a wool and mohair tuxedo paired with a white stretch poplin smoking shirt and brushed oxford shoes jasmine jobson wore a blue and white satin dress paired with a gold brushed leather prada cleo bag and sandals,pradapeople baftatvawards,12541,34,benwhishaw jasminejobson bafta,"The image shows a young man standing on a red carpet at an event. He is wearing a dark brown suit with a white shirt and black shoes. He has curly dark hair and is smiling at the camera. In his hands, he is holding a trophy, which appears to be a BAFTA award. Behind him, there is a white backdrop with the BAFTA logo and the words ""BAFTA"" written in gold."
637,2022-12-15 09:43:32+00:00,harrystyles,love on tour são paulo iii december 2022,no_hashtag,4147912,22310,no_mention,"The image shows a person performing a handstand on a stage. The person is wearing a purple outfit and is upside down, with their arms stretched out to the sides. The stage is lit up with blue lights, creating a dramatic atmosphere. The background is dark, making the person stand out even more. The image appears to be taken at night, as the stage is dimly lit."
638,2023-05-25 15:00:10+00:00,prada,jasmine trinca in prada total looks for the david di donatello awards ceremony in rome,pradapeople jasminetrinca david68,14242,54,premidavid,The image shows a woman standing on a red carpet in front of a blue background with multiple logos and text. The woman is wearing a sleeveless top with a black and white patterned design and black trousers. She has curly hair and is holding a black clutch in her left hand. She is posing with her right hand on her hip and is looking directly at the camera with a slight smile on her face.
639,2022-12-13 22:11:04+00:00,harrystyles,fine line is three years old today thank you to everyone who listened and everyone who helped me make it pink and blue forever,no_hashtag,4433321,44984,no_mention,"The image is a collage of six photographs arranged in a grid-like pattern. Each photograph is a close-up of a person's legs and feet, wearing white pants and a red shirt. The photographs are arranged in two rows and three columns, with the top row showing the person standing on a red sphere with their legs crossed. The bottom row shows the same person standing in front of a blue sphere, with their arms stretched out to the sides. The background is white, and the photographs appear to be taken from a top-down perspective."
640,2023-03-10 17:04:40+00:00,parisfashionweek,throwback to the backstage of and captured on ’s camera visit our platform to watch all the shows by tapping the link in bio,parisfashionweek pfw iuliamatei,2679,25,alphonsemaitrepierre estermanas iulia_matei,The image shows three young women standing in a room with a white wall and a black railing in the background. The woman on the left is wearing a white long-sleeved top with a floral design on the sleeves and a red clutch purse. She is also wearing a pair of pink high-waisted pants with white tights. The middle woman is standing with her hands on her hips and is looking off to the side with a serious expression on her face. The third woman is walking behind her with her back to the camera. All three women appear to be posing for a photo.
641,2023-05-25 12:25:15+00:00,prada,a first of its kind adidas football for prada presents specially engineered boots thatcombine the sophisticated codes of prada and the highperformance football technologies unique to adidas reimagining top styles predator accuracy copa pure and x crazyfast discover more via link in bio,adidasforprada prada adidasfootball,27420,88,no_mention,"The image is a close-up of a red shoelace with the word ""PRADA"" written in white capital letters on it. The shoelaces are tied in a knot and appear to be made of white thread. The background is blurred, but it appears to be a black and white photo of a person's foot. The image is taken from a slightly elevated angle, looking down on the shoe. The overall mood of the image is dark and mysterious."
642,2023-03-14 17:38:06+00:00,parisfashionweek,founder of pigalle is appointed as the artistic director and senior designer w le coq sportif to dress the athletes of the french teams for the summer olympics and paralympics in paris in 2024,horizonparis2024 paris2024 equipedefrance olympics2024 paralympics2024 lecoqsportif uneseuleequipe,1320,17,stephane_ashpool paris2024 equipefra olympics lecoqsportif,The image is a portrait of a man sitting on a white chair. He is wearing a white baseball cap with the New York Yankees logo on it. He has a beard and is looking off to the side with a serious expression on his face. The background is a solid blue color. The man is sitting with his legs crossed and his hands resting on his knees. He appears to be deep in thought.
643,2022-12-04 17:10:40+00:00,harrystyles,love on tour buenos aires i december 2022,no_hashtag,3714902,28791,no_mention,The image shows a person standing on a stage with their arms raised in the air. The person is wearing a blue outfit and appears to be performing. The stage is lit up with bright lights and there is a large crowd of people in the background. The sky is dark and the overall mood of the image is energetic and dramatic.
644,2023-05-26 10:10:33+00:00,prada,scarlett johansson face of the current handbag campaign wore prada while attending the 76th cannes film festival scarlett johansson wore a petal pink and white scuba fabric dress embellished with a micro embroidery of beads and rhinestones paired with silvercolored brushed sandals while attending the ‘asteroid city’ premiere during the 76th cannes film festival scarlett johansson wore a multistriped drill custom prada dress from spring summer 2011 collection and black satin sandals while attending the ‘asteroid city’ photocall during the 76th cannes film festival scarlett johansson wore a fern green satin mini dress paired with a white jersey top silver brushed leather clutch and white brushed leather sandals while attending the warner brothers discovery party during the 76th cannes film festival,pradagalleria pradapeople scarlettjohansson cannes2023,53214,185,festivaldecannes,"The image shows a woman standing on a red carpet at a film festival. She is wearing a long, floor-length, pink gown with a sweetheart neckline and thin straps. The dress has a fitted bodice and a full skirt that flares out at the bottom. She has blonde hair styled in loose waves and is wearing dramatic makeup with red lipstick. The woman is posing with one hand on her hip and the other resting on her thigh. In the background, there are photographers and photographers taking pictures of the woman. The sky is blue and the overall mood of the image is glamorous and elegant."
645,2023-05-13 20:49:14+00:00,prabalgurung,as a cofounder and board member of this weekend’s was inspiring and impactful it kicked off with letters from the and rest as they say is history next two posts you will get a glimpse of it thank you and for recognizing ’s leadership in changing how the asian pacific diaspora is seen invested in and championed gold house has led cultural change across our community with measurably impactful work that brings profound joy to all who touch it they were instrumental in the success of films from crazy rich asians to parasite to everything everywhere all at once through both success and celebration helping ensure a successful opening the first to award the cast at the inaugural gold gala and were critical to the awards campaign that’s since made history further they help founders build their own houses for econmic change with the largest top asian pacific founder network and definitive fund gold house ventures whose investors are the most influential asian founders of the last decade i was particularly excited for my dear friends agnes chu and nina yang bongiovi to announce the new gold house creative equity fund a 10 million studioinspired fund that will help filmmakers make soundtracks and musicians hit the runway across multiple creative categories accelerators investments and mainstream promotion from gold gala “we have reshaped public opinion by consulting on more than 100 asian pacificled films and series from casting to storylines to product placement invested in the next generation of talent and ensured the debut success of more than two dozen asian pacificled creative projects further we have invested an additional 10 million in 68 companies and placed 30 diverse board directors to help shatter the glass ceiling” to the entire team of goldhouse esp congratulations,goldgala,8756,34,goldhouseco whitehouse potus vp kamalaharris jeremyntran bingchen,"The image shows a young couple standing in front of a dark blue background. The man is on the left side of the image, wearing a black traditional Indian outfit with gold embroidery on the sleeves and a black jacket. He has short dark hair and is looking down at the woman with a smile on his face. The woman is wearing a long pink dress with a floral pattern and has long dark hair. They are standing close together, with the man's arm around the woman's waist. They appear to be in a romantic embrace."
646,2022-02-07 01:16:00+00:00,zendaya,in an interview i was asked about rue’s journey this season i guess this is what i hope we hold onto and are left with in the end… episode 5 tonight,no_hashtag,9660689,22249,no_mention,"The image shows a young woman lying on a wooden table in a dimly lit room. She is resting her head on her hands and appears to be deep in thought. The room has dark green walls and a large window with white curtains on the left side. Above the table, there is a light fixture hanging from the ceiling. On the right side of the image, there are several framed pictures hanging on the wall. The overall mood of the room is somber and contemplative."
647,2023-05-28 14:50:50+00:00,spfw,atenção à programação de hoje último dia de spfw ️,spfw spmdet prefsp édasuavida iguatemispfw soudealgodao moda criatividade empreendedorismo modaearte spfworigens sousenacmoda senacmoda komplexotempo diversidade sustentabilidade localiza localizaemmovimento právocêchegarlá ypenospfw andjustlikethat nasescadasdacarrie,666,14,no_mention,"The image shows a model walking on a runway at a fashion show. The model is wearing a pink dress with a floral pattern and has an afro hairstyle. She is looking off to the side with a serious expression on her face. In the background, there are other models walking on the runway. The image also has text that reads ""Line-Up Domingo 28/05 - Contira os destiles do Dia"" which translates to ""Contra of Destiles of Dia"" in English."
648,2022-02-16 20:08:32+00:00,zendaya,new campaign,valentinorendezvous,12058900,24938,maisonvalentino,"The image shows a young woman in a dance pose. She is wearing a red one-piece swimsuit and strappy sandals. Her long dark hair is flying in the air and she is holding a pink handbag in her left hand. The background is a gray wall and there is a camera on a tripod in front of her. The woman appears to be in the middle of a dance move, with her arms stretched out to the sides and her legs bent at the knees."
649,2023-05-24 14:01:06+00:00,urbanoutfitters,for every mood and occassion this summer online now at uo–link in bio,no_hashtag,1917,2,dickies,"The image shows three young people standing on a sidewalk in front of a red brick building. The person on the left is wearing a black leather jacket, a red crop top, beige shorts, and black sneakers. She has long dark hair and is looking off to the side with a serious expression on her face. In the middle, there is a young woman wearing a blue and white checkered shirt, gray pants, and yellow sneakers. On the right, there are two young men, one wearing a gray jacket and the other wearing a white tank top and khaki pants. All three are posing for the camera."
650,2023-04-21 08:08:17+00:00,milanfashionweek,presents the latest additions to the objets nomades collection of inventive and functional furniture and design objects part of milano moda design calendar for this year’s milan design week louis vuitton unveiled the new objets nomades within a specially designed space in the historic palazzo serbelloni,no_hashtag,4130,18,louisvuitton,"The image shows a large, abstract sculpture in the center of a courtyard. The sculpture is made up of multiple layers of white spheres that are arranged in a way that creates a sense of depth and dimension. The spheres are covered in small black dots, giving them a textured appearance. The courtyard is surrounded by two large white buildings with arches and columns, and there are a few people walking around. The sky is blue and the ground is covered in gravel. The overall atmosphere of the image is peaceful and serene."
651,2023-05-07 12:19:24+00:00,watchingnewyork,may archives this has nothing to do with street fashion but you know what movie is tremendous “ghost” 1990 from the moment it starts until it ends it’s just,streetfashion fashion street nyc nycfashion spring springfashion fashiontrends fallfashion newyorkcity style streetstyle vintage thrift,45642,219,no_mention,"The image shows a young couple walking on a sidewalk. The man is on the left side of the image and the woman is walking on the right side. They are both wearing casual clothes, with the man wearing a white t-shirt, black shorts, and black shoes. He has a beard and is carrying a black bag on his shoulder. The woman is wearing a turquoise dress with pink and white striped tights and white sandals. She has long dark hair and is holding a piece of paper in her hand. They appear to be engaged in a conversation. In the background, there are other people walking and a car parked on the street."
652,2022-02-15 05:20:25+00:00,zendaya,,no_hashtag,13825519,19950,thecut micaiahcarter,"The image shows a group of six young women lying on a yellow background. They are all wearing black dresses with a halter neckline and cut-out details on the sides. The women are lying in a circle, with their arms stretched out to the sides and their heads tilted back. They have their eyes closed and are looking directly at the camera. The overall mood of the image is relaxed and casual."
653,2023-05-23 14:01:30+00:00,urbanoutfitters,you enjoying the weather in uo,uocommunity,4765,22,fitsbyd_ ellenduguid trinityalyce uo_pittsburgh gillsinspo georgwhite xxnnhii,The image shows a young woman standing on a cobblestone street in front of a brick building. She is wearing a black crop top and a long silver skirt with a ruffled hem. She has a blue handbag slung over her shoulder and is wearing black ankle boots. Her blonde hair is styled in loose waves and she is looking off to the side with a slight smile on her face.
654,2023-02-18 17:23:50+00:00,leeoliveira,the is the gift that keeps on giving spotted dressed and more,streetsatnyfw juliafox,801,15,fashionweek best,"The image shows a young woman walking on a street in New York City. She is wearing a strapless pink and white dress with a large white pom-pom on the waist. The dress has a sweetheart neckline and is cinched at the waist with a thin strap. The woman is wearing white high heels and has her hair styled in loose waves. She appears to be posing for a photo with a crowd of people behind her, some of whom are holding cameras and taking pictures. The street is lined with brick buildings and there is a black fence on the right side of the image."
655,2023-03-17 22:15:20+00:00,leeoliveira,one trend in street style photography is imperfection photography where photographers focus on capturing the unedited raw and candid moments of the subjects imperfection photography focuses on capturing the authenticity and natural beauty of the moment rather than trying to perfect or enhance the images,no_hashtag,441,27,no_mention,"The image shows a young woman standing in front of a stone wall with a black gate. She is wearing a long orange dress with a high neckline and long sleeves. She has a red handbag slung over her shoulder and is wearing black boots. On the left side of the image, there is a man taking a photo of the woman with a camera. The woman has long braided hair and appears to be taking a picture."
656,2023-03-18 15:04:35+00:00,parisiensinparis,cosy morning ride,shotoniphone paris parisian parisien effortless style effortlesschic natural fashion denim denimmania parisianstyle leparisien laparisienne maje parisfashionweek pfw,4261,3,no_mention,"The image shows a woman riding a green bicycle on a street. She is wearing a beige sweater and black and white striped pants. The bicycle has a basket attached to the front and a red brake light on the rear. The woman is riding on the right side of the road and appears to be in motion. In the background, there is a concrete wall and a tree with bare branches. The sky is blue and the overall mood of the image is peaceful and serene."
657,2023-04-16 14:55:30+00:00,wheresmydriver,so threw a party at even lewis hamilton showed up in denim and supermodels and singers and actresses and influencers you get the picture,revolve coachella revolvefestival,116,5,no_mention,"The image shows a young woman standing on a sandy beach with purple flowers in the background. She is wearing a long, flowing purple dress with a deep V-neckline and thin straps. Her long dark hair is blowing in the wind and she is holding a pink parasol in her right hand. The sky is blue and the sun is shining brightly, creating a peaceful and serene atmosphere. The word ""REVOLVE"" is written in bold white letters at the top of the image."
658,2023-05-27 17:47:02+00:00,spfw,“quantos eus cabem dentro da minha própria pele quando a pele se renova após uma vivência incrível ou arrasadora o que sobra” estas são as perguntas que norteiam a coleção peles que apresenta ao spfw a coleção traz texturas em formatos esféricos cilíndricos e curvilíneos e é toda na paleta de tons de pele desde o marrom escuro até o branco pálido as formas são motivadas pelas experiências de transformação pessoal e vivência de situações difíceis às cicatrizes que se formam e deformam a pele,spfw spmdet prefsp édasuavida iguatemispfw soudealgodao moda criatividade empreendedorismo modaearte spfworigens sousenacmoda senacmoda komplexotempo diversidade sustentabilidade localiza localizaemmovimento právocêchegarlá ypenospfw andjustlikethat nasescadasdacarrie,3097,52,renatabuzzo___,The image shows a group of three young women standing in a room with a white wall in the background. The woman in the center is wearing a beige hijab and white sunglasses. She has long dark hair and is looking directly at the camera with a serious expression. The other two women are wearing beige dresses with ruffles on the shoulders. All three women appear to be posing for the camera.
659,2023-05-30 21:01:33+00:00,urbanoutfitters,has done it again with new graphic tees and polos to wear all summer long link in bio,no_hashtag,1392,2,obeyclothing,"The image is a close-up portrait of a young man wearing a blue jacket with red cherries on it. He is also wearing a yellow t-shirt with the word ""Obey"" written on it and green pants. The man is holding a pair of black sunglasses above his head and is adjusting them with his right hand. He has a serious expression on his face and is looking directly at the camera. The background is a bright orange color."
660,2023-05-27 21:53:58+00:00,spfw,rafa silvério fez seu primeiro mergulho na praia com esta coleção de sua marca e foi um bom mergulho entrelaçando cidade e praia passeando entre a alfaiataria desestruturada dos centros urbanos a uma praia ousada e vibrante o verão da silvério é mais sóbrio e urbano arquitetônico mas essa incursão pelo beachwear trouxe cores iluminadas que servem como focos de luz e de sensualidade rejuvenescendo e trazendo uma novidade para o repertório da marca o desfile teve uma trilha ao vivo e cenas de um mar revolto no telão de fundo que explica o tipo de praia que rafael imagina um mar lindo e fresco mas revolto e profundo,spfw spmdet prefsp édasuavida iguatemispfw soudealgodao moda criatividade empreendedorismo modaearte spfworigens sousenacmoda senacmoda komplexotempo diversidade sustentabilidade localiza localizaemmovimento právocêchegarlá ypenospfw andjustlikethat nasescadasdacarrie,3555,35,silveriobrand,"The image shows a male model walking down a runway. He is wearing a pink and black sports bra with a cut-out design on the front. The bra is made of a soft, stretchy material and has thin straps that cross over the chest. The model is also wearing black shorts that are slightly flared at the bottom. He has short, curly hair and is looking directly at the camera with a serious expression on his face. The background is blurred, but it appears to be a runway with a crowd of people watching the show."
661,2023-05-25 19:29:00+00:00,urbanoutfitters,youre so ready for summer,uocommunity,1873,12,puza_ishere caitlynwarakomski gbrinkly sarahxu21 sarah_novio,"The image shows a young woman standing on a street with palm trees in the background. She is wearing a long, flowy dress with a pink and blue floral pattern. The dress has a halter neckline and thin straps. The woman is also wearing black sandals. She has long dark hair and is looking directly at the camera with a serious expression. There is a white van parked on the side of the street and a building in the distance. The sky is blue and the overall mood of the image is calm and peaceful."
662,2023-05-02 20:08:07+00:00,versace,donatella versaces custom atelier versace gown for the met gala 2023 over 700 hours of craft by atelier versace created donatella versaces met gala gown chandelier swarovski crystal stones paillette and handmade organza flower embellishments were each hand embroidered onto a delicate nude illusion tulle in a degradé pattern that mimicks that of tweed—a material synonymous with karl lagerfeld and the house of chanel,atelierversace metgala metgala2023,218237,430,donatella_versace,"The image shows a mannequin wearing a long, pink dress. The dress is made of a shiny, sequined fabric and has a sweetheart neckline. The bodice of the dress is strapless and the skirt is full and flows down to the floor. The mannequins are standing in a large room with high ceilings and large windows, allowing natural light to enter the space. There are various sewing machines and other sewing supplies scattered around the room. The overall atmosphere of the room is bright and airy."
663,2023-05-27 12:00:00+00:00,spfw,planta que cresce em roupa foi isso mesmo que vimos no desfile da marca em uma colaboração com a designer espanhola paula ulargui e a paula tem um projeto incrível que tem chamado atenção de marcas do mundo inteiro foi seu trabalho do último ano da faculdade e que tem rendido reflexões sobre nossa relação com a natureza e da própria indústria da moda com o meio ambiente a roupa é feita com um material de fibras naturais que proporcionam o ambiente perfeito pra planta crescer dentro do tecido com os nutrientes certos alguns tecidos são mais fáceis de implementar as sementes outros exigem mais técnica e o mais surpreendente é que paula mostrou que isso é possível plantas crescendo em roupas e que o cuidado é fundamental para que elas durem e você possa continuar usando isso também traz muitas reflexões acerca da nossa relação com a “fico feliz que um projeto tão pessoal pra mim tem se transformado numa nova maneira da gente conectar com a natureza o projeto tem recebido uma repercussão enorme e tenho trabalhado em colab com diversas marcas pelo mundo e fiquei muito contente de vir para o brasil trabalhar com a equipe do tom e da ypê” finaliza paula vocês usariam,spfw spmdet prefsp édasuavida iguatemispfw soudealgodao moda criatividade empreendedorismo modaearte spfworigens sousenacmoda senacmoda komplexotempo diversidade sustentabilidade localiza localizaemmovimento právocêchegarlá ypenospfw andjustlikethat nasescadasdacarrie,14184,102,martins__________ ulargui_escalona oficialype,"The image shows a model walking on a runway during a fashion show. The model is wearing a white dress with a long, flowing cape draped over her shoulders. The cape is made of a shiny, metallic material and is draped over the model's shoulders. She has long, dark hair that is styled in a high ponytail that is pulled back into a sleek, straight look. Her makeup is dramatic, with bold green eyeshadow and bold red lipstick. She is looking off to the side with a serious expression on her face. The background is blurred, but it appears to be a blue and green gradient."
664,2023-05-26 08:15:05+00:00,prada,storm reid and daryl mccormack in prada while attending the chopard trophy during the 76th cannes film festival storm reid wore a technical fabric floral print dress embellished with allover embroidery in multicolored sequins and threedimensional crystals black satin sandals daryl mccormack wore a singlebreasted wool and mohair suit with silk faille lapel and covered buttons white poplin shirt and black faille tie black patent shoes,pradapeople darylmccormack cannes2023,12476,34,stormreid festivaldecannes,"The image shows a young woman posing on a black carpet at an event. She is wearing a strapless, floor-length gown with a sweetheart neckline and a full skirt. The dress is made of a red fabric with green and white floral patterns. The skirt is full and flows down to the floor. The woman is standing in front of a blue background with the words ""Chopard"" and ""Mercedes-Benz"" written in white. She has long dark hair styled in loose waves and is smiling at the camera."
665,2023-05-27 11:00:00+00:00,spfw,programação de hoje acompanhe tudo pelas nossas redes e assista aos desfiles na íntegra no nosso canal do youtube,spfw spmdet prefsp édasuavida iguatemispfw soudealgodao moda criatividade empreendedorismo modaearte spfworigens sousenacmoda senacmoda komplexotempo diversidade sustentabilidade localiza localizaemmovimento právocêchegarlá ypenospfw andjustlikethat nasescadasdacarrie,1864,26,no_mention,"The image shows a model walking down a runway during a fashion show. The model is wearing a black leather outfit with a plunging neckline and long sleeves. She has her hair styled in a sleek updo and is wearing dramatic makeup with dark eyeliner and red lipstick. Behind her, there are two men walking, one wearing a gray jacket and the other wearing a red jacket. The background is blurred, but it appears to be a large crowd of people. The text on the image reads ""LINE-UP Sabado 27/05 - Confiras os destides do Dia"" which translates to ""Line-Up Sabado 26/05"" in English."
666,2023-05-27 20:50:35+00:00,spfw,a fez um desfile lindo em nossa passarela o desfile faz parte de um super projeto que iniciamos lá em novembro de 2022 e agora chegamos ao resultado final os novos uniformes da empresa assinados pela estilista cacique vencedora do concurso moda movimento,localizamodaemovimento,10073,97,localiza bru,"The image shows a group of models walking down a runway during a fashion show. The models are walking in a line, with the lead model in the front wearing a black jacket with the word ""Lacoste"" written on it in white letters. She has an afro hairstyle and is wearing a white t-shirt and green pants. Behind her, there are other models wearing green jackets with the same word written on them. The background is dark and there are bright lights shining down on the models. The overall mood of the image is serious and focused."
667,2023-05-02 11:00:07+00:00,versace,anne hathaways custom atelier versace gown for the met gala 2023 atelier versace used over 15 meters of fabric and 450 hours to handcraft anne hathways custom gown for this years met gala embellishments were custom made for the occassion combining pearls used throughout karl lagerfelds chanel collections with versace signatures including medusa safety pins,atelierversace metgala metgala2023,938672,1642,annehathaway,"The image is a collage of four photographs of a wedding dress on a mannequin. 

The first photograph on the top left shows the back of the dress, which is covered in white sequins and beads. The dress has a sweetheart neckline and a full skirt that falls below the knees. The bodice is decorated with intricate beading and sequins that sparkle in the light.

In the top right photograph, the dress is displayed on a rack with other dresses and accessories. The background is blurred, but it appears to be a room with a white wall and a window. The bottom left photograph shows a close-up of the neckline, showing the intricate details of the bodice and the beading. The necklace is made up of multiple strands of gold-colored beads that are arranged in a symmetrical pattern. The overall aesthetic of the image is elegant and sophisticated."
668,2023-05-26 17:55:50+00:00,whowhatwear,small buy big impact as the fashion crowd continues to resurface every late 90s to early 2000s accessory imaginable stretchy headbands have come back in a big way effortless and affordable its the easiest it girlapproved look to copy tap our link for more inspo around the trend photos,highlydocumented,22745,35,nicolaannepeltzbeckham lauraharrier bellahadid bettinalooney hoskelsa,The image shows two young women sitting on a lounge chair on a beach. They are both wearing white bikinis and sunglasses. The woman on the left is wearing a white headband and has her hair pulled back in a bun. She is holding a cigarette in her mouth and appears to be smoking it. The other woman is sitting next to her and is looking at the camera with a serious expression. There is a blue towel draped over the lounge chair and a window in the background.
669,2023-04-29 08:00:00+00:00,versace,versace eyewear springsummer 2023 now at versacecom via the link in bio,versacesunglasses versaceeyewear,123446,360,no_mention,"The image is a close-up portrait of a woman wearing a pair of Versace sunglasses. The sunglasses are black with a gold Versace logo on the temples. The woman has long dark hair that is styled in loose waves and is wearing a black leather jacket. She is looking directly at the camera with a serious expression on her face. The background is blurred, but it appears to be an indoor setting with other people in the background. The word ""VERSACE"" is written in white text at the bottom of the image."
670,2023-03-24 09:39:46+00:00,parisiensinparis,there’s chic and then there’s chic also paris has a shearling and cognac trend going on,loropiana loropianabalebag shotoniphone paris parisian parisien effortless style effortlesschic natural fashion denim denimmania parisianstyle leparisien laparisienne parisfashionweek pfw,11907,45,no_mention,The image shows a young woman standing in a restaurant or cafe. She is wearing a beige jacket and blue jeans. Her long dark hair is styled in loose waves and falls over her shoulders. She has a brown leather belt around her waist and is holding an orange handbag in her left hand. The restaurant has wooden tables and chairs with woven seats and a chalkboard on the wall. The floor is made of concrete and there is a window in the background.
671,2023-05-24 17:30:11+00:00,whowhatwear,there’s one thing that connects the now more than ever before being fathers “the reason who i am today is because of my kids whether that is figuring out how to get home sooner or thinking about them when we’re writing it’s ever present they are your children they are the most important thing in your life” says who notes that most of lyrics from are based on fatherhood and brotherhood read more from our may cover story at the link in bio photographer stylist at grooming using at manicure using boy de chanel at art director executive talent director editor video director director of photography video editor camera operator sound mixer drummond dominguezkincannon,thealbum,12214,54,jonasbrothers kevinjonas rebekahcampbell mjonf thewallgroup kumicraig lamer michinail artdeptagency bonatalia jbake21 thatgirlyusra stephrmro emmapenrose collinhughart zachkry,"The image is a collage of three photographs of a man standing on a balcony. The man is wearing a gray cardigan and a striped t-shirt. He has curly hair and a beard and is looking directly at the camera with a serious expression. The background is blurred, but it appears to be a building with a window. The photographs are arranged in a grid-like pattern, with each photograph overlapping the one below it."
672,2023-05-24 16:01:39+00:00,whowhatwear,it was a different social media era back in 2005 when the officially formed as a band “we started off with myspace being a thing we had 100 followers on myspace and we were like ‘we did it guys we can retire we made it’” says who has since moved on and become somewhat of a tiktok star sharing content with nearly 6 million followers as for the band’s future according to joe “if we’re still making music and pursuing doing what we love in another 20 years i mean pinch me—that’s just awesome” read more at the link in our bio photographer stylist at grooming using at manicure using boy de chanel at art director executive talent director editor video director director of photography video editor camera operator sound mixer drummond dominguezkincannon,no_hashtag,34533,104,jonasbrothers joejonas rebekahcampbell mjonf thewallgroup kumicraig lamer michinail artdeptagency bonatalia jbake21 thatgirlyusra stephrmro emmapenrose collinhughart zachkry,The image shows a young man sitting on a wooden floor in a room with a beige wall and a window in the background. He is wearing a black and white patterned sweater with a circular design on the front and beige pants. He has curly dark hair and is looking directly at the camera with a slight smile on his face. His hands are resting on his knees and he is wearing black shoes.
673,2023-04-26 12:16:15+00:00,watchingnewyork,streets are heating up recent favorites,streetfashion fashion street nyc nycfashion spring springfashion fashiontrends fallfashion newyorkcity style streetstyle vintage thrift,34589,279,no_mention,"The image shows two young women walking on a busy street. The woman on the left is wearing a black tank top, leopard print shorts, and black ankle boots. She is also wearing a wide-brimmed hat and carrying a black crossbody bag. She has long dark hair and is wearing sunglasses.

The woman in the middle is wearing an off-the-shoulder top with a floral print skirt and a beige jacket. She also has a black scarf tied around her waist. She appears to be walking with confidence and is looking off to the side with a serious expression on her face. The background shows a busy city street with cars and buildings."
674,2023-05-19 08:28:03+00:00,datewithversace,shines at wearing springsummer 2023 dress,cannes2023 atelierversace,2886,9,ester_exposito versace donatella_versace,"The image shows a woman standing on a red carpet at a formal event. She is wearing a long, floor-length gown with a plunging neckline and a deep V-neckline. The dress is covered in gold sequins that sparkle in the light. The woman has blonde hair styled in loose waves and is wearing statement earrings and a necklace. She appears to be posing for the cameras with a serious expression on her face. In the background, there are photographers and photographers taking pictures of the event."
675,2023-04-23 13:31:58+00:00,watchingnewyork,april archives,streetfashion fashion street nyc nycfashion winter winterfashion fashiontrends fallfashion newyorkcity style streetstyle vintage thrift puppy dog,36308,137,no_mention,The image shows two young women walking on a busy street. The woman on the left is wearing a beige trench coat over a white crop top and white pants. She has long dark hair and is carrying a small purse on her shoulder. She is also wearing brown boots and is holding a glass of water in her hand. The other woman is walking behind her with a serious expression on her face. The street is lined with buildings and there is a black lamppost on the right side of the image.
676,2023-05-24 02:24:20+00:00,whowhatwear,rip to the overfilled perfectly arched instagram brow as makeup trends have evolved toward a more natural look weve seen fluffy brushedup verging on unruly brows dominate the runway and our fyp and experimental bleached and skinny 90s brows are becoming more mainstream for more 2023 eyebrow trends and expert predictions head to the link in bio photos,no_hashtag,16271,107,kendalljenner badgalriri dualipa lauraelizabethklein,"The image is a close-up portrait of a young woman sitting on a couch. She is wearing a white off-the-shoulder top and her hair is styled in loose waves. She has a serious expression on her face and is looking directly at the camera. The background is blurred, but it appears to be a living room with a couch and a coffee table. The lighting is soft and natural, highlighting the woman's features."
677,2023-04-19 12:26:45+00:00,watchingnewyork,is it hot is it cold ‍️ recent top shots,thewildestpartner streetfashion fashion street nyc nycfashion winter winterfashion fashiontrends fallfashion newyorkcity style streetstyle vintage thrift,32624,287,no_mention,"The image shows two young women walking on a busy street in New York City. The woman on the left is wearing a white fur coat and maroon leggings, with a headband on her head. She is holding a phone in her hand and appears to be looking at it intently. The other woman is walking behind her, wearing a green coat and a brown dress. Both women have curly hair and are carrying shopping bags. The background shows a busy city street with cars and buildings."
678,2023-04-12 12:18:00+00:00,watchingnewyork,some of my favorite trios from this winter,streetfashion fashion street nyc nycfashion winter winterfashion fashiontrends fallfashion newyorkcity style streetstyle vintage thrift,30136,160,no_mention,"The image shows three young men walking on a busy street. The man in the middle is wearing a pink cardigan, black pants, and a black baseball cap. He is carrying a black handbag and appears to be walking with the other two men. On the left side of the image, there is a young woman wearing a black puffer jacket and blue jeans. She has long braided hair and is looking off to the side with a serious expression on her face. The background shows a busy city street with cars and buildings."
679,2023-05-02 02:12:09+00:00,nyfw,showstopping and wear at the,janellemonae teyannataylor oliviarodrigo bellaramsey sorachoi alexanderskarsgard thombrowne metgala,18767,70,gettyimages,"The image shows a model walking on a runway at a fashion show. The model is wearing a black and white outfit with a high neckline and long sleeves. The outfit is made up of multiple layers of fabric, with the top layer being white and the bottom layer being black. The skirt of the outfit is black with white stripes and has a high slit on the side. She is carrying a white handbag and is wearing black high heels. The background shows a crowd of photographers and photographers taking pictures of the model. The runway is decorated with a red and white striped pattern."
680,2023-04-07 12:36:19+00:00,watchingnewyork,friday wear something great be nice and eat all the good foods,streetfashion fashion street nyc nycfashion winter winterfashion fashiontrends fallfashion newyorkcity style streetstyle vintage thrift,32320,159,no_mention,"The image shows three people walking on a busy street in New York City. The person on the left is wearing a red beanie, a white t-shirt, blue jeans, and red boots. He is also wearing a long red coat with the words ""I Love NY"" written on it. The middle person is in the middle, wearing a beige jacket, black shorts, and white boots. The third person is on the right, wearing purple pants and a purple coat. They are all smiling and appear to be enjoying their time together. The street is lined with buildings and there are traffic lights visible in the background."
681,2022-01-09 23:17:34+00:00,zendaya,a reminder before tonight…,no_hashtag,9229231,20272,no_mention,"The image is a black and white photograph of a young woman riding a bicycle on a street. She is wearing a jacket and has long, curly hair that is blowing in the wind. The woman is holding onto the handlebars of the bicycle with both hands and appears to be in motion. The background is blurred, but it seems to be a city street with buildings and trees. The image is taken from a low angle, looking up at the woman as she pedals. The overall mood of the image is peaceful and serene."
682,2023-05-23 11:59:21+00:00,adidasfootball,two iconic brands three iconic boots three heroic players signup now for the adidas football for prada via link in bio the adidas confirmed app and prada stores,adidasforprada prada adidasfootball,331719,649,no_mention,"The image shows a silhouette of a young man standing against a red background. He is wearing a black Adidas tracksuit with red stripes on the sleeves and shorts. The man is holding a black soccer cleat in his right hand and appears to be looking down at it with a serious expression on his face. The image is taken from a low angle, making the man and the cleat the focal point of the image."
683,2022-01-13 19:47:35+00:00,zendaya,this news just breaks my heart to speak about her as if she’s not with us feels strange as she is so incredibly full of life there’s not a time i saw her without her iconic red lips and full teased hair a true rockstar through and through ronnie being able to know you has been one of the greatest honors of my life thank you for sharing your life with me i could listen to your stories for hours and hours thank you for your unmeasured talent your unwavering love for performing your strength resilience and your grace there is absolutely nothing that could dim the light you cast i admire you so much and am so grateful for the bond we share you are a magical force of greatness and the world of music will never be the same i wish everyone got to experience you the way i did we celebrate your beautiful life and give you all the flowers you so rightfully deserve rest in great power ronnie i hope to make you proud,no_hashtag,4861471,4847,no_mention,"The image is a black and white portrait of a young woman sitting on a director's chair. She is wearing a tank top and jeans, and her long curly hair is styled in loose curls. The woman is resting her chin on her hand and is looking off to the side with a thoughtful expression on her face. The chair is made of wood and has the words ""R. Spector"" written on it in white letters. The background is plain and the overall mood of the image is somber."
684,2023-04-09 12:30:00+00:00,watchingnewyork,easter colors for today hope you find all your eggs ️,streetfashion fashion street nyc nycfashion winter winterfashion fashiontrends fallfashion newyorkcity style streetstyle vintage thrift easter pastels,26252,174,no_mention,"The image shows a woman walking on a sidewalk. She is wearing a colorful outfit with a white jacket, a colorful striped top, a multicolored skirt, and yellow rain boots. The jacket has a high collar and long sleeves, and it is decorated with colorful pom-poms and flowers. The skirt is made up of different patterns and colors, including red, orange, yellow, green, blue, and purple. The woman is also wearing a pair of yellow sunglasses and has a pink teddy bear in her hand. She has blonde hair styled in loose waves and is wearing red lipstick. The background shows a busy street with cars and buildings."
685,2023-05-04 16:02:21+00:00,nyfw,archive browsing 2000’s nostalgia is in full swing said his collection was “about color and fun photos courtesy of,tommyhilfiger ss04,1188,17,gettyimages,"The image shows a model walking down a runway in a long, flowing pink dress. The dress has a halter neckline and thin straps that cross over the shoulders. The skirt of the dress is made of a bright orange fabric that flows down to the floor. The model is wearing strappy heels and her hair is styled in loose waves. She is walking confidently with her left hand on her hip and her right hand resting on her thigh. The background is dark, and there are people sitting on either side of the runway, watching the model."
686,2023-05-24 19:38:14+00:00,whowhatwear,how do you define boundaries when your family is your work it may have taken almost 20 years to get here but the youngest of the praises the current stage of their sibling journey above all “we’re brothers at the end of the day and we also work together it’s a lot to unpack on a daily basis but we found a good balance and i think that’s because with time age and maturity you find a way for it to all make sense and enjoy the ride life is too short to not enjoy it and the one that we’re on is pretty incredible” he says read more at the link in our bio photographer stylist at grooming using at manicure using boy de chanel at art director executive talent director editor video director director of photography video editor camera operator sound mixer drummond dominguezkincannon,no_hashtag,97585,246,nickjonas jonasbrothers rebekahcampbell mjonf thewallgroup kumicraig lamer michinail artdeptagency bonatalia jbake21 thatgirlyusra stephrmro emmapenrose collinhughart zachkry,"The image is a portrait of a young man sitting on a chair with his arms crossed. He is wearing a black suit with a white shirt and a black tie. He has short, curly hair and a serious expression on his face. The background is a plain beige wall. The man appears to be in his late twenties or early thirties."
687,2023-05-02 15:00:02+00:00,nyfw,designers did not come to play at this years jack lazaro of kate laura mulleavy of and joseph altuzarra of showed up and showed out,fashionalliance metgala proenzaschouler prabalgurung rodarte sergiohudson altuzarra,1432,14,gettyimages,"The image shows two men standing side by side on a red carpet. They are both wearing black suits with white shirts and black ties. The man on the left has dark hair and is looking directly at the camera with a serious expression. He has a beard and is wearing a black suit with a white shirt and a black tie. The background shows a crowd of people and cameras, suggesting that they are at a formal event."
688,2023-05-01 22:53:25+00:00,nyfw,showstopping and wear at the,ritaora quintabrunson anokyai quannahchasinghorse prabalgurung metgala,13725,61,gettyimages,"The image shows a woman walking on a red carpet at a formal event. She is wearing a black off-the-shoulder gown with sheer panels on the bodice and a long train that flows behind her. The gown has a high neckline and long sleeves. The woman has blonde hair styled in loose waves and is wearing gold bracelets and earrings. She appears to be posing with one hand on her hip and the other resting on her thigh. In the background, there are photographers and photographers taking pictures of the event."
689,2023-05-02 02:04:42+00:00,fashionweek,star walkin’ with creative direction by is otherworldly in silver pearls and diamonds arriving at the photos by,lilnasx metgala,33947,309,nicolaformichetti gettyimages,"The image shows a model walking on a runway at a fashion show. The model is wearing a silver dress with a unique design. The dress is covered in small silver beads, giving it a shiny and glittery appearance. The bodice of the dress is fitted and flares out at the bottom, creating a dramatic and edgy look.

The model's face is made up of multiple strands of silver beads that form the shape of a face, with a large nose and mouth. The eyes are large and round, and the mouth is slightly open, as if it is about to speak. The hair is styled in a messy, spiky manner, and there are a few people in the background, some of whom are holding cameras and taking pictures of the model. The overall mood of the image is dramatic and dramatic."
690,2023-01-10 15:21:34+00:00,facehunter,casa chic x sofia “d’une arche aux autres”,danielburen danielburenart danielbureninstallation art contemporaryart streetstyle casablanca morocco maroc almagrib maghreb northafrica kaftan moroccanstyle moroccancaftan facehuntermorocco,688,15,sofiaelarabii bakchic_thelabel,"The image shows a group of arches with black and white stripes. The arches are made of stone and are painted in a light yellow color. They are arranged in a symmetrical pattern, with the top arches slightly higher than the bottom arches. In the background, there is a palm tree and a blue sky. A person is walking through the arches, wearing a white robe and carrying a backpack. The ground is covered in grass and there are a few other arches visible in the distance. The overall atmosphere of the image is peaceful and serene."
691,2023-05-25 00:26:46+00:00,urbanoutfitters,take us out someplace nice tonight o,uocommunity,1820,18,mollydalton jennxevans juliettedhrl meganhelengrayx tumii allisonnjocelyn,The image shows a young woman standing in front of a wooden door. She is wearing a white dress with a black corset over it. The dress has a ruffled skirt that falls below her knees. The corset is strapless and has a sweetheart neckline. The woman is holding a glass of red wine in her right hand and is posing with her left hand on her hip. She has dark hair styled in loose waves and is wearing black thigh-high boots. The background is a plain white wall.
692,2023-03-06 20:02:00+00:00,parisfashionweek,continues to cover the the shows of the womenswear paris fashion week® fallwinter 20232024 are available on the official platform click in bio who do you recognize,pfw,16633,77,claireguillon,"The image shows a young woman walking on a street with a man behind her. The woman is wearing a leopard print blazer and shorts, with a black belt and thigh-high boots. She has long dark hair styled in loose waves and is smiling at the camera. The man is also wearing a blue suit and has a serious expression on his face. The background is blurred, but it appears to be a busy street with other people walking around."
693,2022-12-12 09:39:08+00:00,facehunter,because is more than a financial hub and a worldwide center for diplomacy… i guess…️ 12 danielle actress allisson 34 naina dancer 56 charles french teacher photographer 78 yvonne plays in a gugen music band 9 hedi flea market and antique dealer 10 monsieur darbellay,geneva genève streetstyle streetsnap streetfashion selfexpression style individualstyle styleinspiration styleinspo stylefashion styleoftheday stylepost stylegram mensfashion genf gva genevastyle genevois plainpalais suisse romandie romands schweiz svizzera svizra switzerland swissstyle facehunterch,2168,43,d naina_zts carloscosta_fotos aaaaaalllllliiiiiicccccceeeeee sky_skurtizen,The image is a portrait of an elderly woman standing on a street. She is wearing a blue and green plaid poncho with a colorful scarf around her neck. She has a pair of red glasses on and is smiling at the camera. The background shows a park with trees and buildings in the distance. The woman appears to be in her 60s or 70s and has a warm and friendly expression on her face.
694,2023-05-03 22:12:17+00:00,nyfw,dazzling duo stuns in at the,mindykhaling simkhai metgala,1248,14,no_mention,"The image shows a man and a woman posing together at an event. The man is on the left side of the image and the woman on the right side. They are both dressed in formal attire, with the man wearing a black and white patterned suit with a white shirt and black trousers. The woman is wearing a strapless white dress with a sweetheart neckline and a ruffled skirt. She is holding a silver clutch purse in her hand and is smiling at the camera. The background is a beige curtain and there are other people visible in the background."
695,2023-05-21 23:29:44+00:00,urbanoutfitters,this seasons top players new sports graphics at the link in bio,no_hashtag,2003,15,no_mention,"The image is a portrait of a young man sitting on a blue background. He is wearing a grey t-shirt with the words ""Boston Celtics"" printed on it and green shorts. He has short brown hair and is looking directly at the camera with a slight smile on his face. His left hand is resting on his head and his right hand is touching his forehead. He appears to be deep in thought or contemplating something."
696,2022-12-06 14:50:57+00:00,facehunter,i’m continuing my exploration of innovation and creativity to celebrate latest limited edition created in partnership with visual artist this week immersing into the world of berlinbased brazilian artist whose studio i visited in the treptow neighborhood “when i create a painting and see myself through it i know that i’m being true to myself in a way that i can’t translate in words i don’t want to change the world because it sounds a bit superficial i just hope that i can make some difference in the people who connect with my work that people can see the truth in themselves” rafaella’s explorative artform encapsulates how the future is yours to shape enjoy responsibly,ballantines ballantinesxjdemsky staytrue ad,236,10,ballantines demsky__ rafaellabraga,"The image shows a woman standing in front of a large mural on a wall. The mural is painted in black and white and features a large elephant with its trunk raised in the air. The elephant is surrounded by stars and other abstract shapes. The woman is wearing a white coat and a white hat, and she is standing on a colorful rug with red, orange, and blue patterns. She is looking up at the mural with a smile on her face."
697,2023-06-04 12:00:11+00:00,prada,patterns the stand in for summer are rethought and reiterated discover more via link in bio,prada,21109,79,no_mention,"The image shows a young woman posing in a casual outfit. She is wearing a white tank top with black and white stripes and black shorts. She has shoulder-length dark hair with bangs and is looking directly at the camera with a serious expression. The woman is holding a yellow and black woven bag with the word ""PRADA"" written on it in black letters. The bag has a gold chain strap and appears to be made of a woven material. The background is plain white."
698,2023-05-02 15:41:10+00:00,versace,simu lius custom atelier versace suit for the met gala 2023 the custom atelier versace design took over 120 hours to complete with a grain de poudre wool blazer featuring intricate handfinished silk satin plissé inserts to the front,atelierversace metgala metgala2023,27456,81,simuliu,"The image shows a black blazer hanging on a black hanger in a clothing store. The blazer has a collar and a button-down front. The hanger is attached to a metal rod and has a label on it that reads ""35"". Behind the hanger, there are several white shirts hanging on hangers. The background is blurred, but it appears to be a closet or dressing room."
699,2023-03-13 10:22:19+00:00,milanfashionweek,oscars night moments with looks from italian designers in the pictures nicole kidman in custom armani lady gaga in versace jessica chastain in gucci florence pugh in maison valentino and andrew garfield in fendi halle bailey in dolce gabbana salma hayek in gucci and pedro pascal in zegna zoe saldana in fendi winnie harlow in armani,cnmimembers oscars2023 oscars,2367,16,no_mention,"The image shows a woman posing on the red carpet at an event. She is wearing a long black dress with a high slit on the side. The dress has a ruffled neckline and short sleeves. The woman has blonde hair styled in loose waves and is wearing black strappy heels. In the background, there are two golden Oscar statues. The overall mood of the image is glamorous and elegant."
700,2023-03-21 08:26:47+00:00,milanfashionweek,camera nazionale della moda italiana announces the new edition of an event created in 2015 with the aim of celebrating and promoting the excellence of italian fashion schools the milano moda graduate 2023 fashion show will be held during milan fashion week in september the selected designers will present capsule collections and outfits created during the tutorship period curated by cnmi in front of a prestigious parterre and an international jury awarding the prizes the event includes a fashion design section and one created together with ykk the events main partner institutions or universities can submit their candidates by april 10 undergraduates or graduates who graduated less than 1 year ago from threeyear and masters fashion design courses read the full article on cameramodait,milanomodagraduate,1672,25,no_mention,"The image shows a model walking down a runway during a fashion show. The model is wearing a long, floor-length gown with a deep purple color. The gown is made up of multiple layers of sequins that create a shimmering effect. The skirt of the gown is full and flows down to the floor, creating a dramatic silhouette. The bodice of the dress is off-the-shoulder and has a sweetheart neckline. The dress is cinched at the waist with a thin strap, and the skirt flares out slightly at the bottom. The woman is wearing black strappy heels and her hair is styled in loose waves. She is walking confidently with her hands on her hips and her head turned slightly to the side. The background is dark, and there are people sitting on either side of the runway, watching the model."
701,2023-03-06 11:44:59+00:00,milanfashionweek,presents the fallwinter 202324 collection creative director pierpaolo piccioli takes black tie at its face value a figure of speech for a collection centered on garments drawn from the everyday conjectures and cultural capital are reversed symbol of male power emblem of orthodoxy and restriction our preconceptions about the tie become theoretical architecture for a collection that plays with rules emancipating meaning its ideological conception is questioned eventually contradicted and completely redefined the conscious journey of maison valentino continues in its constant commitment to greater environmental awareness also on the occasion of the valentino black tie fallwinter 2023 fashion show the guests of the show are hosted on wooden benches that will be entirely reused by the maison for its future events and projects with a view to supporting the reuse of resources the carpet is totally recycled following the event by its italian supplier equally attentive to the environmental impact and characterized by ecoconscious ethics the brand will donate part of the textile materials used for the fashion show to the association with the aim of promoting the circular economy,cnmimembers valentinoblacktie maisonvalentino,4900,43,maisonvalentino,"The image shows a group of people standing on a staircase in a grand building. The staircase is made of stone and has a white railing on one side. On the other side of the staircase, there is a tall, ornate column with a golden statue on top. In the center of the image, there are several people wearing black and white striped outfits. The person in the foreground is wearing a bright yellow coat, black tights, and black boots. They are also wearing sunglasses and appear to be posing for the photo. The background shows the interior of the building with white walls and columns."
702,2023-03-09 10:42:39+00:00,milanfashionweek,the streets at shot by,mfw,3541,26,thomrazzano,"The image shows a young woman walking on a street. She is wearing a light green off-the-shoulder crop top and shorts. She has a black and white handbag slung over her shoulder. Her blonde hair is styled in a high ponytail and she is wearing sunglasses. There are people in the background, some of whom are holding cameras and taking pictures. The street appears to be a city street with buildings and cars."
703,2023-03-10 15:48:10+00:00,milanfashionweek,unveils the new in los angeles for me los angeles is a natural home for us because we share the dna of energy power creativity and imagination together at this show we share those values around the globe” donatella versace,versacefw23 cnmimembers,10701,66,versace,"The image shows a group of models walking down a runway at night. The runway is located on a hill with a cityscape in the background. The models are wearing black outfits with sequins and fur coats. The woman in the center of the image is wearing a black dress with a plunging neckline and high heels. She is carrying a pink handbag and has long dark hair styled in loose waves. Behind her, there are other models walking in similar outfits. The sky is dark and the overall mood of the photo is dramatic and glamorous."
704,2022-11-28 13:08:55+00:00,facehunter,to celebrate latest limited edition finest bottle created in partnership with visual artist i am exploring different approaches to innovation nzinga b mboup is a dakarbased bioclimatic architect who believes that the future of architecture should revert to ancestral construction techniques some of the oldest buildings or structures in this world are actually built with earth there is a reason why these buildings are still here they were built with intimate knowledge of the material technology enjoy ballantines responsibly,ballantinesxdemsky staytrue ad,245,6,ballantines demsky__ nzingabm,"The image shows a young African-American woman sitting on a green armchair. She is wearing a beige sweater with a colorful patterned shawl draped over her shoulders. Her hair is styled in an afro and she is looking directly at the camera with a serious expression. In the background, there is a blue and white checkered tablecloth and a brick wall. The overall mood of the image is somber and contemplative."
705,2023-05-08 21:22:17+00:00,nyfw,happy designers represented this past weekend at the 2nd annual gold gala the event honors asian pacific communities across multiple disciplines ⁠ ⁠ attendees included in in prabal gurung in and more ⁠,aapiheritagemonth nyfw kimshui prabalgurung kehuyquan thombrowne sandraoh stephanieshepherd altuzarra,1014,16,goldhouseco,"The image shows a young woman posing on a red carpet at an event. She is wearing a long, silver dress with a halter neckline and a high neckline. The dress is made of a shiny, metallic fabric and has a cut-out detail on the front. The woman has long dark hair styled in loose waves and is looking directly at the camera with a confident expression. In the background, there is a large banner with the words ""Gold House Celebrates AAPI Heritage Month"" written in bold, gold letters."
706,2023-01-06 15:15:01+00:00,facehunter,was one of the most important laboratories in the 20th century and it still shows can’t remember last time i’ve seen as many unique expressions of there are literally not two identical in ‘s economic capital after almost entirely destroying casablanca and killing 7000 people in 1907 france decided to build a “ville nouvelle” new city for its large european population and a “ville indigène” indigineous city to house moroccans during its rule of morocco 19121956 france invited european architects to use casa as their canva it turned into what has been considered “a model of a modernist city” stateoftheart innovations were plentiful but essentially dedicated to european settlers,casablanca architectural modernism buildings morocco maroc almagrib maghreb northafrica colonisation colonialarchitecture modernisme archi archidaily archilover architect archilovers archiporn brutalism brutalistarchitecture facehuntermorocco,1854,32,no_mention,"The image shows an old, dilapidated building on the corner of a street. The building appears to be in a state of disrepair, with broken windows and crumbling walls. The exterior of the building is painted in a combination of white, blue, and pink colors, with some areas of the paint peeling off in some areas. There are several balconies and balconies on the building, and a few people can be seen walking on the sidewalk in front of it. The street is lined with parked cars and there are other buildings in the background. The sky is clear and blue."
707,2022-12-12 20:01:33+00:00,taylorswift,had the honor of speaking to martin mcdonagh about his brilliant film the banshees of inisherin this is one you have to go see in theaters so full of heart and wit and darkness and humor check out showtimes and go support this incredible film ️,no_hashtag,3278330,0,variety banshees_movie mschwartzphoto,"The image is a portrait of a man and a woman standing side by side with their arms crossed. The man is on the left side of the image and the woman on the right side. They are both dressed in formal attire, with the man wearing a dark blue blazer and a black turtleneck sweater. The woman has long blonde hair with bangs and is wearing a blue sweater. They both have serious expressions on their faces and are looking off to the side. The background is a plain white wall. The image appears to be a studio portrait."
708,2022-10-22 11:45:04+00:00,facehunter,for my first time in postbrexit i’ve been capturing some at the iconic central saint martins art school 1 rowan fine art 24 neema 5 maria fine art calli 6 leo performance design 7 seoyun 8 paritos fashion promotion and communication 9 alyssa fine art qianzi,london streetstyle csm londonstyle londonstreetstyle england uk style styleinspo styleinspiration stylefashion styleoftheday styles menstyle menfashion menwithstyle mensfashion womenfashion girlstyle stylish stylishlook artstudent artstudents facehunterlondon,1064,32,rowanparker18 neemakayitesi mari leomonira seenseo 222paritos aoka_s,"The image shows a young woman standing in front of a brick wall. She is wearing a black and red oversized sweater with a graphic design on the front and a pink skirt with a floral pattern. The sweater has a high neckline and long sleeves, and the skirt has a ruffled hemline. The woman is also wearing black ankle boots with a choker necklace and fishnet stockings. She has curly hair and is posing with one hand on her hip and the other resting on her thigh. The background is blurred, but it appears to be an outdoor setting with cobblestones."
709,2023-01-11 11:00:08+00:00,leeoliveira,piazza carlo stuparich milan,no_hashtag,218,9,no_mention,"The image shows a young man with curly hair walking on a street. He is wearing a colorful outfit with a red bag on his shoulder and a white tank top with a colorful design on it. He has a pair of red shoes on his feet and is carrying a red purse. On the left side of the image, there is a woman with blonde hair, wearing a blue plaid shirt. She appears to be talking to another woman who is walking behind her. In the background, there are other people walking on the street and a building can be seen in the distance."
710,2023-01-08 16:25:17+00:00,facehunter,mohammed karim owns a clothing store in the neighbourhood maghreb,casablanca habous hubous maroc morocco almagrib northafrica streetstyle mensstyle mensfashion mensclothing facehuntermorocco,622,8,no_mention,"The image shows an elderly man standing on a street with a cane in his hand. He is wearing a green trench coat, a striped tie, a black cap, and red shoes. He has a long white beard and mustache and is smiling at the camera. Behind him, there are several arches and a building with a sign that reads ""Bavarian"". There are also several bicycles parked on the side of the street. The sky is overcast and the overall mood of the image is cheerful and relaxed."
711,2022-10-26 08:00:41+00:00,facehunter,some more street swag made in ️‍ 12 michael 34 maja 5 noah 67 franzine 8 oscar 9 hannah 10 paul,london streetstyle londonstyle londonstreetstyle england uk style styleinspo styleinspiration stylefashion styleoftheday styles menstyle menfashion menwithstyle mensfashion womenfashion girlstyle stylish stylishlook facehunterlondon,1082,35,fujiwara_nakatomi majadarlington noahdayan franzinepermejo omhlondon hannieratz,"The image shows a young man sitting at a small table in an outdoor cafe. He is wearing a grey blazer, a black t-shirt, and sunglasses. His hair is styled in dreadlocks and he is looking off to the side with a slight smile on his face. There is a glass of water on the table in front of him. In the background, there are other people sitting at tables and a building with a large window. The overall atmosphere of the image is relaxed and casual."
712,2023-03-13 09:36:02+00:00,milanfashionweek,moments at the 95th academy awards with looks from italian designers in the pictures jamie lee curtis in dolce gabbana and brendan fraser in armani margot robbie in armani ariana de bose in versace riz ahmed in prada angela bassett in moschino emily blunt in maison valentino ashley graham in alberta ferretti,cnmimembers oscars2023 oscars,3281,31,no_mention,"The image shows four people posing with their Oscar statuettes. The person on the left is a young man wearing a black tuxedo and glasses, the person in the middle is a woman wearing a white gown with a long train, and the person at the far right is an older woman with short white hair. All four people are smiling and appear to be happy. The background is a beige carpeted room with gold accents and a large Oscar statue on the wall."
713,2023-03-20 10:51:38+00:00,milanfashionweek,monday mood with another round of the streets at shot by,mfw,3513,31,thomrazzano,"The image shows a young woman standing on a busy street in a city. She is wearing a long blue coat over a denim jumpsuit and carrying a blue handbag. She has long blonde hair and is smiling at the camera. Behind her, there is a green bus and a man riding a bicycle. The street is lined with tall buildings and there are cars parked on both sides of the road. The sky is blue and the weather appears to be sunny."
714,2023-04-18 13:32:15+00:00,milanfashionweek,on the occasion of milano moda design during presents the two new creativity of the home collection dg logo and oro 24k which join the four themes already available carretto siciliano blu mediterraneo leopardo and zebra a tribute to excellent craftsmanship italian design and the authentic codes of the brands dna identified and reinterpreted to become an integral part of the form and function of each furnishing proposal with its expressive power and unmistakable lines the dg logo signs dolcegabbana creations and today characterizes one of the new themes of the home collection a graphic sign of great character which thanks to the two famous initials is a perfect synthesis of the history and identity of the brand the 24k gold theme pays homage to the opulence of the baroque and its eccentric and refined shapes which come to life in the precious fabrics and in the smooth or hammered surfaces of the furnishings of the new line in particular the wavy effect that embellishes some furnishing elements owes its uniqueness to an extraordinary manual workmanship which has its roots in the great italian tradition of high craftsmanship,milandesignweek dgcasa dolcegabbana milanomodadesign mmd,1142,11,dolcegabbana,"The image shows a luxurious living room with a high ceiling and a large chandelier hanging from it. The room is decorated with a variety of plants and furniture, including a large sectional sofa with beige cushions, a chaise lounge chair with a curved backrest, and a coffee table with various decorative items. The floor is covered with a beige carpet, and there are several potted plants scattered throughout the room. The overall color scheme of the room is warm and inviting, with a mix of gold and brown tones."
715,2022-11-25 10:44:15+00:00,facehunter,l’arbre à basket quite clever french architecture firm alta has designed a multihoop “basketball tree” to give kids of all ages and sizes a chance to enjoy,nantes bball france basket basketball basketballs basketballneverstops basketballtraining basketballplayer bballislife basketballtree basketballcourt basketballcourts outdoorsport sport urbandesign urban,537,8,no_mention,"The image shows a young boy playing basketball in an empty parking lot. He is wearing a yellow t-shirt, blue jeans, and white sneakers. The basketball hoop is made of metal and has a white backboard with black graffiti on it. The boy is in mid-air, with his arms stretched out to the sides and his legs bent at the knees. He appears to be in the process of dunking the ball into the hoop. In the background, there are trees and a clear blue sky."
716,2023-03-31 06:55:30+00:00,parisiensinparis,parisienne ️,shotoniphone paris parisian parisien effortless style effortlesschic natural fashion denim denimmania parisianstyle leparisien laparisienne parisfashionweek pfw,7182,17,no_mention,"The image shows a woman walking on a cobblestone street. She is wearing a black and white checkered blazer, blue jeans, and white sneakers. Her long brown hair is flowing in the wind and she is holding a water bottle in her left hand. In the background, there is a building with a glass facade and a few people sitting at tables outside. The sky is blue and the weather appears to be sunny."
717,2022-12-04 09:37:23+00:00,facehunter,die poesie grauer tage the poetry of grey days ️ luisa costume designer jam bartender,berlin streetstyle berlinstyle berlinstreetstyle styleinberlin styleinspiration styleinspo style styles stylefashion stylediary styleoftheday stylepost stylegram menstyle menwithstyle mensfashion berlim germany deutschland,1880,22,luisamerz synced_love,"The image shows a young man standing on a cobblestone street in a city. He is wearing a long black coat with a fur collar and a black scarf around his neck. The coat is long and reaches down to his ankles. He has a pair of black boots on his feet and is looking directly at the camera with a serious expression. Behind him, there are buildings and shops with tables and chairs on the sidewalk. The sky is overcast and there are a few people walking on the street."
718,2023-05-03 12:15:11+00:00,watchingnewyork,recent top shots,streetfashion fashion street nyc nycfashion spring springfashion fashiontrends fallfashion newyorkcity style streetstyle vintage thrift,27608,193,no_mention,"The image shows a young woman walking on a sidewalk. She is wearing a blue denim dress with a high slit on the side, white sneakers, and a wide-brimmed straw hat. She has long braided hair and is carrying a red leather jacket over her shoulder. The woman is holding a phone in her right hand and appears to be looking at it with a smile on her face. In the background, there are other people walking on the sidewalk and a building."
719,2023-05-25 08:42:47+00:00,adidasfootball,we celebrate the fundamentals of our respective dnas performance footwear constructed with luxury materials and meticulous craftsmanship adidas football for prada available from 1400 cet on pradacom and select prada stores,adidasforprada prada adidasfootball,166938,271,no_mention,"The image shows a young man in mid-air, performing a dance move. He is wearing a black and red long-sleeved shirt with white stripes on the sleeves and black pants. His arms are stretched out to the sides and his legs are bent at the knees. He has a pair of white sneakers on his feet. The background is plain white, making the man and his movements stand out. The image appears to be a 3D rendering, giving it a realistic look."
720,2022-10-21 12:06:44+00:00,taylorswift,the antihero video is here which i wrote and directed watch my nightmare scenarios and intrusive thoughts play out in real time with some help from the excellent and who fabulously portray… get ready for it… my grown sons and daughter in law anyway forever grateful to my incredible dp and our amazing crew,no_hashtag,3556687,0,birbigs bejohnce maryelizabethellis the_rinayang,"The image shows a woman sitting on a blue couch in a living room. She is wearing a white dress with a floral pattern and a veil covering her face. The woman is holding a black tablet in her hands and appears to be reading it intently. Behind her, there is a painting hanging on the wall and a lamp on the right side of the image. The room has wooden paneling and a wooden floor."
721,2022-10-21 04:01:01+00:00,taylorswift,midnights is a wild ride of an album and i couldn’t be happier that my co pilot on this adventure was he’s my friend for life presumptuous i know but i stand by it and we’ve been making music together for nearly a decade however… this is our first album we’ve done with just the two of us as main collaborators we’d been toying with ideas and had written a few things we loved but midnights actually really coalesced and flowed out of us when our partners both actors did a film together in panama jack and i found ourselves back in new york alone recording every night staying up late and exploring old memories and midnights past we were so lucky to also work with our brilliant collaborators lana del rey william bowery and was our excellent engineer the wonderful and wise took the album photographs midnights is a collage of intensity highs and lows and ebbs and flows life can be dark starry cloudy terrifying electrifying hot cold romantic or lonely just like midnights which is out now,no_hashtag,4668966,0,jackantonoff sam_dew sounwave jahaansweet keanubeats zoeisabellakravitz sharp_stick bethgarrabrant,"The image is a black and white photograph of four young people posing together in a dimly lit room with brick walls. On the left side of the image, there is a young woman with long hair, wearing a black dress and standing in front of a brick wall. Next to her, there are two young women, one with blonde hair and the other with brunette hair, both of whom are smiling and looking at the camera. In the center of the group, there appears to be a young man with short hair and glasses, sitting on a bench. He is wearing a suit and tie and has a serious expression on his face. The other two women are standing behind him, also smiling and posing for the photo."
722,2022-11-01 12:21:58+00:00,taylorswift,i’m enchanted to announce my next tour taylor swift the eras tour a journey through the musical eras of my career past and present the first leg of the tour will be in stadiums across the us with international dates to be announced as soon as we can feeling like the luckiest person alive because i get to take these brilliant artists out on tour with me and i can’t wait to see your gorgeous faces out there it’s been a long time coming,no_hashtag,5977526,0,paramore radvxz phoebebridgers girlinred whereismuna haimtheband gracieabrams gayle owennmusic,"The image is a poster for the album ""The Eras Tour"" by Taylor Swift. The poster features a collage of multiple photos of Taylor Swift, the lead singer of the American singer-songwriter, in the center. The photos are arranged in a grid-like pattern, with each photo overlapping the one below it. The background of the poster is white, and the title of the album is written in bold black letters at the bottom. The artist's name, ""Taylor Swift,"" is written below the photos in smaller black letters."
723,2023-05-09 15:00:08+00:00,versace,atelier versace springsummer 2023 look 16 column dress crystalized knit in transparent tulle base with allover mini crystal construction in net mini fringe crystal thread crystalized knit and an interplay of barocco motifs spontaneous shoulder is finished in asymmetric draping look 8 laceup front mini dress in bright pink silk satin with embroidered lace intarsia bust cups finished in overstitch cinched and draped waist above hand pleated skirt with overall look inspired by lingerie and exposed undergarments look 14 silk tulle dress in degradé black and pink with microdraped structure flowing to the natural lines of the body and secured with sinuous chain black latex gloves now at versacecom via the link in bio,atelierversace,72969,197,no_mention,"The image shows a woman standing in a long, floor-length gown. The gown is made of a shiny, metallic fabric with a gold and black pattern. It has a deep V-neckline and thin straps that cross over the shoulders. The skirt of the gown is full and flows down to the floor. The woman is wearing a gold necklace and earrings, and her hair is styled in a short, pixie cut. She is posing with one hand on her hip and the other resting on her thigh. The background is a plain black wall. The overall mood of the image is elegant and sophisticated."
724,2022-10-21 07:01:32+00:00,taylorswift,surprise i think of midnights as a complete concept album with those 13 songs forming a full picture of the intensities of that mystifying mad hour however there were other songs we wrote on our journey to find that magic 13 i’m calling them 3am tracks lately i’ve been loving the feeling of sharing more of our creative process with you like we do with from the vault tracks so it’s 3am and i’m giving them to you now,no_hashtag,5084480,0,no_mention,"The image shows a young woman sitting on a wicker trunk in a room with wooden walls. She is wearing a beige tank top and a plaid skirt. Her long blonde hair is styled in loose waves and falls over her shoulders. The woman is looking off to the side with a serious expression on her face. In front of her, there is a vintage typewriter and a vase. The floor is covered with a patterned rug."
725,2023-05-16 22:00:10+00:00,dudalina,na duda acreditamos que moda e responsabilidade andam de mãos dadas e que cada um de nós é um agente transformador na construção do futuro para isso tomamos atitudes diárias para um mundo melhor arraste para o lado e algumas de nossas iniciativas que visam contribuir com uma moda mais ética humana e sustentável,dudalina projetossociais projetosambientais 66anos institucional,167,3,no_mention,"The image is a black and white photograph of a shelf in a clothing store. The shelf is made of wood and is filled with folded clothes. The clothes are neatly folded and stacked on top of each other. The text on the image reads ""Responsabilidade social e ambiental"" which translates to ""Social and ambiental"" in English. The image appears to be taken from a low angle, looking up at the clothes on the shelf."
726,2022-10-25 04:08:33+00:00,taylorswift,bejeweled video is out now directed by this tired tacky wench got to make this with my best friends greatest of greats icon of burlesque and glamour genius and actual dame and my partner in midnights mayhem love you guys so much stay sparkly out there,no_hashtag,3977768,0,haimtheband lauradern ditavonteese patmcgrathreal jackantonoff,The image shows two women sitting in a martini glass on a stage. The stage is decorated with blue curtains and chandeliers hanging from the ceiling. The women are wearing silver sequin bodysuits and have their hair styled in loose waves. They are both looking at the camera and appear to be posing for the photo. The martini glasses are tall and slender with a crystal-like design. The floor is covered in a blue carpet. The overall mood of the image is glamorous and elegant.
727,2023-05-17 16:56:54+00:00,dudalina,há mais de seis décadas produzindo com qualidade para quem gosta de se vestir com personalidade e elegância em todas as situações para quem quer deixar sua marca independente do dresscode sugerido e independente da flor de lis bordada carregamos do lado esquerdo do peito o amor pela camisaria e a honra de te vestir com excelência há 66 anos,dudalina aniversariodudalina 66anos institucional,321,13,no_mention,"The image is a black and white photograph of a clothing store. The store appears to be well-lit with natural light coming in from the windows on the left side of the image. On the right side, there are rows of clothes hanging on hangers and shelves. The clothes are neatly arranged in rows and appear to be of different styles and colors. In the center of the photograph, there is a text that reads ""A excelencia de quem esta hé 66 anos no mercado"" which translates to ""66 years of shopping"" in English."
728,2022-11-15 15:14:39+00:00,facehunter,i’m back on a dimensiondefying collaboration with 🟦🟢🟨 as the renowned scotch whisky maker has invited visual artist to bring his retrofuturistic style to its 2023 limitededition finest bottle whether it’s exploring new perspectives or experimenting ballantine’s and j demsky have come together to show that the future is yours to shape i will be sharing with you over the next weeks how it’s inspired me 🟦🟢🟨 let’s start with l’aubette an avantguard cafédancingcinéma that used to be the cultural life hotspot in the 1930s strasbourg 🟦🟢🟨 this oneofakind place is not randomly nicknamed the sistine chapel of abstract art the way its creators challenged the conventions of architecture one century ago is truly mindblowing 🟦🟢🟨 the pioneer of dutch de stijl movement theo van doesburg and two zurich dada artists sophie taeuberarp and jean arp were commissioned in the 1920s to design and decorate this leisure centre located in an 18th century building 🟦🟢🟨 enjoy ballantine’s responsibly,ballantinesxjdemsky staytrue ad,326,7,ballantines demsky__,"The image shows a modern office space with a high ceiling and a staircase. The staircase has a unique design with a geometric pattern in shades of blue, green, and yellow. The walls are painted in a light beige color and the floor is made of wood. There are several desks and chairs arranged in a semi-circle around the staircase, with a red carpet on the floor. On the left side of the image, there is a large window with a view of the outside. A person is standing on the stairs and appears to be working on one of the desks. The overall atmosphere of the space is bright and airy."
729,2023-05-12 05:00:28+00:00,prabalgurung,draped to perfection⁠ ⁠ wears an atelier prabal gurung black satinback crepe sari gown embellished with thousands of hand embroidered crystals and pearls with silk chiffon train to the 2023 met gala⁠ ⁠ photo credits,no_hashtag,3114,4,_iiishmagish billykiddstudio germanlarkin,"The image shows a woman wearing a long black gown with silver sequins on the bodice and skirt. The gown has a high neckline and long sleeves, and the skirt flares out at the bottom. The woman is standing in front of a plain grey background, and she is posing with one hand on her hip and the other holding a small clutch purse. She has long dark hair styled in loose waves and is wearing a statement necklace and earrings. The overall look is elegant and sophisticated."
730,2023-05-12 03:55:56+00:00,prabalgurung,iridescent isha ⁠ ⁠ wears an atelier prabal gurung black satinback crepe sari gown embellished with thousands of hand embroidered crystals and pearls with silk chiffon train to the 2023 met gala⁠ ⁠ wears an atelier prabal gurung jade green duchesse satin sculptural draped skirt with black duchesse satin halter to the 2023 met gala⁠,no_hashtag,319,4,_iiishmagish dmjatia,"The image shows two young women posing together on a red carpet at an event. They are both smiling and appear to be happy. The woman on the left is wearing a black dress with a high neckline and long sleeves, while the woman in the middle is wearing an off-the-shoulder black top and a green skirt. Both women have long dark hair styled in loose waves and are holding handbags. In the background, there are photographers and photographers taking pictures of the event. The overall mood of the image is celebratory and glamorous."
731,2023-01-25 09:17:32+00:00,facehunter,ⴷⴷⴰⵅⵍⴰ where the atlantic meets the is at the heart of moroccos colonial startegy to anchor its presence in the disputed territory of while all moroccan public services function in dakhla as they would in any other part of morocco proper international laws consider that most of ws is occupied by morocco in the last decades morocco has invested millions to transform a modest and remote fishing village into a major saharan economic and tourism hub the new eldorado attracts many moroccans and subsaharian people looking for opportunities the city counts nowadays over 100000 inhabitants recently dakhla has also emerged as a popular destination for kitesurfers is the growing number of western tourists helping to erase appearances of an ongoing geopolitical dispute the kingdom will keep investing on megaprojects such as the creation of the biggest port in morocco when completed in 2030 and a leisure port to attract cruise ships and connect dakhla to the nearby canary islands by ferry these heavy developments geopardise more than ever the chances of selfdetermination for the people the ethnic group native to the western part of the sahara,dakhla sahara westernsahara sahrawi dakhlacity dakhlah dakhlaspirit occupation colonisation colonialism saharaoccidental northafrica afriquedunord westernsaharaconflict,1075,84,no_mention,"The image shows a beige car parked in front of a blue and yellow building with three large domes on top. The building appears to be abandoned and is located in a desert-like area with a clear blue sky in the background. The car is parked on a sandy ground with no other cars or people visible in the frame. The domes are of different sizes and shapes, with the largest one in the center and the two smaller ones on either side. The sky is clear and blue, and the overall mood of the image is desolate and desolate."
732,2023-05-12 03:56:25+00:00,prabalgurung,iridescent isha ⁠ ⁠ wears an atelier prabal gurung black satinback crepe sari gown embellished with thousands of hand embroidered crystals and pearls with silk chiffon train to the 2023 met gala⁠ ⁠ wears an atelier prabal gurung jade green duchesse satin sculptural draped skirt with black duchesse satin halter to the 2023 met gala⁠,no_hashtag,242,4,_iiishmagish dmjatia,"The image shows a group of people standing on a stage in front of a large crowd. The stage is covered with a white curtain and there is a large chandelier hanging from the ceiling. In the center of the stage, there are two women, one wearing a black dress and the other wearing a long black dress. They are both holding cameras and appear to be taking pictures or videos of the event. Behind them, there is another woman wearing a gray dress and holding a small dog. The crowd is made up of people of different ages and genders, some of whom are holding cameras. The background shows a building with columns and a tree."
733,2023-05-12 12:50:18+00:00,prabalgurung,a memorable evening at the 2022 met gala alongside glamorous women who embody femininity with a bite⁠ ⁠ photo credit,no_hashtag,305,3,wwd,The image shows two young women at an event. The woman on the left is wearing a red off-the-shoulder dress with a sweetheart neckline and a ruffled skirt. She has short black hair styled in a sleek bob with bangs. She is smiling and appears to be dancing or interacting with the other woman. The background is a white wall with a black and white patterned wallpaper. Both women are dressed in formal attire and are smiling at each other.
734,2023-05-12 03:56:10+00:00,prabalgurung,iridescent isha ⁠ ⁠ wears an atelier prabal gurung black satinback crepe sari gown embellished with thousands of hand embroidered crystals and pearls with silk chiffon train to the 2023 met gala⁠ ⁠ wears an atelier prabal gurung jade green duchesse satin sculptural draped skirt with black duchesse satin halter to the 2023 met gala⁠,no_hashtag,200,3,_iiishmagish dmjatia,"The image shows two men in formal attire walking down a runway. The man on the left is wearing a black suit and tie and appears to be in his late 60s or early 70s. He is walking towards the right side of the image, where a group of photographers can be seen taking pictures of the men. The background shows a large chandelier hanging from the ceiling and a white wall. The runway is covered in silver sequins, giving it a luxurious and glamorous look."
735,2023-05-12 12:30:17+00:00,prabalgurung,a memorable evening at the 2022 met gala alongside glamorous women who embody femininity with a bite⁠ ⁠ photo credit,no_hashtag,1922,6,wwd,"The image shows a newlywed couple, a man and a woman, sitting on a couch and smiling at each other. The man is wearing a white tuxedo with a plunging neckline and a pearl necklace. He has his arm around the woman's waist and they are both wearing white wedding dresses. The woman has long dark hair styled in an updo with a flower in her hair. In the background, there is a woman with curly hair and a painting on the wall. The couple appears to be at a formal event, as there are other people visible in the background."
736,2023-05-12 04:40:18+00:00,prabalgurung,mignight beauty ⁠ ⁠ wears an atelier prabal gurung black satinback crepe sari gown embellished with thousands of hand embroidered crystals and pearls with silk chiffon train to the 2023 met gala⁠ ⁠ wears an atelier prabal gurung jade green duchesse satin sculptural draped skirt with black duchesse satin halter to the 2023 met gala⁠,no_hashtag,1121,4,_iiishmagish dmjatia,"The image shows two women posing on a red carpet at a formal event. The woman on the left is wearing a long, flowing black gown with silver sequins on the bodice and skirt. She has long dark hair styled in loose waves and is holding a black clutch in her hand. The other woman is wearing an off-the-shoulder black top and a green skirt. They are both smiling and looking at the camera. In the background, there are photographers and photographers taking pictures of the event."
737,2023-05-12 12:20:19+00:00,prabalgurung,a memorable evening at the 2022 met gala alongside glamorous women who embody femininity with a bite⁠ ⁠ photo credit,no_hashtag,214,1,wwd,"The image shows a close-up of a woman's lower body, from the waist down. She is wearing a long, flowing red dress with a high neckline and short sleeves. The dress is made of a shiny, satin-like fabric and has a flowy skirt that falls to her ankles. The woman is also wearing red high heels with a pointed toe. The background is blurred, but it appears to be an indoor setting with other people in the background. The overall mood of the image is elegant and sophisticated."
738,2023-05-12 12:10:13+00:00,prabalgurung,a memorable evening at the 2022 met gala alongside glamorous women who embody femininity with a bite⁠ ⁠ photo credit,no_hashtag,218,0,wwd,"The image shows three people standing in a row, each wearing a different outfit. The person in the center is wearing a long, flowing pink dress with a black tassel hanging from the waist. The dress has a high neckline and long sleeves, and the skirt is made of layers of tulle. The background is blurred, but it appears to be a room with a white wall and a wooden floor. The people in the image are wearing black and white outfits, with one person wearing a white top and the other wearing a black dress."
739,2023-05-12 12:00:52+00:00,prabalgurung,a memorable evening at the 2022 met gala alongside glamorous women who embody femininity with a bite⁠ ⁠ photo credit,no_hashtag,820,3,wwd,"The image shows a close-up of a mannequin wearing a white wedding dress. The dress is made of a light-colored fabric with a pleated skirt that falls to the floor. The skirt is covered in small, sparkling beads that are arranged in a zigzag pattern, creating a textured and elegant look. The bodice of the dress is fitted and has a high neckline, while the skirt flares out slightly at the bottom. The mannequins are wearing a beige suit with a white shirt underneath. The background is dark, making the dress stand out even more."
740,2023-05-12 06:00:34+00:00,prabalgurung,glowing glamorous⁠ ⁠ wears an atelier prabal gurung black satinback crepe sari gown embellished with thousands of hand embroidered crystals and pearls with silk chiffon train to the 2023 met gala⁠ ⁠ photo credits,no_hashtag,812,1,_iiishmagish billykiddstudio germanlarkin,"The image shows a young woman standing in a lobby of a building. She is wearing a long black saree with intricate silver embroidery on the border and a matching blouse. The saree is draped over her left shoulder and she is holding a black dupatta in her right hand. The woman has long dark hair styled in loose waves and is looking off to the side with a serious expression on her face. In the background, there are other people walking around and a glass elevator. The lobby appears to be modern and luxurious, with a high ceiling and large windows."
741,2023-05-01 19:13:41+00:00,imgfocus,april 29th 2023 produced by show direction hair makeup for nails casting sound design pr florals lighting audio venue agger fish shoes created exclusively for the collection by,imgfocus,786,14,christopherjohnrogers imgfocus christinachanel jawaraw raoulalejandre maccosmetics jinsoon rickymichiels skypewilliams loftcreativegrouppr lovemenotfloral imcdlighting adiworldwide agger_marc louboutinworld,"The image shows a model walking on a runway during a fashion show. The model is wearing a large, oversized, blue coat with fringes hanging down the sides. The coat is made of a soft, fuzzy material and has a high collar and long sleeves. It is draped over the model's shoulders and arms, creating a dramatic and edgy look. The background is black, making the blue coat stand out even more. The runway appears to be empty, with no other models or spectators visible in the background."
742,2023-04-19 17:21:29+00:00,nyfw,this is what we mean when we say we want flowers,rodarte aw23,1088,15,thestreetsensei,"The image shows two models walking down a runway in a fashion show. The model on the left is wearing a long, flowing yellow dress with a high neckline and long sleeves. The dress is made of a sheer fabric with a floral pattern in shades of yellow and white. She is carrying a large bouquet of yellow flowers in her hand and is wearing high heels.

The model in the middle is wearing an elaborate purple hat with a pointed brim. The hat is decorated with intricate patterns and designs. The background of the runway is covered in silver sequins and there are several tables and chairs set up with white tablecloths. The overall mood of the image is dramatic and elegant."
743,2023-03-21 12:36:39+00:00,watchingnewyork,monday honor roll,streetfashion fashion street nyc nycfashion winter winterfashion fashiontrends fallfashion newyorkcity style streetstyle vintage thrift,31962,167,no_mention,"The image shows a mother and daughter walking on a busy street. The mother is wearing a long white coat with a fur collar and brown pants. She has long curly hair and is wearing sunglasses. The daughter is walking ahead of her mother, wearing a blue jacket and a white hat with a black and white pattern. They are both holding hands and appear to be enjoying their time together. In the background, there are other people walking on the sidewalk and a tree on the right side of the image. The street is lined with buildings and there are cars parked on the side."
744,2023-05-12 12:40:16+00:00,prabalgurung,a memorable evening at the 2022 met gala alongside glamorous women who embody femininity with a bite⁠ ⁠ photo credit,no_hashtag,294,0,wwd,"The image shows a group of four people, two women and two men, posing together in a room with a gray wall and a chandelier in the background. The woman on the left is wearing a pink dress with a black and white floral pattern and a black hat with a white flower on it. She has long dark hair and is smiling at the camera. The man in the center is bald and wearing a black suit. On the right side of the image, there is a woman wearing a long black dress and a white choker necklace. She is also smiling and appears to be interacting with the two women on the right."
745,2023-05-26 14:01:03+00:00,urbanoutfitters,online now new outdoorready staples from and link in bio to shop,uomens,1391,2,manastash_hq thisiskardo,"The image shows a young man standing in front of a corrugated metal wall. He is wearing a purple t-shirt with a graphic design on the back that reads ""The North Face"" in white letters. The design features a skull and crossbones with the word ""North Face"" written above it. The man is also wearing green cargo pants and a white jacket with a black strap. He appears to be walking away from the camera with his back to the camera."
746,2023-04-24 16:33:07+00:00,nyfw,casual slay front row at,christiancowan aw23,1915,16,mljmedia,"The image shows two young women sitting on white chairs in a room with other people in the background. The woman on the left is wearing a black halter top with a criss-cross design and a long black skirt with sequins. She has a tattoo on her left arm and is looking directly at the camera with a serious expression. On the right is a young woman wearing a white crop top and blue jeans, holding a red clutch. Both women are wearing sunglasses and appear to be posing for the photo."
747,2023-04-03 12:42:16+00:00,watchingnewyork,my job is fully reliant on the people of new york you all make it easy ️,streetfashion fashion street nyc nycfashion winter winterfashion fashiontrends fallfashion newyorkcity style streetstyle vintage thrift,31287,243,no_mention,"The image shows two young men walking on a street. The man on the left is wearing a green puffer vest, a white shirt, and blue jeans. He has long curly hair and is holding a small basket in his left hand. He is also wearing a colorful scarf around his neck. The woman on the right is wearing blue jeans and a straw hat with a colorful floral pattern. They are both holding hands and appear to be walking side by side. The background shows a busy city street with cars and buildings."
748,2023-04-21 16:06:51+00:00,fashionweek,fly like a bird from new york to milan springsummer and fallwinter 2023 collections have entered a feather frenzy photos courtesy of,no_hashtag,6170,54,gettyimages,"The image shows a model walking down a runway in a fashion show. The model is wearing a yellow tweed jacket with a purple and white patterned design on the front. The jacket has a high collar and long sleeves, and the sleeves are decorated with small white polka dots. The skirt of the skirt is made of a light blue feather-like material, and it falls below the model's knees. She is holding a small pink handbag in her right hand. Her hair is styled in a high ponytail, and she is looking directly at the camera with a serious expression. The background is plain white."
749,2023-03-17 12:58:01+00:00,watchingnewyork,shades of green today happy st patrick’s day apologies some of these are a little older and i lost the tag ‍️,streetfashion fashion street nyc nycfashion winter winterfashion fashiontrends fallfashion newyorkcity style streetstyle vintage thrift,64286,218,no_mention,"The image shows two young women walking on a street. They are both wearing casual clothes, with the woman on the left wearing a white blouse and green shorts, and the woman in the middle wearing a green trench coat and denim shorts. Both women are holding their phones in their hands and appear to be walking side by side. In the background, there are other people walking on the sidewalk and a building can be seen in the distance. The image appears to be taken on a sunny day."
750,2023-05-02 01:47:15+00:00,nyfw,looks on looks and wear at the,kekepalmer lalaanthony sergiohudson metgala,1895,5,gettyimages,"The image shows a woman walking down a set of stairs at a formal event. She is wearing a long, strapless, floor-length gown with a sweetheart neckline and a fitted bodice. The gown is covered in small, sparkling sequins that catch the light and sparkle. The woman has long dark hair styled in loose waves and is carrying a blue clutch purse. She appears to be walking confidently down the stairs, with a crowd of photographers in the background. The overall mood of the image is glamorous and elegant."
751,2023-04-25 15:48:49+00:00,nyfw,rushing out of the house but make it fashion,elenavelez rtw23,866,13,gettyimages,"The image shows a model walking down a runway during a fashion show. The model is wearing a white dress with short sleeves and a high neckline. The dress is made of a lightweight fabric and has a high waistline with a belt cinching the waist. The skirt of the dress is also made of the same fabric and is cinched at the waist with black straps. She is wearing black heels and her hair is styled in a short bob with bangs. The runway is lit with purple lights and there are people sitting on either side of the runway, watching the model. The overall mood of the image is elegant and sophisticated."
752,2021-04-13 18:38:42+00:00,oldprada,fw 2013 ssaw magazine aw 201314 by frederik heyman,oldprada miuccialover praduh ssawmagazine timothielens katlinaas inspiration iconic dreams color plaid shoes frederikhaymen lottavolkova wow wanted,492,3,no_mention,"The image shows a young man standing in front of a wooden sculpture. He is wearing a red leather jacket, grey trousers with a checkered pattern, and black shoes. He has short blonde hair and is looking directly at the camera with a serious expression. The sculpture is made of wood and has a white marble-like design on the top. The man is leaning against the sculpture with his left hand on his hip and his right hand resting on his thigh. The background is plain white."
753,2023-05-18 11:02:30+00:00,datewithversace,in at the premiere of season 2 the ferragnez season 2 is streaming now on,versacefw23 theferragnezlaserie,9782,26,fedez primevideoit giuliocasagrande_ chiaraferragni versace donatella_versace,"The image shows a man and a woman posing together on a red carpet. The man is on the left side of the image and the woman on the right side. They are both dressed in formal attire, with the man wearing a black shirt with silver sequins and a black trousers. The woman is wearing a long, black dress with a plunging neckline and a thigh-high slit. She has blonde hair styled in loose waves and is wearing red lipstick. Both of them are holding hands and looking directly at the camera. The background is a plain white wall."
754,2023-05-23 00:07:50+00:00,whowhatwear,the things i would do to have any of these looks in my closet happy birthday to the woman who wore them first photos getty images,no_hashtag,3504,12,naomi,"The image shows a model walking on a runway. She is wearing a strapless red dress with a black heart on the chest. The dress is cinched at the waist with a long red cape draped over her body. She has long dark hair styled in loose curls and is wearing black thigh-high stockings. The model is posing with one hand on her hip and the other resting on her thigh. The background is a purple wall with the words ""Victoria's Secret"" written in white."
755,2021-04-13 18:39:02+00:00,oldprada,fw 2013 ssaw magazine aw 201314 by frederik heyman,oldprada miuccialover praduh ssawmagazine timothielens katlinaas inspiration iconic dreams color plaid shoes frederikhaymen lottavolkova wow wanted,294,0,no_mention,"The image is a cover page of a book titled ""In Prada"". The background is white and the title is written in a bold, black font. The word ""IN"" is in the center of the page in a larger, bold font size than the rest of the text. Below the title, there is a smaller text that reads ""Photography"" in a smaller font size. The text is in a bright yellow color and is slightly slanted to the right. At the bottom right corner, there are two lines of text that read ""Let's Read Again"". The overall design of the cover page is simple and minimalistic."
756,2022-10-16 15:20:10+00:00,facehunter,the a miraculous 98kmlong sand dune peninsula connecting and russia before coming here i didn’t know that such a place could exist depending if you are more into mythology or geology the was created by neringa a goodhearted giantess to protect her coastline from an evil dragon or by the combined action of the sea wind and human activity over the last 5000 years nevertheless the existence of this “ephemeral territory” is constantly under threat it would take very little to have it vanish completely after intensive logging in the 17th and 18th centuries the dunes began moving very fast and buried entire towns including back then the main settlement from the 19th century onwards tree planting creation of a protective dune ridge along the seashore and limitation of public access have contributed to “stabilise” the spit nida is the last lithuanian town just 3km before the russian border there is something quite odd about the contrast between such a peacefullooking familyfriendly holiday destination dotted with 19th century wooden fisherman’s houses and the tension of the war involving the big neighbour this coastal region has been the home of baltic and germanic cultures for many centuries with its incorporation in the german empire in the late 19th century nida became a summer hotspot for german artists and intellectuals have you been here or would you consider visiting,curonianspit lithuania sandspit nida nidden kuršiųnerija куршскаякоса baltic baltics balticstate balticstates lietuva baltijosjūra facehunterlt,965,31,no_mention,"The image shows a beach with a clear blue sky and the ocean in the background. The beach is sandy and there are palm trees on the right side of the image. In the foreground, there is a wooden raft that appears to be partially submerged in the water. A person is standing on the raft, wearing a red shirt and blue shorts. The water is calm and the sand is a light beige color. The horizon line is visible in the distance."
757,2021-05-06 20:46:47+00:00,oldprada,ss 2005,oldprada miuccialover stillobsessed colors inspo stevenmeisel karenelson elisecrombez dianadondoe beauty vintageprada ss2005 hats accessories details,2144,28,no_mention,"The image is a photograph of a mannequin wearing a green hat with the word ""PRADA"" written on it. The hat is made of a textured fabric with a snake skin pattern and has a wide brim. The woman is wearing a black sweater with red and white stripes on the sleeves and a red scarf around her neck. She is also wearing a watch on her wrist.

The woman is holding a yellow Prada handbag with a gold buckle on the front. The handbag has a long strap and appears to be made of leather. The background is a plain beige color. The overall aesthetic of the image is vintage and edgy."
758,2021-03-10 17:11:28+00:00,oldprada,fw 1998,oldprada miuccialover itsallinthedetails accessories shoe colorblock icons pradavintage fw1998 raymondmeier praduh aldopozzi stilllife,544,3,no_mention,"The image is a close-up of a high-heeled shoe. The shoe has a pointed toe and a stiletto heel. The upper part of the shoe is made of a shiny, metallic material in a combination of white and red colors. The heel is a bright red color with a black stripe running along the side. The toe is a darker shade of red and the heel is slightly elevated. There is a small red strap attached to the heel with a silver buckle. The background is a plain grey surface."
759,2023-05-23 19:32:37+00:00,whowhatwear,if the met gala is our super bowl is our olympics between in archival chanel and jennifer lawrence taking our breath away in a custom couture gown weve got a lot to talk about head to the link in our bio to see more looks from the cannes carpet photos getty images,cannesfilmfestival,7542,36,lilyrose_depp dior,"The image shows a woman, who appears to be a celebrity, walking on a red carpet at a formal event. She is wearing a strapless black dress with a blue flower pinned to the waist. The dress is made of sequins and has a sweetheart neckline. The woman has blonde hair styled in loose waves and is wearing minimal makeup. She has a serious expression on her face and is looking directly at the camera. In the background, there are photographers and photographers taking pictures of the event."
760,2022-10-11 14:29:21+00:00,facehunter,postindependence ️ when gained independence from britain in 1957 first president kwame nkrumah used the modernist architectural language to express the ghanaian identity and project its new aspirations inheriting a state with very few homegrown architects and planners nkrumah the “socialist scientist” created alliances with “eastern bloc” states and hired talents from poland bulgaria yugoslavia east germany and soviet union to build the new ghana poland occupied a central role in this 26 polish architects worked at the ghana national construction corporation gncc during the 1960s on projects in the capital for instance the labadi neighbourhood in was planned based on the postwar remodelling of a warsaw district powiśle in short span of time tons of civic buildings were commissioned by the government schools libraries universities and hospitals the east european architects often tried to adapt the international style to ghanian culture and tropical climate some called this subgenre the “architecture of independence” shows the contradictions and challenges in ghana’s nation building and independence process photo 1 2 the villagio vista 2011 photo 3 4 independance squareblack star square national construction corporation 1961 photo 5 6 nubuke foundation baerbel mueller juergen strohmayer 2020 photo 7 ghanaian post office 1960s photo 8 ghana international trade fair centre vic adegbite jacek chyrosz and stanisław rymaszewski 19641967,accra architecture ghana modernist tropicalmodernism westafrica archi archidaily archiporn archinerds architecturephotography archilover archilovers archilove contemporaryarchitecture facehunterghana,772,3,ahmmarchitects,"The image shows two tall buildings, one in yellow and the other in green, located in a residential area. The yellow building is on the left side of the image, while the green building is in the center. Both buildings have a modern design with a geometric pattern on the exterior. The sky is blue and there are a few trees and bushes in the foreground. There are also a few cars parked in the parking lot. The image appears to be taken from a low angle, looking up at the buildings."
761,2021-05-06 20:47:40+00:00,oldprada,ss 2005,oldprada miuccialover stillobsessed colors inspo stevenmeisel karenelson elisecrombez dianadondoe beauty vintageprada ss2005 hats scarpe accessories embroidery,1147,13,no_mention,"The image is a portrait of a young woman sitting on the floor with her legs crossed. She is wearing a blue dress with gold sequins and a black hat with a large pom-pom on top. The dress has a high neckline and long sleeves, and it is cinched at the waist with a belt. The woman is also wearing colorful bracelets and bangles on her wrists. She has her hand on her chin and is looking directly at the camera with a serious expression. The background is a plain beige color. The word ""PADA"" is written in bold white letters at the top of the image."
762,2021-05-06 20:47:15+00:00,oldprada,ss 2005,oldprada miuccialover stillobsessed colors inspo stevenmeisel karenelson elisecrombez dianadondoe beauty vintageprada ss2005 hats scarpe accessories,1502,15,no_mention,"The image is a portrait of a young woman with colorful hair styled in a unique and edgy manner. She is sitting on a blue surface with her legs crossed and her hands resting on her knees. The woman is wearing a white tank top and a red necklace with a gold watch on her wrist. The background is a plain green wall with the word ""PRA"" written in gold letters at the top.

In the center of the image, there is a pair of high-heeled sandals with a green snake skin pattern. The sandals have a pointed toe and a stiletto heel. The straps of the sandals are decorated with gold buckles. The overall color scheme of the outfit is vibrant and eye-catching."
763,2021-03-10 17:11:36+00:00,oldprada,fw 1998,oldprada miuccialover itsallinthedetails accessories shoe colorblock icons pradavintage fw1998 raymondmeier praduh aldopozzi stilllife,801,5,no_mention,"The image shows a pair of white high-heeled shoes on a black surface. The shoes have a pointed toe and a stiletto heel. The upper part of the shoes is made of a shiny, metallic material, while the sole is a darker shade of brown. The shoe has a thin strap across the top of the foot with a small buckle closure. The straps appear to be made of leather or a similar material. The background is a plain grey color, making the shoes stand out."
764,2023-05-02 20:00:10+00:00,dudalina,se a sua mãe ama camisas nós garantimos que temos o presente perfeito para ela ️ modelos sofisticados e cheios de versatilidade para todos os gostos e estilos aproveite e ganhe um pingente de cristal na compra de uma camisa da coleção dudalina e swarovski ou nas compras a partir de r80000 acesse nosso site e escolha a sua peça favoritalink na bio ref 53011205 53011075 53011015 nas compras a partir de r 80000 ou de uma das referências participantes 53011203 53011204 53011205 53011206 ação válida de 2804 a 1405 ou enquanto durarem os estoques não cumulativa com outras ações certificado de autorização sreme n ° 020265432023,dudalina diadasmaes camisaria camisadudalina presente,667,9,no_mention,"The image is a portrait of a young woman wearing a white button-down shirt. She is standing in front of a beige background and is posing with her left hand on her hip and her right hand resting on her chin. She has a serious expression on her face and is looking directly at the camera. The shirt has a collar and long sleeves with small white polka dots on the sleeves. The woman is wearing a pair of blue jeans and her hair is styled in a sleek updo. The text on the image reads ""brilho absoluto e calm enco perc to"" which translates to ""woman's shirt"" in English."
765,2021-04-13 18:39:13+00:00,oldprada,fw 2013 ssaw magazine aw 201314 by frederik heyman,oldprada miuccialover praduh ssawmagazine timothielens katlinaas inspiration iconic dreams color plaid shoes frederikhaymen lottavolkova wow wanted,575,2,no_mention,The image shows a young woman sitting on a white cube with her legs crossed. She is wearing a black and white checkered dress with a high neckline and long sleeves. The dress is knee-length and has a high slit on the side. The woman is also wearing black high heels with a chunky heel. She has her hair styled in a sleek bob and is looking up at the sky with a dreamy expression on her face. The background is a plain white wall with a large circular object hanging above her head. The overall mood of the image is surreal and dreamlike.
766,2023-05-17 10:33:38+00:00,datewithversace,anne atelier versace bulgari and venice styled by,no_hashtag,21955,42,erinwalshstyle versace donatella_versace,"The image shows a young woman standing on a balcony in front of a large building with a dome-shaped dome. The building appears to be a church or cathedral, with ornate details and ornate architecture. The woman is wearing a long, flowing gold dress with a plunging neckline and a high neckline. She has long blonde hair styled in loose waves and is wearing multiple gold bracelets and earrings. She is posing with one hand on her hip and the other resting on her thigh. The sky is blue and the sun is setting, casting a warm glow over the scene."
767,2023-05-17 10:57:54+00:00,datewithversace,versace icon attended an event for s mediterranea high jewelry collection wearing springsummer 2023 gown styled by,atelierversace,15118,43,annehathaway bulgari erinwalshstyle versace donatella_versace,"The image is a collage of two photographs of a woman wearing a long, flowing gown. The gown is made of gold sequins that sparkle in the light. The woman is standing on a balcony with a view of a city skyline in the background. She is posing with one hand on her hip and the other resting on her thigh. Her hair is styled in loose waves and cascades over her shoulders. The overall mood of the image is glamorous and elegant."
768,2023-02-28 10:51:32+00:00,milanfashionweek,unveiled the new collection for the fallwinter 2324 by through a digital presentation at rewatch it now on milanofashionweekcameramodait,mfw,2255,15,laurabiagiottiofficial lavinia_biagiotti,"The image shows a model walking on a runway during a fashion show. The model is wearing a long, flowing gown with a high neckline and long sleeves. The gown is made of gold sequins that sparkle in the light. The bodice of the gown is fitted and has a deep V-neckline, while the skirt flares out slightly at the bottom. The skirt is long and flows down to the floor.

The model is walking confidently with her hands on her hips and her head turned slightly to the side. She has long dark hair styled in loose waves and is wearing minimal makeup. In the background, there is another model wearing a black dress with a plunging neckline. The runway is lit with blue lights, creating a dramatic effect. The overall mood of the image is elegant and sophisticated."
769,2023-03-15 12:20:32+00:00,watchingnewyork,recent favorites,streetfashion fashion street nyc nycfashion winter winterfashion fashiontrends fallfashion newyorkcity style streetstyle vintage thrift,26962,179,no_mention,"The image shows a man walking on a sidewalk in a city. He is wearing a long red coat over a black top, black jeans, and black ankle boots. He has a black beanie on his head and sunglasses on. The man is holding a red scarf in his left hand and appears to be walking with purpose. The background shows a busy street with buildings and cars. The image appears to have been taken during the day."
770,2023-05-13 11:05:24+00:00,datewithversace,tanya dziahileva was 15 years old when she opened versace spring 2007 show and 16 years old while opening versace spring 2008 show,00sversace,2913,26,tanyad_real versace donatella_versace,"The image shows a model walking down a runway in a pink dress. The model is wearing a long-sleeved dress with a high neckline and long sleeves. The dress is made of a light pink fabric and has a flowy skirt that falls below her knees. She is walking confidently with her hands on her hips and her head turned slightly to the side. The background is completely black, making the model the focal point of the image. The runway appears to be empty, with no other people or objects visible in the frame."
771,2023-04-21 12:35:16+00:00,watchingnewyork,let’s go sports love seeing people repping their teams ️,streetfashion fashion street nyc nycfashion winter winterfashion fashiontrends fallfashion newyorkcity style streetstyle vintage thrift,56076,261,no_mention,"The image shows a young woman walking on a street. She is wearing a blue jacket with white text on it, a white crop top, and white pants. She has a blue handbag slung over her shoulder and is wearing sunglasses. Her hair is styled in loose waves and she appears to be in her twenties. The background shows a busy city street with people walking and buildings."
772,2023-04-27 17:00:12+00:00,dudalina,neste dia das mães a duda vai te ajudar a encontrar o presente perfeito com uma curadoria de peças pensadas para todos os estilos de mães confira todas as opções disponíveis em nosso site e escolha o que mais combina com a sua mãe link na bio ref 53021296 53011015 66020653 91012659 53011075 91012511,dudalina diadasmaes amorqueatravessageracoes presentediadasmaes gift maesdudalina camisaria camisadudalina,1174,29,no_mention,"The image is a collage of three black and white photographs. On the left side, there is a close-up of a young woman with short hair, wearing a denim jacket and earrings. She is smiling and looking directly at the camera. In the center, there are two young women, one lying on her back and the other resting on her lap. The woman on the left is wearing a striped shirt and jeans, while the woman in the middle has her arms around the other woman's neck. The background is a wooden wall. The overall mood of the image is happy and relaxed."
773,2023-05-12 03:55:19+00:00,prabalgurung,iridescent isha ⁠ ⁠ wears an atelier prabal gurung black satinback crepe sari gown embellished with thousands of hand embroidered crystals and pearls with silk chiffon train to the 2023 met gala⁠ ⁠ wears an atelier prabal gurung jade green duchesse satin sculptural draped skirt with black duchesse satin halter to the 2023 met gala⁠,no_hashtag,148,3,_iiishmagish dmjatia,"The image shows a close-up of a black dress with a long train. The dress is made of a shiny fabric and has a high neckline and long sleeves. The train is flowing in the wind, creating a dramatic silhouette. The skirt of the dress is covered in small silver sequins, adding a touch of sparkle and glamour to the dress. The background is a white floor with red and blue stripes, and there are a few people in the background, suggesting that the image was taken at an event."
774,2023-04-27 20:00:10+00:00,dudalina,uma nova coleção cápsula de camisas que leva a nossa qualidade de sempre e os cristais inconfundíveis da swarovski nos unimos à marca para trazer ainda mais nobreza e preciosismo ao que já é muito especial perfeitas joias para presentear quem você mais ama ou para abrilhantar ainda mais os seus dias acesse nosso site ou visite nossas lojas e confira todos os lançamentos link na bio ref 53011204 53011205,dudalina diadasmaes amorqueatravessageracoes presente dudalinaeswarovski camisacomswarovski camisadudalina maesdudalina,5975,234,no_mention,The image shows a white shirt hanging on a black hanger. The shirt has a collar with small black polka dots on it. There are two buttons on the left side of the collar and a small black logo on the right side. The collar appears to be made of a lightweight fabric and has a button-down front. The background is a plain white surface.
775,2023-04-14 22:14:05+00:00,nyfw,s bridal bespoke collections are inspired by luminosity each piece evokes divine femininity for the modernday bride yelena yemchuk stylist leith clark,honor ss24,3129,22,no_mention,"The image shows a group of five models walking down a runway in white wedding dresses. The models are arranged in a line, with three on the left side of the image and three in the center. All the models are wearing long, flowing white dresses with intricate details and patterns. The dresses have a high neckline and long sleeves, and the bodice is fitted with a sweetheart neckline. The skirt of the dresses is made up of multiple layers of tulle, creating a layered effect. The bodice has a ruffled detail at the waist and the skirt flares out at the bottom.

The models are walking in front of a beige curtain, and their hair is styled in an elegant updo. They are all wearing white heels and have their hair styled in loose waves. The overall look of the models is elegant and sophisticated."
776,2023-05-04 20:00:09+00:00,dudalina,o amor por camisas atravessa gerações de mãe para filha para esse dia das mães retribua essa relação de amor com a nova camisa com detalhes em cristais swarovski uma verdadeira joia perfeita para quem você tanto ama para deixar o seu presente ainda mais especial você recebe um pingente de cristal na compra de uma camisa da coleção dudalina e swarovski ou em compras a partir de r80000 ref 53011206 nas compras a partir de r 80000 ou de uma das referências participantes 53011203 53011204 53011205 53011206 ação válida de 2804 a 1405 ou enquanto durarem os estoques não cumulativa com outras ações certificado de autorização sreme n ° 020265432023,dudalina diadasmaes amorqueatravessageracoes presentes dudalinaeswarovski,713,9,no_mention,"The image is a portrait of a young woman standing in front of a beige background. She is wearing a white blouse with small black polka dots all over it. The blouse has a collar and long sleeves, and she is also wearing beige trousers. The woman has long brown hair and is looking directly at the camera with a serious expression. Her hands are resting on her hips and she appears to be deep in thought. The overall mood of the image is elegant and sophisticated."
777,2023-05-26 01:23:16+00:00,whowhatwear,me as im sending the on my way text photos getty images,wwwtb,19928,36,no_mention,"The image shows a young woman sitting in the driver's seat of a gray convertible car. She is looking out the window with a serious expression on her face. The car appears to be parked on a street with other people in the background. The woman is wearing a beige jacket and has long brown hair. She has a black seatbelt and is looking directly at the camera. The background is blurred, but it seems to be a busy street with buildings and cars."
778,2023-05-12 21:00:12+00:00,dudalina,para surpreender aquela que compartilha e constrói memórias únicas com você escolha o presente ideal na duda para sua mãe ficar mais elegante e aproveitar cada minuto ao seu lado seja ela mais clássica ou mais moderna encontre a peça perfeita em nossas lojas acesse o link da bio e encontre a unidade mais próxima a você aproveite e ganhe um pingente de cristal na compra de uma camisa da coleção dudalina e swarovski ou nas compras acima de r80000 ref 53011203 53011204 53011205 53011206 nas compras acima de r 80000 ou de uma das referências participantes 53011203 53011204 53011205 53011206 ação válida de 2804 a 1405 ou enquanto durarem os estoques não cumulativa com outras ações certificado de autorização sreme n ° 020265432023,dudalina diadasmaes amorqueatravessageracoes presentes dudalinaeswarovski maesdudalina camisaria,172,3,no_mention,"The image is a collage of two photographs of a woman wearing a white shirt. The top photograph is a close-up of the collar and cuffs of the shirt, while the bottom photograph is of the same woman's neck and upper body. The woman is wearing a pair of silver earrings and her hair is pulled back in a bun. She is adjusting her collar with her right hand, and her left hand is resting on her neck. The background is blurred, but it appears to be a room with a wooden door. The overall mood of the image is elegant and sophisticated."
779,2023-04-23 15:00:11+00:00,versace,versace home at salone del mobile 18 23 april fiera milano rho further details at versacecom via the link in bio,versacehome,29546,233,no_mention,"The image shows a modern black leather sofa with a unique design. The sofa has a curved backrest and armrests, and two black pillows are placed on top of it. The background is a gradient of orange and yellow, creating a warm and inviting atmosphere. The floor is made of dark wood, and the overall color scheme is black and gold. The overall mood of the image is luxurious and sophisticated."
780,2023-05-07 20:00:08+00:00,dudalina,a maioria das relações de afeto e amizade tem início com a figura materna que expressa o amor de diversas formas e transborda em sorrisos e carinhos e nada melhor do que presentear sua mãe com um presente encantador escolhido especialmente para ela como forma de transmitir todo o afeto que ela merece venha surpreender com a duda acesse nosso site ou visite nossas lojas e escolha o presente perfeito para sua mãe link na bio ref 53032098 91012509 aproveite e ganhe um pingente de cristal na compra de uma camisa da coleção dudalina e swarovski referências participantes 53011203 53011204 53011205 53011206 ou nas compras a partir de r 80000 ação válida de 2804 a 1405 ou enquanto durarem os estoques não cumulativa com outras ações certificado de autorização sreme n ° 020265432023,dudalina diadasmaes amorqueatravessageracoes maesdudalina camisaria presentediadamaes,501,13,no_mention,The image shows two young women standing side by side and smiling at each other. The woman on the left is wearing a white blouse with a high neckline and black trousers. She has her hair tied up in a bun and is wearing large hoop earrings. The other woman is also wearing a navy blue blouse and blue jeans. They are standing in front of a plain beige background. Both women appear to be happy and relaxed.
781,2023-05-09 20:00:10+00:00,dudalina,o presente perfeito para realçar os looks da sua mãe a clássica camisa branca chegou repaginada na duda com muito estilo e brilho para essa temporada encontre a duda mais próxima pelo link da bio e garanta seus itens preferidos ref 53011205 aproveite e ganhe um pingente de cristal na compra de uma camisa da coleção dudalina e swarovski referências participantes 53011203 53011204 53011205 53011206 ou nas compras a partir de r 80000 ação válida de 2804 a 1405 ou enquanto durarem os estoques não cumulativa com outras ações certificado de autorização sreme n ° 020265432023,dudalina diadasmaes amorqueatravessageracoes camisadudalina camisaria dudalinaeswarovski maesdudalina,307,21,no_mention,The image shows a young woman wearing a white button-down shirt and blue jeans. She is standing in front of a beige background and is adjusting her collar with her right hand. Her hair is styled in a sleek updo and she is looking down at the ground with a serious expression on her face. The shirt has a small silver logo on the left chest. The woman appears to be in her late twenties or early thirties.
782,2023-04-27 16:37:27+00:00,nyfw,street style outside of s show could have been its own runway,proenzaschouler rtw23 streetsofnyfw,901,18,leeoliveira,The image shows a young woman walking on a sidewalk in front of a white building. She is wearing a light blue jumpsuit with a high neckline and short sleeves. The jumpsuit has a ruffled hemline and is cinched at the waist with a red clutch. She has long dark hair styled in loose waves and is wearing red sunglasses. The woman is walking with one hand on her hip and the other resting on her thigh.
783,2023-03-06 22:39:08+00:00,wheresmydriver,if you mix paparazzi and flash—well that’s a disaster waiting to happen but that’s not all on the other side of opera where the dundas show was being staged was a warm up rally for shutting down the nation of france tomorrow but it takes more than that to stop a fashion show,streetstyle,40,1,no_mention,"The image shows a young woman walking on a busy street at night. She is wearing a black and white leopard print bodysuit with long sleeves and a criss-cross design on the chest. The bodysuits have a high neckline and long sleeves, and the woman is wearing high heels. She has her hands on her head and is looking off to the side with a serious expression on her face. The street is lined with buildings on both sides, and there are cars and people walking on the sidewalk. The sky is dark and the overall mood of the image is dramatic and edgy."
784,2023-03-05 12:48:04+00:00,wheresmydriver,questions from the show yesterday in paris what do collectors call the fabric they wrap around the handles of hermes is ’s tailoring perfect or what wouldn’t it be cool if the horse mounted police that were running over the photographers were using hermes saddles where the brand actually started,hermes handbags aimeesong streetstyle,99,3,no_mention,"The image shows two women standing on a busy street, facing away from the camera. The woman on the left is wearing a white jacket and has her hair pulled back in a high bun. She is also wearing a pair of colorful hair clips in different colors - red, blue, orange, and pink. The hair clips are attached to her hair with small clips. The background shows a busy city street with buildings and people walking on the sidewalk."
785,2023-03-04 08:17:06+00:00,wheresmydriver,in paris yesterday at mam,giambatistavalli streetstyle,43,0,no_mention,"The image shows a model walking down a street in front of a crowd of photographers. The model is wearing a long, white outfit with a high neckline and long sleeves. The outfit appears to be made of a fluffy, fuzzy material and has a high slit on the side. She is carrying a white bag on her shoulder and her hair is styled in two braids. The background shows trees and buildings, suggesting that the photo was taken in a city. The photographers are taking pictures of the model and the crowd."
786,2022-08-29 04:00:16+00:00,taylorswift,midnights the stories of 13 sleepless nights scattered throughout my life will be out october 21 meet me at midnight,no_hashtag,8194287,0,no_mention,"The image is a close-up of a woman's face. She has long blonde hair and is wearing dark eyeliner and mascara. Her eyes are closed and her lips are slightly parted, as if she is about to apply makeup. The background is blurred, so the focus is on the woman and her makeup. On the left side of the image, there is text that reads ""Midnights"" in a bold, sans-serif font. The text is in a dark blue color and is centered on the image."
787,2023-03-03 09:08:46+00:00,wheresmydriver,i totally agree that i too can be a model until then i’ll just post what i saw at the givenchy show in paris yesterday the givenchy “shark lock” hardware is a distinctive touch dropped everywhere and of course the “sleeved” givenchy boot is equally distinctive serious note anyone can walk into a leading modeling agency—without even one image—on an open call and they will take you seriously you may not be right for their agency but they can direct you to one that might be interested this all free the brands and society set the standard for “high fashion” modeling and yes that standard can be significantly more diverse,no_hashtag,180,7,no_mention,"The image shows a group of people standing behind a metal barricade, holding up signs that read ""Modeling is for everyone"" and ""I am a model"". The people appear to be of different ages and ethnicities, and they are all wearing casual clothing. The background shows a cityscape with buildings and trees. The sky is blue and the weather appears to be sunny."
788,2023-03-31 12:04:57+00:00,watchingnewyork,recent top shots,streetfashion fashion street nyc nycfashion winter winterfashion fashiontrends fallfashion newyorkcity style streetstyle vintage thrift,37253,285,no_mention,"The image shows a woman walking on a sidewalk. She is wearing a bright green coat over a yellow top and a blue floral skirt. She has a green beanie on her head and is carrying a white tote bag in her left hand. The woman appears to be in her mid-thirties and is looking off to the side with a serious expression on her face. In the background, there are buildings and a car parked on the street."
789,2023-03-06 06:57:41+00:00,wheresmydriver,at yesterday in paris the “cat pencil” handle bag that josephine has is the most,lanvin streetstyle,37,0,no_mention,"The image shows three young women standing on a street. They are all dressed in fashionable outfits, with the woman on the left wearing a black and white patterned crop top, black knee-high boots, and sunglasses. The woman in the middle has pink hair styled in a sleek bob and is holding a gold clutch purse. The other two women are wearing beige dresses and blue high heels. All three women are posing for the camera with their arms around each other's shoulders. The background shows a building and a tree."
790,2023-05-10 21:00:10+00:00,dudalina,desde cedo elas nos inspiram confiança e para comemorar este dia das mães nada melhor do que presenteála com uma peça que é a essência dessa confiança que temos como exemplo encontre os modelos ideais para surpreender a sua mãe com um presente perfeito aproveite e ganhe um pingente de cristal na compra de uma camisa da coleção dudalina e swarovski ou nas compras a partir de r80000 encontre a duda mais próxima pelo link da bio e garanta já seus itens preferidos ref 53011203 53011204 53011205 nas compras a partir de r 80000 ou de uma das referências participantes 53011203 53011204 53011205 53011206 ação válida de 2804 a 1405 ou enquanto durarem os estoques não cumulativa com outras ações certificado de autorização sreme n ° 020265432023,dudalina diadasmaes amorqueatravessageracoes camisadudalina camisaria dudalinaeswarovski maesdudalina,282,13,no_mention,"The image is a portrait of two young women, both wearing white collared shirts. They are standing close together and are looking directly at the camera. The woman on the left has her hair pulled back in a sleek bun and is wearing a pair of silver earrings. She has a slight smile on her face and her eyes are slightly squinted. The background is blurred, so the focus is on the two women. They appear to be posing for the camera, with their arms around each other's shoulders."
791,2023-03-01 23:16:40+00:00,wheresmydriver,the situation at in paris this afternoon is back boots are getting really big and that sure looks like,pacorabanne camillacoelho lisarinna streetstyle,47,0,no_mention,"The image shows a woman walking on a street. She is wearing a bright blue jumpsuit with a high neckline and long sleeves. The jumpsuit has a high slit on the side, revealing her legs. She has a pair of blue high heels on her feet and is carrying a silver clutch purse. The woman has blonde hair styled in loose waves and is wearing sunglasses. In the background, there are people walking on the street, some of them holding cameras and taking pictures. There is a baby stroller in the background. The street is lined with trees and buildings, and the sky is blue."
792,2023-02-28 21:01:08+00:00,wheresmydriver,what i saw at the dior show this afternoon in paris yes that’s elon musk’s mom that paris map print will be big plus you can use it to find your hotel it was olivia palermo’s birthday today no i don’t know the girl who was doing the splits at the end,streetstyle,55,1,no_mention,The image shows an elderly woman standing in a parking lot. She is wearing a long beige trench coat with black buttons and a black dress with a ruffled hem. She has short white hair styled in an updo and is looking off to the side with a serious expression on her face. There are several cars parked in the background and a traffic light can be seen in the distance. The sky is overcast and the overall mood of the image is somber.
793,2023-02-28 22:32:50+00:00,wheresmydriver,the most interesting person i shot today wasnt at a fashion show it was wandering around paris after chatting with her fans black velvet blazer over a crisp white shirt long open cuffs wide leg denim jeans black boots humongous ysl bag yves saint laurent sunglasses,oliviawilde streetstyle,141,1,no_mention,"The image shows a young woman walking on a sidewalk. She is wearing a black blazer over a white blouse and grey trousers. She has long curly hair and is wearing sunglasses. The woman is carrying a black handbag and appears to be walking confidently. In the background, there are other people walking on the sidewalk and a building with a large window."
794,2023-03-24 12:13:13+00:00,watchingnewyork,“i’ll stop wearing black when they make a darker color” — wednesday addams dressed in black collection,streetfashion fashion street nyc nycfashion winter winterfashion fashiontrends fallfashion newyorkcity style streetstyle vintage thrift,61069,274,no_mention,"The image shows a man walking on a busy street. He is wearing a black coat, black pants, and black boots. He has blonde hair and is wearing sunglasses. He appears to be in his late twenties or early thirties. On the left side of the image, there is a woman walking on the sidewalk, wearing a green coat and carrying a white bag. She is also wearing a blue top and black leggings. In the background, there are other people walking and a bicycle. The street is lined with buildings and there are traffic lights visible."
795,2023-02-23 08:30:11+00:00,wheresmydriver,selects from the show which kicked off yesterday,streetstyle iceberg milanfashionweek,36,1,no_mention,"The image shows a young woman standing on a sidewalk in front of a building. She is wearing a brown furry jacket over a blue crop top and wide-legged blue jeans. The jacket has a high collar and long sleeves, and the woman is holding a green purse in her left hand. She has long dark hair and is looking off to the side with a serious expression on her face. The background shows a brick wall and a wooden door."
796,2023-02-23 20:45:46+00:00,wheresmydriver,from today’s prada show in milan starting with america’s sweetheart also and,streetyle jennywalton aimeesong elvani heartevangelista natalyosmann lilychee valentinaferragni,123,0,no_mention,The image shows a young woman walking on a street. She is wearing an orange dress with a floral pattern and black heels. The dress has a round neckline and short sleeves. The woman is holding a black clutch in her left hand and is smiling as she walks. She has long blonde hair styled in loose waves and is wearing minimal makeup. The street is lined with white columns and there are people walking in the background. The sky is overcast and the overall mood of the image is cheerful and relaxed.
797,2023-02-26 10:48:18+00:00,wheresmydriver,been posing gabbana guests and models on the tram track for over a decade without anyone getting run over after the show in milan yesterday,dolce,49,2,no_mention,"The image shows a young woman standing on a sidewalk on a city street. She is wearing a black strapless bodysuit with a corset-style top and black tights. She has long dark hair styled in loose waves and is wearing black high heels. The woman is posing with one hand on her hip and the other resting on her thigh. She appears to be smiling and looking off to the side. In the background, there are people walking on the sidewalk and buildings on both sides of the street."
798,2023-02-28 21:21:27+00:00,wheresmydriver,diverse diverse guest and model looks at today,beauty dior,95,2,no_mention,"The image is a close-up portrait of a woman wearing a large black hat. The hat is made of a woven material and has a wide brim. The woman is wearing a black off-the-shoulder dress with a pearl necklace. She has a serious expression on her face and is looking directly at the camera. The background is blurred, but it appears to be an outdoor event with other people visible."
799,2023-02-25 07:16:27+00:00,wheresmydriver,the scene after the show in milan yesterday,streetstyle gucci mfw,54,1,no_mention,"The image shows a young woman walking on a street. She is wearing a long, brown fur coat with a turquoise fur collar. The coat is over her shoulders and she is also wearing black shorts and knee-high boots. She has blonde hair styled in a high bun and is wearing sunglasses. The background shows a brick building and other people walking on the street."
800,2023-02-24 21:48:34+00:00,wheresmydriver,at show in milan that had beautiful leather garments on display… also had a ton of boy band fans,streetstyle tods,41,0,no_mention,"The image shows a young woman walking on a street. She is wearing an orange sleeveless dress with a halter neckline and a high slit on the side. The dress is knee-length and falls above her knees. She has a small orange clutch bag slung over her shoulder and is wearing orange high heels. Her blonde hair is styled in loose waves and she is looking off to the side with a serious expression on her face. In the background, there are people walking on the sidewalk and a building can be seen in the distance."
801,2023-04-16 13:02:18+00:00,watchingnewyork,april archives,streetfashion fashion street nyc nycfashion winter winterfashion fashiontrends fallfashion newyorkcity style streetstyle vintage thrift,20110,103,no_mention,"The image shows a man walking on a busy street in New York City. He is wearing a beige jacket, white pants, and a yellow hat with a floral pattern. He has a beard and is holding a black phone in his hand. He appears to be looking at his phone with a serious expression on his face. In the background, there are other people walking on the sidewalk and cars parked on the side of the street. The street is lined with buildings and there is a red sign that reads ""Cafe""."
802,2023-02-24 23:02:23+00:00,wheresmydriver,at today’s sportmax show in milan,streetstyle,47,1,no_mention,"The image shows a young woman standing in front of a wall covered in graffiti. She is wearing a bright green suit with a black crop top and matching pants. The suit has a high collar and long sleeves, and she is carrying a white handbag. She has blonde hair styled in a high ponytail and is wearing strappy heels. The woman is posing with one hand on her hip and the other resting on her thigh. The wall behind her is covered in green ivy, and there is a metal gate on the right side of the image."
803,2023-02-25 21:44:07+00:00,wheresmydriver,notes on the at the bally show in milan today the bally light leather shirt and shorts is just the thing to get workers back in the office i still don’t get the boy bands at these shows but dk waded into the crowd without hesitation and prompted me to reconsider the vs angels,streetstyle fridaaasen,466,8,no_mention,"The image shows a young woman walking on a street. She is wearing a brown blouse with long sleeves and a pair of high-waisted shorts. The blouse has a button-down front and is cinched at the waist with a gold chain strap. The shorts are made of a textured fabric and have a high waistline. The woman has long blonde hair styled in loose waves and is looking off to the side with a serious expression on her face. In the background, there are buildings and a blue car parked on the side of the street."
804,2023-02-04 15:38:32+00:00,facehunter,️ in the capital of before becoming the capital of then newly independent mauritania in 1960 was just a small fisherman’s town located between the atlantic ocean and the it counts now nearly 2 million beating hearts over the decades multiple droughts forced subsistence farmers and nomadic people from across the country into the original village was selected as the capital city for its central location meant to avoid the sensitive issue of whether it was built in an area dominated by the arabdescended moors or subsaharan africans nouakchott means “place of the winds” in amazigh language and it actually makes sense as the winds are pushing sand dunes into the city creating an important challenge for the capital’s future,architecture nouakchott mauritania saharanmodernism nkt sahara nktt sahel modernism modernist desertarchitecture archi archidaily archilover archilovers archiporn africanmodernism africanbrutalism mauritanie facehuntermauritania,1129,26,no_mention,"The image shows a large, two-story building with a pink facade. The building appears to be made of concrete or stone and has multiple windows and balconies. It is located on a street corner with a street lamp on the right side. In front of the building, there are two people walking on the sidewalk, one of them is wearing a camouflage uniform and the other is carrying a skateboard. The sky is blue and there are trees in the background. The image appears to have been taken during the day."
805,2022-12-09 18:09:32+00:00,wheresmydriver,celines winter 2023 show was held last night at the epicenter of los angeles the wiltern theatre lots of lush leather a tweed jacket that went with everything and celine handbags galore,emmachamberlain avaphillippe courteneycox parisjackson emmaroberts thelindalindas camillerowe,96,1,no_mention,"The image shows a young woman walking on a black carpeted floor. She is wearing a black leather jacket, a black skirt, and black ankle boots. She has short red hair and is carrying a small black handbag with a gold chain strap. The background is a dark grey wall with white text that reads ""Celine at the Yves Saint Laurent Los Angeles December 8th, 2""."
806,2021-02-11 23:39:45+00:00,oldprada,ss 2011,oldprada prada miuccialover mens ss2011 colorobsessed colorpalette hopeful springinspo want praduh adriensahores clementchabernaud nicolasripoll olivierrizzo style show runway shoes denim knitwear dream pantenvy,900,9,no_mention,"The image is a portrait of a young man standing in front of a white wall. He is wearing a navy blue suit with a white shirt and a blue tie. He has short, light-colored hair styled in a neat, slicked-back manner. The man is looking directly at the camera with a serious expression on his face. The background is blurred, but it appears to be an indoor setting with a window on the left side of the image."
807,2023-04-14 12:05:03+00:00,watchingnewyork,recent favorites,streetfashion fashion street nyc nycfashion winter winterfashion fashiontrends fallfashion newyorkcity style streetstyle vintage thrift,49334,185,no_mention,"The image shows a young man and a young woman walking on a street. The man is on the left side of the image, wearing a black leather jacket, white shirt, black pants, and black shoes. He has a red flower pinned to his lapel. He is looking off to the side with a serious expression on his face. The woman is walking ahead of him, with her hand in her pocket. She is wearing a long blue coat with a colorful striped dress and white sneakers. She has long dark hair and is wearing sunglasses. The background shows a busy city street with buildings and cars."
808,2023-01-29 20:41:19+00:00,wheresmydriver,a founder of photographed at the gallery in hollywood with the group performing at a very high energy level,nadyatolokonnikova pussyriot jeffreydeitch glorytoukraine sendjets,39,0,no_mention,"The image is a black and white portrait of a young woman with long hair. She is standing in a dimly lit room with a curtain on the right side of the image. The woman is wearing a jacket and has her hand resting on her chin, as if deep in thought. She has a serious expression on her face and is looking off to the side. The image appears to be taken from a low angle, with the woman's body slightly angled towards the camera."
809,2023-05-09 17:29:49+00:00,datewithversace,5 years ago i have created date with versace and my life has changed since words can not describe my feelings about this page its more than an instagram account it became an integral part of my life there were so many good and bad days but all of them started with date with versace what if what if i didnt even started the dwv i dont even want to think about it 5 years ago i was a little girl confused with the big dreams and passion for the fashion and now im the part of this industry exactly this page helped me to understand that i want to work in fashion little me wouldn’t even believe the realness of the past 5 years still feels like a dream im so thankful to all the employees of versace who are always there to help and take care of me although some of them are no longer working in the brand i want you to remember that you are always in my heart and i will never forget what you have done for me im happiest that my journey is inspirational for the young talents who really want to work in this industry and do not know from where to start my story is a sign that everything is possible i believe with all my heart that the best is yet to come and this wouldn’t have been possible without your support thank you for your love keti,versace datewithversace donatellaversace,4801,124,datewithversace versace donatella_versace,"The image shows a young woman standing on an ice rink at night. She is wearing a black long-sleeved top and colorful shorts with a floral pattern. Her hair is styled in loose waves and she is looking off to the side with a serious expression on her face. In the background, there are tall buildings and a city skyline. The ice rink is lit up with pink and purple lights, creating a beautiful contrast with the dark sky."
810,2021-02-11 23:40:02+00:00,oldprada,ss 2011,oldprada prada miuccialover mens ss2011 colorobsessed colorpalette hopeful campaign ads willyvanderperre clementchabernaud kimdallarmi,710,7,no_mention,"The image is a portrait of a young man in a formal attire. He is wearing a blue suit with a white shirt and a blue tie. He has short, light-colored hair and is looking directly at the camera with a serious expression. The background is a plain, light blue color. The man appears to be in his late twenties or early thirties."
811,2021-01-08 17:15:10+00:00,oldprada,fw 2006 vogue italia oct 2006 “a non conformist style” by steven klein,oldprada miuccialover prada editorial throwback vogueitalia stevenklein fw2006 dream unsogno praduh fur fashion vintageprada researchofstyle icons amo shoefantasy iconicseason hawadiawara sigailcurrie honorineuwera atongarjok pattiwilson francasozzani francaforever,453,2,no_mention,"The image shows two women standing in front of a brick wall. The woman on the left is wearing a blue coat with a fur collar and high heels. She has blonde hair and is holding the hand of the other woman, who is also wearing a black coat. Both women are facing each other and appear to be engaged in a conversation. The background is blurred, but it appears to be an outdoor setting with a concrete floor and a metal pole on the right side. The image is taken from a low angle, looking up at the two women."
812,2021-01-14 22:33:30+00:00,oldprada,ss 2009 vogue italia mar 2009 “the glow the charme” by paolo roversi,oldprada miuccialover prada editorial throwback vogueitalia paoloroversi ss2009 dream unsogno praduh wrinkled fashion vintageprada researchofstyle icons amo shoefantasy iconicseason guineverevanseenus francasozzani francaforever,248,3,no_mention,"The image is a portrait of a young woman sitting on a black leather couch. She is wearing a white blouse with a ruffled collar and a black skirt. Her hair is styled in loose waves and she is looking directly at the camera with a serious expression. The background is dark and the lighting is dramatic, creating a moody atmosphere. The woman is sitting with her legs crossed and her hands resting on the armrests of the couch. The overall mood of the image is somber and contemplative."
813,2023-03-03 21:54:32+00:00,wheresmydriver,influencers editors and models on their way to work in the late afternoon sun at the victoria beckham show in paris,streetstyle,57,1,no_mention,"The image shows a young woman standing on a sidewalk in front of a brick wall with a green gate. She is wearing a black crop top and a long black skirt with a fringe detail on the bottom. The skirt has a high slit on the side, revealing her legs. She has a black clutch bag in her left hand and is wearing black high heels. Her hair is styled in loose waves and she is looking off to the side with a serious expression on her face."
814,2021-02-11 23:36:34+00:00,oldprada,ss 2011,oldprada prada miuccialover mens ss2011 colorobsessed colorpalette hopeful springinspo want praduh adriensahores clementchabernaud nicolasripoll olivierrizzo style show runway shoes denim knitwear dream pantenvy,1561,26,no_mention,"The image shows three young men walking on a runway. All three men are wearing formal attire, with the man on the left wearing a navy blue suit with a white shirt and a blue tie. He has short blonde hair and is looking directly at the camera with a serious expression.

The man in the middle is wearing a dark blue blazer with a single-breasted design and a notched lapel collar. He is also wearing a pair of dark blue trousers and black shoes. The background is a white tiled floor with a geometric pattern. The overall mood of the image is sophisticated and sophisticated."
815,2021-01-08 17:15:02+00:00,oldprada,fw 2006 vogue italia oct 2006 “a non conformist style” by steven klein,oldprada miuccialover prada editorial throwback vogueitalia stevenklein fw2006 dream unsogno praduh fur fashion vintageprada researchofstyle icons amo shoefantasy iconicseason hawadiawara sigailcurrie honorineuwera atongarjok pattiwilson francasozzani francaforever,423,3,no_mention,"The image is a cover of a book titled ""A NON Conformist Style"" by Steven Klein. It features a close-up of a young woman's face, with her hair styled in an afro. She is wearing a black jacket and is looking directly at the camera with a serious expression. The background is blurred, but it appears to be an outdoor setting with a window and a building visible. The title of the book is written in white text on the top left corner of the image."
816,2021-01-08 17:14:51+00:00,oldprada,fw 2006 vogue italia oct 2006 “a non conformist style” by steven klein,oldprada miuccialover prada editorial throwback vogueitalia stevenklein fw2006 dream unsogno praduh fur fashion vintageprada researchofstyle icons amo shoefantasy iconicseason hawadiawara sigailcurrie honorineuwera atongarjok pattiwilson francasozzani francaforever,575,3,no_mention,"The image shows two women standing in a garage, facing each other. The woman on the left is wearing a black leather jacket, black tights, and knee-high boots. She has blonde hair styled in an afro and is looking at the other woman with a serious expression on her face. The background shows a red car parked in the garage and a white wall. The image appears to be from a magazine or advertisement."
817,2023-05-12 03:55:35+00:00,prabalgurung,iridescent isha ⁠ ⁠ wears an atelier prabal gurung black satinback crepe sari gown embellished with thousands of hand embroidered crystals and pearls with silk chiffon train to the 2023 met gala⁠ ⁠ wears an atelier prabal gurung jade green duchesse satin sculptural draped skirt with black duchesse satin halter to the 2023 met gala⁠,no_hashtag,132,3,_iiishmagish dmjatia,"The image shows a white floor with a red and blue curved design on it. The design is made up of two curved lines, one in red and one in blue. The red line is on the left side of the image, while the blue line is in the center. On the right side, there is a black fabric that appears to be flowing in the wind. The fabric is spread out on the floor, creating a sense of movement and energy. The background is blurred, but it seems to be an indoor space with a concrete wall on the top left corner."
818,2021-01-14 22:33:04+00:00,oldprada,ss 2009 vogue italia mar 2009 “the glow the charme” by paolo roversi,oldprada miuccialover prada editorial throwback vogueitalia paoloroversi ss2009 dream unsogno praduh wrinkled fashion vintageprada researchofstyle icons amo shoefantasy iconicseason guineverevanseenus francasozzani francaforever,267,2,no_mention,"The image is a portrait of a young woman posing in a dark and moody setting. She is standing with her body slightly turned to the side, with her head turned slightly to the left. Her hair is styled in loose waves and falls over her shoulders. She has a serious expression on her face and is looking directly at the camera.

The woman is wearing a black blouse with ruffled sleeves and a deep V-neckline. The blouse is cinched at the waist with a tie, creating a dramatic and edgy look. The background is dark and out of focus, making the woman the focal point of the image. The lighting is dramatic, highlighting her features and emphasizing her features."
819,2021-01-14 22:33:14+00:00,oldprada,ss 2009 vogue italia mar 2009 “the glow the charme” by paolo roversi,oldprada miuccialover prada editorial throwback vogueitalia paoloroversi ss2009 dream unsogno praduh wrinkled fashion vintageprada researchofstyle icons amo shoefantasy iconicseason guineverevanseenus francasozzani francaforever,238,2,no_mention,"The image is a promotional poster for a book titled ""The Glow, the Char-Me"" by Paolo Roversi. It features a young woman sitting on a chair with her legs crossed and her hands resting on the armrests of the chair. She is wearing a gray blazer over a white dress with a ruffled skirt and black high heels. Her hair is styled in loose waves and she is looking off to the side with a serious expression on her face. The background is dark and the title of the book is written in white text on the top right corner."
820,2023-03-02 19:11:00+00:00,wheresmydriver,something’s today,offwhite streetstyle pfw,35,0,no_mention,The image shows a woman walking on a street. She is wearing a black dress with a high neckline and thin straps. The dress has a ruched skirt that falls below her knees. The woman is also wearing a pair of white ankle boots. She has a black hat on her head and is carrying a white clutch in her left hand. The background shows a set of stairs and a building. The overall mood of the image is edgy and sophisticated.
821,2022-02-21 01:08:13+00:00,zendaya,baby rexi…second to last episode tonight3,no_hashtag,8761243,9924,no_mention,"The image shows two young women sitting on the edge of a building with their arms raised in the air. They are both wearing casual clothes and appear to be in the middle of a dance routine. The building has a gray roof and there is a white banner on the left side of the image with the letter ""K"" on it. The sky is visible in the background. The women are smiling and seem to be enjoying themselves."
822,2021-01-03 17:37:20+00:00,oldprada,fw 1999 vogue italia sep 1999 “in posa” by paolo roversi,oldprada miuccialover prada editorial throwback vogueitalia paoloroversi malgosiabela fw1999 pose praduh embellishments fashion vintageprada researchofstyle icons francaforever sogno inspo tuttoprada,644,2,no_mention,"The image is a portrait of a young woman with long, wavy hair. She is wearing a green coat with black polka dots on it. The coat has a high collar and long sleeves. The woman is looking directly at the camera with a serious expression on her face. The background is a solid blue color. The overall mood of the image is serious and edgy."
823,2021-01-03 17:37:09+00:00,oldprada,fw 1999 vogue italia sep 1999 “in posa” by paolo roversi,oldprada miuccialover prada editorial throwback vogueitalia paoloroversi malgosiabela fw1999 pose praduh embellishments fashion vintageprada researchofstyle icons francaforever sogno inspo tuttoprada,269,1,no_mention,"The image is a black square with white text in the center. The text reads ""In Posa"" which translates to ""In Posa"" in English. Below the text, there is a smaller text that reads ""Rilbrati di Pualo Bovereri"". The text is written in a simple, sans-serif font and is centered on the square. The background of the image is plain black."
824,2023-03-27 12:03:00+00:00,watchingnewyork,recent top shots,streetfashion fashion street nyc nycfashion winter winterfashion fashiontrends fallfashion newyorkcity style streetstyle vintage thrift,37544,219,no_mention,"The image shows a young woman walking on a street. She is wearing a brown jacket with a floral pattern, light blue denim shorts, and knee-high boots. She has a brown crossbody bag slung over her shoulder and is holding a white shopping bag in her left hand. Her hair is styled in a sleek bob and she appears to be looking down at her phone. In the background, there is a man walking on the sidewalk and a building with columns on the right side of the image."
825,2023-03-26 13:09:09+00:00,watchingnewyork,party in the back some of my favorite looks from behind,streetfashion fashion street nyc nycfashion winter winterfashion fashiontrends fallfashion newyorkcity style streetstyle vintage thrift,92098,377,no_mention,"The image shows a person walking on a street. The person is wearing a long beige trench coat with black text on it that reads ""This is what NY wears"". The coat has a high collar and long sleeves. They are also wearing black boots. The street is lined with buildings and there are cars parked on the side of the road. The background is blurred, but it appears to be a busy city street."
826,2023-05-18 10:56:17+00:00,datewithversace,dua lipa for la vacanza a first preview of the collection will be available tomorrow exclusively at versacecom,no_hashtag,3362,6,dualipa lorenzoposocco versace donatella_versace,"The image shows a woman performing on a stage. She is wearing a black and silver corset with a blue butterfly design on the front. The corset is made of a shiny, metallic material and has a deep V-neckline. The woman has dark hair styled in a sleek bob and is wearing dramatic makeup with dark eyeliner and red lipstick. She has multiple rings on her fingers and is holding a small glass of water in her right hand. The background is dark, making the woman stand out even more."
827,2023-05-11 20:19:02+00:00,dudalina,a clássica camisa branca é sempre uma boa pedida ainda mais se for combinada com os excepcionais cristais swarovski uma verdadeira joia para potencializar ainda mais a brilho de sua mãe surpreendaa com um presente incrível e mostre todo seu amor e gratidão encontre a loja mais próxima pelo link da bio e garanta já seu presente ref 53011204 aproveite e ganhe um pingente de cristal na compra de uma camisa da coleção dudalina e swarovski referências participantes 53011203 53011204 53011205 53011206 ou nas compras a partir de r 80000 ação válida de 2804 a 1405 ou enquanto durarem os estoques não cumulativa com outras ações certificado de autorização sreme n ° 020265432023,dudalina diadasmaes amorqueatravessageracoes presentes dudalinaeswarovski maesdudalina camisaria,1515,19,no_mention,The image shows a close-up of a woman's upper body. She is wearing a white blouse with a collar and a button-down front. The blouse has a small embroidered fleur-de-lis design on the left chest area. The woman has long dark hair and is resting her chin on her hand. She appears to be deep in thought. The background is a plain beige color.
