commentUser,interaction_sequence,posts_sequence,sequence_length
92thestudio,"[{'post_id': 188, 'timestamp': '2023-05-17 14:55:52+00:00', 'polarity': 0.4068}, {'post_id': 216, 'timestamp': '2023-05-21 14:40:26+00:00', 'polarity': 0.7867}, {'post_id': 91, 'timestamp': '2023-05-26 10:07:34+00:00', 'polarity': 0.9502}, {'post_id': 57, 'timestamp': '2023-06-03 12:59:15+00:00', 'polarity': 0.3832}]","[188, 216, 91, 57]",4
_surisingh,"[{'post_id': 369, 'timestamp': '2023-05-18 09:03:58+00:00', 'polarity': 0.1033}, {'post_id': 361, 'timestamp': '2023-05-18 09:04:28+00:00', 'polarity': 0.1033}, {'post_id': 360, 'timestamp': '2023-05-18 09:04:37+00:00', 'polarity': 0.1033}]","[369, 361, 360]",3
_vanessa.riedl,"[{'post_id': 246, 'timestamp': '2023-05-01 13:02:36+00:00', 'polarity': 0.728}, {'post_id': 88, 'timestamp': '2023-05-31 18:19:39+00:00', 'polarity': 0.0514}, {'post_id': 57, 'timestamp': '2023-06-03 21:11:51+00:00', 'polarity': 0.1033}]","[246, 88, 57]",3
_yycc99,"[{'post_id': 69, 'timestamp': '2023-03-08 20:40:04+00:00', 'polarity': 0.7867}, {'post_id': 64, 'timestamp': '2023-04-10 19:01:54+00:00', 'polarity': -0.0321}, {'post_id': 17, 'timestamp': '2023-05-10 21:50:02+00:00', 'polarity': 0.0278}]","[69, 64, 17]",3
adrianericmorales,"[{'post_id': 795, 'timestamp': '2023-02-23 11:56:44+00:00', 'polarity': -0.0105}, {'post_id': 797, 'timestamp': '2023-02-26 22:15:12+00:00', 'polarity': 0.0803}, {'post_id': 792, 'timestamp': '2023-02-28 22:29:16+00:00', 'polarity': 0.0803}]","[795, 797, 792]",3
alantrowe,"[{'post_id': 822, 'timestamp': '2021-01-04 10:38:18+00:00', 'polarity': 0.2468}, {'post_id': 823, 'timestamp': '2021-01-04 10:39:08+00:00', 'polarity': 0.0711}, {'post_id': 815, 'timestamp': '2021-01-09 18:25:13+00:00', 'polarity': 0.0711}, {'post_id': 816, 'timestamp': '2021-01-09 18:26:00+00:00', 'polarity': 0.0711}, {'post_id': 812, 'timestamp': '2021-01-15 06:18:47+00:00', 'polarity': 0.2216}, {'post_id': 819, 'timestamp': '2021-01-15 06:19:13+00:00', 'polarity': 0.2216}, {'post_id': 810, 'timestamp': '2021-02-12 05:55:14+00:00', 'polarity': 0.9305}, {'post_id': 806, 'timestamp': '2021-02-12 05:56:31+00:00', 'polarity': 0.5976}, {'post_id': 757, 'timestamp': '2021-05-07 05:24:50+00:00', 'polarity': 0.2216}, {'post_id': 761, 'timestamp': '2021-05-07 09:36:28+00:00', 'polarity': 0.2267}]","[822, 823, 815, 816, 812, 819, 810, 806, 757, 761]",10
aldrey.ferrari,"[{'post_id': 21, 'timestamp': '2023-06-05 19:25:32+00:00', 'polarity': 0.2267}, {'post_id': 25, 'timestamp': '2023-06-05 19:25:38+00:00', 'polarity': 0.2267}, {'post_id': 26, 'timestamp': '2023-06-05 19:25:45+00:00', 'polarity': 0.2267}]","[21, 25, 26]",3
alemarullo,"[{'post_id': 84, 'timestamp': '2023-05-26 18:10:00+00:00', 'polarity': 0.942}, {'post_id': 91, 'timestamp': '2023-05-26 18:10:41+00:00', 'polarity': 0.208}, {'post_id': 129, 'timestamp': '2023-05-26 18:11:45+00:00', 'polarity': 0.942}, {'post_id': 46, 'timestamp': '2023-06-06 19:27:32+00:00', 'polarity': 0.5274}]","[84, 91, 129, 46]",4
allexclusive.us,"[{'post_id': 442, 'timestamp': '2023-05-24 20:13:22+00:00', 'polarity': 0.3024}, {'post_id': 397, 'timestamp': '2023-06-08 11:02:28+00:00', 'polarity': 0.3024}, {'post_id': 398, 'timestamp': '2023-06-08 11:04:59+00:00', 'polarity': 0.3024}]","[442, 397, 398]",3
allthatglams72,"[{'post_id': 809, 'timestamp': '2023-05-11 20:42:18+00:00', 'polarity': -0.8314}, {'post_id': 809, 'timestamp': '2023-05-11 20:42:42+00:00', 'polarity': -0.04}, {'post_id': 809, 'timestamp': '2023-05-11 20:43:18+00:00', 'polarity': 0.3354}]","[809, 809, 809]",3
allyoos,"[{'post_id': 37, 'timestamp': '2023-04-19 22:08:17+00:00', 'polarity': 0.9791}, {'post_id': 33, 'timestamp': '2023-04-21 03:15:11+00:00', 'polarity': 0.8584}, {'post_id': 32, 'timestamp': '2023-05-18 21:00:37+00:00', 'polarity': 0.9121}]","[37, 33, 32]",3
amberunraveled,"[{'post_id': 255, 'timestamp': '2023-01-30 19:18:16+00:00', 'polarity': 0.4633}, {'post_id': 33, 'timestamp': '2023-04-21 02:01:48+00:00', 'polarity': 0.9222}, {'post_id': 32, 'timestamp': '2023-05-19 22:30:01+00:00', 'polarity': -0.1141}, {'post_id': 27, 'timestamp': '2023-06-02 15:16:06+00:00', 'polarity': 0.0189}]","[255, 33, 32, 27]",4
andrea_maria_tourino_19,"[{'post_id': 168, 'timestamp': '2023-06-06 12:50:32+00:00', 'polarity': 0.3049}, {'post_id': 173, 'timestamp': '2023-06-06 12:51:46+00:00', 'polarity': 0.4329}, {'post_id': 170, 'timestamp': '2023-06-06 12:52:37+00:00', 'polarity': 0.1753}, {'post_id': 175, 'timestamp': '2023-06-06 12:52:59+00:00', 'polarity': 0.1051}, {'post_id': 251, 'timestamp': '2023-06-06 12:55:22+00:00', 'polarity': 0.1848}]","[168, 173, 170, 175, 251]",5
angels_avenue,"[{'post_id': 328, 'timestamp': '2023-03-20 17:55:06+00:00', 'polarity': 0.7255}, {'post_id': 288, 'timestamp': '2023-04-03 10:51:29+00:00', 'polarity': -0.1361}, {'post_id': 319, 'timestamp': '2023-04-03 10:51:57+00:00', 'polarity': 0.3238}]","[328, 288, 319]",3
animals.truth,"[{'post_id': 562, 'timestamp': '2023-06-01 15:03:57+00:00', 'polarity': 0.1033}, {'post_id': 562, 'timestamp': '2023-06-01 15:03:58+00:00', 'polarity': 0.1033}, {'post_id': 562, 'timestamp': '2023-06-01 15:04:05+00:00', 'polarity': 0.1033}, {'post_id': 562, 'timestamp': '2023-06-01 15:04:07+00:00', 'polarity': 0.1033}]","[562, 562, 562, 562]",4
annalindgren523,"[{'post_id': 329, 'timestamp': '2023-03-25 14:47:27+00:00', 'polarity': 0.2792}, {'post_id': 327, 'timestamp': '2023-03-25 14:48:59+00:00', 'polarity': -0.14}, {'post_id': 327, 'timestamp': '2023-03-25 14:50:37+00:00', 'polarity': -0.0893}]","[329, 327, 327]",3
anoukyve,"[{'post_id': 340, 'timestamp': '2022-10-19 11:59:15+00:00', 'polarity': 0.0098}, {'post_id': 292, 'timestamp': '2022-12-07 09:47:57+00:00', 'polarity': 0.0519}, {'post_id': 305, 'timestamp': '2022-12-07 09:48:13+00:00', 'polarity': 0.0432}, {'post_id': 92, 'timestamp': '2023-04-14 05:57:16+00:00', 'polarity': 0.0432}]","[340, 292, 305, 92]",4
artipoppe,"[{'post_id': 337, 'timestamp': '2022-10-04 14:48:49+00:00', 'polarity': 0.2076}, {'post_id': 334, 'timestamp': '2022-10-28 11:57:40+00:00', 'polarity': 0.3299}, {'post_id': 304, 'timestamp': '2022-11-25 15:23:34+00:00', 'polarity': 0.9462}, {'post_id': 292, 'timestamp': '2022-12-08 11:02:05+00:00', 'polarity': 0.0519}, {'post_id': 279, 'timestamp': '2023-01-03 08:12:20+00:00', 'polarity': 0.6148}, {'post_id': 201, 'timestamp': '2023-01-11 14:51:20+00:00', 'polarity': 0.7665}, {'post_id': 198, 'timestamp': '2023-02-03 11:37:17+00:00', 'polarity': 0.565}, {'post_id': 192, 'timestamp': '2023-02-28 13:04:57+00:00', 'polarity': 0.1033}, {'post_id': 194, 'timestamp': '2023-03-05 10:11:43+00:00', 'polarity': 0.565}, {'post_id': 69, 'timestamp': '2023-03-09 15:42:08+00:00', 'polarity': 0.2577}, {'post_id': 68, 'timestamp': '2023-03-27 10:59:16+00:00', 'polarity': 0.0519}, {'post_id': 105, 'timestamp': '2023-04-03 07:36:59+00:00', 'polarity': 0.6586}, {'post_id': 65, 'timestamp': '2023-04-12 11:49:05+00:00', 'polarity': 0.4481}, {'post_id': 63, 'timestamp': '2023-05-01 15:12:23+00:00', 'polarity': 0.0833}, {'post_id': 17, 'timestamp': '2023-05-16 08:58:28+00:00', 'polarity': 0.8394}, {'post_id': 18, 'timestamp': '2023-05-16 09:00:51+00:00', 'polarity': 0.9708}, {'post_id': 40, 'timestamp': '2023-05-24 10:30:44+00:00', 'polarity': 0.004}]","[337, 334, 304, 292, 279, 201, 198, 192, 194, 69, 68, 105, 65, 63, 17, 18, 40]",17
babbu_hybird,"[{'post_id': 366, 'timestamp': '2023-04-16 05:47:40+00:00', 'polarity': 0.9556}, {'post_id': 288, 'timestamp': '2023-04-16 05:49:32+00:00', 'polarity': 0.6458}, {'post_id': 288, 'timestamp': '2023-04-16 05:50:16+00:00', 'polarity': 0.7935}, {'post_id': 326, 'timestamp': '2023-04-16 05:50:58+00:00', 'polarity': 0.7872}]","[366, 288, 288, 326]",4
bahar.deana,"[{'post_id': 244, 'timestamp': '2023-05-11 13:06:19+00:00', 'polarity': 0.9708}, {'post_id': 246, 'timestamp': '2023-05-11 13:07:00+00:00', 'polarity': 0.7661}, {'post_id': 156, 'timestamp': '2023-05-30 09:02:05+00:00', 'polarity': 0.9164}, {'post_id': 146, 'timestamp': '2023-06-04 13:44:53+00:00', 'polarity': 0.5336}]","[244, 246, 156, 146]",4
baliblackbook.official,"[{'post_id': 211, 'timestamp': '2023-05-10 05:31:23+00:00', 'polarity': 0.9651}, {'post_id': 207, 'timestamp': '2023-05-10 05:31:32+00:00', 'polarity': 0.876}, {'post_id': 183, 'timestamp': '2023-05-22 06:29:39+00:00', 'polarity': 0.962}, {'post_id': 188, 'timestamp': '2023-05-22 06:29:45+00:00', 'polarity': 0.9567}, {'post_id': 180, 'timestamp': '2023-05-22 06:30:05+00:00', 'polarity': 0.9874}, {'post_id': 182, 'timestamp': '2023-05-22 06:30:16+00:00', 'polarity': 0.9438}, {'post_id': 185, 'timestamp': '2023-05-22 06:30:29+00:00', 'polarity': 0.962}, {'post_id': 155, 'timestamp': '2023-05-30 03:52:37+00:00', 'polarity': 0.9725}, {'post_id': 154, 'timestamp': '2023-05-30 03:52:47+00:00', 'polarity': 0.9009}]","[211, 207, 183, 188, 180, 182, 185, 155, 154]",9
barbaraasoaresss,"[{'post_id': 776, 'timestamp': '2023-05-06 00:33:58+00:00', 'polarity': 0.0458}, {'post_id': 780, 'timestamp': '2023-05-08 04:38:48+00:00', 'polarity': -0.023}, {'post_id': 790, 'timestamp': '2023-05-11 17:41:46+00:00', 'polarity': -0.023}]","[776, 780, 790]",3
beatrice.gutu,"[{'post_id': 336, 'timestamp': '2022-10-11 09:56:10+00:00', 'polarity': 0.0594}, {'post_id': 304, 'timestamp': '2022-11-24 11:00:44+00:00', 'polarity': 0.0494}, {'post_id': 297, 'timestamp': '2022-12-11 16:28:51+00:00', 'polarity': 0.7867}, {'post_id': 62, 'timestamp': '2023-04-27 15:00:07+00:00', 'polarity': 0.728}]","[336, 304, 297, 62]",4
bellahugo.co,"[{'post_id': 294, 'timestamp': '2023-04-18 14:46:57+00:00', 'polarity': 0.238}, {'post_id': 294, 'timestamp': '2023-04-18 14:50:25+00:00', 'polarity': 0.1916}, {'post_id': 294, 'timestamp': '2023-04-18 14:51:35+00:00', 'polarity': 0.5422}, {'post_id': 283, 'timestamp': '2023-04-18 15:14:34+00:00', 'polarity': 0.9373}]","[294, 294, 294, 283]",4
bkpr2024,"[{'post_id': 710, 'timestamp': '2023-01-08 18:21:15+00:00', 'polarity': -0.0524}, {'post_id': 626, 'timestamp': '2023-02-09 17:42:05+00:00', 'polarity': 0.9746}, {'post_id': 537, 'timestamp': '2023-04-26 15:33:59+00:00', 'polarity': 0.8229}, {'post_id': 444, 'timestamp': '2023-05-21 16:58:59+00:00', 'polarity': -0.0524}, {'post_id': 443, 'timestamp': '2023-05-26 18:15:51+00:00', 'polarity': -0.0386}]","[710, 626, 537, 444, 443]",5
blanco_724,"[{'post_id': 590, 'timestamp': '2023-04-21 22:50:35+00:00', 'polarity': -0.1396}, {'post_id': 687, 'timestamp': '2023-05-02 15:17:41+00:00', 'polarity': -0.082}, {'post_id': 490, 'timestamp': '2023-05-07 15:24:14+00:00', 'polarity': 0.0269}]","[590, 687, 490]",3
braaanddz,"[{'post_id': 456, 'timestamp': '2023-06-04 14:16:09+00:00', 'polarity': 0.1033}, {'post_id': 394, 'timestamp': '2023-06-09 06:06:54+00:00', 'polarity': 0.1033}, {'post_id': 453, 'timestamp': '2023-06-09 08:49:40+00:00', 'polarity': 0.1033}]","[456, 394, 453]",3
broccati_official,"[{'post_id': 638, 'timestamp': '2023-05-26 09:27:40+00:00', 'polarity': 0.1033}, {'post_id': 668, 'timestamp': '2023-05-31 15:03:40+00:00', 'polarity': 0.2749}, {'post_id': 602, 'timestamp': '2023-05-31 15:04:58+00:00', 'polarity': 0.2749}, {'post_id': 759, 'timestamp': '2023-05-31 15:05:11+00:00', 'polarity': 0.3024}]","[638, 668, 602, 759]",4
brown_girl__0007,"[{'post_id': 439, 'timestamp': '2023-05-28 03:04:50+00:00', 'polarity': 0.0354}, {'post_id': 439, 'timestamp': '2023-05-28 03:04:52+00:00', 'polarity': 0.3572}, {'post_id': 439, 'timestamp': '2023-05-28 03:04:53+00:00', 'polarity': 0.0872}]","[439, 439, 439]",3
cajuntrader1987,"[{'post_id': 325, 'timestamp': '2023-01-02 02:26:55+00:00', 'polarity': 0.0446}, {'post_id': 97, 'timestamp': '2023-02-27 22:59:02+00:00', 'polarity': 0.9447}, {'post_id': 95, 'timestamp': '2023-03-06 19:04:17+00:00', 'polarity': 0.9621}, {'post_id': 29, 'timestamp': '2023-06-01 01:24:36+00:00', 'polarity': 0.9842}]","[325, 97, 95, 29]",4
cal_teles,"[{'post_id': 634, 'timestamp': '2023-05-28 07:57:29+00:00', 'polarity': 0.4869}, {'post_id': 566, 'timestamp': '2023-05-29 06:35:32+00:00', 'polarity': 0.8778}, {'post_id': 458, 'timestamp': '2023-06-04 00:59:41+00:00', 'polarity': 0.4543}]","[634, 566, 458]",3
campanini_concept_simplyluxury,"[{'post_id': 598, 'timestamp': '2023-04-20 22:07:15+00:00', 'polarity': 0.728}, {'post_id': 588, 'timestamp': '2023-04-21 17:24:29+00:00', 'polarity': 0.728}, {'post_id': 596, 'timestamp': '2023-04-21 18:51:09+00:00', 'polarity': 0.728}]","[598, 588, 596]",3
candyalcantara,"[{'post_id': 764, 'timestamp': '2023-05-02 22:28:16+00:00', 'polarity': -0.0321}, {'post_id': 776, 'timestamp': '2023-05-04 20:27:54+00:00', 'polarity': 0.2331}, {'post_id': 608, 'timestamp': '2023-05-27 15:37:32+00:00', 'polarity': 0.0278}, {'post_id': 608, 'timestamp': '2023-05-27 15:37:35+00:00', 'polarity': 0.2749}]","[764, 776, 608, 608]",4
carla_pontessss,"[{'post_id': 764, 'timestamp': '2023-05-03 18:58:29+00:00', 'polarity': -0.025}, {'post_id': 764, 'timestamp': '2023-05-03 18:58:39+00:00', 'polarity': 0.083}, {'post_id': 764, 'timestamp': '2023-05-11 13:22:45+00:00', 'polarity': -0.0245}, {'post_id': 774, 'timestamp': '2023-05-11 13:57:19+00:00', 'polarity': -0.0275}, {'post_id': 772, 'timestamp': '2023-05-11 14:00:17+00:00', 'polarity': 0.0063}, {'post_id': 790, 'timestamp': '2023-05-11 14:02:18+00:00', 'polarity': -0.0374}, {'post_id': 776, 'timestamp': '2023-05-11 14:05:04+00:00', 'polarity': -0.0366}, {'post_id': 827, 'timestamp': '2023-05-12 16:38:30+00:00', 'polarity': -0.0233}, {'post_id': 778, 'timestamp': '2023-05-15 14:23:42+00:00', 'polarity': 0.0008}, {'post_id': 725, 'timestamp': '2023-05-16 22:25:40+00:00', 'polarity': -0.0563}, {'post_id': 725, 'timestamp': '2023-05-17 02:56:42+00:00', 'polarity': -0.0201}, {'post_id': 613, 'timestamp': '2023-05-19 03:39:44+00:00', 'polarity': -0.0573}, {'post_id': 632, 'timestamp': '2023-05-21 00:57:12+00:00', 'polarity': -0.002}, {'post_id': 600, 'timestamp': '2023-05-21 00:58:14+00:00', 'polarity': -0.0231}, {'post_id': 613, 'timestamp': '2023-05-21 00:58:39+00:00', 'polarity': 0.0384}, {'post_id': 603, 'timestamp': '2023-05-26 23:16:51+00:00', 'polarity': -0.0308}, {'post_id': 499, 'timestamp': '2023-06-08 01:26:58+00:00', 'polarity': -0.0879}, {'post_id': 506, 'timestamp': '2023-06-08 01:28:15+00:00', 'polarity': 0.078}, {'post_id': 504, 'timestamp': '2023-06-08 19:37:47+00:00', 'polarity': -0.0264}, {'post_id': 504, 'timestamp': '2023-06-08 19:38:05+00:00', 'polarity': -0.0248}, {'post_id': 498, 'timestamp': '2023-06-08 21:05:58+00:00', 'polarity': 0.0456}, {'post_id': 518, 'timestamp': '2023-06-09 16:36:57+00:00', 'polarity': -0.0072}, {'post_id': 518, 'timestamp': '2023-06-09 16:37:57+00:00', 'polarity': 0.0428}, {'post_id': 503, 'timestamp': '2023-06-09 16:38:49+00:00', 'polarity': 0.434}, {'post_id': 503, 'timestamp': '2023-06-09 16:39:11+00:00', 'polarity': 0.4271}]","[764, 764, 764, 774, 772, 790, 776, 827, 778, 725, 725, 613, 632, 600, 613, 603, 499, 506, 504, 504, 498, 518, 518, 503, 503]",25
carola_caia,"[{'post_id': 381, 'timestamp': '2023-05-29 22:49:31+00:00', 'polarity': -0.1102}, {'post_id': 382, 'timestamp': '2023-05-29 22:52:19+00:00', 'polarity': -0.0976}, {'post_id': 374, 'timestamp': '2023-05-29 23:09:01+00:00', 'polarity': -0.0895}, {'post_id': 253, 'timestamp': '2023-05-30 00:03:18+00:00', 'polarity': -0.0228}]","[381, 382, 374, 253]",4
castellidimitrii,"[{'post_id': 569, 'timestamp': '2023-05-31 14:59:48+00:00', 'polarity': 0.0996}, {'post_id': 644, 'timestamp': '2023-05-31 18:22:31+00:00', 'polarity': 0.0996}, {'post_id': 634, 'timestamp': '2023-05-31 18:32:12+00:00', 'polarity': 0.0996}, {'post_id': 458, 'timestamp': '2023-06-04 12:20:34+00:00', 'polarity': 0.0996}]","[569, 644, 634, 458]",4
catroy60,"[{'post_id': 435, 'timestamp': '2023-06-06 03:40:28+00:00', 'polarity': 0.1586}, {'post_id': 429, 'timestamp': '2023-06-06 03:41:31+00:00', 'polarity': 0.8947}, {'post_id': 514, 'timestamp': '2023-06-06 03:48:49+00:00', 'polarity': 0.607}]","[435, 429, 514]",3
chelsearose.h,"[{'post_id': 648, 'timestamp': '2023-05-26 20:40:50+00:00', 'polarity': 0.9828}, {'post_id': 648, 'timestamp': '2023-05-26 20:41:12+00:00', 'polarity': 0.9866}, {'post_id': 648, 'timestamp': '2023-05-26 20:41:18+00:00', 'polarity': 0.1975}]","[648, 648, 648]",3
costa_del_sol_updates,"[{'post_id': 536, 'timestamp': '2023-06-06 12:36:59+00:00', 'polarity': -0.2062}, {'post_id': 622, 'timestamp': '2023-06-06 12:45:39+00:00', 'polarity': 0.7951}, {'post_id': 680, 'timestamp': '2023-06-06 12:50:12+00:00', 'polarity': 0.0173}]","[536, 622, 680]",3
csillaggyorgy,"[{'post_id': 570, 'timestamp': '2023-03-30 14:17:50+00:00', 'polarity': -0.0861}, {'post_id': 567, 'timestamp': '2023-03-30 14:22:33+00:00', 'polarity': -0.1067}, {'post_id': 459, 'timestamp': '2023-04-19 13:28:48+00:00', 'polarity': -0.0639}]","[570, 567, 459]",3
dannafwells,"[{'post_id': 353, 'timestamp': '2022-11-23 05:05:45+00:00', 'polarity': 0.9784}, {'post_id': 315, 'timestamp': '2023-01-20 16:14:03+00:00', 'polarity': 0.9843}, {'post_id': 314, 'timestamp': '2023-01-20 16:14:48+00:00', 'polarity': 0.9886}, {'post_id': 255, 'timestamp': '2023-01-30 21:09:14+00:00', 'polarity': 0.9884}, {'post_id': 85, 'timestamp': '2023-03-22 19:45:18+00:00', 'polarity': 0.6904}, {'post_id': 83, 'timestamp': '2023-03-27 12:46:21+00:00', 'polarity': 0.8653}, {'post_id': 28, 'timestamp': '2023-05-15 02:24:31+00:00', 'polarity': 0.986}]","[353, 315, 314, 255, 85, 83, 28]",7
dapriince__7,"[{'post_id': 285, 'timestamp': '2023-04-05 08:27:09+00:00', 'polarity': 0.1033}, {'post_id': 326, 'timestamp': '2023-04-07 10:08:33+00:00', 'polarity': 0.728}, {'post_id': 270, 'timestamp': '2023-04-16 20:24:08+00:00', 'polarity': 0.1033}, {'post_id': 258, 'timestamp': '2023-04-23 22:38:07+00:00', 'polarity': 0.1033}, {'post_id': 222, 'timestamp': '2023-05-09 03:19:54+00:00', 'polarity': 0.6465}, {'post_id': 217, 'timestamp': '2023-05-09 03:22:29+00:00', 'polarity': 0.0941}]","[285, 326, 270, 258, 222, 217]",6
davood_bagheri_vafa,"[{'post_id': 232, 'timestamp': '2023-05-05 20:24:38+00:00', 'polarity': -0.122}, {'post_id': 232, 'timestamp': '2023-05-05 20:24:38+00:00', 'polarity': 0.2744}, {'post_id': 235, 'timestamp': '2023-05-05 20:24:52+00:00', 'polarity': 0.8402}, {'post_id': 235, 'timestamp': '2023-05-05 20:24:58+00:00', 'polarity': 0.1997}, {'post_id': 235, 'timestamp': '2023-05-05 20:24:59+00:00', 'polarity': 0.7074}, {'post_id': 235, 'timestamp': '2023-05-05 20:24:59+00:00', 'polarity': 0.2744}, {'post_id': 235, 'timestamp': '2023-05-05 20:25:03+00:00', 'polarity': -0.3531}]","[232, 232, 235, 235, 235, 235, 235]",7
dawidtomaszewski,"[{'post_id': 748, 'timestamp': '2023-04-24 08:10:11+00:00', 'polarity': 0.7817}, {'post_id': 585, 'timestamp': '2023-05-02 16:30:09+00:00', 'polarity': 0.7328}, {'post_id': 186, 'timestamp': '2023-05-16 15:21:52+00:00', 'polarity': 0.7328}, {'post_id': 526, 'timestamp': '2023-05-17 06:33:26+00:00', 'polarity': 0.7328}, {'post_id': 526, 'timestamp': '2023-05-17 06:35:58+00:00', 'polarity': 0.7817}, {'post_id': 526, 'timestamp': '2023-05-19 12:53:24+00:00', 'polarity': 0.7817}, {'post_id': 526, 'timestamp': '2023-05-19 13:02:32+00:00', 'polarity': 0.6877}, {'post_id': 436, 'timestamp': '2023-06-01 14:45:30+00:00', 'polarity': 0.8343}, {'post_id': 41, 'timestamp': '2023-06-06 10:21:54+00:00', 'polarity': 0.9488}]","[748, 585, 186, 526, 526, 526, 526, 436, 41]",9
derome_official,"[{'post_id': 579, 'timestamp': '2023-06-05 06:00:58+00:00', 'polarity': -0.0665}, {'post_id': 697, 'timestamp': '2023-06-06 07:45:04+00:00', 'polarity': -0.0665}, {'post_id': 394, 'timestamp': '2023-06-07 08:15:56+00:00', 'polarity': 0.1033}]","[579, 697, 394]",3
dewiroberts50,"[{'post_id': 237, 'timestamp': '2023-05-04 23:51:13+00:00', 'polarity': -0.097}, {'post_id': 237, 'timestamp': '2023-05-04 23:52:46+00:00', 'polarity': -0.379}, {'post_id': 237, 'timestamp': '2023-05-04 23:53:19+00:00', 'polarity': -0.701}, {'post_id': 157, 'timestamp': '2023-05-05 00:01:30+00:00', 'polarity': -0.0929}]","[237, 237, 237, 157]",4
donatellodesigns,"[{'post_id': 712, 'timestamp': '2023-03-14 06:57:08+00:00', 'polarity': 0.728}, {'post_id': 572, 'timestamp': '2023-03-22 05:22:24+00:00', 'polarity': 0.728}, {'post_id': 571, 'timestamp': '2023-04-05 03:08:49+00:00', 'polarity': 0.728}, {'post_id': 571, 'timestamp': '2023-04-05 05:55:25+00:00', 'polarity': 0.728}, {'post_id': 561, 'timestamp': '2023-04-12 05:04:10+00:00', 'polarity': 0.728}, {'post_id': 488, 'timestamp': '2023-05-13 00:40:38+00:00', 'polarity': 0.728}]","[712, 572, 571, 571, 561, 488]",6
dorothyhiggins278,"[{'post_id': 530, 'timestamp': '2023-05-23 00:22:45+00:00', 'polarity': -0.0321}, {'post_id': 526, 'timestamp': '2023-05-23 00:23:41+00:00', 'polarity': 0.2532}, {'post_id': 434, 'timestamp': '2023-06-01 05:02:16+00:00', 'polarity': 0.6624}, {'post_id': 436, 'timestamp': '2023-06-01 05:02:52+00:00', 'polarity': 0.728}]","[530, 526, 434, 436]",4
downeymagda,"[{'post_id': 318, 'timestamp': '2022-04-22 05:13:00+00:00', 'polarity': 0.8514}, {'post_id': 260, 'timestamp': '2022-05-20 05:38:10+00:00', 'polarity': 0.9671}, {'post_id': 166, 'timestamp': '2023-04-22 02:04:18+00:00', 'polarity': 0.8402}]","[318, 260, 166]",3
dudalina,"[{'post_id': 772, 'timestamp': '2023-05-02 13:50:10+00:00', 'polarity': -0.0443}, {'post_id': 776, 'timestamp': '2023-05-06 12:40:43+00:00', 'polarity': -0.0171}, {'post_id': 774, 'timestamp': '2023-05-16 20:36:08+00:00', 'polarity': 0.0103}, {'post_id': 780, 'timestamp': '2023-05-18 14:56:41+00:00', 'polarity': -0.0242}, {'post_id': 727, 'timestamp': '2023-05-18 17:03:17+00:00', 'polarity': 0.0303}, {'post_id': 632, 'timestamp': '2023-05-22 13:45:11+00:00', 'polarity': -0.0151}, {'post_id': 613, 'timestamp': '2023-05-22 13:47:25+00:00', 'polarity': 0.0149}, {'post_id': 778, 'timestamp': '2023-05-25 12:47:37+00:00', 'polarity': 0.0077}]","[772, 776, 774, 780, 727, 632, 613, 778]",8
dudanillo,"[{'post_id': 727, 'timestamp': '2023-05-18 12:26:00+00:00', 'polarity': 0.7867}, {'post_id': 727, 'timestamp': '2023-05-18 12:26:02+00:00', 'polarity': 0.2744}, {'post_id': 727, 'timestamp': '2023-05-18 12:26:04+00:00', 'polarity': 0.3024}]","[727, 727, 727]",3
eatstyleamore,"[{'post_id': 353, 'timestamp': '2022-11-22 20:46:37+00:00', 'polarity': 0.9849}, {'post_id': 315, 'timestamp': '2023-01-22 03:43:41+00:00', 'polarity': 0.9811}, {'post_id': 250, 'timestamp': '2023-02-09 21:38:42+00:00', 'polarity': 0.9376}]","[353, 315, 250]",3
ellabroek,"[{'post_id': 332, 'timestamp': '2022-10-25 06:10:15+00:00', 'polarity': 0.0803}, {'post_id': 334, 'timestamp': '2022-10-27 20:11:14+00:00', 'polarity': 0.0278}, {'post_id': 275, 'timestamp': '2022-12-28 21:09:47+00:00', 'polarity': 0.0245}, {'post_id': 196, 'timestamp': '2023-02-22 17:14:34+00:00', 'polarity': 0.2749}, {'post_id': 68, 'timestamp': '2023-03-27 07:40:35+00:00', 'polarity': 0.107}, {'post_id': 17, 'timestamp': '2023-05-11 05:28:38+00:00', 'polarity': 0.1997}]","[332, 334, 275, 196, 68, 17]",6
emilyjademccarthy,"[{'post_id': 353, 'timestamp': '2022-11-22 22:13:36+00:00', 'polarity': 0.9669}, {'post_id': 314, 'timestamp': '2023-01-17 20:16:47+00:00', 'polarity': 0.6971}, {'post_id': 95, 'timestamp': '2023-03-08 22:50:44+00:00', 'polarity': 0.9737}, {'post_id': 87, 'timestamp': '2023-04-18 13:12:47+00:00', 'polarity': 0.3127}]","[353, 314, 95, 87]",4
emma._.curras_,"[{'post_id': 578, 'timestamp': '2023-05-31 05:11:03+00:00', 'polarity': 0.3797}, {'post_id': 580, 'timestamp': '2023-05-31 05:11:24+00:00', 'polarity': -0.5283}, {'post_id': 584, 'timestamp': '2023-05-31 05:12:17+00:00', 'polarity': 0.0928}]","[578, 580, 584]",3
emmavloeimans,"[{'post_id': 304, 'timestamp': '2022-11-24 20:45:29+00:00', 'polarity': 0.1033}, {'post_id': 279, 'timestamp': '2023-01-01 10:50:35+00:00', 'polarity': 0.8852}, {'post_id': 69, 'timestamp': '2023-03-11 07:55:02+00:00', 'polarity': 0.728}, {'post_id': 10, 'timestamp': '2023-06-02 10:04:33+00:00', 'polarity': 0.728}]","[304, 279, 69, 10]",4
end2end,"[{'post_id': 656, 'timestamp': '2023-03-18 15:05:02+00:00', 'polarity': 0.5343}, {'post_id': 716, 'timestamp': '2023-03-31 14:47:57+00:00', 'polarity': 0.645}, {'post_id': 550, 'timestamp': '2023-04-22 00:10:16+00:00', 'polarity': -0.0486}]","[656, 716, 550]",3
ericatversace,"[{'post_id': 427, 'timestamp': '2023-06-06 16:25:28+00:00', 'polarity': 0.9722}, {'post_id': 428, 'timestamp': '2023-06-06 16:26:04+00:00', 'polarity': 0.3823}, {'post_id': 435, 'timestamp': '2023-06-06 16:27:30+00:00', 'polarity': 0.9459}, {'post_id': 429, 'timestamp': '2023-06-06 16:28:18+00:00', 'polarity': 0.779}, {'post_id': 431, 'timestamp': '2023-06-06 16:28:55+00:00', 'polarity': 0.04}, {'post_id': 540, 'timestamp': '2023-06-06 16:29:19+00:00', 'polarity': 0.9432}, {'post_id': 512, 'timestamp': '2023-06-06 16:31:47+00:00', 'polarity': 0.9886}, {'post_id': 514, 'timestamp': '2023-06-06 16:32:19+00:00', 'polarity': 0.9798}]","[427, 428, 435, 429, 431, 540, 512, 514]",8
erika_boldrin,"[{'post_id': 307, 'timestamp': '2022-11-15 18:02:11+00:00', 'polarity': 0.2816}, {'post_id': 289, 'timestamp': '2022-12-08 18:05:41+00:00', 'polarity': 0.728}, {'post_id': 69, 'timestamp': '2023-03-09 20:39:11+00:00', 'polarity': 0.8006}, {'post_id': 66, 'timestamp': '2023-03-23 21:55:51+00:00', 'polarity': -0.0167}, {'post_id': 68, 'timestamp': '2023-03-27 16:05:32+00:00', 'polarity': 0.6191}, {'post_id': 62, 'timestamp': '2023-04-22 16:52:23+00:00', 'polarity': 0.728}, {'post_id': 14, 'timestamp': '2023-05-30 19:24:05+00:00', 'polarity': 0.696}, {'post_id': 8, 'timestamp': '2023-06-03 12:31:13+00:00', 'polarity': -0.0167}]","[307, 289, 69, 66, 68, 62, 14, 8]",8
erinoffduty,"[{'post_id': 336, 'timestamp': '2022-10-31 08:24:07+00:00', 'polarity': 0.7867}, {'post_id': 305, 'timestamp': '2022-12-01 09:49:23+00:00', 'polarity': 0.728}, {'post_id': 196, 'timestamp': '2023-02-22 15:45:52+00:00', 'polarity': 0.1146}, {'post_id': 129, 'timestamp': '2023-06-04 20:36:12+00:00', 'polarity': -0.0321}]","[336, 305, 196, 129]",4
etoile_luxury_vintage,"[{'post_id': 334, 'timestamp': '2022-10-29 08:59:37+00:00', 'polarity': 0.9652}, {'post_id': 312, 'timestamp': '2022-11-01 10:08:43+00:00', 'polarity': 0.791}, {'post_id': 307, 'timestamp': '2022-11-19 11:32:16+00:00', 'polarity': 0.793}, {'post_id': 292, 'timestamp': '2022-12-07 13:47:44+00:00', 'polarity': 0.9471}, {'post_id': 191, 'timestamp': '2023-02-15 10:23:22+00:00', 'polarity': 0.0707}, {'post_id': 65, 'timestamp': '2023-04-07 08:29:15+00:00', 'polarity': 0.8272}, {'post_id': 219, 'timestamp': '2023-05-01 16:01:55+00:00', 'polarity': 0.7757}, {'post_id': 17, 'timestamp': '2023-05-12 09:22:19+00:00', 'polarity': 0.9565}, {'post_id': 147, 'timestamp': '2023-06-03 08:37:33+00:00', 'polarity': 0.8296}, {'post_id': 57, 'timestamp': '2023-06-03 10:26:05+00:00', 'polarity': 0.8797}]","[334, 312, 307, 292, 191, 65, 219, 17, 147, 57]",10
eva_yague,"[{'post_id': 389, 'timestamp': '2023-05-31 21:50:33+00:00', 'polarity': 0.2749}, {'post_id': 383, 'timestamp': '2023-05-31 21:51:27+00:00', 'polarity': 0.8402}, {'post_id': 388, 'timestamp': '2023-05-31 21:52:57+00:00', 'polarity': -0.0107}, {'post_id': 387, 'timestamp': '2023-05-31 21:53:24+00:00', 'polarity': -0.0459}, {'post_id': 383, 'timestamp': '2023-05-31 21:56:45+00:00', 'polarity': -0.0107}, {'post_id': 384, 'timestamp': '2023-05-31 21:56:57+00:00', 'polarity': -0.0285}, {'post_id': 390, 'timestamp': '2023-05-31 21:58:08+00:00', 'polarity': 0.7074}, {'post_id': 376, 'timestamp': '2023-05-31 22:01:46+00:00', 'polarity': -0.0321}, {'post_id': 251, 'timestamp': '2023-05-31 22:03:48+00:00', 'polarity': 0.7074}, {'post_id': 245, 'timestamp': '2023-05-31 22:04:26+00:00', 'polarity': -0.0095}, {'post_id': 47, 'timestamp': '2023-06-05 21:24:55+00:00', 'polarity': -0.0321}]","[389, 383, 388, 387, 383, 384, 390, 376, 251, 245, 47]",11
everyday.holly,"[{'post_id': 343, 'timestamp': '2023-05-04 01:31:37+00:00', 'polarity': 0.1665}, {'post_id': 133, 'timestamp': '2023-05-19 21:09:11+00:00', 'polarity': 0.0102}, {'post_id': 266, 'timestamp': '2023-06-02 23:17:25+00:00', 'polarity': 0.0102}, {'post_id': 55, 'timestamp': '2023-06-05 17:44:03+00:00', 'polarity': 0.0102}, {'post_id': 132, 'timestamp': '2023-06-06 02:24:52+00:00', 'polarity': 0.0032}, {'post_id': 347, 'timestamp': '2023-06-06 15:37:33+00:00', 'polarity': 0.0276}, {'post_id': 93, 'timestamp': '2023-06-06 18:21:41+00:00', 'polarity': 0.0102}, {'post_id': 54, 'timestamp': '2023-06-06 19:07:29+00:00', 'polarity': 0.0032}]","[343, 133, 266, 55, 132, 347, 93, 54]",8
faaar07,"[{'post_id': 190, 'timestamp': '2023-03-08 16:50:13+00:00', 'polarity': 0.0494}, {'post_id': 64, 'timestamp': '2023-04-10 19:25:26+00:00', 'polarity': 0.0519}, {'post_id': 17, 'timestamp': '2023-05-10 21:31:52+00:00', 'polarity': 0.0494}]","[190, 64, 17]",3
fabio__montedoro,"[{'post_id': 105, 'timestamp': '2023-03-29 19:34:31+00:00', 'polarity': 0.8513}, {'post_id': 66, 'timestamp': '2023-03-29 19:34:41+00:00', 'polarity': 0.9499}, {'post_id': 4, 'timestamp': '2023-03-29 19:34:51+00:00', 'polarity': 0.4902}, {'post_id': 135, 'timestamp': '2023-05-23 17:26:22+00:00', 'polarity': 0.4633}, {'post_id': 10, 'timestamp': '2023-06-02 10:07:40+00:00', 'polarity': 0.9073}]","[105, 66, 4, 135, 10]",5
fablefrique,"[{'post_id': 344, 'timestamp': '2022-11-02 22:57:22+00:00', 'polarity': 0.819}, {'post_id': 307, 'timestamp': '2022-11-16 19:28:24+00:00', 'polarity': 0.919}, {'post_id': 192, 'timestamp': '2023-03-12 22:11:38+00:00', 'polarity': 0.2749}]","[344, 307, 192]",3
facehunter,"[{'post_id': 760, 'timestamp': '2022-10-11 19:55:34+00:00', 'polarity': 0.8966}, {'post_id': 756, 'timestamp': '2022-10-18 07:03:47+00:00', 'polarity': 0.0142}, {'post_id': 711, 'timestamp': '2022-10-27 20:21:36+00:00', 'polarity': 0.918}, {'post_id': 728, 'timestamp': '2022-11-15 20:10:14+00:00', 'polarity': -0.0183}, {'post_id': 728, 'timestamp': '2022-11-16 07:18:26+00:00', 'polarity': 0.0416}, {'post_id': 715, 'timestamp': '2022-11-27 16:05:46+00:00', 'polarity': -0.2065}, {'post_id': 704, 'timestamp': '2022-11-28 15:36:49+00:00', 'polarity': 0.1876}, {'post_id': 704, 'timestamp': '2022-11-28 18:44:51+00:00', 'polarity': 0.5442}, {'post_id': 708, 'timestamp': '2022-12-04 09:52:01+00:00', 'polarity': 0.9463}, {'post_id': 696, 'timestamp': '2022-12-06 14:54:51+00:00', 'polarity': 0.022}, {'post_id': 696, 'timestamp': '2022-12-08 06:00:12+00:00', 'polarity': -0.0963}, {'post_id': 693, 'timestamp': '2022-12-13 19:23:50+00:00', 'polarity': 0.9221}, {'post_id': 717, 'timestamp': '2022-12-17 18:26:25+00:00', 'polarity': -0.0354}, {'post_id': 706, 'timestamp': '2023-01-08 16:01:38+00:00', 'polarity': 0.8168}, {'post_id': 710, 'timestamp': '2023-01-10 22:04:04+00:00', 'polarity': -0.0699}, {'post_id': 627, 'timestamp': '2023-01-14 21:10:38+00:00', 'polarity': 0.5404}, {'post_id': 624, 'timestamp': '2023-01-24 11:42:35+00:00', 'polarity': 0.0177}, {'post_id': 633, 'timestamp': '2023-02-07 09:45:07+00:00', 'polarity': 0.443}, {'post_id': 804, 'timestamp': '2023-02-11 22:55:56+00:00', 'polarity': 0.9149}, {'post_id': 631, 'timestamp': '2023-02-11 22:57:05+00:00', 'polarity': 0.037}, {'post_id': 626, 'timestamp': '2023-02-12 12:19:48+00:00', 'polarity': -0.0716}, {'post_id': 542, 'timestamp': '2023-03-01 11:53:32+00:00', 'polarity': 0.3305}, {'post_id': 548, 'timestamp': '2023-03-01 11:53:48+00:00', 'polarity': -0.0457}, {'post_id': 553, 'timestamp': '2023-03-05 16:25:16+00:00', 'polarity': -0.1047}, {'post_id': 545, 'timestamp': '2023-03-06 07:03:53+00:00', 'polarity': 0.1751}, {'post_id': 623, 'timestamp': '2023-03-14 07:57:40+00:00', 'polarity': 0.8653}, {'post_id': 546, 'timestamp': '2023-04-15 18:08:57+00:00', 'polarity': 0.6149}, {'post_id': 628, 'timestamp': '2023-04-17 09:26:28+00:00', 'polarity': 0.9897}, {'post_id': 731, 'timestamp': '2023-04-19 12:26:14+00:00', 'polarity': 0.8779}, {'post_id': 541, 'timestamp': '2023-04-21 17:11:24+00:00', 'polarity': -0.171}, {'post_id': 555, 'timestamp': '2023-04-24 14:52:05+00:00', 'polarity': 0.3387}, {'post_id': 551, 'timestamp': '2023-04-26 10:09:59+00:00', 'polarity': 0.0274}, {'post_id': 618, 'timestamp': '2023-04-27 19:34:50+00:00', 'polarity': -0.0076}, {'post_id': 449, 'timestamp': '2023-05-06 08:26:20+00:00', 'polarity': 0.0314}, {'post_id': 449, 'timestamp': '2023-05-06 13:38:31+00:00', 'polarity': -0.7464}, {'post_id': 573, 'timestamp': '2023-05-06 15:14:37+00:00', 'polarity': 0.0182}, {'post_id': 537, 'timestamp': '2023-05-08 06:23:19+00:00', 'polarity': -0.12}, {'post_id': 690, 'timestamp': '2023-05-09 15:04:47+00:00', 'polarity': -0.0219}, {'post_id': 448, 'timestamp': '2023-05-14 20:18:12+00:00', 'polarity': 0.0399}, {'post_id': 444, 'timestamp': '2023-05-23 17:22:57+00:00', 'polarity': 0.3447}, {'post_id': 629, 'timestamp': '2023-05-24 13:10:42+00:00', 'polarity': 0.074}, {'post_id': 443, 'timestamp': '2023-05-27 01:37:11+00:00', 'polarity': 0.259}, {'post_id': 447, 'timestamp': '2023-06-01 01:10:32+00:00', 'polarity': 0.557}, {'post_id': 447, 'timestamp': '2023-06-01 01:10:45+00:00', 'polarity': -0.0615}, {'post_id': 446, 'timestamp': '2023-06-01 09:08:23+00:00', 'polarity': -0.0049}, {'post_id': 446, 'timestamp': '2023-06-01 09:08:57+00:00', 'polarity': 0.9593}, {'post_id': 478, 'timestamp': '2023-06-07 21:09:56+00:00', 'polarity': -0.0314}, {'post_id': 527, 'timestamp': '2023-06-09 19:14:04+00:00', 'polarity': 0.1571}]","[760, 756, 711, 728, 728, 715, 704, 704, 708, 696, 696, 693, 717, 706, 710, 627, 624, 633, 804, 631, 626, 542, 548, 553, 545, 623, 546, 628, 731, 541, 555, 551, 618, 449, 449, 573, 537, 690, 448, 444, 629, 443, 447, 447, 446, 446, 478, 527]",48
fannina74,"[{'post_id': 253, 'timestamp': '2023-05-30 16:36:03+00:00', 'polarity': -0.169}, {'post_id': 373, 'timestamp': '2023-05-30 16:36:26+00:00', 'polarity': -0.9558}, {'post_id': 374, 'timestamp': '2023-05-30 16:42:06+00:00', 'polarity': -0.9608}, {'post_id': 382, 'timestamp': '2023-05-30 16:44:21+00:00', 'polarity': -0.045}, {'post_id': 386, 'timestamp': '2023-05-30 16:46:43+00:00', 'polarity': -0.9612}]","[253, 373, 374, 382, 386]",5
fashion__majazine_,"[{'post_id': 678, 'timestamp': '2023-04-20 19:24:08+00:00', 'polarity': 0.1956}, {'post_id': 678, 'timestamp': '2023-04-20 19:24:10+00:00', 'polarity': 0.9881}, {'post_id': 678, 'timestamp': '2023-04-20 19:24:11+00:00', 'polarity': -0.0539}]","[678, 678, 678]",3
fela_montparnasse_felappi,"[{'post_id': 124, 'timestamp': '2023-05-11 18:00:27+00:00', 'polarity': 0.7414}, {'post_id': 122, 'timestamp': '2023-05-17 08:20:47+00:00', 'polarity': 0.018}, {'post_id': 111, 'timestamp': '2023-05-19 11:14:41+00:00', 'polarity': -0.2165}, {'post_id': 7, 'timestamp': '2023-05-22 22:45:21+00:00', 'polarity': 0.5739}]","[124, 122, 111, 7]",4
ferre_nimni,"[{'post_id': 232, 'timestamp': '2023-05-18 01:36:49+00:00', 'polarity': 0.147}, {'post_id': 232, 'timestamp': '2023-05-18 16:32:08+00:00', 'polarity': 0.3588}, {'post_id': 232, 'timestamp': '2023-05-18 16:32:26+00:00', 'polarity': -0.0124}]","[232, 232, 232]",3
flavia.ippoliti,"[{'post_id': 193, 'timestamp': '2023-02-18 13:29:28+00:00', 'polarity': 0.0892}, {'post_id': 190, 'timestamp': '2023-03-09 09:43:04+00:00', 'polarity': 0.0667}, {'post_id': 68, 'timestamp': '2023-03-27 16:05:46+00:00', 'polarity': 0.0519}, {'post_id': 62, 'timestamp': '2023-04-22 05:47:59+00:00', 'polarity': 0.0494}, {'post_id': 213, 'timestamp': '2023-05-10 18:53:09+00:00', 'polarity': 0.9738}, {'post_id': 10, 'timestamp': '2023-06-02 11:54:19+00:00', 'polarity': 0.0494}, {'post_id': 104, 'timestamp': '2023-06-02 11:57:35+00:00', 'polarity': 0.0494}, {'post_id': 8, 'timestamp': '2023-06-03 07:01:01+00:00', 'polarity': 0.0892}]","[193, 190, 68, 62, 213, 10, 104, 8]",8
fo.v55,"[{'post_id': 398, 'timestamp': '2023-06-08 09:41:32+00:00', 'polarity': 0.2744}, {'post_id': 398, 'timestamp': '2023-06-08 09:41:39+00:00', 'polarity': 0.2792}, {'post_id': 398, 'timestamp': '2023-06-08 09:41:39+00:00', 'polarity': 0.2749}, {'post_id': 398, 'timestamp': '2023-06-08 09:41:41+00:00', 'polarity': 0.3004}]","[398, 398, 398, 398]",4
frederikeschut,"[{'post_id': 275, 'timestamp': '2022-12-29 22:08:57+00:00', 'polarity': 0.078}, {'post_id': 65, 'timestamp': '2023-04-07 06:53:24+00:00', 'polarity': -0.0294}, {'post_id': 12, 'timestamp': '2023-06-01 21:18:09+00:00', 'polarity': 0.8825}, {'post_id': 8, 'timestamp': '2023-06-05 06:33:22+00:00', 'polarity': 0.0205}]","[275, 65, 12, 8]",4
getgoldielocks,"[{'post_id': 250, 'timestamp': '2023-02-09 21:19:59+00:00', 'polarity': 0.9892}, {'post_id': 85, 'timestamp': '2023-03-23 12:04:32+00:00', 'polarity': 0.9901}, {'post_id': 36, 'timestamp': '2023-05-03 00:53:53+00:00', 'polarity': 0.9606}]","[250, 85, 36]",3
gigliotigrato777,"[{'post_id': 390, 'timestamp': '2023-05-25 08:06:35+00:00', 'polarity': 0.0313}, {'post_id': 386, 'timestamp': '2023-05-25 08:08:57+00:00', 'polarity': 0.0313}, {'post_id': 221, 'timestamp': '2023-06-05 06:22:08+00:00', 'polarity': -0.0464}]","[390, 386, 221]",3
gildaziagil,"[{'post_id': 236, 'timestamp': '2023-04-27 03:30:25+00:00', 'polarity': 0.2959}, {'post_id': 233, 'timestamp': '2023-04-27 03:32:28+00:00', 'polarity': 0.2542}, {'post_id': 233, 'timestamp': '2023-04-27 03:33:22+00:00', 'polarity': -0.0074}]","[236, 233, 233]",3
golddiamond_spa_massage,"[{'post_id': 779, 'timestamp': '2023-04-30 17:56:21+00:00', 'polarity': -0.1783}, {'post_id': 723, 'timestamp': '2023-05-13 10:14:50+00:00', 'polarity': -0.1637}, {'post_id': 698, 'timestamp': '2023-05-13 10:18:21+00:00', 'polarity': -0.1852}, {'post_id': 356, 'timestamp': '2023-05-20 18:40:37+00:00', 'polarity': -0.1823}, {'post_id': 359, 'timestamp': '2023-05-20 18:42:42+00:00', 'polarity': -0.1625}]","[779, 723, 698, 356, 359]",5
good_vibes_only_bg,"[{'post_id': 206, 'timestamp': '2023-04-28 02:48:53+00:00', 'polarity': -0.0845}, {'post_id': 299, 'timestamp': '2023-04-28 02:54:43+00:00', 'polarity': 0.2046}, {'post_id': 309, 'timestamp': '2023-04-28 02:58:03+00:00', 'polarity': 0.6273}, {'post_id': 313, 'timestamp': '2023-04-28 03:03:42+00:00', 'polarity': 0.8271}, {'post_id': 52, 'timestamp': '2023-05-23 15:56:16+00:00', 'polarity': 0.0061}]","[206, 299, 309, 313, 52]",5
gretakiss7,"[{'post_id': 515, 'timestamp': '2023-06-02 07:49:11+00:00', 'polarity': 0.1991}, {'post_id': 429, 'timestamp': '2023-06-02 13:07:52+00:00', 'polarity': 0.201}, {'post_id': 456, 'timestamp': '2023-06-04 08:02:12+00:00', 'polarity': 0.1991}, {'post_id': 562, 'timestamp': '2023-06-05 17:56:39+00:00', 'polarity': 0.1991}]","[515, 429, 456, 562]",4
grip2u,"[{'post_id': 98, 'timestamp': '2023-02-16 19:02:34+00:00', 'polarity': 0.4634}, {'post_id': 37, 'timestamp': '2023-04-17 18:43:55+00:00', 'polarity': 0.9502}, {'post_id': 31, 'timestamp': '2023-06-05 21:02:29+00:00', 'polarity': 0.6203}]","[98, 37, 31]",3
hanikhan2907,"[{'post_id': 174, 'timestamp': '2023-06-06 15:45:54+00:00', 'polarity': 0.985}, {'post_id': 224, 'timestamp': '2023-06-06 15:46:33+00:00', 'polarity': 0.9034}, {'post_id': 225, 'timestamp': '2023-06-06 15:46:52+00:00', 'polarity': 0.9358}, {'post_id': 226, 'timestamp': '2023-06-06 15:47:22+00:00', 'polarity': 0.9708}, {'post_id': 245, 'timestamp': '2023-06-06 15:48:54+00:00', 'polarity': 0.9718}]","[174, 224, 225, 226, 245]",5
hannahkidi,"[{'post_id': 182, 'timestamp': '2023-05-20 19:53:27+00:00', 'polarity': 0.9766}, {'post_id': 180, 'timestamp': '2023-05-20 19:55:34+00:00', 'polarity': 0.9538}, {'post_id': 90, 'timestamp': '2023-05-28 19:42:21+00:00', 'polarity': 0.1037}, {'post_id': 136, 'timestamp': '2023-05-28 19:44:10+00:00', 'polarity': 0.9492}]","[182, 180, 90, 136]",4
hautemona,"[{'post_id': 263, 'timestamp': '2023-04-22 13:35:22+00:00', 'polarity': 0.8779}, {'post_id': 15, 'timestamp': '2023-05-26 21:43:09+00:00', 'polarity': 0.0979}, {'post_id': 150, 'timestamp': '2023-06-03 13:04:43+00:00', 'polarity': 0.141}, {'post_id': 154, 'timestamp': '2023-06-03 13:04:52+00:00', 'polarity': 0.6549}]","[263, 15, 150, 154]",4
haydmel,"[{'post_id': 478, 'timestamp': '2023-06-07 20:54:09+00:00', 'polarity': -0.0867}, {'post_id': 478, 'timestamp': '2023-06-07 20:54:51+00:00', 'polarity': -0.0761}, {'post_id': 542, 'timestamp': '2023-06-07 21:01:00+00:00', 'polarity': 0.5571}]","[478, 478, 542]",3
hayedehsabouni,"[{'post_id': 9, 'timestamp': '2023-05-22 10:06:21+00:00', 'polarity': 0.9736}, {'post_id': 9, 'timestamp': '2023-05-22 10:09:18+00:00', 'polarity': 0.9684}, {'post_id': 138, 'timestamp': '2023-05-22 10:10:54+00:00', 'polarity': 0.5798}]","[9, 9, 138]",3
hayekmario75,"[{'post_id': 342, 'timestamp': '2023-03-24 12:32:52+00:00', 'polarity': -0.2094}, {'post_id': 342, 'timestamp': '2023-03-24 12:33:00+00:00', 'polarity': 0.4251}, {'post_id': 342, 'timestamp': '2023-03-24 12:33:07+00:00', 'polarity': 0.2551}, {'post_id': 342, 'timestamp': '2023-03-24 12:33:24+00:00', 'polarity': 0.104}]","[342, 342, 342, 342]",4
heartloveforeverinmylife,"[{'post_id': 580, 'timestamp': '2023-05-04 18:47:26+00:00', 'polarity': 0.8785}, {'post_id': 582, 'timestamp': '2023-05-04 18:49:08+00:00', 'polarity': 0.9905}, {'post_id': 581, 'timestamp': '2023-05-04 18:50:54+00:00', 'polarity': 0.9811}, {'post_id': 585, 'timestamp': '2023-05-04 18:51:18+00:00', 'polarity': 0.9893}, {'post_id': 821, 'timestamp': '2023-05-04 18:54:17+00:00', 'polarity': 0.9409}, {'post_id': 646, 'timestamp': '2023-05-04 18:56:06+00:00', 'polarity': 0.9689}, {'post_id': 683, 'timestamp': '2023-05-04 18:57:30+00:00', 'polarity': 0.983}, {'post_id': 681, 'timestamp': '2023-05-04 18:57:51+00:00', 'polarity': 0.9811}, {'post_id': 672, 'timestamp': '2023-05-31 18:32:13+00:00', 'polarity': 0.9858}]","[580, 582, 581, 585, 821, 646, 683, 681, 672]",9
hildasandstrom,"[{'post_id': 336, 'timestamp': '2022-10-08 10:21:51+00:00', 'polarity': 0.6223}, {'post_id': 201, 'timestamp': '2023-01-11 22:06:31+00:00', 'polarity': 0.7867}, {'post_id': 198, 'timestamp': '2023-01-21 16:11:23+00:00', 'polarity': 0.7867}]","[336, 201, 198]",3
hubackova.marie,"[{'post_id': 640, 'timestamp': '2023-03-11 10:53:08+00:00', 'polarity': 0.7066}, {'post_id': 571, 'timestamp': '2023-04-03 14:54:30+00:00', 'polarity': 0.7332}, {'post_id': 460, 'timestamp': '2023-04-27 17:04:03+00:00', 'polarity': 0.7332}]","[640, 571, 460]",3
i.mohsin_yousafzai,"[{'post_id': 742, 'timestamp': '2023-04-19 20:52:20+00:00', 'polarity': -0.0276}, {'post_id': 687, 'timestamp': '2023-05-03 14:53:13+00:00', 'polarity': 0.0112}, {'post_id': 523, 'timestamp': '2023-05-23 12:17:21+00:00', 'polarity': -0.0276}, {'post_id': 441, 'timestamp': '2023-05-28 12:15:04+00:00', 'polarity': 0.0803}]","[742, 687, 523, 441]",4
iamexclussif,"[{'post_id': 746, 'timestamp': '2023-04-24 23:00:56+00:00', 'polarity': 0.0457}, {'post_id': 521, 'timestamp': '2023-05-17 21:00:21+00:00', 'polarity': 0.0023}, {'post_id': 442, 'timestamp': '2023-05-25 00:42:35+00:00', 'polarity': -0.0311}, {'post_id': 441, 'timestamp': '2023-05-27 16:08:20+00:00', 'polarity': 0.223}, {'post_id': 520, 'timestamp': '2023-05-29 17:59:58+00:00', 'polarity': 0.0819}]","[746, 521, 442, 441, 520]",5
iamklemie,"[{'post_id': 699, 'timestamp': '2023-03-13 18:20:43+00:00', 'polarity': 0.2445}, {'post_id': 642, 'timestamp': '2023-03-16 18:48:56+00:00', 'polarity': 0.0803}, {'post_id': 560, 'timestamp': '2023-04-08 17:19:17+00:00', 'polarity': 0.3024}]","[699, 642, 560]",3
iammrscoscia,"[{'post_id': 317, 'timestamp': '2023-01-08 01:17:40+00:00', 'polarity': 0.8303}, {'post_id': 321, 'timestamp': '2023-01-08 01:18:02+00:00', 'polarity': 0.9682}, {'post_id': 36, 'timestamp': '2023-05-03 20:13:41+00:00', 'polarity': 0.1075}, {'post_id': 31, 'timestamp': '2023-06-05 21:45:53+00:00', 'polarity': -0.8418}]","[317, 321, 36, 31]",4
imsheilagoncalves,"[{'post_id': 379, 'timestamp': '2023-03-24 12:16:21+00:00', 'polarity': -0.0539}, {'post_id': 378, 'timestamp': '2023-03-25 12:18:48+00:00', 'polarity': 0.4554}, {'post_id': 335, 'timestamp': '2023-04-10 19:50:16+00:00', 'polarity': 0.0917}, {'post_id': 290, 'timestamp': '2023-04-25 14:23:47+00:00', 'polarity': 0.2949}, {'post_id': 229, 'timestamp': '2023-05-22 21:30:31+00:00', 'polarity': 0.0619}, {'post_id': 228, 'timestamp': '2023-05-26 23:24:37+00:00', 'polarity': 0.5884}, {'post_id': 60, 'timestamp': '2023-06-03 16:35:22+00:00', 'polarity': 0.0943}]","[379, 378, 335, 290, 229, 228, 60]",7
irena_illy_28,"[{'post_id': 595, 'timestamp': '2023-04-19 16:22:21+00:00', 'polarity': 0.5795}, {'post_id': 589, 'timestamp': '2023-04-19 16:33:55+00:00', 'polarity': 0.2019}, {'post_id': 612, 'timestamp': '2023-04-20 11:37:21+00:00', 'polarity': 0.0715}, {'post_id': 598, 'timestamp': '2023-04-20 15:43:41+00:00', 'polarity': 0.7295}, {'post_id': 617, 'timestamp': '2023-04-20 16:27:36+00:00', 'polarity': 0.0711}, {'post_id': 586, 'timestamp': '2023-04-21 10:48:48+00:00', 'polarity': 0.1033}, {'post_id': 588, 'timestamp': '2023-04-21 16:37:56+00:00', 'polarity': 0.7295}, {'post_id': 596, 'timestamp': '2023-04-21 17:59:07+00:00', 'polarity': -0.0126}]","[595, 589, 612, 598, 617, 586, 588, 596]",8
itsxemm,"[{'post_id': 324, 'timestamp': '2023-03-28 18:58:21+00:00', 'polarity': 0.7806}, {'post_id': 329, 'timestamp': '2023-03-28 18:58:46+00:00', 'polarity': 0.8815}, {'post_id': 326, 'timestamp': '2023-03-28 18:58:59+00:00', 'polarity': 0.0892}, {'post_id': 327, 'timestamp': '2023-03-28 18:59:20+00:00', 'polarity': 0.1446}, {'post_id': 330, 'timestamp': '2023-03-28 18:59:38+00:00', 'polarity': 0.5242}]","[324, 329, 326, 327, 330]",5
ivanildo.oliveira.1272010,"[{'post_id': 699, 'timestamp': '2023-03-13 12:51:14+00:00', 'polarity': 0.1958}, {'post_id': 712, 'timestamp': '2023-04-20 14:48:55+00:00', 'polarity': 0.6514}, {'post_id': 617, 'timestamp': '2023-04-20 14:52:44+00:00', 'polarity': 0.3669}]","[699, 712, 617]",3
ivonayw,"[{'post_id': 708, 'timestamp': '2022-10-26 17:40:37+00:00', 'polarity': 0.7009}, {'post_id': 710, 'timestamp': '2023-01-08 16:30:26+00:00', 'polarity': 0.5736}, {'post_id': 633, 'timestamp': '2023-02-06 13:27:20+00:00', 'polarity': 0.9638}, {'post_id': 618, 'timestamp': '2023-04-27 19:34:26+00:00', 'polarity': 0.9141}]","[708, 710, 633, 618]",4
jabermalekzadeh_1968,"[{'post_id': 167, 'timestamp': '2023-06-06 13:18:43+00:00', 'polarity': 0.2873}, {'post_id': 171, 'timestamp': '2023-06-06 13:18:56+00:00', 'polarity': 0.3642}, {'post_id': 168, 'timestamp': '2023-06-06 13:19:08+00:00', 'polarity': 0.2673}, {'post_id': 251, 'timestamp': '2023-06-06 13:21:01+00:00', 'polarity': 0.3382}, {'post_id': 375, 'timestamp': '2023-06-06 13:21:34+00:00', 'polarity': 0.9103}, {'post_id': 372, 'timestamp': '2023-06-06 13:21:49+00:00', 'polarity': 0.2749}, {'post_id': 374, 'timestamp': '2023-06-06 13:22:06+00:00', 'polarity': 0.9097}, {'post_id': 371, 'timestamp': '2023-06-06 13:22:19+00:00', 'polarity': -0.1275}, {'post_id': 376, 'timestamp': '2023-06-06 13:22:31+00:00', 'polarity': -0.0763}]","[167, 171, 168, 251, 375, 372, 374, 371, 376]",9
jae.savage27,"[{'post_id': 255, 'timestamp': '2023-01-30 19:04:38+00:00', 'polarity': 0.5185}, {'post_id': 37, 'timestamp': '2023-04-17 18:49:55+00:00', 'polarity': 0.1876}, {'post_id': 30, 'timestamp': '2023-05-17 12:42:08+00:00', 'polarity': 0.0296}, {'post_id': 32, 'timestamp': '2023-05-18 17:25:51+00:00', 'polarity': 0.2274}]","[255, 37, 30, 32]",4
jasminemcneil01,"[{'post_id': 246, 'timestamp': '2023-05-01 07:51:05+00:00', 'polarity': 0.9387}, {'post_id': 104, 'timestamp': '2023-06-02 10:29:15+00:00', 'polarity': -0.0205}, {'post_id': 161, 'timestamp': '2023-06-02 14:04:48+00:00', 'polarity': 0.9725}]","[246, 104, 161]",3
je_suis_gayane,"[{'post_id': 775, 'timestamp': '2023-04-15 08:02:45+00:00', 'polarity': 0.1033}, {'post_id': 694, 'timestamp': '2023-05-04 08:02:13+00:00', 'polarity': 0.1423}, {'post_id': 421, 'timestamp': '2023-06-06 07:36:02+00:00', 'polarity': 0.2445}]","[775, 694, 421]",3
jeoliiveiraa_,"[{'post_id': 293, 'timestamp': '2023-04-22 01:31:16+00:00', 'polarity': 0.8265}, {'post_id': 290, 'timestamp': '2023-04-25 16:44:17+00:00', 'polarity': 0.7336}, {'post_id': 56, 'timestamp': '2023-06-05 13:54:17+00:00', 'polarity': 0.4831}]","[293, 290, 56]",3
joartbyjo,"[{'post_id': 757, 'timestamp': '2022-09-17 14:19:55+00:00', 'polarity': 0.882}, {'post_id': 762, 'timestamp': '2022-09-17 14:20:04+00:00', 'polarity': 0.9485}, {'post_id': 761, 'timestamp': '2022-09-17 14:20:21+00:00', 'polarity': 0.9322}]","[757, 762, 761]",3
joewest7114,"[{'post_id': 319, 'timestamp': '2023-03-31 16:56:34+00:00', 'polarity': 0.0234}, {'post_id': 67, 'timestamp': '2023-04-02 17:24:32+00:00', 'polarity': -0.0317}, {'post_id': 105, 'timestamp': '2023-04-02 17:24:49+00:00', 'polarity': 0.329}, {'post_id': 68, 'timestamp': '2023-04-02 17:25:04+00:00', 'polarity': -0.1642}, {'post_id': 66, 'timestamp': '2023-04-02 17:25:51+00:00', 'polarity': 0.1996}, {'post_id': 70, 'timestamp': '2023-04-02 17:26:08+00:00', 'polarity': 0.2347}, {'post_id': 71, 'timestamp': '2023-04-02 17:27:12+00:00', 'polarity': -0.1275}, {'post_id': 69, 'timestamp': '2023-04-02 17:27:25+00:00', 'polarity': 0.1681}, {'post_id': 4, 'timestamp': '2023-04-02 17:27:36+00:00', 'polarity': -0.0355}]","[319, 67, 105, 68, 66, 70, 71, 69, 4]",9
joey_west_831,"[{'post_id': 330, 'timestamp': '2023-03-19 20:32:47+00:00', 'polarity': 0.8296}, {'post_id': 44, 'timestamp': '2023-06-04 14:23:07+00:00', 'polarity': 0.0393}, {'post_id': 51, 'timestamp': '2023-06-04 14:23:22+00:00', 'polarity': -0.1468}, {'post_id': 52, 'timestamp': '2023-06-04 14:23:38+00:00', 'polarity': -0.0872}]","[330, 44, 51, 52]",4
joysworld_,"[{'post_id': 70, 'timestamp': '2023-03-26 19:03:25+00:00', 'polarity': 0.178}, {'post_id': 70, 'timestamp': '2023-03-26 19:03:26+00:00', 'polarity': -0.0321}, {'post_id': 8, 'timestamp': '2023-06-03 11:21:17+00:00', 'polarity': 0.906}]","[70, 70, 8]",3
juanmederooficial,"[{'post_id': 692, 'timestamp': '2023-03-14 03:12:44+00:00', 'polarity': 0.1038}, {'post_id': 567, 'timestamp': '2023-04-05 02:58:01+00:00', 'polarity': 0.0278}, {'post_id': 457, 'timestamp': '2023-04-25 03:13:13+00:00', 'polarity': 0.0522}, {'post_id': 460, 'timestamp': '2023-04-30 02:05:27+00:00', 'polarity': 0.1038}]","[692, 567, 457, 460]",4
jules.kae,"[{'post_id': 177, 'timestamp': '2023-05-22 14:59:25+00:00', 'polarity': 0.7703}, {'post_id': 155, 'timestamp': '2023-05-30 19:50:01+00:00', 'polarity': 0.3585}, {'post_id': 607, 'timestamp': '2023-06-05 00:24:01+00:00', 'polarity': 0.141}]","[177, 155, 607]",3
julia_israel_,"[{'post_id': 216, 'timestamp': '2023-05-22 08:30:31+00:00', 'polarity': 0.7867}, {'post_id': 136, 'timestamp': '2023-05-25 11:55:05+00:00', 'polarity': 0.7867}, {'post_id': 131, 'timestamp': '2023-05-25 11:56:34+00:00', 'polarity': 0.7867}, {'post_id': 147, 'timestamp': '2023-06-01 17:23:34+00:00', 'polarity': 0.7867}]","[216, 136, 131, 147]",4
jwmas._,"[{'post_id': 175, 'timestamp': '2023-06-06 17:44:22+00:00', 'polarity': 0.1359}, {'post_id': 224, 'timestamp': '2023-06-06 17:46:56+00:00', 'polarity': 0.0756}, {'post_id': 240, 'timestamp': '2023-06-06 17:49:03+00:00', 'polarity': 0.2958}, {'post_id': 375, 'timestamp': '2023-06-06 17:52:38+00:00', 'polarity': 0.1957}, {'post_id': 374, 'timestamp': '2023-06-06 17:53:28+00:00', 'polarity': 0.1172}, {'post_id': 389, 'timestamp': '2023-06-06 17:54:35+00:00', 'polarity': 0.1846}, {'post_id': 388, 'timestamp': '2023-06-06 17:55:44+00:00', 'polarity': 0.3069}, {'post_id': 386, 'timestamp': '2023-06-06 17:56:30+00:00', 'polarity': 0.247}]","[175, 224, 240, 375, 374, 389, 388, 386]",8
k.jadereason,"[{'post_id': 337, 'timestamp': '2022-10-04 18:59:05+00:00', 'polarity': 0.0494}, {'post_id': 336, 'timestamp': '2022-10-10 17:15:48+00:00', 'polarity': 0.0357}, {'post_id': 338, 'timestamp': '2022-10-21 18:00:26+00:00', 'polarity': 0.0129}, {'post_id': 344, 'timestamp': '2022-11-02 17:55:53+00:00', 'polarity': 0.0494}, {'post_id': 286, 'timestamp': '2022-12-23 23:43:14+00:00', 'polarity': 0.7074}, {'post_id': 200, 'timestamp': '2023-02-15 18:03:30+00:00', 'polarity': 0.0494}, {'post_id': 319, 'timestamp': '2023-03-30 16:46:03+00:00', 'polarity': 0.2744}, {'post_id': 68, 'timestamp': '2023-04-04 19:36:08+00:00', 'polarity': 0.0494}, {'post_id': 19, 'timestamp': '2023-05-08 23:39:45+00:00', 'polarity': 0.2744}, {'post_id': 18, 'timestamp': '2023-05-17 19:40:06+00:00', 'polarity': 0.2744}]","[337, 336, 338, 344, 286, 200, 319, 68, 19, 18]",10
kamihooligann,"[{'post_id': 584, 'timestamp': '2023-06-03 17:28:28+00:00', 'polarity': 0.7763}, {'post_id': 584, 'timestamp': '2023-06-03 17:28:59+00:00', 'polarity': 0.0321}, {'post_id': 485, 'timestamp': '2023-06-09 18:37:16+00:00', 'polarity': 0.3907}, {'post_id': 578, 'timestamp': '2023-06-09 18:37:28+00:00', 'polarity': 0.3907}, {'post_id': 593, 'timestamp': '2023-06-09 18:37:35+00:00', 'polarity': 0.3907}, {'post_id': 584, 'timestamp': '2023-06-09 18:37:41+00:00', 'polarity': 0.3907}, {'post_id': 821, 'timestamp': '2023-06-09 18:37:51+00:00', 'polarity': 0.2114}, {'post_id': 648, 'timestamp': '2023-06-09 18:38:00+00:00', 'polarity': 0.1801}]","[584, 584, 485, 578, 593, 584, 821, 648]",8
kar4sj,"[{'post_id': 454, 'timestamp': '2023-05-21 04:50:45+00:00', 'polarity': -0.0587}, {'post_id': 454, 'timestamp': '2023-05-21 04:50:59+00:00', 'polarity': -0.0587}, {'post_id': 454, 'timestamp': '2023-05-21 04:51:04+00:00', 'polarity': -0.1035}, {'post_id': 454, 'timestamp': '2023-05-21 05:16:11+00:00', 'polarity': -0.0332}]","[454, 454, 454, 454]",4
katharinatruman,"[{'post_id': 72, 'timestamp': '2023-06-05 21:31:02+00:00', 'polarity': 0.8703}, {'post_id': 23, 'timestamp': '2023-06-06 13:37:27+00:00', 'polarity': 0.2749}, {'post_id': 72, 'timestamp': '2023-06-06 13:50:25+00:00', 'polarity': 0.1033}, {'post_id': 77, 'timestamp': '2023-06-06 13:53:19+00:00', 'polarity': 0.2744}, {'post_id': 78, 'timestamp': '2023-06-06 13:54:14+00:00', 'polarity': 0.2792}, {'post_id': 78, 'timestamp': '2023-06-06 13:54:47+00:00', 'polarity': 0.1473}]","[72, 23, 72, 77, 78, 78]",6
katiazangaro,"[{'post_id': 386, 'timestamp': '2023-05-30 19:21:20+00:00', 'polarity': 0.2964}, {'post_id': 245, 'timestamp': '2023-05-31 04:46:21+00:00', 'polarity': -0.0634}, {'post_id': 374, 'timestamp': '2023-05-31 04:47:30+00:00', 'polarity': 0.0092}, {'post_id': 388, 'timestamp': '2023-05-31 04:48:04+00:00', 'polarity': 0.3228}]","[386, 245, 374, 388]",4
kelsey_hewlett,"[{'post_id': 312, 'timestamp': '2022-11-01 02:41:09+00:00', 'polarity': 0.5944}, {'post_id': 70, 'timestamp': '2023-03-23 03:01:38+00:00', 'polarity': 0.5127}, {'post_id': 67, 'timestamp': '2023-04-01 21:15:42+00:00', 'polarity': 0.9581}]","[312, 70, 67]",3
kigori_gioielli,"[{'post_id': 703, 'timestamp': '2023-03-12 21:21:22+00:00', 'polarity': 0.1033}, {'post_id': 650, 'timestamp': '2023-04-23 07:15:48+00:00', 'polarity': 0.1033}, {'post_id': 397, 'timestamp': '2023-06-08 11:31:35+00:00', 'polarity': 0.24}]","[703, 650, 397]",3
kika100doute,"[{'post_id': 203, 'timestamp': '2023-06-02 01:03:24+00:00', 'polarity': 0.0067}, {'post_id': 50, 'timestamp': '2023-06-02 01:11:26+00:00', 'polarity': -0.0757}, {'post_id': 50, 'timestamp': '2023-06-02 01:12:07+00:00', 'polarity': 0.0348}]","[203, 50, 50]",3
kobe.armstrong,"[{'post_id': 643, 'timestamp': '2023-06-07 14:57:00+00:00', 'polarity': 0.2267}, {'post_id': 637, 'timestamp': '2023-06-07 14:58:07+00:00', 'polarity': 0.484}, {'post_id': 554, 'timestamp': '2023-06-07 14:58:49+00:00', 'polarity': 0.0519}]","[643, 637, 554]",3
labottegadellargento,"[{'post_id': 243, 'timestamp': '2023-05-31 11:57:10+00:00', 'polarity': 0.728}, {'post_id': 251, 'timestamp': '2023-05-31 11:57:20+00:00', 'polarity': 0.8546}, {'post_id': 373, 'timestamp': '2023-05-31 11:57:38+00:00', 'polarity': 0.728}, {'post_id': 389, 'timestamp': '2023-05-31 11:58:17+00:00', 'polarity': 0.8713}, {'post_id': 388, 'timestamp': '2023-05-31 11:58:31+00:00', 'polarity': 0.8654}]","[243, 251, 373, 389, 388]",5
laila_velmonte,"[{'post_id': 374, 'timestamp': '2023-06-04 11:05:52+00:00', 'polarity': -0.0823}, {'post_id': 384, 'timestamp': '2023-06-04 11:11:18+00:00', 'polarity': 0.1694}, {'post_id': 386, 'timestamp': '2023-06-04 11:14:36+00:00', 'polarity': 0.2354}]","[374, 384, 386]",3
lamarins_,"[{'post_id': 380, 'timestamp': '2023-03-23 00:36:20+00:00', 'polarity': 0.7867}, {'post_id': 380, 'timestamp': '2023-03-23 00:36:31+00:00', 'polarity': 0.064}, {'post_id': 379, 'timestamp': '2023-03-24 01:21:02+00:00', 'polarity': 0.7867}, {'post_id': 379, 'timestamp': '2023-03-24 01:21:18+00:00', 'polarity': -0.0348}]","[380, 380, 379, 379]",4
lara_lepp,"[{'post_id': 7, 'timestamp': '2023-05-23 03:10:06+00:00', 'polarity': 0.7867}, {'post_id': 15, 'timestamp': '2023-05-25 09:37:38+00:00', 'polarity': 0.7867}, {'post_id': 11, 'timestamp': '2023-05-28 23:55:55+00:00', 'polarity': 0.7867}]","[7, 15, 11]",3
laurabella1980,"[{'post_id': 237, 'timestamp': '2022-06-21 19:45:26+00:00', 'polarity': 0.9833}, {'post_id': 298, 'timestamp': '2023-04-22 05:54:05+00:00', 'polarity': -0.4774}, {'post_id': 303, 'timestamp': '2023-04-22 22:46:04+00:00', 'polarity': 0.8886}]","[237, 298, 303]",3
lcristianerochaa,"[{'post_id': 114, 'timestamp': '2023-05-24 00:34:49+00:00', 'polarity': 0.1033}, {'post_id': 72, 'timestamp': '2023-05-24 00:35:16+00:00', 'polarity': 0.1033}, {'post_id': 49, 'timestamp': '2023-05-25 00:53:08+00:00', 'polarity': 0.2792}, {'post_id': 355, 'timestamp': '2023-05-26 09:14:30+00:00', 'polarity': 0.5897}, {'post_id': 203, 'timestamp': '2023-06-01 09:36:53+00:00', 'polarity': 0.3004}, {'post_id': 203, 'timestamp': '2023-06-01 09:36:58+00:00', 'polarity': 0.0283}, {'post_id': 51, 'timestamp': '2023-06-01 09:39:37+00:00', 'polarity': 0.3192}, {'post_id': 52, 'timestamp': '2023-06-01 09:40:39+00:00', 'polarity': 0.1853}, {'post_id': 53, 'timestamp': '2023-06-01 09:41:47+00:00', 'polarity': 0.1828}, {'post_id': 50, 'timestamp': '2023-06-01 09:42:09+00:00', 'polarity': 0.2959}]","[114, 72, 49, 355, 203, 203, 51, 52, 53, 50]",10
lea_spinella,"[{'post_id': 210, 'timestamp': '2023-05-09 15:19:58+00:00', 'polarity': 0.728}, {'post_id': 207, 'timestamp': '2023-05-12 12:17:42+00:00', 'polarity': 0.728}, {'post_id': 213, 'timestamp': '2023-05-13 17:00:29+00:00', 'polarity': 0.7074}, {'post_id': 131, 'timestamp': '2023-05-25 15:53:07+00:00', 'polarity': 0.728}, {'post_id': 155, 'timestamp': '2023-06-01 10:36:09+00:00', 'polarity': 0.7074}]","[210, 207, 213, 131, 155]",5
leeoliveira,"[{'post_id': 709, 'timestamp': '2023-01-11 11:01:40+00:00', 'polarity': 0.0054}, {'post_id': 654, 'timestamp': '2023-02-20 08:02:53+00:00', 'polarity': 0.0976}, {'post_id': 655, 'timestamp': '2023-03-20 22:29:23+00:00', 'polarity': 0.5842}, {'post_id': 509, 'timestamp': '2023-04-20 18:27:48+00:00', 'polarity': -0.0037}, {'post_id': 509, 'timestamp': '2023-04-24 01:02:08+00:00', 'polarity': 0.2723}, {'post_id': 517, 'timestamp': '2023-04-25 11:32:20+00:00', 'polarity': 0.118}, {'post_id': 535, 'timestamp': '2023-04-26 07:51:39+00:00', 'polarity': 0.6863}, {'post_id': 507, 'timestamp': '2023-05-13 11:59:10+00:00', 'polarity': 0.3823}, {'post_id': 520, 'timestamp': '2023-05-22 21:14:29+00:00', 'polarity': 0.08}]","[709, 654, 655, 509, 509, 517, 535, 507, 520]",9
leila_k_hosseini,"[{'post_id': 522, 'timestamp': '2023-05-12 17:16:34+00:00', 'polarity': 0.3099}, {'post_id': 634, 'timestamp': '2023-05-28 06:46:21+00:00', 'polarity': 0.3666}, {'post_id': 456, 'timestamp': '2023-06-06 11:21:51+00:00', 'polarity': 0.3474}, {'post_id': 394, 'timestamp': '2023-06-07 09:41:04+00:00', 'polarity': 0.1033}]","[522, 634, 456, 394]",4
lenaa.geissler,"[{'post_id': 320, 'timestamp': '2023-03-28 15:56:06+00:00', 'polarity': 0.4821}, {'post_id': 284, 'timestamp': '2023-04-07 15:40:39+00:00', 'polarity': 0.926}, {'post_id': 155, 'timestamp': '2023-05-31 12:39:12+00:00', 'polarity': 0.8848}]","[320, 284, 155]",3
limex.indalesio,"[{'post_id': 150, 'timestamp': '2023-06-02 05:36:24+00:00', 'polarity': 0.2515}, {'post_id': 205, 'timestamp': '2023-06-02 05:37:05+00:00', 'polarity': 0.6781}, {'post_id': 217, 'timestamp': '2023-06-02 05:37:32+00:00', 'polarity': -0.0356}]","[150, 205, 217]",3
lindatol_,"[{'post_id': 332, 'timestamp': '2022-10-25 05:28:44+00:00', 'polarity': 0.2906}, {'post_id': 64, 'timestamp': '2023-04-11 05:22:32+00:00', 'polarity': 0.1141}, {'post_id': 17, 'timestamp': '2023-05-11 04:25:22+00:00', 'polarity': 0.1033}, {'post_id': 10, 'timestamp': '2023-06-01 23:18:07+00:00', 'polarity': 0.1033}]","[332, 64, 17, 10]",4
living.life.with.leah,"[{'post_id': 259, 'timestamp': '2023-01-28 23:06:35+00:00', 'polarity': 0.8492}, {'post_id': 259, 'timestamp': '2023-01-29 18:26:34+00:00', 'polarity': -0.0962}, {'post_id': 99, 'timestamp': '2023-02-20 13:20:26+00:00', 'polarity': 0.1201}]","[259, 259, 99]",3
lojafashioncloset,"[{'post_id': 380, 'timestamp': '2023-03-24 15:07:40+00:00', 'polarity': 0.0849}, {'post_id': 293, 'timestamp': '2023-04-26 14:56:45+00:00', 'polarity': 0.0029}, {'post_id': 379, 'timestamp': '2023-04-26 14:57:29+00:00', 'polarity': 0.8555}, {'post_id': 333, 'timestamp': '2023-04-26 14:58:24+00:00', 'polarity': 0.0405}, {'post_id': 239, 'timestamp': '2023-05-22 18:09:12+00:00', 'polarity': 0.7661}, {'post_id': 231, 'timestamp': '2023-05-30 21:07:35+00:00', 'polarity': 0.3156}, {'post_id': 61, 'timestamp': '2023-05-30 21:08:48+00:00', 'polarity': 0.3017}, {'post_id': 59, 'timestamp': '2023-06-01 20:24:43+00:00', 'polarity': 0.0124}, {'post_id': 60, 'timestamp': '2023-06-04 21:49:19+00:00', 'polarity': 0.0225}, {'post_id': 56, 'timestamp': '2023-06-05 14:29:36+00:00', 'polarity': 0.0105}, {'post_id': 56, 'timestamp': '2023-06-05 14:30:14+00:00', 'polarity': 0.6262}]","[380, 293, 379, 333, 239, 231, 61, 59, 60, 56, 56]",11
luizcarlosferreira289,"[{'post_id': 170, 'timestamp': '2023-06-06 15:09:37+00:00', 'polarity': 0.0001}, {'post_id': 223, 'timestamp': '2023-06-06 15:15:52+00:00', 'polarity': 0.0293}, {'post_id': 225, 'timestamp': '2023-06-06 15:17:19+00:00', 'polarity': -0.0418}]","[170, 223, 225]",3
marcosdianoo,"[{'post_id': 606, 'timestamp': '2023-05-28 21:52:24+00:00', 'polarity': 0.6885}, {'post_id': 604, 'timestamp': '2023-05-28 21:52:36+00:00', 'polarity': 0.6885}, {'post_id': 495, 'timestamp': '2023-05-28 21:53:02+00:00', 'polarity': 0.6885}]","[606, 604, 495]",3
mariackenny,"[{'post_id': 760, 'timestamp': '2022-10-11 19:55:15+00:00', 'polarity': 0.3024}, {'post_id': 548, 'timestamp': '2023-02-26 10:50:20+00:00', 'polarity': -0.0203}, {'post_id': 444, 'timestamp': '2023-05-23 12:51:52+00:00', 'polarity': 0.6683}]","[760, 548, 444]",3
marijnvanheijst,"[{'post_id': 332, 'timestamp': '2022-10-25 07:40:59+00:00', 'polarity': 0.4099}, {'post_id': 289, 'timestamp': '2022-12-08 16:08:04+00:00', 'polarity': 0.9771}, {'post_id': 191, 'timestamp': '2023-02-15 16:38:58+00:00', 'polarity': 0.7927}, {'post_id': 17, 'timestamp': '2023-05-11 15:13:51+00:00', 'polarity': 0.5086}, {'post_id': 10, 'timestamp': '2023-06-02 15:09:50+00:00', 'polarity': 0.8792}]","[332, 289, 191, 17, 10]",5
matildadjerfangel,"[{'post_id': 283, 'timestamp': '2023-04-19 14:41:08+00:00', 'polarity': -0.0071}, {'post_id': 295, 'timestamp': '2023-04-19 14:41:21+00:00', 'polarity': 0.2744}, {'post_id': 271, 'timestamp': '2023-04-19 14:41:35+00:00', 'polarity': 0.8627}, {'post_id': 244, 'timestamp': '2023-05-18 12:03:24+00:00', 'polarity': 0.6244}, {'post_id': 246, 'timestamp': '2023-05-18 12:03:36+00:00', 'polarity': 0.8954}, {'post_id': 219, 'timestamp': '2023-05-18 12:03:52+00:00', 'polarity': 0.2965}, {'post_id': 184, 'timestamp': '2023-05-18 12:05:09+00:00', 'polarity': 0.0823}, {'post_id': 205, 'timestamp': '2023-05-18 12:14:34+00:00', 'polarity': 0.2576}, {'post_id': 188, 'timestamp': '2023-05-18 12:39:34+00:00', 'polarity': 0.8703}, {'post_id': 150, 'timestamp': '2023-06-03 06:30:15+00:00', 'polarity': 0.9549}, {'post_id': 142, 'timestamp': '2023-06-06 15:38:34+00:00', 'polarity': 0.9501}]","[283, 295, 271, 244, 246, 219, 184, 205, 188, 150, 142]",11
mazzarosamary,"[{'post_id': 174, 'timestamp': '2023-06-06 10:54:01+00:00', 'polarity': -0.0639}, {'post_id': 174, 'timestamp': '2023-06-06 10:54:51+00:00', 'polarity': 0.0036}, {'post_id': 174, 'timestamp': '2023-06-06 10:55:57+00:00', 'polarity': -0.0657}]","[174, 174, 174]",3
melania.lavia,"[{'post_id': 701, 'timestamp': '2023-03-09 07:09:13+00:00', 'polarity': -0.046}, {'post_id': 701, 'timestamp': '2023-03-09 07:10:26+00:00', 'polarity': -0.0628}, {'post_id': 701, 'timestamp': '2023-03-09 07:10:53+00:00', 'polarity': -0.0176}, {'post_id': 701, 'timestamp': '2023-03-09 07:12:47+00:00', 'polarity': -0.0229}]","[701, 701, 701, 701]",4
metoyerblessed,"[{'post_id': 743, 'timestamp': '2023-03-28 03:17:59+00:00', 'polarity': 0.1033}, {'post_id': 749, 'timestamp': '2023-03-28 03:18:34+00:00', 'polarity': 0.1033}, {'post_id': 769, 'timestamp': '2023-03-28 03:18:41+00:00', 'polarity': 0.1033}]","[743, 749, 769]",3
mhmd6054,"[{'post_id': 117, 'timestamp': '2023-06-06 16:33:07+00:00', 'polarity': 0.0478}, {'post_id': 168, 'timestamp': '2023-06-06 16:33:26+00:00', 'polarity': 0.0181}, {'post_id': 170, 'timestamp': '2023-06-06 16:34:16+00:00', 'polarity': 0.2137}]","[117, 168, 170]",3
michdumas,"[{'post_id': 352, 'timestamp': '2022-12-13 11:49:29+00:00', 'polarity': 0.6746}, {'post_id': 98, 'timestamp': '2023-02-16 22:33:20+00:00', 'polarity': 0.9497}, {'post_id': 31, 'timestamp': '2023-06-06 04:07:12+00:00', 'polarity': 0.8421}]","[352, 98, 31]",3
mierhkael,"[{'post_id': 471, 'timestamp': '2023-06-06 10:06:06+00:00', 'polarity': 0.935}, {'post_id': 396, 'timestamp': '2023-06-08 18:46:34+00:00', 'polarity': 0.8881}, {'post_id': 395, 'timestamp': '2023-06-08 20:44:15+00:00', 'polarity': -0.0665}]","[471, 396, 395]",3
miettaleisure,"[{'post_id': 217, 'timestamp': '2023-05-06 11:51:29+00:00', 'polarity': 0.1926}, {'post_id': 222, 'timestamp': '2023-05-08 07:18:41+00:00', 'polarity': 0.7867}, {'post_id': 244, 'timestamp': '2023-05-10 21:49:42+00:00', 'polarity': 0.7867}]","[217, 222, 244]",3
mirtillatreb,"[{'post_id': 227, 'timestamp': '2023-06-06 13:21:55+00:00', 'polarity': 0.1321}, {'post_id': 241, 'timestamp': '2023-06-06 13:22:39+00:00', 'polarity': 0.0189}, {'post_id': 243, 'timestamp': '2023-06-06 13:24:13+00:00', 'polarity': 0.3707}, {'post_id': 375, 'timestamp': '2023-06-06 13:26:05+00:00', 'polarity': 0.1083}]","[227, 241, 243, 375]",4
mmari.jjuanaa,"[{'post_id': 262, 'timestamp': '2023-06-06 10:00:16+00:00', 'polarity': 0.115}, {'post_id': 373, 'timestamp': '2023-06-06 10:00:29+00:00', 'polarity': 0.5353}, {'post_id': 375, 'timestamp': '2023-06-06 10:00:39+00:00', 'polarity': 0.0603}, {'post_id': 374, 'timestamp': '2023-06-06 10:00:59+00:00', 'polarity': -0.0199}, {'post_id': 371, 'timestamp': '2023-06-06 10:01:13+00:00', 'polarity': 0.0115}]","[262, 373, 375, 374, 371]",5
mmoore216,"[{'post_id': 23, 'timestamp': '2023-06-06 11:51:18+00:00', 'polarity': 0.99}, {'post_id': 24, 'timestamp': '2023-06-06 11:52:51+00:00', 'polarity': 0.9394}, {'post_id': 26, 'timestamp': '2023-06-06 11:54:04+00:00', 'polarity': 0.3864}, {'post_id': 114, 'timestamp': '2023-06-06 11:59:05+00:00', 'polarity': 0.949}]","[23, 24, 26, 114]",4
modaanacorreia,"[{'post_id': 604, 'timestamp': '2023-05-28 01:40:05+00:00', 'polarity': 0.3585}, {'post_id': 605, 'timestamp': '2023-05-28 06:04:11+00:00', 'polarity': 0.7324}, {'post_id': 647, 'timestamp': '2023-05-28 15:27:37+00:00', 'polarity': 0.7874}]","[604, 605, 647]",3
modamanagementglobal,"[{'post_id': 571, 'timestamp': '2023-04-05 09:55:15+00:00', 'polarity': -0.0665}, {'post_id': 561, 'timestamp': '2023-04-12 07:44:16+00:00', 'polarity': 0.7641}, {'post_id': 459, 'timestamp': '2023-04-20 10:23:21+00:00', 'polarity': 0.0278}, {'post_id': 457, 'timestamp': '2023-04-24 08:29:53+00:00', 'polarity': 0.5366}]","[571, 561, 459, 457]",4
momlife.of.leni.and.leo,"[{'post_id': 353, 'timestamp': '2022-11-23 22:04:11+00:00', 'polarity': 0.5608}, {'post_id': 95, 'timestamp': '2023-03-07 15:58:35+00:00', 'polarity': 0.7753}, {'post_id': 89, 'timestamp': '2023-03-19 05:31:46+00:00', 'polarity': 0.7448}, {'post_id': 30, 'timestamp': '2023-05-17 23:43:52+00:00', 'polarity': 0.7185}]","[353, 95, 89, 30]",4
momsetproject,"[{'post_id': 192, 'timestamp': '2023-03-17 12:36:34+00:00', 'polarity': -0.0665}, {'post_id': 269, 'timestamp': '2023-05-24 09:56:22+00:00', 'polarity': 0.1141}, {'post_id': 13, 'timestamp': '2023-05-29 20:07:13+00:00', 'polarity': 0.1141}]","[192, 269, 13]",3
monikh,"[{'post_id': 367, 'timestamp': '2023-05-18 19:01:39+00:00', 'polarity': 0.9065}, {'post_id': 281, 'timestamp': '2023-05-23 20:15:00+00:00', 'polarity': 0.9862}, {'post_id': 361, 'timestamp': '2023-05-25 10:40:58+00:00', 'polarity': 0.1669}, {'post_id': 101, 'timestamp': '2023-06-06 13:20:39+00:00', 'polarity': 0.9755}]","[367, 281, 361, 101]",4
morgane_594,"[{'post_id': 163, 'timestamp': '2023-05-29 17:00:07+00:00', 'polarity': 0.8129}, {'post_id': 159, 'timestamp': '2023-05-29 17:00:17+00:00', 'polarity': 0.8213}, {'post_id': 282, 'timestamp': '2023-05-29 17:02:57+00:00', 'polarity': 0.2744}, {'post_id': 104, 'timestamp': '2023-06-01 19:22:32+00:00', 'polarity': 0.8129}]","[163, 159, 282, 104]",4
musakamand,"[{'post_id': 153, 'timestamp': '2023-06-04 08:06:03+00:00', 'polarity': 0.2749}, {'post_id': 155, 'timestamp': '2023-06-04 08:06:15+00:00', 'polarity': 0.2749}, {'post_id': 177, 'timestamp': '2023-06-04 08:19:52+00:00', 'polarity': 0.2959}]","[153, 155, 177]",3
mydezinsonspreadshirt,"[{'post_id': 569, 'timestamp': '2023-05-30 16:43:15+00:00', 'polarity': 0.1033}, {'post_id': 569, 'timestamp': '2023-05-30 16:43:19+00:00', 'polarity': 0.1033}, {'post_id': 566, 'timestamp': '2023-05-30 16:43:28+00:00', 'polarity': 0.1033}]","[569, 569, 566]",3
myexpergefactor,"[{'post_id': 735, 'timestamp': '2023-05-12 14:59:48+00:00', 'polarity': 0.977}, {'post_id': 739, 'timestamp': '2023-05-12 15:00:56+00:00', 'polarity': 0.9849}, {'post_id': 736, 'timestamp': '2023-05-12 15:02:28+00:00', 'polarity': 0.9849}, {'post_id': 732, 'timestamp': '2023-05-13 04:13:37+00:00', 'polarity': 0.9901}, {'post_id': 730, 'timestamp': '2023-05-13 04:15:33+00:00', 'polarity': 0.9893}]","[735, 739, 736, 732, 730]",5
neidecolanieri,"[{'post_id': 498, 'timestamp': '2023-06-09 02:08:38+00:00', 'polarity': 0.0803}, {'post_id': 498, 'timestamp': '2023-06-09 02:08:52+00:00', 'polarity': 0.0803}, {'post_id': 498, 'timestamp': '2023-06-09 02:08:54+00:00', 'polarity': 0.0803}]","[498, 498, 498]",3
nelson.cada,"[{'post_id': 485, 'timestamp': '2023-06-07 21:21:07+00:00', 'polarity': 0.9449}, {'post_id': 485, 'timestamp': '2023-06-07 21:24:39+00:00', 'polarity': 0.9871}, {'post_id': 485, 'timestamp': '2023-06-07 21:26:40+00:00', 'polarity': 0.9697}]","[485, 485, 485]",3
neslihande,"[{'post_id': 206, 'timestamp': '2023-04-27 22:18:52+00:00', 'polarity': 0.7074}, {'post_id': 299, 'timestamp': '2023-04-27 22:19:08+00:00', 'polarity': 0.728}, {'post_id': 301, 'timestamp': '2023-04-27 22:19:38+00:00', 'polarity': 0.728}, {'post_id': 313, 'timestamp': '2023-04-27 22:19:52+00:00', 'polarity': 0.728}]","[206, 299, 301, 313]",4
nesrine_lila,"[{'post_id': 555, 'timestamp': '2023-04-23 06:26:29+00:00', 'polarity': -0.0771}, {'post_id': 690, 'timestamp': '2023-05-08 20:37:16+00:00', 'polarity': -0.0035}, {'post_id': 690, 'timestamp': '2023-05-09 07:34:07+00:00', 'polarity': -0.0562}]","[555, 690, 690]",3
neudorferdeidamia,"[{'post_id': 664, 'timestamp': '2023-05-26 17:22:59+00:00', 'polarity': 0.1033}, {'post_id': 697, 'timestamp': '2023-06-05 22:24:37+00:00', 'polarity': 0.1033}, {'post_id': 456, 'timestamp': '2023-06-05 22:24:53+00:00', 'polarity': 0.1033}, {'post_id': 458, 'timestamp': '2023-06-05 22:25:07+00:00', 'polarity': 0.1033}, {'post_id': 394, 'timestamp': '2023-06-07 20:36:09+00:00', 'polarity': 0.1033}, {'post_id': 453, 'timestamp': '2023-06-07 20:37:24+00:00', 'polarity': 0.1033}]","[664, 697, 456, 458, 394, 453]",6
nevermindpepin,"[{'post_id': 268, 'timestamp': '2023-04-23 11:41:30+00:00', 'polarity': -0.0566}, {'post_id': 264, 'timestamp': '2023-04-23 11:42:38+00:00', 'polarity': -0.0188}, {'post_id': 48, 'timestamp': '2023-05-26 23:45:23+00:00', 'polarity': 0.2744}]","[268, 264, 48]",3
nicole_huisman,"[{'post_id': 312, 'timestamp': '2022-10-31 12:51:43+00:00', 'polarity': -0.0131}, {'post_id': 279, 'timestamp': '2023-01-01 11:17:14+00:00', 'polarity': 0.9279}, {'post_id': 367, 'timestamp': '2023-05-18 18:00:33+00:00', 'polarity': 0.9833}]","[312, 279, 367]",3
odiemebo,"[{'post_id': 125, 'timestamp': '2023-04-29 16:48:08+00:00', 'polarity': 0.3098}, {'post_id': 125, 'timestamp': '2023-04-29 16:53:41+00:00', 'polarity': 0.9652}, {'post_id': 126, 'timestamp': '2023-05-05 03:32:51+00:00', 'polarity': 0.2696}]","[125, 125, 126]",3
onlinemarketing779b,"[{'post_id': 427, 'timestamp': '2023-06-05 13:30:30+00:00', 'polarity': 0.1033}, {'post_id': 435, 'timestamp': '2023-06-05 13:30:41+00:00', 'polarity': 0.1033}, {'post_id': 540, 'timestamp': '2023-06-05 13:30:57+00:00', 'polarity': 0.1033}]","[427, 435, 540]",3
oreo.3x,"[{'post_id': 733, 'timestamp': '2023-05-13 06:25:35+00:00', 'polarity': -0.168}, {'post_id': 733, 'timestamp': '2023-05-13 06:26:23+00:00', 'polarity': -0.2997}, {'post_id': 733, 'timestamp': '2023-05-13 06:26:24+00:00', 'polarity': 0.0748}]","[733, 733, 733]",3
p3t1t_pr1nc3,"[{'post_id': 578, 'timestamp': '2023-06-02 13:50:24+00:00', 'polarity': 0.2106}, {'post_id': 584, 'timestamp': '2023-06-02 13:52:01+00:00', 'polarity': -0.319}, {'post_id': 581, 'timestamp': '2023-06-02 13:53:19+00:00', 'polarity': 0.0197}]","[578, 584, 581]",3
parislifeandsex,"[{'post_id': 590, 'timestamp': '2023-04-20 20:36:38+00:00', 'polarity': -0.0912}, {'post_id': 598, 'timestamp': '2023-04-21 11:33:53+00:00', 'polarity': 0.4076}, {'post_id': 592, 'timestamp': '2023-04-21 11:34:25+00:00', 'polarity': 0.4076}]","[590, 598, 592]",3
pavdale1,"[{'post_id': 363, 'timestamp': '2023-05-14 15:59:29+00:00', 'polarity': 0.4199}, {'post_id': 369, 'timestamp': '2023-05-17 18:28:32+00:00', 'polarity': 0.9558}, {'post_id': 360, 'timestamp': '2023-05-17 18:33:18+00:00', 'polarity': 0.633}]","[363, 369, 360]",3
pd203,"[{'post_id': 254, 'timestamp': '2023-02-06 19:04:19+00:00', 'polarity': 0.9884}, {'post_id': 250, 'timestamp': '2023-02-09 20:23:45+00:00', 'polarity': 0.873}, {'post_id': 94, 'timestamp': '2023-03-13 19:18:26+00:00', 'polarity': -0.5988}, {'post_id': 32, 'timestamp': '2023-05-18 18:41:49+00:00', 'polarity': 0.9358}, {'post_id': 29, 'timestamp': '2023-05-30 00:32:06+00:00', 'polarity': -0.1815}]","[254, 250, 94, 32, 29]",5
plusagdesign,"[{'post_id': 702, 'timestamp': '2023-03-12 00:48:51+00:00', 'polarity': -0.0356}, {'post_id': 494, 'timestamp': '2023-05-03 00:52:50+00:00', 'polarity': 0.0941}, {'post_id': 490, 'timestamp': '2023-05-06 23:46:19+00:00', 'polarity': 0.2019}]","[702, 494, 490]",3
rachelleayoung,"[{'post_id': 68, 'timestamp': '2023-03-27 11:38:15+00:00', 'polarity': 0.0486}, {'post_id': 20, 'timestamp': '2023-05-07 09:56:40+00:00', 'polarity': 0.982}, {'post_id': 40, 'timestamp': '2023-05-23 10:20:01+00:00', 'polarity': 0.1745}]","[68, 20, 40]",3
rafaelyau,"[{'post_id': 560, 'timestamp': '2023-04-08 11:56:06+00:00', 'polarity': 0.9629}, {'post_id': 457, 'timestamp': '2023-04-24 00:07:13+00:00', 'polarity': 0.9751}, {'post_id': 436, 'timestamp': '2023-06-02 00:28:38+00:00', 'polarity': 0.9642}]","[560, 457, 436]",3
ralleyalex90,"[{'post_id': 593, 'timestamp': '2023-05-30 01:58:24+00:00', 'polarity': 0.8812}, {'post_id': 582, 'timestamp': '2023-05-30 01:58:49+00:00', 'polarity': 0.9683}, {'post_id': 581, 'timestamp': '2023-06-01 03:44:33+00:00', 'polarity': 0.9456}, {'post_id': 581, 'timestamp': '2023-06-01 03:44:39+00:00', 'polarity': 0.8812}, {'post_id': 581, 'timestamp': '2023-06-01 03:44:41+00:00', 'polarity': 0.2744}, {'post_id': 585, 'timestamp': '2023-06-01 03:44:50+00:00', 'polarity': 0.2744}, {'post_id': 648, 'timestamp': '2023-06-01 03:45:15+00:00', 'polarity': 0.9456}, {'post_id': 648, 'timestamp': '2023-06-01 03:45:16+00:00', 'polarity': 0.1033}]","[593, 582, 581, 581, 581, 585, 648, 648]",8
raoulsebastianursachi,"[{'post_id': 291, 'timestamp': '2023-04-22 09:14:20+00:00', 'polarity': 0.1033}, {'post_id': 271, 'timestamp': '2023-04-22 09:14:28+00:00', 'polarity': 0.1033}, {'post_id': 288, 'timestamp': '2023-04-22 09:15:20+00:00', 'polarity': 0.1033}, {'post_id': 277, 'timestamp': '2023-04-22 09:15:26+00:00', 'polarity': 0.1033}]","[291, 271, 288, 277]",4
rashawnglass,"[{'post_id': 479, 'timestamp': '2023-06-07 08:15:09+00:00', 'polarity': -0.1133}, {'post_id': 489, 'timestamp': '2023-06-07 08:32:34+00:00', 'polarity': -0.1262}, {'post_id': 412, 'timestamp': '2023-06-07 09:23:56+00:00', 'polarity': -0.114}]","[479, 489, 412]",3
realydigital,"[{'post_id': 455, 'timestamp': '2023-05-10 16:45:16+00:00', 'polarity': 0.2706}, {'post_id': 522, 'timestamp': '2023-05-12 19:32:58+00:00', 'polarity': 0.1169}, {'post_id': 526, 'timestamp': '2023-05-13 23:10:21+00:00', 'polarity': 0.1416}, {'post_id': 442, 'timestamp': '2023-05-25 19:14:50+00:00', 'polarity': -0.0541}, {'post_id': 438, 'timestamp': '2023-05-28 02:56:23+00:00', 'polarity': 0.0309}, {'post_id': 436, 'timestamp': '2023-05-31 21:24:45+00:00', 'polarity': -0.0127}]","[455, 522, 526, 442, 438, 436]",6
reshamsingh9548,"[{'post_id': 224, 'timestamp': '2023-06-06 16:04:16+00:00', 'polarity': 0.0495}, {'post_id': 240, 'timestamp': '2023-06-06 16:05:04+00:00', 'polarity': 0.039}, {'post_id': 323, 'timestamp': '2023-06-06 16:06:12+00:00', 'polarity': 0.2481}]","[224, 240, 323]",3
rhyancaminske,"[{'post_id': 353, 'timestamp': '2022-11-25 19:34:32+00:00', 'polarity': 0.9905}, {'post_id': 352, 'timestamp': '2022-12-15 00:33:40+00:00', 'polarity': 0.6368}, {'post_id': 352, 'timestamp': '2022-12-15 00:34:00+00:00', 'polarity': 0.2416}, {'post_id': 350, 'timestamp': '2023-01-01 16:45:09+00:00', 'polarity': 0.5094}, {'post_id': 325, 'timestamp': '2023-01-03 14:00:56+00:00', 'polarity': 0.8482}, {'post_id': 317, 'timestamp': '2023-01-08 16:44:18+00:00', 'polarity': 0.4295}, {'post_id': 321, 'timestamp': '2023-01-08 16:46:23+00:00', 'polarity': 0.9859}, {'post_id': 316, 'timestamp': '2023-01-13 10:29:32+00:00', 'polarity': 0.9832}, {'post_id': 257, 'timestamp': '2023-01-27 23:06:39+00:00', 'polarity': 0.9684}, {'post_id': 257, 'timestamp': '2023-01-27 23:07:07+00:00', 'polarity': 0.8838}, {'post_id': 259, 'timestamp': '2023-01-29 17:27:04+00:00', 'polarity': 0.8999}, {'post_id': 254, 'timestamp': '2023-02-09 20:13:59+00:00', 'polarity': 0.3702}, {'post_id': 252, 'timestamp': '2023-02-19 12:10:35+00:00', 'polarity': 0.8874}, {'post_id': 98, 'timestamp': '2023-02-19 12:13:08+00:00', 'polarity': 0.9339}, {'post_id': 98, 'timestamp': '2023-02-19 12:13:19+00:00', 'polarity': 0.9779}, {'post_id': 97, 'timestamp': '2023-02-28 20:53:34+00:00', 'polarity': 0.0368}, {'post_id': 96, 'timestamp': '2023-03-04 17:00:16+00:00', 'polarity': 0.1708}, {'post_id': 94, 'timestamp': '2023-03-15 19:57:38+00:00', 'polarity': -0.1345}, {'post_id': 28, 'timestamp': '2023-05-16 18:05:32+00:00', 'polarity': 0.9831}, {'post_id': 27, 'timestamp': '2023-06-03 20:41:34+00:00', 'polarity': 0.9475}]","[353, 352, 352, 350, 325, 317, 321, 316, 257, 257, 259, 254, 252, 98, 98, 97, 96, 94, 28, 27]",20
ricardofbdeoliveira,"[{'post_id': 556, 'timestamp': '2023-06-06 13:38:40+00:00', 'polarity': -0.0451}, {'post_id': 556, 'timestamp': '2023-06-06 13:38:46+00:00', 'polarity': 0.0554}, {'post_id': 556, 'timestamp': '2023-06-06 13:39:03+00:00', 'polarity': 0.1102}]","[556, 556, 556]",3
rising7_official,"[{'post_id': 455, 'timestamp': '2023-06-07 09:56:17+00:00', 'polarity': 0.1033}, {'post_id': 571, 'timestamp': '2023-06-07 09:56:55+00:00', 'polarity': 0.1033}, {'post_id': 565, 'timestamp': '2023-06-07 09:57:05+00:00', 'polarity': 0.1033}]","[455, 571, 565]",3
robbalmeida,"[{'post_id': 654, 'timestamp': '2023-02-19 20:15:52+00:00', 'polarity': 0.7867}, {'post_id': 509, 'timestamp': '2023-04-23 15:38:51+00:00', 'polarity': 0.7867}, {'post_id': 535, 'timestamp': '2023-04-24 12:24:31+00:00', 'polarity': 0.7324}]","[654, 509, 535]",3
royallionparfum,"[{'post_id': 240, 'timestamp': '2023-06-06 05:28:19+00:00', 'polarity': 0.1033}, {'post_id': 251, 'timestamp': '2023-06-06 05:28:27+00:00', 'polarity': 0.1033}, {'post_id': 375, 'timestamp': '2023-06-06 05:28:39+00:00', 'polarity': 0.1033}, {'post_id': 383, 'timestamp': '2023-06-06 05:28:58+00:00', 'polarity': 0.728}, {'post_id': 390, 'timestamp': '2023-06-06 05:29:05+00:00', 'polarity': 0.728}, {'post_id': 225, 'timestamp': '2023-06-06 05:41:17+00:00', 'polarity': 0.1033}, {'post_id': 323, 'timestamp': '2023-06-06 05:41:26+00:00', 'polarity': 0.1033}, {'post_id': 387, 'timestamp': '2023-06-06 05:41:42+00:00', 'polarity': 0.1033}]","[240, 251, 375, 383, 390, 225, 323, 387]",8
rubydiachi,"[{'post_id': 578, 'timestamp': '2023-05-24 06:11:34+00:00', 'polarity': -0.3058}, {'post_id': 580, 'timestamp': '2023-05-24 06:11:48+00:00', 'polarity': -0.3277}, {'post_id': 593, 'timestamp': '2023-05-24 06:13:34+00:00', 'polarity': -0.4793}, {'post_id': 585, 'timestamp': '2023-05-24 06:14:06+00:00', 'polarity': 0.0302}]","[578, 580, 593, 585]",4
rubyfranken,"[{'post_id': 304, 'timestamp': '2022-11-24 18:49:52+00:00', 'polarity': 0.9528}, {'post_id': 68, 'timestamp': '2023-03-27 12:21:22+00:00', 'polarity': 0.2898}, {'post_id': 8, 'timestamp': '2023-06-03 06:26:51+00:00', 'polarity': 0.2898}]","[304, 68, 8]",3
ruxx_marie,"[{'post_id': 319, 'timestamp': '2023-03-29 19:41:52+00:00', 'polarity': 0.1033}, {'post_id': 320, 'timestamp': '2023-03-29 19:42:20+00:00', 'polarity': 0.2744}, {'post_id': 222, 'timestamp': '2023-04-29 17:01:32+00:00', 'polarity': 0.1033}, {'post_id': 213, 'timestamp': '2023-05-10 20:05:30+00:00', 'polarity': 0.1033}, {'post_id': 179, 'timestamp': '2023-05-14 13:26:20+00:00', 'polarity': 0.1033}]","[319, 320, 222, 213, 179]",5
sabrinafidalgoo,"[{'post_id': 631, 'timestamp': '2023-02-10 11:32:30+00:00', 'polarity': 0.9862}, {'post_id': 628, 'timestamp': '2023-02-18 18:39:07+00:00', 'polarity': 0.8747}, {'post_id': 553, 'timestamp': '2023-03-03 18:13:31+00:00', 'polarity': 0.7702}]","[631, 628, 553]",3
sabsjulie,"[{'post_id': 263, 'timestamp': '2023-04-21 19:58:31+00:00', 'polarity': 0.4942}, {'post_id': 283, 'timestamp': '2023-04-21 19:59:48+00:00', 'polarity': 0.9878}, {'post_id': 271, 'timestamp': '2023-04-21 20:00:46+00:00', 'polarity': 0.9864}, {'post_id': 285, 'timestamp': '2023-04-21 20:01:54+00:00', 'polarity': 0.2699}, {'post_id': 280, 'timestamp': '2023-04-21 20:02:08+00:00', 'polarity': 0.9297}, {'post_id': 184, 'timestamp': '2023-05-13 10:54:03+00:00', 'polarity': 0.7159}]","[263, 283, 271, 285, 280, 184]",6
sagrandm,"[{'post_id': 484, 'timestamp': '2023-06-06 20:50:48+00:00', 'polarity': -0.0665}, {'post_id': 484, 'timestamp': '2023-06-06 20:50:48+00:00', 'polarity': -0.0665}, {'post_id': 484, 'timestamp': '2023-06-06 20:50:48+00:00', 'polarity': -0.0665}, {'post_id': 484, 'timestamp': '2023-06-06 20:50:48+00:00', 'polarity': -0.0665}, {'post_id': 484, 'timestamp': '2023-06-06 20:50:48+00:00', 'polarity': -0.0665}, {'post_id': 484, 'timestamp': '2023-06-06 20:50:49+00:00', 'polarity': -0.0665}, {'post_id': 484, 'timestamp': '2023-06-06 20:50:49+00:00', 'polarity': -0.0665}]","[484, 484, 484, 484, 484, 484, 484]",7
samolsorensoren,"[{'post_id': 168, 'timestamp': '2023-06-06 12:46:48+00:00', 'polarity': 0.2792}, {'post_id': 173, 'timestamp': '2023-06-06 12:47:13+00:00', 'polarity': 0.2749}, {'post_id': 323, 'timestamp': '2023-06-06 12:48:00+00:00', 'polarity': 0.2792}]","[168, 173, 323]",3
sampathgummadi,"[{'post_id': 734, 'timestamp': '2023-05-12 05:06:04+00:00', 'polarity': 0.728}, {'post_id': 729, 'timestamp': '2023-05-12 05:06:16+00:00', 'polarity': 0.8857}, {'post_id': 773, 'timestamp': '2023-05-12 05:22:20+00:00', 'polarity': 0.8857}]","[734, 729, 773]",3
samybastianellireal,"[{'post_id': 824, 'timestamp': '2023-04-06 22:37:33+00:00', 'polarity': 0.97}, {'post_id': 825, 'timestamp': '2023-04-06 22:40:54+00:00', 'polarity': 0.97}, {'post_id': 625, 'timestamp': '2023-05-25 14:09:09+00:00', 'polarity': 0.9843}]","[824, 825, 625]",3
sanayuilll,"[{'post_id': 562, 'timestamp': '2023-06-06 10:25:40+00:00', 'polarity': -0.3598}, {'post_id': 641, 'timestamp': '2023-06-06 10:30:28+00:00', 'polarity': -0.0732}, {'post_id': 641, 'timestamp': '2023-06-06 10:31:27+00:00', 'polarity': 0.0418}]","[562, 641, 641]",3
sandraromero,"[{'post_id': 218, 'timestamp': '2023-05-19 21:09:53+00:00', 'polarity': 0.802}, {'post_id': 212, 'timestamp': '2023-05-22 19:39:05+00:00', 'polarity': 0.4865}, {'post_id': 278, 'timestamp': '2023-05-25 10:50:50+00:00', 'polarity': 0.4994}, {'post_id': 161, 'timestamp': '2023-06-01 20:19:57+00:00', 'polarity': 0.937}]","[218, 212, 278, 161]",4
saramaino_,"[{'post_id': 487, 'timestamp': '2023-05-20 04:39:51+00:00', 'polarity': 0.7804}, {'post_id': 398, 'timestamp': '2023-06-09 05:45:56+00:00', 'polarity': 0.7804}, {'post_id': 397, 'timestamp': '2023-06-09 05:46:09+00:00', 'polarity': 0.7804}]","[487, 398, 397]",3
schayres,"[{'post_id': 380, 'timestamp': '2023-03-23 08:35:05+00:00', 'polarity': 0.6034}, {'post_id': 380, 'timestamp': '2023-03-23 08:35:09+00:00', 'polarity': -0.0315}, {'post_id': 293, 'timestamp': '2023-04-22 12:13:51+00:00', 'polarity': 0.3532}, {'post_id': 290, 'timestamp': '2023-04-25 12:57:19+00:00', 'polarity': 0.3532}, {'post_id': 231, 'timestamp': '2023-05-18 22:56:55+00:00', 'polarity': 0.1229}, {'post_id': 60, 'timestamp': '2023-06-02 15:55:14+00:00', 'polarity': 0.0857}, {'post_id': 56, 'timestamp': '2023-06-05 13:51:52+00:00', 'polarity': 0.0074}]","[380, 380, 293, 290, 231, 60, 56]",7
selena_outfitx,"[{'post_id': 377, 'timestamp': '2023-05-17 02:43:27+00:00', 'polarity': 0.9257}, {'post_id': 377, 'timestamp': '2023-05-17 02:43:34+00:00', 'polarity': 0.7177}, {'post_id': 377, 'timestamp': '2023-05-17 02:43:34+00:00', 'polarity': 0.7177}, {'post_id': 377, 'timestamp': '2023-05-17 02:43:40+00:00', 'polarity': 0.9257}]","[377, 377, 377, 377]",4
shennigan_nyc,"[{'post_id': 572, 'timestamp': '2023-03-22 06:02:57+00:00', 'polarity': 0.2155}, {'post_id': 570, 'timestamp': '2023-03-29 04:44:34+00:00', 'polarity': 0.2107}, {'post_id': 567, 'timestamp': '2023-03-29 04:44:39+00:00', 'polarity': 0.2107}, {'post_id': 571, 'timestamp': '2023-04-03 18:37:00+00:00', 'polarity': 0.2134}, {'post_id': 561, 'timestamp': '2023-04-12 08:01:40+00:00', 'polarity': 0.2172}, {'post_id': 589, 'timestamp': '2023-04-19 02:17:13+00:00', 'polarity': 0.2117}, {'post_id': 714, 'timestamp': '2023-04-19 02:17:18+00:00', 'polarity': 0.2117}, {'post_id': 457, 'timestamp': '2023-04-24 20:54:13+00:00', 'polarity': 0.2373}, {'post_id': 746, 'timestamp': '2023-04-24 20:55:14+00:00', 'polarity': 0.2373}, {'post_id': 751, 'timestamp': '2023-04-25 19:51:22+00:00', 'polarity': 0.2273}, {'post_id': 460, 'timestamp': '2023-04-30 07:10:48+00:00', 'polarity': 0.2336}, {'post_id': 782, 'timestamp': '2023-04-30 07:11:17+00:00', 'polarity': 0.2336}, {'post_id': 687, 'timestamp': '2023-05-02 20:01:27+00:00', 'polarity': 0.223}, {'post_id': 679, 'timestamp': '2023-05-02 20:01:33+00:00', 'polarity': 0.223}, {'post_id': 741, 'timestamp': '2023-05-02 20:03:27+00:00', 'polarity': 0.223}, {'post_id': 685, 'timestamp': '2023-05-05 05:26:46+00:00', 'polarity': 0.223}, {'post_id': 694, 'timestamp': '2023-05-05 05:26:52+00:00', 'polarity': 0.223}, {'post_id': 494, 'timestamp': '2023-05-05 05:27:18+00:00', 'polarity': 0.223}, {'post_id': 521, 'timestamp': '2023-05-16 22:17:49+00:00', 'polarity': 0.2395}, {'post_id': 391, 'timestamp': '2023-05-18 02:30:32+00:00', 'polarity': 0.2189}, {'post_id': 454, 'timestamp': '2023-05-21 06:47:03+00:00', 'polarity': 0.1912}, {'post_id': 442, 'timestamp': '2023-05-25 20:02:21+00:00', 'polarity': 0.24}, {'post_id': 434, 'timestamp': '2023-06-01 18:10:13+00:00', 'polarity': 0.2088}, {'post_id': 437, 'timestamp': '2023-06-03 06:59:59+00:00', 'polarity': 0.215}]","[572, 570, 567, 571, 561, 589, 714, 457, 746, 751, 460, 782, 687, 679, 741, 685, 694, 494, 521, 391, 454, 442, 434, 437]",24
shopbebinca,"[{'post_id': 214, 'timestamp': '2023-05-05 04:27:35+00:00', 'polarity': 0.9501}, {'post_id': 207, 'timestamp': '2023-05-08 02:56:42+00:00', 'polarity': 0.929}, {'post_id': 181, 'timestamp': '2023-05-24 06:20:21+00:00', 'polarity': 0.97}, {'post_id': 154, 'timestamp': '2023-05-30 08:49:01+00:00', 'polarity': 0.929}]","[214, 207, 181, 154]",4
silje.alice,"[{'post_id': 267, 'timestamp': '2023-04-14 16:11:43+00:00', 'polarity': -0.0993}, {'post_id': 258, 'timestamp': '2023-04-21 19:35:53+00:00', 'polarity': 0.8991}, {'post_id': 207, 'timestamp': '2023-05-08 14:29:07+00:00', 'polarity': 0.7832}, {'post_id': 183, 'timestamp': '2023-05-15 16:30:57+00:00', 'polarity': 0.6249}, {'post_id': 218, 'timestamp': '2023-05-18 12:09:58+00:00', 'polarity': 0.8249}, {'post_id': 135, 'timestamp': '2023-05-23 16:54:42+00:00', 'polarity': 0.5304}, {'post_id': 134, 'timestamp': '2023-05-24 13:45:02+00:00', 'polarity': 0.9878}, {'post_id': 91, 'timestamp': '2023-05-26 15:34:43+00:00', 'polarity': 0.4976}, {'post_id': 129, 'timestamp': '2023-05-26 15:41:37+00:00', 'polarity': 0.0278}, {'post_id': 84, 'timestamp': '2023-05-27 16:47:28+00:00', 'polarity': 0.0681}, {'post_id': 154, 'timestamp': '2023-05-29 15:10:43+00:00', 'polarity': 0.548}]","[267, 258, 207, 183, 218, 135, 134, 91, 129, 84, 154]",11
simplysummerjenn,"[{'post_id': 95, 'timestamp': '2023-03-06 19:05:53+00:00', 'polarity': 0.9314}, {'post_id': 95, 'timestamp': '2023-03-06 19:07:16+00:00', 'polarity': 0.3426}, {'post_id': 89, 'timestamp': '2023-03-15 21:00:20+00:00', 'polarity': 0.9834}, {'post_id': 85, 'timestamp': '2023-03-22 18:23:54+00:00', 'polarity': 0.5882}, {'post_id': 28, 'timestamp': '2023-05-15 10:19:33+00:00', 'polarity': 0.9789}]","[95, 95, 89, 85, 28]",5
sinaurity,"[{'post_id': 441, 'timestamp': '2023-05-27 18:12:05+00:00', 'polarity': 0.2265}, {'post_id': 439, 'timestamp': '2023-05-27 18:22:51+00:00', 'polarity': 0.2265}, {'post_id': 520, 'timestamp': '2023-05-29 11:51:46+00:00', 'polarity': 0.3448}, {'post_id': 438, 'timestamp': '2023-05-29 11:52:36+00:00', 'polarity': 0.3448}, {'post_id': 433, 'timestamp': '2023-06-05 22:16:22+00:00', 'polarity': 0.2253}]","[441, 439, 520, 438, 433]",5
sociojenics,"[{'post_id': 33, 'timestamp': '2023-04-21 02:11:31+00:00', 'polarity': 0.9857}, {'post_id': 87, 'timestamp': '2023-04-28 03:53:47+00:00', 'polarity': 0.9068}, {'post_id': 35, 'timestamp': '2023-04-28 03:56:17+00:00', 'polarity': 0.1428}]","[33, 87, 35]",3
soheila_dgh_,"[{'post_id': 348, 'timestamp': '2023-01-03 16:12:27+00:00', 'polarity': 0.1033}, {'post_id': 157, 'timestamp': '2023-01-12 10:50:11+00:00', 'polarity': 0.9542}, {'post_id': 348, 'timestamp': '2023-01-12 16:50:41+00:00', 'polarity': 0.9635}, {'post_id': 260, 'timestamp': '2023-01-13 06:55:59+00:00', 'polarity': 0.9539}, {'post_id': 247, 'timestamp': '2023-01-13 12:52:03+00:00', 'polarity': 0.981}]","[348, 157, 348, 260, 247]",5
sonivaidu,"[{'post_id': 562, 'timestamp': '2023-06-01 15:36:01+00:00', 'polarity': -0.1013}, {'post_id': 562, 'timestamp': '2023-06-01 15:36:07+00:00', 'polarity': 0.6933}, {'post_id': 562, 'timestamp': '2023-06-01 15:36:16+00:00', 'polarity': -0.1208}]","[562, 562, 562]",3
sophiamoura29,"[{'post_id': 21, 'timestamp': '2023-06-06 02:00:18+00:00', 'polarity': 0.1601}, {'post_id': 24, 'timestamp': '2023-06-06 02:00:54+00:00', 'polarity': 0.9062}, {'post_id': 24, 'timestamp': '2023-06-06 02:01:02+00:00', 'polarity': 0.0467}, {'post_id': 24, 'timestamp': '2023-06-06 02:01:28+00:00', 'polarity': 0.5154}, {'post_id': 24, 'timestamp': '2023-06-06 02:01:34+00:00', 'polarity': 0.8118}, {'post_id': 24, 'timestamp': '2023-06-06 02:01:47+00:00', 'polarity': 0.8133}]","[21, 24, 24, 24, 24, 24]",6
sourcerie.co,"[{'post_id': 278, 'timestamp': '2023-05-22 08:36:59+00:00', 'polarity': 0.9757}, {'post_id': 272, 'timestamp': '2023-05-23 18:01:16+00:00', 'polarity': 0.8804}, {'post_id': 158, 'timestamp': '2023-05-31 08:20:28+00:00', 'polarity': 0.1798}]","[278, 272, 158]",3
soyturk_atila,"[{'post_id': 698, 'timestamp': '2023-05-05 15:38:55+00:00', 'polarity': -0.0665}, {'post_id': 638, 'timestamp': '2023-05-26 11:12:52+00:00', 'polarity': -0.0665}, {'post_id': 456, 'timestamp': '2023-06-04 09:56:39+00:00', 'polarity': -0.0665}]","[698, 638, 456]",3
stephaniebroek,"[{'post_id': 332, 'timestamp': '2022-10-25 20:33:41+00:00', 'polarity': 0.1591}, {'post_id': 311, 'timestamp': '2022-11-28 21:38:14+00:00', 'polarity': 0.0068}, {'post_id': 305, 'timestamp': '2022-12-08 12:27:17+00:00', 'polarity': 0.8014}, {'post_id': 289, 'timestamp': '2022-12-11 22:56:23+00:00', 'polarity': 0.1477}, {'post_id': 289, 'timestamp': '2022-12-11 22:56:26+00:00', 'polarity': 0.1816}, {'post_id': 202, 'timestamp': '2023-02-07 19:31:15+00:00', 'polarity': 0.1591}, {'post_id': 202, 'timestamp': '2023-02-07 19:31:17+00:00', 'polarity': 0.1204}, {'post_id': 191, 'timestamp': '2023-02-17 21:46:45+00:00', 'polarity': 0.3994}, {'post_id': 197, 'timestamp': '2023-03-03 20:08:15+00:00', 'polarity': -0.7563}, {'post_id': 197, 'timestamp': '2023-03-03 20:08:25+00:00', 'polarity': 0.1498}, {'post_id': 105, 'timestamp': '2023-04-03 11:04:29+00:00', 'polarity': -0.2372}, {'post_id': 65, 'timestamp': '2023-04-09 06:16:44+00:00', 'polarity': 0.1035}, {'post_id': 63, 'timestamp': '2023-05-03 18:59:22+00:00', 'polarity': 0.0254}, {'post_id': 20, 'timestamp': '2023-05-08 19:12:51+00:00', 'polarity': 0.0403}, {'post_id': 19, 'timestamp': '2023-05-10 19:23:22+00:00', 'polarity': 0.0388}, {'post_id': 40, 'timestamp': '2023-05-24 05:47:16+00:00', 'polarity': 0.0353}]","[332, 311, 305, 289, 289, 202, 202, 191, 197, 197, 105, 65, 63, 20, 19, 40]",16
stephnadams,"[{'post_id': 98, 'timestamp': '2023-02-16 19:07:29+00:00', 'polarity': 0.0725}, {'post_id': 94, 'timestamp': '2023-03-15 19:54:43+00:00', 'polarity': 0.1194}, {'post_id': 94, 'timestamp': '2023-03-15 20:02:06+00:00', 'polarity': -0.7777}]","[98, 94, 94]",3
studioljos,"[{'post_id': 296, 'timestamp': '2022-12-10 19:31:38+00:00', 'polarity': 0.0278}, {'post_id': 92, 'timestamp': '2023-05-01 12:12:30+00:00', 'polarity': 0.0806}, {'post_id': 71, 'timestamp': '2023-05-01 12:13:32+00:00', 'polarity': 0.2403}]","[296, 92, 71]",3
stylesprinter,"[{'post_id': 124, 'timestamp': '2023-05-20 21:54:25+00:00', 'polarity': -0.1555}, {'post_id': 124, 'timestamp': '2023-05-20 21:54:28+00:00', 'polarity': -0.0665}, {'post_id': 3, 'timestamp': '2023-06-03 01:45:35+00:00', 'polarity': 0.9756}, {'post_id': 11, 'timestamp': '2023-06-03 01:45:57+00:00', 'polarity': 0.0806}]","[124, 124, 3, 11]",4
styluux,"[{'post_id': 351, 'timestamp': '2023-04-23 19:30:43+00:00', 'polarity': -0.0689}, {'post_id': 354, 'timestamp': '2023-04-23 19:32:41+00:00', 'polarity': 0.8402}, {'post_id': 362, 'timestamp': '2023-04-23 19:33:22+00:00', 'polarity': 0.7539}, {'post_id': 355, 'timestamp': '2023-04-23 19:33:43+00:00', 'polarity': -0.0032}]","[351, 354, 362, 355]",4
supe5858,"[{'post_id': 645, 'timestamp': '2023-05-15 14:22:20+00:00', 'polarity': -0.14}, {'post_id': 645, 'timestamp': '2023-05-15 14:22:37+00:00', 'polarity': -0.14}, {'post_id': 645, 'timestamp': '2023-05-15 14:22:56+00:00', 'polarity': -0.0085}]","[645, 645, 645]",3
svan.victor,"[{'post_id': 210, 'timestamp': '2023-05-10 17:27:42+00:00', 'polarity': 0.3847}, {'post_id': 213, 'timestamp': '2023-05-10 17:29:21+00:00', 'polarity': 0.0494}, {'post_id': 182, 'timestamp': '2023-05-20 14:35:11+00:00', 'polarity': 0.7838}, {'post_id': 154, 'timestamp': '2023-05-29 15:49:40+00:00', 'polarity': 0.7669}]","[210, 213, 182, 154]",4
swade6799,"[{'post_id': 646, 'timestamp': '2023-05-02 18:35:54+00:00', 'polarity': -0.7891}, {'post_id': 582, 'timestamp': '2023-05-02 18:52:07+00:00', 'polarity': -0.1275}, {'post_id': 581, 'timestamp': '2023-05-02 18:56:47+00:00', 'polarity': -0.1041}, {'post_id': 585, 'timestamp': '2023-05-02 18:57:26+00:00', 'polarity': 0.2687}]","[646, 582, 581, 585]",4
sweetmotherly,"[{'post_id': 95, 'timestamp': '2023-03-06 19:17:42+00:00', 'polarity': 0.9897}, {'post_id': 94, 'timestamp': '2023-03-13 18:59:44+00:00', 'polarity': 0.985}, {'post_id': 87, 'timestamp': '2023-04-15 23:20:43+00:00', 'polarity': 0.9909}, {'post_id': 31, 'timestamp': '2023-06-05 18:47:24+00:00', 'polarity': 0.9916}]","[95, 94, 87, 31]",4
swissway_by_olgaschmidt,"[{'post_id': 699, 'timestamp': '2023-03-16 18:45:56+00:00', 'polarity': -0.0665}, {'post_id': 712, 'timestamp': '2023-03-16 21:16:05+00:00', 'polarity': 0.0803}, {'post_id': 703, 'timestamp': '2023-03-16 21:16:10+00:00', 'polarity': 0.0278}]","[699, 712, 703]",3
tatiana.farag,"[{'post_id': 339, 'timestamp': '2022-09-29 03:56:50+00:00', 'polarity': 0.001}, {'post_id': 338, 'timestamp': '2022-10-28 07:09:33+00:00', 'polarity': 0.2744}, {'post_id': 287, 'timestamp': '2023-02-06 11:42:55+00:00', 'polarity': 0.0363}]","[339, 338, 287]",3
tayumic25,"[{'post_id': 428, 'timestamp': '2023-06-02 18:37:20+00:00', 'polarity': 0.0321}, {'post_id': 428, 'timestamp': '2023-06-02 18:37:31+00:00', 'polarity': 0.0321}, {'post_id': 428, 'timestamp': '2023-06-02 18:37:46+00:00', 'polarity': 0.0321}, {'post_id': 512, 'timestamp': '2023-06-05 00:26:05+00:00', 'polarity': 0.3534}, {'post_id': 513, 'timestamp': '2023-06-05 12:04:00+00:00', 'polarity': 0.3534}]","[428, 428, 428, 512, 513]",5
thecanvasnyc,"[{'post_id': 436, 'timestamp': '2023-06-06 16:57:54+00:00', 'polarity': 0.0181}, {'post_id': 441, 'timestamp': '2023-06-06 16:58:06+00:00', 'polarity': 0.0181}, {'post_id': 438, 'timestamp': '2023-06-06 16:58:19+00:00', 'polarity': 0.2019}]","[436, 441, 438]",3
thegangstarsboss,"[{'post_id': 174, 'timestamp': '2023-06-06 10:30:08+00:00', 'polarity': 0.0321}, {'post_id': 221, 'timestamp': '2023-06-06 10:30:23+00:00', 'polarity': 0.0321}, {'post_id': 241, 'timestamp': '2023-06-06 10:31:39+00:00', 'polarity': 0.0321}, {'post_id': 372, 'timestamp': '2023-06-06 10:32:03+00:00', 'polarity': -0.0961}]","[174, 221, 241, 372]",4
thevogueman_,"[{'post_id': 742, 'timestamp': '2023-04-20 01:29:40+00:00', 'polarity': 0.3291}, {'post_id': 742, 'timestamp': '2023-04-20 01:30:03+00:00', 'polarity': 0.3291}, {'post_id': 612, 'timestamp': '2023-04-20 11:42:52+00:00', 'polarity': 0.4351}, {'post_id': 612, 'timestamp': '2023-04-20 11:42:57+00:00', 'polarity': 0.4351}, {'post_id': 598, 'timestamp': '2023-04-20 13:31:09+00:00', 'polarity': 0.3291}, {'post_id': 598, 'timestamp': '2023-04-20 13:31:17+00:00', 'polarity': 0.3291}, {'post_id': 596, 'timestamp': '2023-04-21 18:19:02+00:00', 'polarity': 0.4351}, {'post_id': 596, 'timestamp': '2023-04-21 18:19:18+00:00', 'polarity': 0.4351}, {'post_id': 457, 'timestamp': '2023-04-23 20:32:13+00:00', 'polarity': 0.4351}, {'post_id': 746, 'timestamp': '2023-04-24 16:40:59+00:00', 'polarity': 0.4351}, {'post_id': 751, 'timestamp': '2023-04-25 16:24:33+00:00', 'polarity': 0.0259}, {'post_id': 751, 'timestamp': '2023-04-25 16:24:42+00:00', 'polarity': 0.0259}, {'post_id': 741, 'timestamp': '2023-05-01 21:22:30+00:00', 'polarity': 0.0259}]","[742, 742, 612, 612, 598, 598, 596, 596, 457, 746, 751, 751, 741]",13
uniquemagazine_,"[{'post_id': 536, 'timestamp': '2023-06-02 08:15:13+00:00', 'polarity': -0.0488}, {'post_id': 620, 'timestamp': '2023-06-02 08:22:47+00:00', 'polarity': -0.9199}, {'post_id': 622, 'timestamp': '2023-06-02 08:26:01+00:00', 'polarity': 0.8097}]","[536, 620, 622]",3
united.beauty__7,"[{'post_id': 680, 'timestamp': '2023-04-15 15:45:03+00:00', 'polarity': 0.1956}, {'post_id': 680, 'timestamp': '2023-04-15 15:45:04+00:00', 'polarity': 0.9881}, {'post_id': 680, 'timestamp': '2023-04-15 15:45:05+00:00', 'polarity': -0.0539}]","[680, 680, 680]",3
vasesbyfinn,"[{'post_id': 147, 'timestamp': '2023-06-04 03:40:18+00:00', 'polarity': 0.1916}, {'post_id': 188, 'timestamp': '2023-06-04 03:41:01+00:00', 'polarity': 0.4095}, {'post_id': 156, 'timestamp': '2023-06-04 03:41:30+00:00', 'polarity': 0.0053}]","[147, 188, 156]",3
vianna_xzs,"[{'post_id': 583, 'timestamp': '2023-06-02 21:46:21+00:00', 'polarity': 0.7867}, {'post_id': 583, 'timestamp': '2023-06-02 21:46:26+00:00', 'polarity': 0.7074}, {'post_id': 583, 'timestamp': '2023-06-02 21:46:58+00:00', 'polarity': 0.5691}]","[583, 583, 583]",3
vincenzo.piccolo.1238,"[{'post_id': 108, 'timestamp': '2023-06-06 10:55:20+00:00', 'polarity': -0.0568}, {'post_id': 171, 'timestamp': '2023-06-06 10:56:54+00:00', 'polarity': -0.0891}, {'post_id': 168, 'timestamp': '2023-06-06 16:17:09+00:00', 'polarity': -0.0425}, {'post_id': 221, 'timestamp': '2023-06-06 16:18:55+00:00', 'polarity': -0.1369}]","[108, 171, 168, 221]",4
voizaurademari,"[{'post_id': 322, 'timestamp': '2022-02-21 01:25:34+00:00', 'polarity': 0.8638}, {'post_id': 494, 'timestamp': '2023-05-03 00:30:03+00:00', 'polarity': 0.8581}, {'post_id': 694, 'timestamp': '2023-05-04 00:15:06+00:00', 'polarity': 0.8523}, {'post_id': 521, 'timestamp': '2023-05-15 18:14:44+00:00', 'polarity': 0.8475}, {'post_id': 647, 'timestamp': '2023-05-28 16:38:48+00:00', 'polarity': 0.8867}, {'post_id': 420, 'timestamp': '2023-06-02 01:20:26+00:00', 'polarity': 0.1033}]","[322, 494, 694, 521, 647, 420]",6
wagafull,"[{'post_id': 298, 'timestamp': '2022-06-12 14:35:46+00:00', 'polarity': 0.1033}, {'post_id': 318, 'timestamp': '2022-06-12 14:36:07+00:00', 'polarity': 0.1033}, {'post_id': 348, 'timestamp': '2022-06-12 14:37:12+00:00', 'polarity': 0.1033}, {'post_id': 346, 'timestamp': '2022-06-12 14:40:59+00:00', 'polarity': 0.1033}]","[298, 318, 348, 346]",4
wiedemanntami,"[{'post_id': 97, 'timestamp': '2023-03-01 13:18:25+00:00', 'polarity': 0.967}, {'post_id': 34, 'timestamp': '2023-05-15 11:22:25+00:00', 'polarity': 0.9861}, {'post_id': 30, 'timestamp': '2023-05-18 14:47:53+00:00', 'polarity': 0.967}]","[97, 34, 30]",3
world_record_promotion_,"[{'post_id': 700, 'timestamp': '2023-04-09 18:55:35+00:00', 'polarity': 0.9176}, {'post_id': 700, 'timestamp': '2023-04-09 18:55:36+00:00', 'polarity': 0.4043}, {'post_id': 700, 'timestamp': '2023-04-09 18:55:39+00:00', 'polarity': 0.4616}]","[700, 700, 700]",3
xiaoyuanron,"[{'post_id': 642, 'timestamp': '2023-03-16 13:16:54+00:00', 'polarity': 0.8857}, {'post_id': 560, 'timestamp': '2023-04-10 14:00:33+00:00', 'polarity': 0.8402}, {'post_id': 561, 'timestamp': '2023-04-13 16:41:22+00:00', 'polarity': 0.8402}, {'post_id': 459, 'timestamp': '2023-04-20 14:43:35+00:00', 'polarity': 0.8857}, {'post_id': 460, 'timestamp': '2023-04-27 17:26:02+00:00', 'polarity': 0.868}]","[642, 560, 561, 459, 460]",5
yarigiovannini,"[{'post_id': 233, 'timestamp': '2023-04-22 19:42:52+00:00', 'polarity': 0.0442}, {'post_id': 236, 'timestamp': '2023-04-22 19:43:01+00:00', 'polarity': 0.728}, {'post_id': 236, 'timestamp': '2023-04-22 19:44:47+00:00', 'polarity': 0.728}]","[233, 236, 236]",3
z.___o___.e,"[{'post_id': 22, 'timestamp': '2023-06-06 18:56:38+00:00', 'polarity': -0.9019}, {'post_id': 22, 'timestamp': '2023-06-06 18:59:04+00:00', 'polarity': -0.3758}, {'post_id': 22, 'timestamp': '2023-06-06 18:59:06+00:00', 'polarity': -0.3758}, {'post_id': 22, 'timestamp': '2023-06-06 19:25:13+00:00', 'polarity': -0.8433}]","[22, 22, 22, 22]",4
