post_id,timestamp,ownerUsername,type,caption,hashtags,likesCount,commentsCount,image
1,2023-06-02 16:34:43+00:00,maryleest,Sidecar,Cannes 2023 with @kilianparis 🤍 #KilianCannes Wearing @mrselfportrait dress ✨,KilianCannes,32070,142,https://scontent-ord5-1.cdninstagram.com/v/t51.2885-15/350766728_1933209967024160_4306952071660994398_n.jpg?stp=dst-jpg_e35_p1080x1080&_nc_ht=scontent-ord5-1.cdninstagram.com&_nc_cat=108&_nc_ohc=i3lff-c7KscAX-J8j6V&edm=AP_V10EBAAAA&ccb=7-5&oh=00_AfCDCJSyiPmYRP87oQ1yW_N8AuHdDUMEKjqBeKBWaFya8A&oe=64847544&_nc_sid=8721cf
2,2023-01-01 07:49:16+00:00,tinaabeysekara,Sidecar,"As the clock struck midnight to ring in 2022, I cried that ‘this will be the worst year ever’.   Kalu, my fur bestie of 18 years, had just been given weeks to live after a terminal cancer diagnosis. How could 2022 ever recover from that?  Yet somehow it came pretty close.  It was a year of ‘ands’… of grieving and landing dream collaborations 💃🏽, of limiting beliefs and growing my jewellery brand @thetreasurededit 💫, of anxieties and saying yes to packing up our lives and moving across the world 🇺🇸. Thank you for supporting me through it all 🫶🏾.  As we welcome 2023 from our new home in San Francisco I couldn’t be further (emotionally and literally 😅) from the person I was.  Scary…AND freeing 🤍.  My 2023 intention is to lean into play and adventure, leading with a ‘what if it all works out?’ mindset.  Excited to share the ride with you all, thank you for following along 🥰  Happy New Year 🥳  T xx",,6565,86,https://instagram.fyei4-1.fna.fbcdn.net/v/t51.2885-15/322954217_230132996013751_2156892200515638258_n.jpg?stp=dst-jpg_e35_s1080x1080&_nc_ht=instagram.fyei4-1.fna.fbcdn.net&_nc_cat=107&_nc_ohc=wsx4h36pWVYAX-I-3Q6&edm=AP_V10EBAAAA&ccb=7-5&oh=00_AfBM4LNycFhxaTeQt5kkx5oD2pMeelU0Td3IHIoCa0_W2w&oe=6484B3F0&_nc_sid=8721cf
3,2023-05-29 18:57:51+00:00,maryleest,Sidecar,The famous stairs 🤎 Photo @gustave_durin   Dress @marmarhalim Jewelry @yessayan Hair @balmainhaircouture Makeup @narsissist,,28936,123,https://instagram.fpeg1-2.fna.fbcdn.net/v/t51.2885-15/349637092_916437719588963_2248943113644867598_n.jpg?stp=dst-jpg_e35_p1080x1080&_nc_ht=instagram.fpeg1-2.fna.fbcdn.net&_nc_cat=111&_nc_ohc=RQg_u1nSFwsAX_JhDIc&edm=AP_V10EBAAAA&ccb=7-5&oh=00_AfCIfu9ctf9tLoQJ9x7IzxIZGM9bUWCJMXnvO_g-NAfJJQ&oe=6484A9C7&_nc_sid=8721cf
4,2023-03-07 19:30:42+00:00,stephaniebroek,Sidecar,"I visualized this moment so many times before. My first @chanelofficial show. I always thought this would happen if/when I’d get promoted from editor to fashion director, or perhaps editor-in-chief one day. But when I quit my editor role to go freelance, attending seemed further away than ever.  Today this dream came true. Not on behalf of a magazine. But on my own. A very proud moment. The show was just as magical as I envisioned. The invitation, Grand Palais Éphémère, the set (a larger than life camellia), the models, the music. A collection dedicated to Gabrielle Chanel’s favorite flower. Hair clips, broches, prints, on shoes: the House’s emblematic flower was everywhere. Thanks so much for having me 🤍🖤 #CHANELFallWinter",CHANELFallWinter,4764,215,https://scontent-lhr8-1.cdninstagram.com/v/t51.2885-15/334555980_5949871798465318_2593556376813726251_n.jpg?stp=dst-jpg_e35_p1080x1080&_nc_ht=scontent-lhr8-1.cdninstagram.com&_nc_cat=110&_nc_ohc=Av0OVZOL1sIAX8FjdYJ&edm=AP_V10EBAAAA&ccb=7-5&oh=00_AfAbCAG177oqlMJXWJk3ef--rH_ngu6CFTLFI37UNsH0JA&oe=64856306&_nc_sid=8721cf
5,2023-05-23 21:11:12+00:00,maryleest,Sidecar,Got to witness such historical moment in cinema … «Killers of the flower moon” in Cannes 💔 #CannesFilmFestival,CannesFilmFestival,13379,123,https://instagram.fprg5-1.fna.fbcdn.net/v/t51.2885-15/348846085_1273632646882466_6027125842197119078_n.jpg?stp=dst-jpg_e35_p1080x1080&_nc_ht=instagram.fprg5-1.fna.fbcdn.net&_nc_cat=102&_nc_ohc=s6XGULvSAHUAX-8A46Z&edm=AP_V10EBAAAA&ccb=7-5&oh=00_AfAiL9dacCfFI_iaiXqe6hJXU3hrCrPT-qpzf0IxeX3PVw&oe=6483906A&_nc_sid=8721cf
6,2023-06-04 18:15:30+00:00,stephaniebroek,Sidecar,back home but my mind is still here </3,,2690,85,https://instagram.fcai20-5.fna.fbcdn.net/v/t51.2885-15/351451016_917567756176981_7571408440399547236_n.jpg?stp=dst-jpg_e35_p1080x1080&_nc_ht=instagram.fcai20-5.fna.fbcdn.net&_nc_cat=101&_nc_ohc=aEycFibV0jgAX93kAC3&edm=AP_V10EBAAAA&ccb=7-5&oh=00_AfAbhIvsLNPaGfiY70y_Bmw6RLt5L14wFjEfSYb2PDAmAg&oe=6483DD38&_nc_sid=8721cf
7,2023-05-22 12:33:05+00:00,maryleest,Sidecar,Red for my second Cannes Film Festival red carpet ❤️  Glam by @thetatithunder @narsissist  Jewelry @hassanzadeh_jewelry,,30237,112,https://scontent-lcy1-2.cdninstagram.com/v/t51.2885-15/347901318_798431285264153_8521779989390282244_n.jpg?stp=dst-jpg_e35_p1080x1080&_nc_ht=scontent-lcy1-2.cdninstagram.com&_nc_cat=105&_nc_ohc=iiGOJ9ga92UAX9-AMb0&edm=AP_V10EBAAAA&ccb=7-5&oh=00_AfD76xIWtIx2kpkE4kiTHur6NT4hMSYynHxoZf_Co6DAbA&oe=64857725&_nc_sid=8721cf
8,2023-06-02 15:00:21+00:00,stephaniebroek,Sidecar,last summer I lived in @bymalenebirger’s kaftans during the third trimester of my pregnancy. this year it’s my form of quiet luxury with a baby (eg: just throwing it on in the morning over my swimsuit without thinking and knowing I’ll look chic all day),,978,53,https://instagram.fcgh23-1.fna.fbcdn.net/v/t51.2885-15/350901034_2321222088079728_4568945524469040860_n.jpg?stp=dst-jpg_e35_p1080x1080&_nc_ht=instagram.fcgh23-1.fna.fbcdn.net&_nc_cat=100&_nc_ohc=-lPJEM-KMwQAX9pcd3H&edm=AP_V10EBAAAA&ccb=7-5&oh=00_AfD3k2FvnrfAbanrDKryiRltbeQbbUFhkWRUA8fsF9bJAw&oe=6483FB27&_nc_sid=8721cf
9,2023-05-19 20:20:16+00:00,maryleest,Sidecar,My Audrey Hepburn moment on the first 76th Cannes Film Festival 💕  Dress @marmarhalim Jewelry @hassanzadeh_jewelry Shoes @gianvitorossi Hair @balmainhaircouture Makeup @narsissist  @campariofficial @the_frntal_pr #camparicinema,camparicinema,32123,172,https://scontent-sjc3-1.cdninstagram.com/v/t51.2885-15/347364495_546967210974934_5178001450579488421_n.jpg?stp=dst-jpg_e35_p1080x1080&_nc_ht=scontent-sjc3-1.cdninstagram.com&_nc_cat=110&_nc_ohc=uc5NwSiZ-lEAX9L9Nb2&edm=AP_V10EBAAAA&ccb=7-5&oh=00_AfBA2swhF7pLnhHej80JJc7IXXykzEtL4plKDB_kyGCurA&oe=64846B80&_nc_sid=8721cf
10,2023-06-01 18:23:18+00:00,stephaniebroek,Sidecar,first mini holiday with olive </3 (and a suitcase full of parachute pants that have become an integral part of my mom uniform + vintage miu miu),,2277,51,https://scontent-atl3-2.cdninstagram.com/v/t51.2885-15/350661180_775442203960384_82063265620025289_n.jpg?stp=dst-jpg_e35_p1080x1080&_nc_ht=scontent-atl3-2.cdninstagram.com&_nc_cat=104&_nc_ohc=86WPGohCbxMAX_rYwLB&edm=AP_V10EBAAAA&ccb=7-5&oh=00_AfCXTvT8f0ztoq2ATbleAUfJPJZivCtJKdj59P-oCaCFoA&oe=6484373A&_nc_sid=8721cf
11,2023-05-26 12:43:54+00:00,maryleest,Sidecar,Last red carpet in Cannes for “Asteroid City” by Wes Anderson 🤎 Dress @marmarhalim tailored by @saifffoux  Jewelry @yessayan @monaelhajj2377 @amarsana_style Hair @balmainhaircouture Makeup @narsissist  @the_frntal_pr,,27133,144,https://scontent-waw1-1.cdninstagram.com/v/t51.2885-15/349052526_815837880054676_5221860881960127237_n.jpg?stp=dst-jpg_e35_p1080x1080&_nc_ht=scontent-waw1-1.cdninstagram.com&_nc_cat=104&_nc_ohc=IS_kEH0WPwkAX-GTqHb&edm=AP_V10EBAAAA&ccb=7-5&oh=00_AfD-oCc2pUczIKLe8WVdH5YwFY0XbAqRB3PCg7peKpsKAw&oe=648385E4&_nc_sid=8721cf
12,2023-05-31 18:38:50+00:00,stephaniebroek,Sidecar,Villa Magnan <33333,,725,30,https://scontent-man2-1.cdninstagram.com/v/t51.2885-15/350432376_163157846555189_3349882497193857929_n.jpg?stp=dst-jpg_e35_s1080x1080&_nc_ht=scontent-man2-1.cdninstagram.com&_nc_cat=105&_nc_ohc=5_o-QqrXMLIAX-z87-Q&edm=AP_V10EBAAAA&ccb=7-5&oh=00_AfBySSzEwQ5r7EC8guhFL9frcSnISOSaEJAzw6lVDukg2g&oe=6483ACFC&_nc_sid=8721cf
13,2023-05-23 18:51:43+00:00,stephaniebroek,Sidecar,"The feminine urge to reinvent yourself during the change of seasons. @himichelleli recently talked about how she has been scared of her closet because she felt weird in her body. Couldn’t relate more atm. While she tried to re-familiarize herself with her own clothing again, I took myself on a vintage/skincare/magazine date. Obsessed over a silver archival Escada jacket and capri pleats @theceiling.shop. Was wowed by @san.serriffe selection of books and magazine. And promised myself to never leave the house without applying @paulaschoicenl new SPF50 ever again",,1618,37,https://scontent-mia3-2.cdninstagram.com/v/t51.2885-15/348293341_1719757705145390_3227928778537418432_n.jpg?stp=dst-jpg_e35_p1080x1080&_nc_ht=scontent-mia3-2.cdninstagram.com&_nc_cat=102&_nc_ohc=kaLtwJi_tksAX_aeqKl&edm=AP_V10EBAAAA&ccb=7-5&oh=00_AfAsf9A06SHfmYeSlxfG-FOtFJfGY4bASQu17GBrUI8NFg&oe=6485659A&_nc_sid=8721cf
14,2023-05-24 18:27:22+00:00,stephaniebroek,Sidecar,Never not searching for the perfect jeans to add to my wardrobe. May have found the perfect low rise subtle y2k wash @samsoesamsoe </3  /ad,,1271,47,https://instagram.fbud4-1.fna.fbcdn.net/v/t51.2885-15/348858329_1296909351252665_4314851257263086487_n.jpg?stp=dst-jpg_e35_p1080x1080&_nc_ht=instagram.fbud4-1.fna.fbcdn.net&_nc_cat=105&_nc_ohc=xqfz0Ycop6sAX97NZvv&edm=AP_V10EBAAAA&ccb=7-5&oh=00_AfAZiw8x5SfJYMMzk9rvU9OYPWxUlM4GjKSqV1pz8r351A&oe=64855E96&_nc_sid=8721cf
15,2023-05-23 10:49:35+00:00,maryleest,Sidecar,Wearing custom couture flower dress for “Killers of the Flower moon” during Cannes Film Festival ❤️ Dress @tatyanakochnova_official Jewelry @hassanzadeh_jewelry Shoes @casadeiofficial Hair @balmainhaircouture Makeup @thetatithunder @narsissist @the_frntal_pr,,31144,163,https://scontent-mia3-2.cdninstagram.com/v/t51.2885-15/348271060_1983752701962343_828019425593889219_n.jpg?stp=dst-jpg_e35_p1080x1080&_nc_ht=scontent-mia3-2.cdninstagram.com&_nc_cat=107&_nc_ohc=qQ-HPBpXqwMAX-kLMEC&edm=AP_V10EBAAAA&ccb=7-5&oh=00_AfANGpO6o6EZ9kNoDiDnDYTr-duAVa2dNd1SaRb66QVuZQ&oe=6483FA26&_nc_sid=8721cf
16,2023-04-23 19:52:12+00:00,tinaabeysekara,Sidecar,"Save this one! 1 white tee, 6 effortless looks 🥰  Little homage to the @uniqlo U Crew Neck tee. Not sponsored, just a good basic!  #whitetshirtoutfits #Uniqlo #weekendoutfit","whitetshirtoutfits, Uniqlo, weekendoutfit",2364,71,https://scontent-ord5-2.cdninstagram.com/v/t39.30808-6/342374305_190741983813975_8475247735715402221_n.jpg?stp=dst-jpg_e35_p1080x1080_sh0.08&_nc_ht=scontent-ord5-2.cdninstagram.com&_nc_cat=103&_nc_ohc=z1X56bc_5uwAX_CCMRh&edm=AP_V10EAAAAA&ccb=7-5&oh=00_AfCAR003G44ae0kXkvUX6iGGHxmlQwpY37cpcoCJ2Wskcg&oe=6484471C&_nc_sid=8721cf
17,2023-05-10 19:16:22+00:00,stephaniebroek,Sidecar,"me BC (Before Cruise) this morning. CE (Cruise Era) me would have worn this @chanelofficial tee with hotpants (or just high-cut leg bikini bottoms), leg warmers, hoops, trainers, and CC logo dumbbells, as suggested by @virginieviard #CHANELCruise #CHANELShow","CHANELCruise, CHANELShow",1042,26,https://instagram.fyto1-1.fna.fbcdn.net/v/t51.2885-15/345986582_268963942220834_6197524140789076389_n.jpg?stp=dst-jpg_e35_p1080x1080&_nc_ht=instagram.fyto1-1.fna.fbcdn.net&_nc_cat=102&_nc_ohc=HMR7vAzLeDUAX_ThFcQ&edm=AP_V10EBAAAA&ccb=7-5&oh=00_AfBPRV2pfB_SWY3CMaZ_2tloMhHK6sjBu58ejNF1HNUyKA&oe=64843042&_nc_sid=8721cf
18,2023-05-14 18:43:00+00:00,stephaniebroek,Sidecar,"New level in life unlocked: motherhood. Thank you for making me a mother when I least expected it. The most curious, giggly, expressive little girl. Wearing her future heirloom, the Tiffany Lock bracelet. One day it will be hers 🔒 @tiffanyandco #TiffanyAndCo #TiffanyLock @tiffany_blauw","TiffanyAndCo, TiffanyLock",4162,234,https://scontent-lax3-1.cdninstagram.com/v/t51.2885-15/346441568_602576035170362_8838644701838263223_n.jpg?stp=dst-jpg_e35_p1080x1080&_nc_ht=scontent-lax3-1.cdninstagram.com&_nc_cat=102&_nc_ohc=XY--z-YG4a0AX_g0ebt&edm=AP_V10EBAAAA&ccb=7-5&oh=00_AfDlYxIp0L-9WbIX7NUOjTivJimzLiBzNrXQeva7vpXqAw&oe=6484E7DE&_nc_sid=8721cf
19,2023-05-07 18:25:02+00:00,stephaniebroek,Sidecar,caprani @gubiofficial,,1396,44,https://scontent-man2-1.cdninstagram.com/v/t51.2885-15/344879578_6141909395846010_5662892048204450683_n.jpg?stp=dst-jpg_e35_p1080x1080&_nc_ht=scontent-man2-1.cdninstagram.com&_nc_cat=106&_nc_ohc=KA0wNS0H8J4AX-P2KR_&edm=AP_V10EBAAAA&ccb=7-5&oh=00_AfC2lhZ1glBoKa_VMRkPxLVSHFJKndiYaQKcG57KzpoSBQ&oe=6484765C&_nc_sid=8721cf
20,2023-05-05 14:37:51+00:00,stephaniebroek,Sidecar,something blue <3,,1804,47,https://scontent-lhr8-2.cdninstagram.com/v/t51.2885-15/345029211_199708776212008_9214366874250512412_n.jpg?stp=dst-jpg_e35_p1080x1080&_nc_ht=scontent-lhr8-2.cdninstagram.com&_nc_cat=104&_nc_ohc=U7A-wWk9VCUAX8jem4s&edm=AP_V10EBAAAA&ccb=7-5&oh=00_AfAtHmp-tCwp2GsQ5hsYuF4AZYopi85t0H2rtuIYF1J-Aw&oe=64843E1D&_nc_sid=8721cf
21,2023-05-21 18:55:47+00:00,gisele,Sidecar,"I used to think how can I make a difference? I am just one person in this enormous world and there is just too much to do, but early on I understood that to amplify change it is essential to join forces and that trough dedication and collaboration everything is possible. From the bottom of my heart, I want to thank everyone who was at the Luz Alliance Gala yesterday, helping us to support nature. Together we were able to raise funds that will be help so many people and projects in Brazil. A special thanks to the amazing @ivetesangalo , @robinrobertsgma , @ingridsilva and @brazilfound .  As Desmond Tutu said: “Do your little bit of good where you are; it's those little bits of good put together that overwhelm the world.” ❤️🙏✨   Costumava pensar: Como posso fazer a diferença? Sou apenas uma pessoa neste mundo enorme e há tanto para ser feito, mas desde cedo percebi que para amplificar a mudança é fundamental unir forças e que através da dedicação e colaboração, tudo é possível. Do fundo do coração, quero agradecer a todos os que estiveram ontem na Gala da Luz Alliance, ajudando-nos a apoiar a natureza. Juntos conseguimos arrecadar fundos que vão ajudar muitas pessoas e projetos no Brasil. Um agradecimento especial às incríveis @IveteSangalo, @RobinRobertsGMA, @IngridSilva e @brazilfound. Como disse Desmond Tutu: “Faça o seu pouco de bem onde você estiver; são esses pequenos pedaços de bem juntos que inundam o mundo.”",,360447,2720,https://scontent-lga3-2.cdninstagram.com/v/t51.2885-15/347851213_761326392158681_807280506740109951_n.jpg?stp=dst-jpg_e35&_nc_ht=scontent-lga3-2.cdninstagram.com&_nc_cat=1&_nc_ohc=hxbjqaLT2HAAX_iwgSN&edm=AP_V10EBAAAA&ccb=7-5&oh=00_AfBj6ZCstr3yyD-GN457XXg0CzAk5l3ntc6xWlUiJVn-bA&oe=6484AA05&_nc_sid=8721cf
22,2023-06-05 14:49:32+00:00,gisele,Sidecar,"Mother Nature is our greatest teacher. She shows us that everything is interconnected and interdependent. Her power comes from her diversity and it depends on it for its  survival. Just like with people, our differences are our strengths, and we get stronger when we work together.  Nature doesn’t judge or divide. She nurtures. She reminds us that every form of life is sacred, and important, and has its own special role in creating balance, so all of life can flourish. Nature has the answers--and by observing her, and mirroring back her example, we can all thrive. This is our home, and our choices create our future.  #WorldEnvironmentDay 🌳❤️ 🌎  A Mãe Natureza é a nossa maior professora. Ela nos mostra que tudo está interligado, interconectado. Seu poder vem de sua diversidade e ela depende disso para sobreviver. Assim como com as pessoas, nossas diferenças nos complementam e nos tornamos mais fortes quando trabalhamos juntos.
A natureza não julga ou divide. Ela nutre. Ela nos lembra que toda forma de vida é sagrada e importante, e tem seu papel fundamental para trazer equilíbrio para que toda a vida possa florescer. A natureza tem muitas respostas - e, observando-a e seguindo seu exemplo, podemos todos prosperar.
Esta é a nossa casa - e as nossas escolhas criam nosso futuro. #DiaMundialdoMeioAmbiente","WorldEnvironmentDay, DiaMundialdoMeioAmbiente",420347,2504,https://instagram.fcai20-1.fna.fbcdn.net/v/t51.2885-15/351100666_574938601390076_1010974362413851871_n.jpg?stp=dst-jpg_e35_p1080x1080&_nc_ht=instagram.fcai20-1.fna.fbcdn.net&_nc_cat=1&_nc_ohc=B-alMigYzV0AX9mL_FI&edm=AP_V10EBAAAA&ccb=7-5&oh=00_AfC4B65H9fBKHgiZBTelL36niA8_Wd_4jvJKiP0CJvnzuQ&oe=6484EEE3&_nc_sid=8721cf
23,2023-05-14 22:12:36+00:00,gisele,Sidecar,"Happy Mother’s Day to all the mom’s out there who with their infinite love can move mountains. Sending you all my love and reverence, especially to my mom , my wonder woman, a warrior who raised six daughters with so much love and care. Love you, mom! ❤️ Feliz Dia das Mães para todas as mamães que com seu amor infinito podem mover montanhas. Envio a vocês todo meu amor e reverência, especialmente para minha mãe, minha mulher maravilha, uma guerreira que criou seis filhas com tanto amor e carinho. Te amo mãe!",,634005,2259,https://instagram.fsaw2-1.fna.fbcdn.net/v/t51.2885-15/347074540_1713358559110802_4321132926504671931_n.jpg?stp=dst-jpg_e35_p1080x1080&_nc_ht=instagram.fsaw2-1.fna.fbcdn.net&_nc_cat=1&_nc_ohc=AOiKHLKZBVUAX8RRsjc&edm=AP_V10EBAAAA&ccb=7-5&oh=00_AfBlCDu6JL8W83jz955Y9eU2vNmY0y51FH6t-0GgpiKxCA&oe=64846329&_nc_sid=8721cf
24,2023-05-02 19:32:40+00:00,gisele,Sidecar,"Being back at the Met Gala to honor Karl and his incredible body of work was very special. I feel grateful that I got to know him and had the privilege of  working with him to create so many memories throughout the years. He is dearly missed by so many but his legacy lives on forever. Thank you @Chanelofficial , @GeorgeCortina @DavidVoncannon @Georgisandev  @ashlie_johnson For getting me ready for this amazing night. ✨  Estar de volta ao Met Gala para homenagear Karl e seu incrível trabalho foi muito especial. Me sinto muito grata por tê-lo conhecido e ter tido o privilégio de trabalhar com ele e ter criado tantas boas memórias ao longo dos anos. Ele faz muita falta, mas seu legado será eterno. Obrigada @Chanel, @GeorgeCortina @DavidVoncannon @Georgisandev @ashlie_johnson por me preparar para esta noite tão especial.",,1343038,16342,https://instagram.fuio21-1.fna.fbcdn.net/v/t51.2885-15/344378046_197820433051298_7330485398090903153_n.jpg?stp=dst-jpg_e35_p1080x1080&_nc_ht=instagram.fuio21-1.fna.fbcdn.net&_nc_cat=102&_nc_ohc=19xKlvP5PCoAX-NxU7X&edm=AP_V10EBAAAA&ccb=7-5&oh=00_AfBB92X2PP9Cqop2MfLk0XYMx0PzHo3ol8qwNtQ_vNoipw&oe=6484A7FE&_nc_sid=8721cf
25,2023-05-04 16:43:31+00:00,gisele,Sidecar,Who is ready for summer?! New @jimmychoo campaign! #JimmyChoo ✨✨✨ Nova campanha de verão da Jimmy Choo.,JimmyChoo,641945,5461,https://scontent-man2-1.cdninstagram.com/v/t51.2885-15/344594938_641546734464402_4440685380304732671_n.jpg?stp=dst-jpg_e35_p1080x1080&_nc_ht=scontent-man2-1.cdninstagram.com&_nc_cat=106&_nc_ohc=4Sraae9nha0AX-o9QdA&edm=AP_V10EBAAAA&ccb=7-5&oh=00_AfCaAu2j9m2CWDQuZZUBfq4jfllQX_Jfo1WsA4ClH8ik7g&oe=64852059&_nc_sid=8721cf
26,2023-04-26 18:23:39+00:00,gisele,Sidecar,"I have no words to express my gratitude for places like the @lotushouseshelter , the largest women's shelter in America, as they provide a haven that allows women and children to heal, reclaim their lives, and build a foundation for the future. I am grateful to help fund the building of the new Children's Village, which will bring education and play, creating new possibilities for children in need. ❤️ Não tenho palavras para expressar o quão grata sou por lugares como a @lotushouseshelter , o maior abrigo para mulheres da América, pois fornecem um refúgio seguro, que permite que mulheres e crianças possam recuperar suas vidas e construir uma base para o futuro. Sou grata por poder ajudar a financiar a construção da nova “Aldeia das Crianças”, um lugar que trará educação e diversão, criando novas possibilidades para as crianças carentes.",,115366,1446,https://instagram.fmkc1-1.fna.fbcdn.net/v/t51.2885-15/343257184_2144698172390785_2754186916958169480_n.jpg?stp=dst-jpg_e35_p1080x1080&_nc_ht=instagram.fmkc1-1.fna.fbcdn.net&_nc_cat=1&_nc_ohc=3750yRJoF6oAX_wILpj&edm=AP_V10EBAAAA&ccb=7-5&oh=00_AfA3BNSGgVrhvr2vBOJ1my9zwCJ_GrHB9C6lZRRo6y-b_A&oe=6483F70E&_nc_sid=8721cf
27,2023-06-02 01:50:26+00:00,rhyancaminske,Sidecar,"Happy June!!   Loving these Amazon tanks for the summer. They come in a pack of 3, multiple color options.   #amazonfinds #amazonstyle #summeroutfit #croppedtank #amazonfashion #jeanshorts #levisshorts #casualstyle #everydaystyle #streetstyle #everydayoutfit #momstyle #liketoknowit #liketoknowitstyle #outfitidea #outfitideas #simplestyle #ootd #hairgoals #haircolorinspo #blondehighlights #blondebabylights #haircolorgoals #hairgrowth #blondehaircolor #hairsupplements   Follow my shop @rhyancaminske on the @shop.LTK app to shop this post and get my exclusive app-only content!  #liketkit  @shop.ltk https://liketk.it/4aAPK","amazonfinds, amazonstyle, summeroutfit, croppedtank, amazonfashion, jeanshorts, levisshorts, casualstyle, everydaystyle, streetstyle, everydayoutfit, momstyle, liketoknowit, liketoknowitstyle, outfitidea, outfitideas, simplestyle, ootd, hairgoals, haircolorinspo, blondehighlights, blondebabylights, haircolorgoals, hairgrowth, blondehaircolor, hairsupplements, liketkit",206,21,https://scontent-muc2-1.cdninstagram.com/v/t51.2885-15/350829429_1197162557624362_5104218778530336668_n.jpg?stp=dst-jpg_e35_p1080x1080&_nc_ht=scontent-muc2-1.cdninstagram.com&_nc_cat=110&_nc_ohc=YRvZ07jhVBgAX_e82EC&edm=AP_V10EBAAAA&ccb=7-5&oh=00_AfAjnn4at6qnwWXlyZ38ANK0wnrWL6JkJsDOuSbK6G5FSQ&oe=6485081C&_nc_sid=8721cf
28,2023-05-15 02:06:35+00:00,rhyancaminske,Sidecar,The ones that call me Mom 🤍,,209,10,https://scontent-ord5-1.cdninstagram.com/v/t51.2885-15/346517748_209087111892582_5002795130111197135_n.jpg?stp=dst-jpg_e35_p1080x1080&_nc_ht=scontent-ord5-1.cdninstagram.com&_nc_cat=106&_nc_ohc=X5o4vIKgwzYAX_lMhH2&edm=AP_V10EBAAAA&ccb=7-5&oh=00_AfBz2pDRNnO41t1cz64wWEvz17ZcOYqSyGpOTB4ZxXEDiw&oe=64847107&_nc_sid=8721cf
29,2023-05-30 00:21:55+00:00,rhyancaminske,Sidecar,❤️🤍💙,,171,6,https://instagram.fsjk2-1.fna.fbcdn.net/v/t51.2885-15/350314330_263587692746457_806776420626279086_n.jpg?stp=dst-jpg_e35_p1080x1080&_nc_ht=instagram.fsjk2-1.fna.fbcdn.net&_nc_cat=109&_nc_ohc=i4UrK9eSdRMAX8Lz3GA&edm=AP_V10EBAAAA&ccb=7-5&oh=00_AfDONGxYFnSz0FaHxBV8mOyMnUYQh69V254fPhO07J6WnQ&oe=64839D5D&_nc_sid=8721cf
30,2023-05-17 12:36:01+00:00,rhyancaminske,Sidecar,"Conference things 👩🏼‍💻 A ton of talking, walking, granola bars and the hottest cocktail hour ever.   The MVPs were my loafers. They were so comfortable and super cute! Second were the work pants, I need them in every color!  . . .  #workclothes #workpants #officeoutfit #workoutfit #blazer #workoutfitideas #workflats #loafers #oldnavyfinds #worktravel #worktrip #womensworkpants #womensworkwear #casualstyle #everydaystyle #streetstyle #everydayoutfit #liketoknowit #liketoknowitstyle #outfitidea #outfitideas #simplestyle #ootd #workshoes   Follow my shop @rhyancaminske on the @shop.LTK app to shop this post and get my exclusive app-only content!  #liketkit  @shop.ltk https://liketk.it/49qM2","workclothes, workpants, officeoutfit, workoutfit, blazer, workoutfitideas, workflats, loafers, oldnavyfinds, worktravel, worktrip, womensworkpants, womensworkwear, casualstyle, everydaystyle, streetstyle, everydayoutfit, liketoknowit, liketoknowitstyle, outfitidea, outfitideas, simplestyle, ootd, workshoes, liketkit",122,13,https://instagram.fbog3-1.fna.fbcdn.net/v/t51.2885-15/347059058_6196496940463377_6610676689975045662_n.jpg?stp=dst-jpg_e35_p1080x1080&_nc_ht=instagram.fbog3-1.fna.fbcdn.net&_nc_cat=109&_nc_ohc=a2UUA81KdvUAX-SrWov&edm=AP_V10EBAAAA&ccb=7-5&oh=00_AfCw1xIUBt-luS-tR-ybrQwKQ2lVZNgsBLNYC3X-46IbJg&oe=6483D728&_nc_sid=8721cf
31,2023-06-05 17:44:13+00:00,rhyancaminske,Sidecar,Mondays are great when you love your job 🩶 I’ve been in my new role for 5 months and I have never been happier in my career. I remember I was SO nervous I was making the wrong decision (full blown meltdowns 😩) and now I’m just annoyed I didn’t make the change sooner!  . . Happy Monday everyone!!  . Here are the shoes I’ve been loving for work and just everyday wear.  . .  #businesscasual #workclothes #workoutfit #worktravel #businesstravel #workshoes #workclothes #carryon #carryonsuitcase #blazeroutfit #sales #salescareer #casualstyle #everydaystyle #streetstyle #everydayoutfit #momstyle #liketoknowit #liketoknowitstyle #outfitidea #outfitideas #simplestyle #ootd   Follow my shop @rhyancaminske on the @shop.LTK app to shop this post and get my exclusive app-only content!  #liketkit  @shop.ltk https://liketk.it/4aOag,"businesscasual, workclothes, workoutfit, worktravel, businesstravel, workshoes, carryon, carryonsuitcase, blazeroutfit, sales, salescareer, casualstyle, everydaystyle, streetstyle, everydayoutfit, momstyle, liketoknowit, liketoknowitstyle, outfitidea, outfitideas, simplestyle, ootd, liketkit",101,11,https://instagram.frba2-1.fna.fbcdn.net/v/t51.2885-15/351837969_1521571391710872_354494654714338158_n.jpg?stp=dst-jpg_e35_p1080x1080&_nc_ht=instagram.frba2-1.fna.fbcdn.net&_nc_cat=100&_nc_ohc=UYaW43rPBPcAX-074XB&edm=AP_V10EBAAAA&ccb=7-5&oh=00_AfBfIgPoEPMrbqaH2tveTlT6RHChhhxoaA6paO_AtJ-8EA&oe=648560A5&_nc_sid=8721cf
32,2023-05-18 17:17:20+00:00,rhyancaminske,Sidecar,"One of the best parts of being in DC this week was getting to have dinner with my Sister-in-law @heathercaminske and her boyfriend @chasewbarlow 🩵 . . . And obvi a pre-dinner hair selfie, because i’m obsessed with the color.  . . . #hairgoals #haircolorinspo #blondehighlights #blondebabylights #haircolorgoals #lowlights #moneypiece #hairgrowth #blondehaircolor #washingtondc","hairgoals, haircolorinspo, blondehighlights, blondebabylights, haircolorgoals, lowlights, moneypiece, hairgrowth, blondehaircolor, washingtondc",124,9,https://scontent-ord5-2.cdninstagram.com/v/t51.2885-15/347292539_170461702644967_3119792942079818933_n.jpg?stp=dst-jpg_e35_p1080x1080&_nc_ht=scontent-ord5-2.cdninstagram.com&_nc_cat=107&_nc_ohc=X-NAZnjdfjQAX8CwUZv&edm=AP_V10EBAAAA&ccb=7-5&oh=00_AfB17yxYN9CPrOYaOIN10Ubxv9xr2ffDSDquJrA947dnhQ&oe=6484A793&_nc_sid=8721cf
33,2023-04-21 01:58:57+00:00,rhyancaminske,Sidecar,"TBT because dinner dates with @karrlton are my favorite 👯‍♀️🤍👯‍♂️ the food might be horrible, but we’ll fine as long as the drinks are good 😂 . . . . . #bodysuit #nightoutoutfit #outfitinspo #abercrombiestyle #casualstyle #everydaystyle #streetstyle #everydayoutfit #momstyle #liketoknowit #liketoknowitstyle #outfitidea #outfitideas #simplestyle #ootd #hairgoals #haircolorinspo #blondehighlights #blondebabylights #haircolorgoals #hairgrowth #blondehaircolor   Follow my shop @rhyancaminske on the @shop.LTK app to shop this post and get my exclusive app-only content!  #liketkit  @shop.ltk https://liketk.it/47t5q","bodysuit, nightoutoutfit, outfitinspo, abercrombiestyle, casualstyle, everydaystyle, streetstyle, everydayoutfit, momstyle, liketoknowit, liketoknowitstyle, outfitidea, outfitideas, simplestyle, ootd, hairgoals, haircolorinspo, blondehighlights, blondebabylights, haircolorgoals, hairgrowth, blondehaircolor, liketkit",174,9,https://scontent-man2-1.cdninstagram.com/v/t51.2885-15/342382296_244764128056557_1830727082345498182_n.jpg?stp=dst-jpg_e35_p1080x1080&_nc_ht=scontent-man2-1.cdninstagram.com&_nc_cat=109&_nc_ohc=BJOTTTSrzrkAX92pHtf&edm=AP_V10EBAAAA&ccb=7-5&oh=00_AfCVxXGYq7Ec5Qx30NWNXezzkNm4vIjINUw4JbL1dx2ARQ&oe=6484262C&_nc_sid=8721cf
34,2023-05-15 02:02:44+00:00,rhyancaminske,Sidecar,Happy Mother’s Day!  Wishing my Mom and sister an extra special Mother’s Day. Love you both so much!,,126,3,https://instagram.fesb10-4.fna.fbcdn.net/v/t51.2885-15/347065018_553366610323491_4304885288174657513_n.jpg?stp=dst-jpg_e35_p1080x1080&_nc_ht=instagram.fesb10-4.fna.fbcdn.net&_nc_cat=103&_nc_ohc=tvxTUgYqhq8AX8juK3c&edm=AP_V10EBAAAA&ccb=7-5&oh=00_AfABYshpsd3oYud-aKCtH2cfVM3Wns2P8U0qGJ1XF2pLvA&oe=6484D876&_nc_sid=8721cf
35,2023-04-16 14:27:10+00:00,rhyancaminske,Sidecar,"3 ab workouts I have been loving.  I normally hate doing core, because I hate traditional crunches and most of the other moves hurt my lower back. These have made me look forward to doing core.  I just tried a few more new moves this week, that I love and want to share!  For my video people, what do you use to hold your phone when you film in the gym?? . . . . #abworkout #standingabs #coreworkout #corestrength #abworkouts #abworkoutsforwomen #mombod #mombody #abday #coreday #coretraining #coreexercises #abexercises #nvgtnleggings #corestabilitytraining","abworkout, standingabs, coreworkout, corestrength, abworkouts, abworkoutsforwomen, mombod, mombody, abday, coreday, coretraining, coreexercises, abexercises, nvgtnleggings, corestabilitytraining",146,13,https://instagram.fman4-2.fna.fbcdn.net/v/t51.2885-15/341320908_168289952837242_7506473148021271935_n.jpg?stp=dst-jpg_e35_p1080x1080&_nc_ht=instagram.fman4-2.fna.fbcdn.net&_nc_cat=110&_nc_ohc=Wb2bTVzagjAAX8ZUvaZ&edm=AP_V10EBAAAA&ccb=7-5&oh=00_AfAmZ1aDXp3NBI8oUGWVEmc7wshVpyyptcmMtEhNrmdzaQ&oe=6483BC2D&_nc_sid=8721cf
36,2023-05-02 18:53:40+00:00,rhyancaminske,Sidecar,"𝟚 𝕞𝕠𝕟𝕥𝕙 progress update of my hair supplements!   There isn’t much of a visible difference, but it definitely feels better! Hair takes forever to grow, but I’m hopeful for the next few months.   The side by side is month 1 and month 2, both pics are my un-styled 3 day old hair. It definitely feels less dry and stronger. Clearly I am due for a cut and color 😂 These almost 2 inch dark brown roots are killing me!   Of you’re interested in trying their products, use code RHYAN for 10% off.  #hairgrowth #haircare #shampoo #supplements #hairgoals #hairproducts #damagedhair #damagedhaircare #damagedhairsolutions #hairsupplement #hairsupplements #growwithgoldie #goldielockshaircare #goldielocks  #haircolorinspo #blondehighlights #blondebabylights #haircolorgoals  #blondehaircolor","hairgrowth, haircare, shampoo, supplements, hairgoals, hairproducts, damagedhair, damagedhaircare, damagedhairsolutions, hairsupplement, hairsupplements, growwithgoldie, goldielockshaircare, goldielocks, haircolorinspo, blondehighlights, blondebabylights, haircolorgoals, blondehaircolor",102,7,https://instagram.fyei4-1.fna.fbcdn.net/v/t51.2885-15/344736302_941559516987393_4856931670097993121_n.jpg?stp=dst-jpg_e35_p1080x1080&_nc_ht=instagram.fyei4-1.fna.fbcdn.net&_nc_cat=109&_nc_ohc=Z5X6x--PE4AAX8SAJ9l&edm=AP_V10EBAAAA&ccb=7-5&oh=00_AfDNlutWDDgwRegW3CHD7WxKgh10B8MBPsI2wLMn43lsfA&oe=6483CDDF&_nc_sid=8721cf
37,2023-04-17 18:43:30+00:00,rhyancaminske,Sidecar,"Well since these jeans were such a big hit, I thought I’d let you know they are back in stock in almost all sizes!   They were perfect for our date night to @itakitchenny. If you go, you have to try the deep fried grilled cheese with vodka sauce!   Jeans linked in my stories or DM me and I’ll send it to you 💚  #abercrombiejeans #datenightoutfit #springoutfit #outfitinspo #blazeroutfit #casualstyle #everydaystyle #streetstyle #everydayoutfit #momstyle #liketoknowit #liketoknowitstyle #outfitidea #outfitideas #simplestyle #ootd #longislandeats #longislandfood #summerjewelry   Follow my shop @rhyancaminske on the @shop.LTK app to shop this post and get my exclusive app-only content!  #liketkit  @shop.ltk https://liketk.it/47bd8","abercrombiejeans, datenightoutfit, springoutfit, outfitinspo, blazeroutfit, casualstyle, everydaystyle, streetstyle, everydayoutfit, momstyle, liketoknowit, liketoknowitstyle, outfitidea, outfitideas, simplestyle, ootd, longislandeats, longislandfood, summerjewelry, liketkit",135,10,https://instagram.fosu2-2.fna.fbcdn.net/v/t51.2885-15/341522833_1749418968788632_7971789426241732382_n.jpg?stp=dst-jpg_e35_p1080x1080&_nc_ht=instagram.fosu2-2.fna.fbcdn.net&_nc_cat=104&_nc_ohc=j1IQBy9GZEsAX-3jt3Z&edm=AP_V10EBAAAA&ccb=7-5&oh=00_AfBneLqYgU0QNce7T-bZllRbLp-02XH58fl7kH7m9T5Kbg&oe=64849F76&_nc_sid=8721cf
38,2023-04-20 01:39:11+00:00,rhyancaminske,Sidecar,"Take me back to the warm weather☀️ . . . . .  T-shirt or dress? You decide.   I’m wearing an X Large shirt, use code RHYAN10 for 10% off your order   #graphictee #cowgirl #concertoutfit #Beachcoverup #oversizedtee #blacksunglasses #summeroutfit #summerstyle #beachstyle #blackaviators #outfitidea #casualstyle #everydaystyle #streetstyle #everydayoutfit #momstyle #liketoknowit #liketoknowitstyle #outfitidea #outfitideas #simplestyle #ootd   Follow my shop @rhyancaminske on the @shop.LTK app to shop this post and get my exclusive app-only content!  #liketkit  @shop.ltk https://liketk.it/47nTA","graphictee, cowgirl, concertoutfit, Beachcoverup, oversizedtee, blacksunglasses, summeroutfit, summerstyle, beachstyle, blackaviators, outfitidea, casualstyle, everydaystyle, streetstyle, everydayoutfit, momstyle, liketoknowit, liketoknowitstyle, outfitideas, simplestyle, ootd, liketkit",132,7,https://instagram.fiev22-2.fna.fbcdn.net/v/t51.2885-15/341894487_910169593602916_8633093994741646598_n.jpg?stp=dst-jpg_e35_p1080x1080&_nc_ht=instagram.fiev22-2.fna.fbcdn.net&_nc_cat=104&_nc_ohc=Ko3VkqVjr7MAX9XQfz_&edm=AP_V10EBAAAA&ccb=7-5&oh=00_AfCLhBHq-dsGmmLUWr-prJ6P_qYKoOKQd5wUfSrKbCW17Q&oe=6483C3C3&_nc_sid=8721cf
39,2023-04-18 14:59:12+00:00,gisele,Sidecar,Nova campanha @vivaraonline ✨ New Vivara’s campaign.,,362493,4089,https://instagram.fhmo2-1.fna.fbcdn.net/v/t51.2885-15/341590698_539074091766014_146887228736966310_n.jpg?stp=dst-jpg_e35_p1080x1080&_nc_ht=instagram.fhmo2-1.fna.fbcdn.net&_nc_cat=102&_nc_ohc=LrYSgm0vCuwAX_gizAH&edm=AP_V10EBAAAA&ccb=7-5&oh=00_AfBvPCPnruSQVXR9itZrgW4494dZjjqc4JX1Qw5b5ZEjoA&oe=6484CCB0&_nc_sid=8721cf
40,2023-05-21 17:52:26+00:00,stephaniebroek,Sidecar,"ballet flats, parachute pants and this elite @dior bar jacket",,1349,42,https://instagram.fyei6-2.fna.fbcdn.net/v/t51.2885-15/348282784_1380165232832377_1009001304148119268_n.jpg?stp=dst-jpg_e35_p1080x1080&_nc_ht=instagram.fyei6-2.fna.fbcdn.net&_nc_cat=101&_nc_ohc=kpvQ6y8xEN4AX-mGpwu&edm=AP_V10EBAAAA&ccb=7-5&oh=00_AfANbDXBSnnIrywRrvf_l2JKa_Ll1tvcMT8k3yDPGh445g&oe=6484922E&_nc_sid=8721cf
41,2023-06-03 12:25:54+00:00,carodaur,Sidecar,"comment your fav look 🤝🏻 1,2,3,4,5 or 6?",,25002,809,https://scontent-iad3-1.cdninstagram.com/v/t51.2885-15/351280270_265826205985190_555423201063963926_n.jpg?stp=dst-jpg_e35_p1080x1080&_nc_ht=scontent-iad3-1.cdninstagram.com&_nc_cat=102&_nc_ohc=vL8PZ0vwthkAX_ZbWFd&edm=AP_V10EBAAAA&ccb=7-5&oh=00_AfDFVA0FkI--_xsDvCwf90HQ9ExAMx7646jaJjT8gCovsw&oe=64853EF4&_nc_sid=8721cf
42,2023-06-04 19:27:37+00:00,carodaur,Sidecar,about last week #daurdump,daurdump,35122,137,https://scontent-man2-1.cdninstagram.com/v/t51.2885-15/351452661_803567134304239_5315199158648629875_n.jpg?stp=dst-jpg_e35_p1080x1080&_nc_ht=scontent-man2-1.cdninstagram.com&_nc_cat=1&_nc_ohc=nwCgorN8vlUAX-cl5bN&edm=AP_V10EBAAAA&ccb=7-5&oh=00_AfD_7bISEwH_GzTF6i39Dv6nOeJvkHChQyYGRrh4XVSHuQ&oe=6484C305&_nc_sid=8721cf
43,2023-05-30 09:58:36+00:00,carodaur,Sidecar,about last week #daurdump,daurdump,52006,282,https://scontent-lcy1-2.cdninstagram.com/v/t51.2885-15/350447486_225435936900850_4328770946518206905_n.jpg?stp=dst-jpg_e35_p1080x1080&_nc_ht=scontent-lcy1-2.cdninstagram.com&_nc_cat=110&_nc_ohc=nB576YJeSkUAX-hp6RX&edm=AP_V10EBAAAA&ccb=7-5&oh=00_AfAWzMQJnirjy51h2nDv5hurd4nuSN1e3sdL_d29k8eCQA&oe=64856AEE&_nc_sid=8721cf
44,2023-05-29 18:14:32+00:00,camilacoelho,Sidecar,Race weekend 🏁 #F1Monaco  I grew to like F1 with Icaro and now I just loveeeee it too much!  ——— Aprendi a gostar de fórmula 1 com Icaro e agora sou apaixonada! A adrenalina é a demais!  • •  #monacograndprix #f1 #cars #ootd,"F1Monaco, monacograndprix, f1, cars, ootd",101242,284,https://instagram.fsdu40-1.fna.fbcdn.net/v/t51.2885-15/350401870_913094183325129_8567701272534716154_n.jpg?stp=dst-jpg_e35_p1080x1080&_nc_ht=instagram.fsdu40-1.fna.fbcdn.net&_nc_cat=109&_nc_ohc=T-6tHIPvu7UAX9U-20u&edm=AP_V10EBAAAA&ccb=7-5&oh=00_AfBAd_RceSlloCPxGav8rAC0kr4S7cChPwc7y6PhI9GUoQ&oe=64847B4F&_nc_sid=8721cf
45,2023-05-27 16:11:39+00:00,camilacoelho,Sidecar,riviera golden hour 🌙   • #ootd #cannes,"ootd, cannes",158048,744,https://scontent-ord5-1.cdninstagram.com/v/t51.2885-15/349225562_5572746026160935_9172675169356510036_n.jpg?stp=dst-jpg_e35_p1080x1080&_nc_ht=scontent-ord5-1.cdninstagram.com&_nc_cat=111&_nc_ohc=5K8AO9HckREAX_RuNVw&edm=AP_V10EBAAAA&ccb=7-5&oh=00_AfCweqp6iN7Z9U5G9dfexulpiBppZWalbHJtpNjaUCMXbQ&oe=64847ADA&_nc_sid=8721cf
46,2023-06-06 16:21:47+00:00,josefinehj,Sidecar,,,11234,47,https://scontent-lga3-2.cdninstagram.com/v/t51.2885-15/352236322_642501430712904_4312481091084037792_n.jpg?stp=dst-jpg_e35_p1080x1080&_nc_ht=scontent-lga3-2.cdninstagram.com&_nc_cat=1&_nc_ohc=wNPeXYkLVgEAX9-odD0&edm=AP_V10EBAAAA&ccb=7-5&oh=00_AfDrYYnKkCR9UPvvGC8oegM1rHTHRSlgv4tG_manakjr5w&oe=64839246&_nc_sid=8721cf
47,2023-05-08 13:00:13+00:00,dolcegabbana_beauty,Sidecar,Feeling the #DGSummerVibes in the idyllic Capri setting is the latest limited edition for Him by #DolceGabbana. An energizing blend of Mediterranean citrus and woody undertones.  Photography @stevenbrahms  #DGLightBlue #DGBeauty #MadeinItaly,"DGSummerVibes, DolceGabbana., DGLightBlue, DGBeauty, MadeinItaly",12719,284,https://instagram.ftpa1-2.fna.fbcdn.net/v/t51.2885-15/345483688_120705131014842_2071179685473897133_n.jpg?stp=dst-jpg_e35_p1080x1080&_nc_ht=instagram.ftpa1-2.fna.fbcdn.net&_nc_cat=106&_nc_ohc=BC9mofBjAdkAX9TJjHV&edm=AP_V10EBAAAA&ccb=7-5&oh=00_AfBZDvUtHSZ2gidnUUjIdeSAMqj--BzN9QUcDUdDqPgcjA&oe=6483BAF2&_nc_sid=8721cf
48,2023-05-08 19:50:46+00:00,aimeesong,Sidecar,grateful ❤️ @tiffanyandco #MothersDay #TiffanyPartner,"MothersDay, TiffanyPartner",19844,213,https://scontent-mty2-1.cdninstagram.com/v/t51.2885-15/345239628_1374875943357990_2700691301470948339_n.jpg?stp=dst-jpg_e35_p1080x1080&_nc_ht=scontent-mty2-1.cdninstagram.com&_nc_cat=106&_nc_ohc=lcNBA5fZj74AX8dq8rO&edm=AP_V10EBAAAA&ccb=7-5&oh=00_AfCmJr5U0Wl4XyVETDvxqgwngeqStQNaxbsrbOtZjKAwbA&oe=6483D6AA&_nc_sid=8721cf
49,2023-05-14 18:40:24+00:00,camilacoelho,Sidecar,My first Mother’s Day 🥹💛  I still pinch myself everyday! Kai you are the greatest gift that life has given me!  Happy Mother’s Day to all of the beautiful loving mamas out there!  Wearing the @michaelkors Runway watch and dress! ✨ #MKMothersDay mkpartner  FELIZ DIA DAS MÃES PRA TODAS VOCÊS MAMÃES MARAVILHOSAS!   #mothersday #mom,"MKMothersDay, mothersday, mom",125312,421,https://instagram.fhfa2-2.fna.fbcdn.net/v/t51.2885-15/346490407_1129664851758943_1816098472039046884_n.jpg?stp=dst-jpg_e35_p1080x1080&_nc_ht=instagram.fhfa2-2.fna.fbcdn.net&_nc_cat=107&_nc_ohc=PNCjf4_-nskAX_9i7GS&edm=AP_V10EBAAAA&ccb=7-5&oh=00_AfBdhDDPmUi0jZvEe-i6A28GfAWtgOM5aaDa8b-8O0h6bg&oe=6484F2F4&_nc_sid=8721cf
50,2023-05-07 16:57:17+00:00,camilacoelho,Sidecar,race weekend mood 🏁❤️ #ootn  Fim de semana de corrida F1 em Miami!   #f1 #f1miami #palmangels,"ootn, f1, f1miami, palmangels",270901,823,https://instagram.fhan2-4.fna.fbcdn.net/v/t51.2885-15/345434785_1354709658429240_2753296264707918773_n.jpg?stp=dst-jpg_e35_p1080x1080&_nc_ht=instagram.fhan2-4.fna.fbcdn.net&_nc_cat=100&_nc_ohc=B2Q41Uv9Uj8AX96KI9w&edm=AP_V10EBAAAA&ccb=7-5&oh=00_AfCBj0Xe1N-Xe6a-c9FeLG6TgZEB4_UpZsCpMKtyraIHYw&oe=64850316&_nc_sid=8721cf
51,2023-05-23 22:12:43+00:00,camilacoelho,Sidecar,Riviera touchdown 🇫🇷 #cannes  • Look from @revolve @fwrd ad,cannes,137836,733,https://instagram.fala4-2.fna.fbcdn.net/v/t51.2885-15/348831888_197136703240964_1822354917634487499_n.jpg?stp=dst-jpg_e35_p1080x1080&_nc_ht=instagram.fala4-2.fna.fbcdn.net&_nc_cat=108&_nc_ohc=XAKOe325oQAAX_q-Lxr&edm=AP_V10EBAAAA&ccb=7-5&oh=00_AfAXnupVNhUxC-txmXV2Y8brhqDEdpnevMbglN96mP3a5A&oe=64854A2C&_nc_sid=8721cf
52,2023-05-13 19:08:25+00:00,camilacoelho,Sidecar,9 months ago till now 🥹💙 when my biggest dream came true!  ———- Os últimos 9 meses🥹💙 quando meu maior sonho se realizou! #mom #son #family #mothersday,"mom, son, family, mothersday",356527,652,https://scontent-ord5-1.cdninstagram.com/v/t51.2885-15/346256197_738280014967916_5686942973741776388_n.jpg?stp=dst-jpg_e35_p1080x1080&_nc_ht=scontent-ord5-1.cdninstagram.com&_nc_cat=108&_nc_ohc=vCcUmV6Bu-AAX9GG4ow&edm=AP_V10EBAAAA&ccb=7-5&oh=00_AfD58tfV3Oe6zndM6ktWp4dm0i1sI6-WsAeUaL7ClTafhg&oe=6483DCDC&_nc_sid=8721cf
53,2023-05-07 23:55:16+00:00,camilacoelho,Sidecar,Let’s race🏁🏎️ Thanks for having me @ferrari ! Such an epic day at #F1Miami  • @ferraristyle #FerrariStyle #F1 #ferrari,"F1Miami, FerrariStyle, F1, ferrari",338678,981,https://instagram.fvvi1-2.fna.fbcdn.net/v/t51.2885-15/345417415_1613398909136678_462103209899614956_n.jpg?stp=dst-jpg_e35_p1080x1080&_nc_ht=instagram.fvvi1-2.fna.fbcdn.net&_nc_cat=102&_nc_ohc=L1vNM3jL_OQAX9pRzPR&edm=AP_V10EBAAAA&ccb=7-5&oh=00_AfC8Kzagte7AGC74-5hLaiodXKwbQfgoLCq-6hUfUG-_mg&oe=6484315E&_nc_sid=8721cf
54,2023-06-04 22:48:49+00:00,everyday.holly,Sidecar,"Happy Sunday! Last weeks Top Sellers!   💥Sales! #1 is on sale in certain colors #3 has 25% off #4 is 15% off + 5% off clickable coupon Click on sizing to see the discounts appear for Amazon pieces.  Discounts can go away at any moment.  Comment LINKS for all the links & sizing info to be sent to you! ⚠️ You will not see my messages if you are not following me or you have your messages restricted in privacy settings.   For reference: I’m 5’1, 109lbs 1 - Free People Freya looksalike - wearing a small TTS  2 - Linen V-neck Jumupsuit - wearing a small TTS 3 - 2 piece skirt set - small TTS 4 - High Waisted Wide Leg Trouser XS short in camel TTS 5 - Linen blend Cropped pants size small - TTS  How to ship my posts: 1 - Click the link in my bio , then click “Shop my Reels & TikTok’s” look for the outfit picture and tap the link to shop. 😊 2 -Comment “LINKS” (no other text or emoji’s) for the links & sizing info.  3 - free LTK app - Follow Everyday.holly Direct Link to type into your browser  https://liketk.it/4aL68   #amazonfashion #top5 #casualoutfits #easyoutfits  #summersandals  #petitefriendly #summeroutfit  #springstyle  #summerstyle  #comfystyle #momstyle  #summerdressses #denimshorts #summerbasics #summerstyle #vacationoutfit  #amazonfashionfinds #amazonfinds #founditonamazon #founditonamazonfashion #targetstyle #targetfashion #petiteoutfit #petitestyle","1, 3, 4, amazonfashion, top5, casualoutfits, easyoutfits, summersandals, petitefriendly, summeroutfit, springstyle, summerstyle, comfystyle, momstyle, summerdressses, denimshorts, summerbasics, vacationoutfit, amazonfashionfinds, amazonfinds, founditonamazon, founditonamazonfashion, targetstyle, targetfashion, petiteoutfit, petitestyle",1308,385,https://instagram.fyxd4-1.fna.fbcdn.net/v/t51.2885-15/351144500_2536578036500540_3909141460424159038_n.jpg?stp=dst-jpg_e35_p1080x1080&_nc_ht=instagram.fyxd4-1.fna.fbcdn.net&_nc_cat=108&_nc_ohc=CwPKD-rW0tsAX9OyKBk&edm=AP_V10EBAAAA&ccb=7-5&oh=00_AfCSo6P5e6kDVKYKdhyPvFp2pgipHM8uIr77LpCoNENUQQ&oe=6483F021&_nc_sid=8721cf
55,2023-05-28 15:12:41+00:00,everyday.holly,Sidecar,"Happy Sunday! Last weeks Top Sellers!   💥Sales! #2 is 25% off!  #3 has a 10% off coupon.  #4 is on sale for $19, reg $26 #5 is 40% off!  Click on sizing to see the discounts appear for Amazon pieces.  Discounts can go away at any moment.  Comment LINKS for all the links & sizing info to be sent to you! ⚠️ Follow me first! You will not see my messages if you are not following me or you have your messages restricted in privacy settings.   For reference: I’m 5’1, 109lbs 1 - V-neck linen blend romper - small TTS  2 - 2 piece skirt set - small TTS 3 - Stretch Activewear shorts XS TTS 4 - Tarte Dab & Go, waterproof root-touch up concealer 5 - Halter neck floral blouse XS TTS  How to ship my posts: 1 - Click the link in my bio , then click “Shop my Reels & TikTok’s” look for the outfit picture and tap the link to shop. 😊 2 -Comment “LINKS” (no other text or emoji’s) for the links & sizing info.  3 - free LTK app - Follow Everyday.holly Direct Link to type into your browser https://liketk.it/4ah1Z   #amazonfashion #top5 #casualoutfits #easyoutfits  #summersandals  #petitefriendly #summeroutfit  #springstyle  #summerstyle  #comfystyle #momstyle  #summerdressses #highwaistedwhiteshorts #summerbasics #summerstyle #vacationoutfit  #amazonfashionfinds #amazonfinds #founditonamazon #founditonamazonfashion #targetstyle #targetfashion #petiteoutfit #petitestyle","2, 3, 4, 5, amazonfashion, top5, casualoutfits, easyoutfits, summersandals, petitefriendly, summeroutfit, springstyle, summerstyle, comfystyle, momstyle, summerdressses, highwaistedwhiteshorts, summerbasics, vacationoutfit, amazonfashionfinds, amazonfinds, founditonamazon, founditonamazonfashion, targetstyle, targetfashion, petiteoutfit, petitestyle",1009,255,https://scontent-bos5-1.cdninstagram.com/v/t51.2885-15/350091840_981739143266828_2308288440635933591_n.jpg?stp=dst-jpg_e35_p1080x1080&_nc_ht=scontent-bos5-1.cdninstagram.com&_nc_cat=108&_nc_ohc=PkmP_IOw9ssAX_RSIQE&edm=AP_V10EBAAAA&ccb=7-5&oh=00_AfA_z1RKaffKG9BPpOHj6WABUIO8h_Y3SaMycwbQ0mHqig&oe=64840450&_nc_sid=8721cf
56,2023-06-05 13:49:24+00:00,lojafashioncloset,Sidecar,se esfriar a gente já escolheu nosso casaco FAV 🤍,,118,4,https://scontent-ord5-1.cdninstagram.com/v/t51.2885-15/351264560_270939132111657_1755484869633617460_n.jpg?stp=dst-jpg_e35_p1080x1080&_nc_ht=scontent-ord5-1.cdninstagram.com&_nc_cat=109&_nc_ohc=2TD4urg0gqsAX-zJPeV&edm=AP_V10EBAAAA&ccb=7-5&oh=00_AfBgFh72yzSVanyQBuohS52qcZmq_vqqQ7KhU9XJJiXFnQ&oe=6483B492&_nc_sid=8721cf
57,2023-06-01 15:26:54+00:00,josefinehj,Sidecar,Pj’s and suede 🫶🏼🫶🏼🫶🏼,,11328,66,https://scontent-dfw5-1.cdninstagram.com/v/t51.2885-15/350399124_282537384213329_8535632127093041991_n.jpg?stp=dst-jpg_e35_p1080x1080&_nc_ht=scontent-dfw5-1.cdninstagram.com&_nc_cat=105&_nc_ohc=rcZl7FEw4RIAX8LjlJ6&edm=AP_V10EBAAAA&ccb=7-5&oh=00_AfA8ZRFib239GA9yuCYkT5RSF22Bp1_LFlZ1wsoS92-Fhg&oe=6484466E&_nc_sid=8721cf
58,2023-06-02 13:10:53+00:00,josefinehj,Sidecar,,,4864,25,https://scontent-dfw5-1.cdninstagram.com/v/t51.2885-15/350484191_801236391397213_6861742576704355204_n.jpg?stp=dst-jpg_e35_p1080x1080&_nc_ht=scontent-dfw5-1.cdninstagram.com&_nc_cat=101&_nc_ohc=OUCXkzio89wAX_BQiPC&edm=AP_V10EBAAAA&ccb=7-5&oh=00_AfBCUpv2SgkfUm4KCtvnuVFW88UpIti75sy8lfm9APKW4Q&oe=6483A215&_nc_sid=8721cf
59,2023-05-30 15:56:19+00:00,lojafashioncloset,Sidecar,"TÁ ON! 🚨 o nosso drop FSHN TRIP chegou e já arranca suspiro por onde passa: com modelagens best sellers, caimento PERFEITO, tecido de alta qualidade com estampa exclusiva e claro produzido no Brasil e com muito carinho pra VOCÊ! 🫶🏻",,648,9,https://scontent-ord5-2.cdninstagram.com/v/t51.2885-15/350242387_241772361789730_371212082084468322_n.jpg?stp=dst-jpg_e35_p1080x1080&_nc_ht=scontent-ord5-2.cdninstagram.com&_nc_cat=110&_nc_ohc=qsO1E4aZ5VwAX-LUYCj&edm=AP_V10EBAAAA&ccb=7-5&oh=00_AfBBIv2OU-ivK_RZM5HDa-wyzaqXOdbgsvIdUTBS8fMZ8A&oe=6485050C&_nc_sid=8721cf
60,2023-06-02 15:42:27+00:00,lojafashioncloset,Sidecar,#FSHNLOOK w/ @nahcardoso ❤️ ela usa: calça fshn girl + cropped fshn + cinto… QUEM AMOU?! 👀,FSHNLOOK,479,7,https://scontent-lga3-1.cdninstagram.com/v/t51.2885-15/351096728_974925146843714_135153709215300229_n.jpg?stp=dst-jpg_e35_p1080x1080&_nc_ht=scontent-lga3-1.cdninstagram.com&_nc_cat=102&_nc_ohc=1JXvAxkxEWYAX_QILZq&edm=AP_V10EBAAAA&ccb=7-5&oh=00_AfDBmQbxpOg6wIuxQTFq-yeEPH4oSKV1WqowdbY7guFA1Q&oe=648536CA&_nc_sid=8721cf
61,2023-05-29 00:07:00+00:00,lojafashioncloset,Sidecar,"/// FSHN TRIP é o nosso novo DROP que chegou e já deixou todas as fashion girls BABANDO! \0/  . . . nosso drop é composto por 4 peças irresistível: vestido midi, vestido curto, body e biquíni… com modelagens must have e cuidadas minuciosamente para ficarem PERFEITASSSS + estampa exclusiva e qualidade FSHN, tudo produzido no Brasil e com muito carinho pra VOCÊ 🫶🏻",,350,9,https://scontent-bos5-1.cdninstagram.com/v/t51.2885-15/349304556_6782410811772996_1149511061426386920_n.jpg?stp=dst-jpg_e35_p1080x1080&_nc_ht=scontent-bos5-1.cdninstagram.com&_nc_cat=100&_nc_ohc=d4EhwAzBdw4AX-Fk27d&edm=AP_V10EBAAAA&ccb=7-5&oh=00_AfBw__HfN57YueMLKhC9PMjgPVaEsqcxfm0iaTmGNJE8Gg&oe=648456B8&_nc_sid=8721cf
62,2023-04-20 18:47:30+00:00,stephaniebroek,Sidecar,love an anonymous anti it bag @aestherekme (this is the sac bucket in tabacco) #aestherekme #aedit /partner,"aestherekme, aedit",2306,63,https://scontent-lax3-1.cdninstagram.com/v/t51.2885-15/342224918_255831976874042_3459930680408956504_n.jpg?stp=dst-jpg_e35_p1080x1080&_nc_ht=scontent-lax3-1.cdninstagram.com&_nc_cat=102&_nc_ohc=Mqq4akFkrm4AX9SmMPo&edm=AP_V10EBAAAA&ccb=7-5&oh=00_AfDCL-qV4e-mq6dKPOmYaspD-eMX9uS8xzmxgGzRDxoQlw&oe=6484AA81&_nc_sid=8721cf
63,2023-04-26 18:23:59+00:00,stephaniebroek,Sidecar,"i can’t wear a @ysl tuxedo and not think about nan kempner, who in 1968 famously dropped the bottom half of yves saint laurent’s revolutionary le smoking when a restaurant denied her access because she was wearing trousers. the socialite played off the jacket as a mini dress and proceeded to dine sans pants, her fabulous legs exposed. a vibe <3 (feeling equally chic in saint laurent resort23)",,1135,108,https://scontent-hou1-1.cdninstagram.com/v/t51.2885-15/343266690_1259542738294883_6452319713219968199_n.jpg?stp=dst-jpg_e35_p1080x1080&_nc_ht=scontent-hou1-1.cdninstagram.com&_nc_cat=111&_nc_ohc=RVDksOK_-JEAX_ruhJC&edm=AP_V10EBAAAA&ccb=7-5&oh=00_AfCIlfgoEYEMaIvftopHMOTY8TLrhNEslYaVhQEcpdC5AQ&oe=64846873&_nc_sid=8721cf
64,2023-04-10 18:37:24+00:00,stephaniebroek,Sidecar,plan de paris @dior #diorSS23,diorSS23,427,13,https://scontent-sea1-1.cdninstagram.com/v/t51.2885-15/340845803_126230860351657_5797726695745144122_n.jpg?stp=dst-jpg_e35_p1080x1080&_nc_ht=scontent-sea1-1.cdninstagram.com&_nc_cat=101&_nc_ohc=t8EVeBaWy84AX_fDO50&edm=AP_V10EBAAAA&ccb=7-5&oh=00_AfCToi5CbudzH0cSx-v_4FOtoG9r39BR2w8_iMeFE25kzg&oe=648516E9&_nc_sid=8721cf
65,2023-04-06 18:36:35+00:00,stephaniebroek,Sidecar,2 months later and still thinking about @palomawool,,1802,25,https://scontent-lax3-2.cdninstagram.com/v/t51.2885-15/340168077_762203518792203_2110835804266739431_n.jpg?stp=dst-jpg_e35_p1080x1080&_nc_ht=scontent-lax3-2.cdninstagram.com&_nc_cat=103&_nc_ohc=Bqxqd6tp0ecAX-aZE3B&edm=AP_V10EBAAAA&ccb=7-5&oh=00_AfD_K8A525mjiZoXsj3b5zRIRrwE8sPtSwv4N93LcavZMg&oe=6483EC85&_nc_sid=8721cf
66,2023-03-22 19:12:35+00:00,stephaniebroek,Sidecar,your favorite fashion widow,,899,47,https://scontent-lhr8-1.cdninstagram.com/v/t51.2885-15/337083920_519523767009117_1092756516384969741_n.jpg?stp=dst-jpg_e35_p1080x1080&_nc_ht=scontent-lhr8-1.cdninstagram.com&_nc_cat=109&_nc_ohc=T5D6UzYmD9IAX9KI0Hp&edm=AP_V10EBAAAA&ccb=7-5&oh=00_AfC39Dfwg9e9vNq7Xj5KARirvARF02O1g8FTf07VoV7ELA&oe=6484E361&_nc_sid=8721cf
67,2023-03-30 18:33:39+00:00,stephaniebroek,Sidecar,march camera roll with a 6 month old 🫒,,3462,79,https://instagram.fosu2-1.fna.fbcdn.net/v/t51.2885-15/338927333_1247055659557074_5179102984361435201_n.jpg?stp=dst-jpg_e35_p1080x1080&_nc_ht=instagram.fosu2-1.fna.fbcdn.net&_nc_cat=106&_nc_ohc=Ek1tKPZbpmwAX_qJjhd&edm=AP_V10EBAAAA&ccb=7-5&oh=00_AfDpbYhW9nTjqvUlZpUBn_k1A6ZMmLQGLFwBI4wVuXnEqA&oe=64843CBD&_nc_sid=8721cf
68,2023-03-26 18:51:51+00:00,stephaniebroek,Sidecar,"This weekend’s museum fit: @filippa_k tuxedo trousers, yak cardigan and off-white shoulder bag from the SS23 collection /ad",,1897,44,https://scontent-ord5-1.cdninstagram.com/v/t51.2885-15/338160439_771650274304225_8903772633138970380_n.jpg?stp=dst-jpg_e35_p1080x1080&_nc_ht=scontent-ord5-1.cdninstagram.com&_nc_cat=101&_nc_ohc=FiXoKCkK9AUAX92oLnU&edm=AP_V10EBAAAA&ccb=7-5&oh=00_AfBbXREzMP3Auj3ZSvo5L0wqQbFhuWu1MIfyj_J6IuqO7g&oe=6483E57F&_nc_sid=8721cf
69,2023-03-08 20:17:02+00:00,stephaniebroek,Sidecar,"Last year I was fortunate enough to visit the @maisonmargiela atelier in Paris before it closed down. The building, a former convent in the 11th, I knew by heart from documentaries and books. Furniture covered in white fabric, white paint splatter everywhere from when Martin and his team first moved in.  This season I was invited to the House’s new (and much bigger) HQ in the 16th. It may not have Martin’s soul, but his legacy lives on. It’s in the white fabric covered chairs at the reception, the tabi shaped footprints directing to the elevators, his bottle lamps with blank labels.  But the new HQ also has John Galliano written all over it. To celebrate the move, the basement atelier was turned into an art installation inspired by his short film for the latest Artisanal collection called Cinema Inferno. Thanks so much for showing me around @moakarlsvard and for letting me drool over the AW23 collection (and for bombarding you with questions about what it’s like to work for MM as the fashion nerd I am)",,891,20,https://instagram.ftlv19-1.fna.fbcdn.net/v/t51.2885-15/334594133_934124170946732_790945992454493302_n.jpg?stp=dst-jpg_e35_p1080x1080&_nc_ht=instagram.ftlv19-1.fna.fbcdn.net&_nc_cat=108&_nc_ohc=Z-2WxAcde8cAX9VfDEp&edm=AP_V10EBAAAA&ccb=7-5&oh=00_AfATN0ggrDWBblIsXjkQUhkZ5Vx6j50wLn6JIvyTglLQiw&oe=6485600E&_nc_sid=8721cf
70,2023-03-21 19:10:16+00:00,stephaniebroek,Sidecar,"POV: you have the new @filippa_k store all to yourself. Obsessing over the icey blue floors, vintage design (the Rougier shell lamp, the Ducaroy for Ligne Roset sofa), and tapestries in the fitting rooms made from leftover yarn from previous collections. But most of all, the House’s new direction under the helm of new creative director Liisa Kessler. Still all about minimalism and forever pieces, but elevated and undeniably cool",,1821,93,https://instagram.fksn2-1.fna.fbcdn.net/v/t51.2885-15/336560256_971616334194791_6094880530954258024_n.jpg?stp=dst-jpg_e35_p1080x1080&_nc_ht=instagram.fksn2-1.fna.fbcdn.net&_nc_cat=111&_nc_ohc=4mzXUCgq3xsAX9zmBhE&edm=AP_V10EBAAAA&ccb=7-5&oh=00_AfCC7nOmjM6qVasd5U3Jg_B2QM1kyIdW9tg1VCUcXaO-Hg&oe=64855178&_nc_sid=8721cf
71,2023-03-19 19:29:55+00:00,stephaniebroek,Sidecar,summer me cosplay at home in ss23 @samsoesamsoe until the weather catches up so I’ll be able to wear tanktops and bermuda shorts outside of my apartment too,,1390,54,https://scontent-dfw5-1.cdninstagram.com/v/t51.2885-15/336963620_870683160698278_953588350085428646_n.jpg?stp=dst-jpg_e35_p1080x1080&_nc_ht=scontent-dfw5-1.cdninstagram.com&_nc_cat=110&_nc_ohc=4d8d-BKbFggAX9kCiQv&edm=AP_V10EBAAAA&ccb=7-5&oh=00_AfDhAII92fIT0st0dT5EqpXGdqmGqA8bOBCKKmDV0eKbdw&oe=64851AD7&_nc_sid=8721cf
72,2023-03-22 12:09:04+00:00,gisele,Sidecar,New @vanityfair by 📸 @lachlanbailey styled by @georgecortina . Thank you Michelle Ruiz for coming to CR to spend time with me.✨ Nova @vanityfair por 📸 @lachlanbailey styling por @georgecortina.  Obrigada Michelle Ruiz por vir a CR para passar um tempo comigo.,,359437,4552,https://instagram.fpfb6-1.fna.fbcdn.net/v/t51.2885-15/337562151_179613534840916_7263425552756831550_n.jpg?stp=dst-jpg_e35_p1080x1080&_nc_ht=instagram.fpfb6-1.fna.fbcdn.net&_nc_cat=104&_nc_ohc=eKIV602fo3gAX-_SBuT&edm=AP_V10EBAAAA&ccb=7-5&oh=00_AfBEj-njxWZ6dDddBNP3_9KRKPEJg1NNChAemc-a6-OtLg&oe=64841FB0&_nc_sid=8721cf
73,2023-05-19 11:08:17+00:00,marianodivaio,Sidecar,How many times a week do u train? 👊🏽 I’ve changed my routine and I’m only training twice a week with a different approach. I love it. What about u?  • #beastmode  #nevergiveup  #mdvfitness,"beastmode, nevergiveup, mdvfitness",78977,538,https://scontent-den4-1.cdninstagram.com/v/t51.2885-15/347441773_1729107400875533_776150179674814342_n.jpg?stp=dst-jpg_e35_p1080x1080&_nc_ht=scontent-den4-1.cdninstagram.com&_nc_cat=105&_nc_ohc=inds4OQSVfIAX8mfUDs&edm=AP_V10EBAAAA&ccb=7-5&oh=00_AfB9kWrPrz7tcnJdu5WpBL2EIB_OxhiEZDiOyjbsjEOCwg&oe=648498C2&_nc_sid=8721cf
74,2023-05-27 17:56:03+00:00,marianodivaio,Sidecar,"I really have no words. Only thing I can say is thank God for giving me the chance to be with this families, alight with them, dance with them, pray with them and cry between them.  My prayer is that they can grow in faith and that we will be able to come here again and help more 🫶🏽 may God bless Africa and this generations growing !! My love is with you my friends thanks thanks thanks a lot for what you’ve given me !! My heart is filled with love 🙏🏽",,109884,1542,https://scontent-mia3-2.cdninstagram.com/v/t51.2885-15/350116972_1954137838285161_3188864418062242367_n.jpg?stp=dst-jpg_e35_p1080x1080&_nc_ht=scontent-mia3-2.cdninstagram.com&_nc_cat=109&_nc_ohc=rWa-lUEot9cAX-6ydxw&edm=AP_V10EBAAAA&ccb=7-5&oh=00_AfAs6SUfKx2oHZZvDFT5mpPSZgyLTg_ENpJrmigqBoJ_lQ&oe=6483E74C&_nc_sid=8721cf
75,2023-05-28 08:17:07+00:00,marianodivaio,Sidecar,Merci 🙏🏽 🌍   •  #mdvfoundation #missionafrica #jesusisking Ph @gianpaolo.izzo,"mdvfoundation, missionafrica, jesusisking",59519,642,https://instagram.fayt2-2.fna.fbcdn.net/v/t51.2885-15/349539477_755382769668164_2862777343000113121_n.jpg?stp=dst-jpg_e35_p1080x1080&_nc_ht=instagram.fayt2-2.fna.fbcdn.net&_nc_cat=108&_nc_ohc=tLjCw0cZg7cAX9wDeCM&edm=AP_V10EBAAAA&ccb=7-5&oh=00_AfB9Rul1OCNQr8CnI4H-oS-PyeH07fKlQCBYu6iat8Te0A&oe=64849C51&_nc_sid=8721cf
76,2023-05-15 12:02:09+00:00,marianodivaio,Sidecar,It was a blast playing golf at the @marcosimonegolf with @rcabrerabello at the @openditaliagolf ⛳️ #golfswing #golfaddict #golfpassion,"golfswing, golfaddict, golfpassion",60932,274,https://instagram.fods1-1.fna.fbcdn.net/v/t51.2885-15/347243241_196795459953768_6706402768696271058_n.jpg?stp=dst-jpg_e35_p1080x1080&_nc_ht=instagram.fods1-1.fna.fbcdn.net&_nc_cat=100&_nc_ohc=RkPB90IVAk0AX-TBtei&edm=AP_V10EBAAAA&ccb=7-5&oh=00_AfBkBF9eLnyFiVis26vGaLjGYD9pxFi_hcuR08Wonfly_g&oe=6483E469&_nc_sid=8721cf
77,2023-02-14 14:17:38+00:00,gisele,Sidecar,Pure love!! I am convinced they are little angels on Earth. Happy Valentine's Day to all! ❤️❤️❤️  Amor puro!! Tenho certeza que eles são anjinhos na Terra.,,537505,4704,https://scontent-lhr8-2.cdninstagram.com/v/t51.2885-15/330667404_1023693382087321_1411173458679062075_n.jpg?stp=dst-jpg_e35_p1080x1080&_nc_ht=scontent-lhr8-2.cdninstagram.com&_nc_cat=101&_nc_ohc=Ox1pvyOFyM0AX8VdmeT&edm=AP_V10EBAAAA&ccb=7-5&oh=00_AfB2Y2hlzeZk3DwKnAkcJZkZAKikdqquXUr3TKbaWzqJMA&oe=64852D20&_nc_sid=8721cf
78,2022-12-18 13:14:51+00:00,gisele,Sidecar,Recharging with my little ones in the country of my ❤️! Recarregando as energias com meus pequenos no país do meu ❤️!,,1637385,14271,https://instagram.fric1-1.fna.fbcdn.net/v/t51.2885-15/320506778_129254079983727_3216672988496962220_n.jpg?stp=dst-jpg_e35_p1080x1080&_nc_ht=instagram.fric1-1.fna.fbcdn.net&_nc_cat=103&_nc_ohc=bPy4Pj7X4eoAX-mIaB5&edm=AP_V10EBAAAA&ccb=7-5&oh=00_AfCFnQ9xNibxhf0dhoI1PGifWgMI66KEgLxFEanGf3XAxA&oe=64838C6A&_nc_sid=8721cf
79,2022-12-27 13:08:57+00:00,gisele,Sidecar,"É o meu Rio Grande do Sul Céu, Sol, Sul, terra e cor Onde tudo o que se planta cresce e o que mais floresce é o amor. Sempre tão bom voltar pra casa❤️ Always so good to be back home",,1158317,10326,https://scontent-lax3-1.cdninstagram.com/v/t51.2885-15/321847225_453646450134224_8032337495120547036_n.jpg?stp=dst-jpg_e35_p1080x1080&_nc_ht=scontent-lax3-1.cdninstagram.com&_nc_cat=108&_nc_ohc=UvluEppm_uUAX_k8OzN&edm=AP_V10EBAAAA&ccb=7-5&oh=00_AfAROlyV9mHSW6eNTYBDHvaBNYLGgS47gz-RevueBfGpGw&oe=6484A713&_nc_sid=8721cf
80,2023-02-20 20:58:40+00:00,gisele,Sidecar,Foi muito especial voltar ao Carnaval e prestigiar esta festa tão linda da nossa cultura.✨ It was so special to return to Carnival and honor this beautiful celebration of our Brazilian culture.,,1559091,20397,https://scontent-atl3-2.cdninstagram.com/v/t51.2885-15/331962741_520565293544737_8732520429574260894_n.jpg?stp=dst-jpg_e35_p1080x1080&_nc_ht=scontent-atl3-2.cdninstagram.com&_nc_cat=101&_nc_ohc=LR8qwvzzSv4AX9Zr_D1&edm=AP_V10EBAAAA&ccb=7-5&oh=00_AfCojR_8WOC0-f9k7FEIqBJrtONIobFRv5zKqx79LYmkAg&oe=6483AE20&_nc_sid=8721cf
81,2023-04-11 00:47:33+00:00,rhyancaminske,Sidecar,"Finally seeing signs of Spring 🌸🐇🌷 Even though the temperature doesn’t feel like it!!  Too cold to be outside so we took the kids to see the Mario movie, we really liked it and the kids actually sat through the whole movie! 🤗 🍿 Have you seen it yet?  Or do you plan to? And if you saw my poll, you know Long Islanders say Mario totally wrong and it drives me crazy! 😂 . . . Spring sale at @sassyqueenboutique use code RHYAN10 for an extra 10% off 🤍 . . . #graphictee #oversizedtee #springtrends #momstyle #outfitinspo #casualstyle #everydaystyle #streetstyle #everydayoutfit #momstyle #liketoknowit #liketoknowitstyle #outfitidea #outfitideas #simplestyle #ootd #sassyqueen #supermariobros #easter2023   Follow my shop @rhyancaminske on the @shop.LTK app to shop this post and get my exclusive app-only content!  #liketkit  @shop.ltk https://liketk.it/46Efu","graphictee, oversizedtee, springtrends, momstyle, outfitinspo, casualstyle, everydaystyle, streetstyle, everydayoutfit, liketoknowit, liketoknowitstyle, outfitidea, outfitideas, simplestyle, ootd, sassyqueen, supermariobros, easter2023, liketkit",130,1,https://scontent-waw1-1.cdninstagram.com/v/t51.2885-15/340497951_1251952042075941_7601274625379451513_n.jpg?stp=dst-jpg_e35_p1080x1080&_nc_ht=scontent-waw1-1.cdninstagram.com&_nc_cat=109&_nc_ohc=5K0v8EX57esAX8ler9U&edm=AP_V10EBAAAA&ccb=7-5&oh=00_AfD0wnLxTq8EnnowntcteI0cAYzMYUm_jVp83GlZ3l3U8w&oe=648479B6&_nc_sid=8721cf
82,2023-05-29 10:28:32+00:00,josefinehj,Sidecar,,,10087,62,https://instagram.fman4-2.fna.fbcdn.net/v/t51.2885-15/350347989_6458370410882529_476090931341279874_n.jpg?stp=dst-jpg_e35_s1080x1080&_nc_ht=instagram.fman4-2.fna.fbcdn.net&_nc_cat=109&_nc_ohc=tzTT7mjrdzkAX_N4ztK&edm=AP_V10EBAAAA&ccb=7-5&oh=00_AfAldUdL4frg5YBdtLU2lmQXGAIepaf9MDOkjZ2nx5_MvQ&oe=648408B8&_nc_sid=8721cf
83,2023-03-26 14:31:20+00:00,rhyancaminske,Sidecar,Sunday vibes ☕️ . . .  My FAVORITE lounge bra is 50% off today!!!  I’m wearing a small  . . . #loungebra #comfybra #aerie #aeriebra #loungewear #aestyle #bralette #sweatpants #oldnavy #oldnavyfinds #casualstyle #everydaystyle #streetstyle #everydayoutfit #momstyle #liketoknowit #liketoknowitstyle #outfitidea #outfitideas #simplestyle #ootd   Follow my shop @rhyancaminske on the @shop.LTK app to shop this post and get my exclusive app-only content!  #liketkit  @shop.ltk https://liketk.it/45mCA,"loungebra, comfybra, aerie, aeriebra, loungewear, aestyle, bralette, sweatpants, oldnavy, oldnavyfinds, casualstyle, everydaystyle, streetstyle, everydayoutfit, momstyle, liketoknowit, liketoknowitstyle, outfitidea, outfitideas, simplestyle, ootd, liketkit",184,8,https://scontent-iad3-1.cdninstagram.com/v/t51.2885-15/337792350_195054206592682_4617529149463124290_n.jpg?stp=dst-jpg_e35_p1080x1080&_nc_ht=scontent-iad3-1.cdninstagram.com&_nc_cat=110&_nc_ohc=sGizhZyBRQUAX-KI0B0&edm=AP_V10EBAAAA&ccb=7-5&oh=00_AfAlJuAK9cgqspCsXdO8EaHHT3XmkRS3JJnXSl17iItweA&oe=6484E9CD&_nc_sid=8721cf
84,2023-05-26 17:13:16+00:00,josefinehj,Sidecar,small things I found beautiful in Italy,,3913,16,https://scontent-mia3-2.cdninstagram.com/v/t51.2885-15/348856510_167513899623658_4224101983819175771_n.jpg?stp=dst-jpg_e35_p1080x1080&_nc_ht=scontent-mia3-2.cdninstagram.com&_nc_cat=110&_nc_ohc=70cCSFaEzZ0AX8zkMKj&edm=AP_V10EBAAAA&ccb=7-5&oh=00_AfBXopf00B-65fS5BJIIB645mwYNFQIjOJ6o1TGjYEndBQ&oe=648432DD&_nc_sid=8721cf
85,2023-03-22 17:58:22+00:00,rhyancaminske,Sidecar,"✨Hair healing journey ✨ As I’ve mentioned in my stories, I’ve been on a mission to find products that will fix my dry and damaged hair. For the last two months I’ve been using the Shampoo, Conditioner and hair mask from @getgoldielocks. Even though it takes monthssss for hair to grow, I can finally feel a difference. It feels clean and healthy and I’m hopeful I can get my old hair back! Trimming off this damaged hair slowly but surely!   I also started taking their hair growth supplements 22 days ago. Again, it’s going to take a few months to see the results, but I already see a visible difference on my skin! I ordered the enhanced formula and I’m taking these in place of my regular vitamins as well. And I’m obsessed to say the least. 🤍  With that being said, today and tomorrow (the 22nd and 23rd) the whole site is 20% off!!! Even better news, use code RHYAN and get and additional 10% off on TOP of the 20% off!!   If you have any questions, go check out their website or message me!!!  . . . . #hairgoals #haircolorinspo #blondehighlights #blondebabylights #haircolorgoals #hairgrowth #blondehaircolor #teamgoldie #growwithgoldie #hairsupplement #hairsupplements #hairvitamins #hairdamage #hairdamagerepair #hairgrowthgoals #hairtreatments #shampooandconditioner #hairgrowthjourney","hairgoals, haircolorinspo, blondehighlights, blondebabylights, haircolorgoals, hairgrowth, blondehaircolor, teamgoldie, growwithgoldie, hairsupplement, hairsupplements, hairvitamins, hairdamage, hairdamagerepair, hairgrowthgoals, hairtreatments, shampooandconditioner, hairgrowthjourney",206,10,https://instagram.fdnk6-2.fna.fbcdn.net/v/t51.2885-15/337546188_1383507335523995_5222382904115727588_n.jpg?stp=dst-jpg_e35_p1080x1080&_nc_ht=instagram.fdnk6-2.fna.fbcdn.net&_nc_cat=111&_nc_ohc=NDgLRYfdIUYAX_f9af2&edm=AP_V10EBAAAA&ccb=7-5&oh=00_AfBuXSkmugTSbIWMKo_VzszPof-WqmJG1H0mkJO8_5HCig&oe=648395D9&_nc_sid=8721cf
86,2023-03-20 17:04:46+00:00,rhyancaminske,Sidecar,Spent the weekend with family and met my new nephew Max. 💙,,149,6,https://scontent-atl3-2.cdninstagram.com/v/t51.2885-15/337453855_1278629029667759_6939187232853951378_n.jpg?stp=dst-jpg_e35_p1080x1080&_nc_ht=scontent-atl3-2.cdninstagram.com&_nc_cat=111&_nc_ohc=uDRbk1HYIKoAX_NqCuE&edm=AP_V10EBAAAA&ccb=7-5&oh=00_AfAffooHrEkM9-mm9m5sulu68EFl7fMHJ5-zk-gKuxbbWQ&oe=648467BB&_nc_sid=8721cf
87,2023-04-15 20:52:27+00:00,rhyancaminske,Sidecar,"When I was getting ready for “date night” last night, I realized I have 1,000 t-shirts and no “dress” shirts 😂. T-shirts are my go-to outfit every day. But I do need to buy more dress up options!   With that being said….Last day of the spring sale, which includes my favorite Aerosmith Tee!!!  Use code RHYAN10 for an additional discount!   #bandtee #oversizedtee #outfitinspo #springoutfit #springstyle #momstyle #outfitideas #graphictee #amazonhat #amazonfinds #sassyqueen #casualstyle #everydaystyle #streetstyle #everydayoutfit #liketoknowit #liketoknowitstyle #outfitidea #simplestyle #ootd   Follow my shop @rhyancaminske on the @shop.LTK app to shop this post and get my exclusive app-only content!  #liketkit  @shop.ltk https://liketk.it/472Bo","bandtee, oversizedtee, outfitinspo, springoutfit, springstyle, momstyle, outfitideas, graphictee, amazonhat, amazonfinds, sassyqueen, casualstyle, everydaystyle, streetstyle, everydayoutfit, liketoknowit, liketoknowitstyle, outfitidea, simplestyle, ootd, liketkit",86,10,https://instagram.fyto1-1.fna.fbcdn.net/v/t51.2885-15/328338328_183336827871314_7698394855421420937_n.jpg?stp=dst-jpg_e35_p1080x1080&_nc_ht=instagram.fyto1-1.fna.fbcdn.net&_nc_cat=102&_nc_ohc=88Wzwz7NqDcAX89nByj&edm=AP_V10EBAAAA&ccb=7-5&oh=00_AfBX1PuCvN_ZlD8LKPvg4yg77GJfMRdUOatTCZgTYdV6DA&oe=6484F9E1&_nc_sid=8721cf
88,2023-05-26 13:38:44+00:00,josefinehj,Sidecar,annonce,,14227,64,https://scontent-mia3-1.cdninstagram.com/v/t51.2885-15/349274374_187855747545803_6912315678077848537_n.jpg?stp=dst-jpg_e35_p1080x1080&_nc_ht=scontent-mia3-1.cdninstagram.com&_nc_cat=111&_nc_ohc=em645WBcgf8AX9VIRrj&edm=AP_V10EBAAAA&ccb=7-5&oh=00_AfAKKisjnirccN6_6O6pp1DnuTpHgEfn_mj1t6G4RIn1RA&oe=6485514B&_nc_sid=8721cf
89,2023-03-15 17:34:09+00:00,rhyancaminske,Sidecar,Ahhh I have another nephew!!! 💙 Max Ryan Murling made his entrance 3/11/23. Congratulations to my sister @brooke.murling & her husband @mattmur56. Can’t wait to get those baby snuggles this weekend 💙 Swipe to the end to see this cutie 💙 . . . .  #everydayoutfit #winteroutfit #woolcoat #amazonfinds #cozyoutfit #carharttbeanie #lululemonleggings #womensboots #casualstyle #everydaystyle #streetstyle #everydayoutfit #momstyle #liketoknowit #liketoknowitstyle #outfitidea #outfitideas #simplestyle #ootd #womenssunglasses #blacksunglasses #amazonjewelry   Follow my shop @rhyancaminske on the @shop.LTK app to shop this post and get my exclusive app-only content!  #liketkit  @shop.ltk https://liketk.it/44ph8,"everydayoutfit, winteroutfit, woolcoat, amazonfinds, cozyoutfit, carharttbeanie, lululemonleggings, womensboots, casualstyle, everydaystyle, streetstyle, momstyle, liketoknowit, liketoknowitstyle, outfitidea, outfitideas, simplestyle, ootd, womenssunglasses, blacksunglasses, amazonjewelry, liketkit",171,11,https://scontent-lga3-2.cdninstagram.com/v/t51.2885-15/335935624_3035051956798283_6464653113470805821_n.jpg?stp=dst-jpg_e35_p1080x1080&_nc_ht=scontent-lga3-2.cdninstagram.com&_nc_cat=111&_nc_ohc=PhtG-4JUaVkAX9czcvx&edm=AP_V10EBAAAA&ccb=7-5&oh=00_AfBV2E-gasW-fx1qGaCQ9rURfWN6WtA1vAmIXqK056sSqQ&oe=6483B988&_nc_sid=8721cf
90,2023-05-25 17:56:16+00:00,josefinehj,Sidecar,Summer basics at it’s best @samsoesamsoe 🤍,,13126,87,https://instagram.fhmo2-1.fna.fbcdn.net/v/t51.2885-15/348714422_798263228581054_3381968781641398360_n.jpg?stp=dst-jpg_e35_p1080x1080&_nc_ht=instagram.fhmo2-1.fna.fbcdn.net&_nc_cat=110&_nc_ohc=cVSU2iCnTR8AX9ZcjOp&edm=AP_V10EBAAAA&ccb=7-5&oh=00_AfAwzqqAUMJTzkFbqW677c1sp_DXgLJZ6AqfJ_Op4uxEfw&oe=6483A83D&_nc_sid=8721cf
91,2023-05-25 16:44:58+00:00,josefinehj,Sidecar,,,5421,33,https://z-p4-instagram.fhan5-6.fna.fbcdn.net/v/t51.2885-15/349036369_936329407681495_7075308926206248761_n.jpg?stp=dst-jpg_e35_p1080x1080&_nc_ht=z-p4-instagram.fhan5-6.fna.fbcdn.net&_nc_cat=107&_nc_ohc=irt-hBu88vIAX-Vk3qJ&edm=AP_V10EBAAAA&ccb=7-5&oh=00_AfDJ14J2BWMNaZK0xIAVLuE7nPIXWHWExVZja4GPIiMlPQ&oe=6484688F&_nc_sid=8721cf
92,2023-04-11 18:43:52+00:00,stephaniebroek,Sidecar,"Spring, at last. Wearing a cargo pant suit in (Olive!) green from the @samsoesamsoe linen edition /partner",,1561,72,https://instagram.fagc3-2.fna.fbcdn.net/v/t51.2885-15/340483262_1264986667436180_5686918193460126547_n.jpg?stp=dst-jpg_e35_p1080x1080&_nc_ht=instagram.fagc3-2.fna.fbcdn.net&_nc_cat=108&_nc_ohc=ZT4yoeQJs1cAX-n__ky&edm=AP_V10EBAAAA&ccb=7-5&oh=00_AfBT4kboAURBC_R1APVUI0hYZN6R96Uc2vCAkMZRizE0PQ&oe=64839EDC&_nc_sid=8721cf
93,2023-05-21 13:53:23+00:00,everyday.holly,Sidecar,"Happy Sunday! Last weeks Top Sellers!   💥1 is 25% off, #2 is 15% off, & 5 has a 5% off coupon.  Click on sizing to see the discounts appear.  Discounts can go away at any moment.  Comment LINKS for all the links & sizing info to be sent to you! ⚠️ Follow me first! You will not see my messages if you are not following me or you have your messages restricted in privacy settings.   For reference: I’m 5’1, 110lbs 1 - 2 piece skirt set - small TTS 2 - Halter neck dress xs - go up if in-between sizes.  3 - Linen Pants -  small TTS 4 - Jumpsuit - small TTS 5 - Linen jumpsuit- small TTS  How to ship my posts: 1 - Click the link in my bio , then click “Shop my Reels & TikTok’s” look for the outfit picture and tap the link to shop. 😊 2 -Comment “LINKS” (no other text or emoji’s) for the links & sizing info.  3 - free LTK app - Follow Everyday.holly Direct Link to type into your browser https://liketk.it/49Juz   #amazonfashion #top5 #casualoutfits #easyoutfits  #summersandals  #petitefriendly #summeroutfit  #springstyle  #summerstyle  #comfystyle #momstyle  #summerdressses #denimshorts #summerbasics #summerstyle #vacationoutfit  #amazonfashionfinds #amazonfinds #founditonamazon #founditonamazonfashion #targetstyle #targetfashion #petiteoutfit #petitestyle #over40petitestyle","2, amazonfashion, top5, casualoutfits, easyoutfits, summersandals, petitefriendly, summeroutfit, springstyle, summerstyle, comfystyle, momstyle, summerdressses, denimshorts, summerbasics, vacationoutfit, amazonfashionfinds, amazonfinds, founditonamazon, founditonamazonfashion, targetstyle, targetfashion, petiteoutfit, petitestyle, over40petitestyle",1528,404,https://scontent-lhr8-2.cdninstagram.com/v/t51.2885-15/347614826_945785309837486_2680949703362615940_n.jpg?stp=dst-jpg_e35_p1080x1080&_nc_ht=scontent-lhr8-2.cdninstagram.com&_nc_cat=102&_nc_ohc=GBqMmIKiqtAAX9H1VTg&edm=AP_V10EBAAAA&ccb=7-5&oh=00_AfAJPsbudDn7ffXamWMRuUO5sReZMuFTn2_tNgSY-jLuVQ&oe=64854416&_nc_sid=8721cf
94,2023-03-13 17:07:15+00:00,rhyancaminske,Sidecar,"March is a busy birthday month for us. 🥳 Last week we celebrated my (future) sister-in-laws and a few days ago it was my brother-in-laws. And we still have more birthdays to go! So birthday wise, March and September crush us!!! 😂  Which made me curious, is there a specific month you feel like you have a TON of birthdays too?!?! If so what month???  . . . .  #birthdaymonths #birthdayseason #marchbirthdays #fauxleathervest #fauxleatherpuffer #bridesmaidproposal  #abercrombiejeans #abercrombiefinds #outfitinspo #croppedpuffer #puffervest #croppedvest #bodysuit #casualstyle #everydaystyle #streetstyle #everydayoutfit #momstyle #liketoknowit #liketoknowitstyle #outfitidea #outfitideas #simplestyle #ootd   Follow my shop @rhyancaminske on the @shop.LTK app to shop this post and get my exclusive app-only content!  #liketkit  @shop.ltk https://liketk.it/4432U","birthdaymonths, birthdayseason, marchbirthdays, fauxleathervest, fauxleatherpuffer, bridesmaidproposal, abercrombiejeans, abercrombiefinds, outfitinspo, croppedpuffer, puffervest, croppedvest, bodysuit, casualstyle, everydaystyle, streetstyle, everydayoutfit, momstyle, liketoknowit, liketoknowitstyle, outfitidea, outfitideas, simplestyle, ootd, liketkit",180,15,https://scontent-yyz1-1.cdninstagram.com/v/t51.2885-15/334847733_745903300322853_6464148811395674185_n.jpg?stp=dst-jpg_e35_p1080x1080&_nc_ht=scontent-yyz1-1.cdninstagram.com&_nc_cat=109&_nc_ohc=2atw4H7piTgAX8jSzIU&edm=AP_V10EBAAAA&ccb=7-5&oh=00_AfCI3S_XenVGaZKWQkYqRj-YtVl0VYCiZ7A18jARM7sOrQ&oe=64843F5E&_nc_sid=8721cf
95,2023-03-06 18:17:49+00:00,rhyancaminske,Sidecar,"Vacation pics Round 3.  We spent one night in Tampa, to visit Carl’s alma mater. We ate at Timpano Hyde Park, and when I tell you it was the BEST pasta dish I have ever had, I am not exaggerating. I normally HAVE to have some sort of protein, but neither Carl or I needed it. The food, drinks and overall vibe was great, highly recommend if you are ever in Tampa.  . . .  #summeroutfit #springoutfit #outfitinspo #casualstyle #everydaystyle #streetstyle #everydayoutfit #momstyle #liketoknowit #liketoknowitstyle #outfitidea #outfitideas #simplestyle #ootd #targetstyle #targetfinds #levisshorts #jeanshorts #summeroutfitinspo #abercrombiejeans #tampaflorida #tampauniversity #utampa #timpano #tampaeats #tampapasta   Follow my shop @rhyancaminske on the @shop.LTK app to shop this post and get my exclusive app-only content!  #liketkit  @shop.ltk https://liketk.it/43wiN","summeroutfit, springoutfit, outfitinspo, casualstyle, everydaystyle, streetstyle, everydayoutfit, momstyle, liketoknowit, liketoknowitstyle, outfitidea, outfitideas, simplestyle, ootd, targetstyle, targetfinds, levisshorts, jeanshorts, summeroutfitinspo, abercrombiejeans, tampaflorida, tampauniversity, utampa, timpano, tampaeats, tampapasta, liketkit",245,13,https://instagram.fsvd1-1.fna.fbcdn.net/v/t51.2885-15/334367930_117891594465975_5420631386795227338_n.jpg?stp=dst-jpg_e35_p1080x1080&_nc_ht=instagram.fsvd1-1.fna.fbcdn.net&_nc_cat=103&_nc_ohc=-OUJAMYCZTMAX_AKUAJ&edm=AP_V10EBAAAA&ccb=7-5&oh=00_AfABmW5fGNJDV0h1RNAFsMlKJx_WzAxsIxWUzdAXVYkJPw&oe=6484F4A1&_nc_sid=8721cf
96,2023-03-02 01:34:57+00:00,rhyancaminske,Sidecar,"Take me back to the 🏖️☀️  This snow is dreadful.  . . .  I’ve always loved neon colors for swimsuits, I swear they make me look tanner 😂 what’s your go to color for swimwear???   And the cropped sweater tank in my second pic is SO cute and comes in a ton of colors! Highly recommend!   #bikini #swimsuits2023 #swimsuit #swimsuits #targetswimwear #bikiniready  #targetstyle #targetfinds #casualstyle #everydaystyle #streetstyle #everydayoutfit #momstyle #liketoknowit #liketoknowitstyle #outfitidea #outfitideas #simplestyle #ootd   Follow my shop @rhyancaminske on the @shop.LTK app to shop this post and get my exclusive app-only content!  #liketkit  @shop.ltk https://liketk.it/438Kb","bikini, swimsuits2023, swimsuit, swimsuits, targetswimwear, bikiniready, targetstyle, targetfinds, casualstyle, everydaystyle, streetstyle, everydayoutfit, momstyle, liketoknowit, liketoknowitstyle, outfitidea, outfitideas, simplestyle, ootd, liketkit",273,27,https://instagram.fagc1-1.fna.fbcdn.net/v/t51.2885-15/334573950_757241952496718_6174091992753672581_n.jpg?stp=dst-jpg_e35_p1080x1080&_nc_ht=instagram.fagc1-1.fna.fbcdn.net&_nc_cat=102&_nc_ohc=65fq8XKKx1YAX8HHj5W&edm=AP_V10EBAAAA&ccb=7-5&oh=00_AfA2VqjjkxPH2Wfss2v19-leEyPt5rXOrYcb_UNyapo8lQ&oe=64853B3B&_nc_sid=8721cf
97,2023-02-27 17:01:02+00:00,rhyancaminske,Sidecar,"Be prepared for a week full of beach pics 🏖️ We stayed in Indian Rocks Beach, FL for the week.   The kids first flight went well! Other then the flight attendant letting us know the plane we were on was JetBlues first ever plane 😑. Spent most days at the beach and we had to drag Cannon away from the water every day. Sky tried her first macaroon 🤣 she saw a reel of someone making macaroons on my phone and has been obsessed ever since. I love them and now she does too! . . . .  Bikinis are finally is stores!!  This one is last season, but I linked a bunch of my favorites for this year.  #targetfinds #targetswim #bikini #sunglasses #aviatorsunglasses #amazonfinds #amazonjewelry #smallhoops #goldjewelry #diffeyewear #casualstyle #everydaystyle #streetstyle #everydayoutfit #momstyle #liketoknowit #liketoknowitstyle #outfitidea #outfitideas #simplestyle #ootd #summerjewelry   Follow my shop @rhyancaminske on the @shop.LTK app to shop this post and get my exclusive app-only content!  #liketkit  @shop.ltk https://liketk.it/42TJA","targetfinds, targetswim, bikini, sunglasses, aviatorsunglasses, amazonfinds, amazonjewelry, smallhoops, goldjewelry, diffeyewear, casualstyle, everydaystyle, streetstyle, everydayoutfit, momstyle, liketoknowit, liketoknowitstyle, outfitidea, outfitideas, simplestyle, ootd, summerjewelry, liketkit",304,14,https://instagram.fist6-2.fna.fbcdn.net/v/t51.2885-15/333195438_190424020347356_2019469520890082830_n.jpg?stp=dst-jpg_e35_p1080x1080&_nc_ht=instagram.fist6-2.fna.fbcdn.net&_nc_cat=108&_nc_ohc=_jMEycJbii8AX8Usa7f&edm=AP_V10EBAAAA&ccb=7-5&oh=00_AfDeL7rGXnUJsPZrX87hWaAZDiy1sdnKju0wHK3h9zi3iw&oe=64849F32&_nc_sid=8721cf
98,2023-02-16 19:01:43+00:00,rhyancaminske,Sidecar,"So it’s Valentine’s week, but my daughter is running around wishing everyone Happy Thanksgiving. ❤️🦃 😂 . . If you need some cute sweaters or long sleeve shirts, I linked a bunch of my favorites in my bio, because they are either on sale or clearance right now! Sizes and colors selling out fast.   #winteroutfit #coolweatheroutfit #springsweater #springsweaters #abercrombiejeans #iphonecases #valentines #valentinesgift #hairgoals #haircolorinspo #blondehighlights #blondebabylights #hairgrowth #blondehaircolor  #abercrombiestyle #abercrombie #sweater #outfitinspo #goingoutoutfit #girlsnightoutoutfit #momstyle #easyoutfitideas  Follow my shop @rhyancaminske on the @shop.LTK app to shop this post and get my exclusive app-only content!  #liketkit  @shop.ltk https://liketk.it/421aM","winteroutfit, coolweatheroutfit, springsweater, springsweaters, abercrombiejeans, iphonecases, valentines, valentinesgift, hairgoals, haircolorinspo, blondehighlights, blondebabylights, hairgrowth, blondehaircolor, abercrombiestyle, abercrombie, sweater, outfitinspo, goingoutoutfit, girlsnightoutoutfit, momstyle, easyoutfitideas, liketkit",191,10,https://instagram.fpoz4-1.fna.fbcdn.net/v/t51.2885-15/331002530_1188933548657015_871182308948159597_n.jpg?stp=dst-jpg_e35_p1080x1080&_nc_ht=instagram.fpoz4-1.fna.fbcdn.net&_nc_cat=111&_nc_ohc=scGBrO3uByEAX-BXw5M&edm=AP_V10EBAAAA&ccb=7-5&oh=00_AfAwrUnzxnb1WVFPOieKT_dN8txI9DwiU2S9tlQayvdjiw&oe=64854A16&_nc_sid=8721cf
99,2023-02-19 20:13:25+00:00,rhyancaminske,Sidecar,"Counting down the seconds until summer! ☀️ So excited I’m starting to see spring/summer clothes in stores. With the holiday weekend, I’m also seeing a lot of the summer favs are back in stock and on sale. One of my staples are jean shorts. They are my go to and these ones are 30% off this weekend!!!  . . . .  These are size 26, I think I could squeeze into a 25   #casualstyle #everydaystyle #streetstyle #everydayoutfit #momstyle #liketoknowit #liketoknowitstyle #outfitidea #outfitideas #simplestyle #ootd #hairgoals #haircolorinspo #blondehighlights #blondebabylights #haircolorgoals #summertrends #levis #jeanshorts #levis501   Follow my shop @rhyancaminske on the @shop.LTK app to shop this post and get my exclusive app-only content!  #liketkit  @shop.ltk https://liketk.it/42fTv","casualstyle, everydaystyle, streetstyle, everydayoutfit, momstyle, liketoknowit, liketoknowitstyle, outfitidea, outfitideas, simplestyle, ootd, hairgoals, haircolorinspo, blondehighlights, blondebabylights, haircolorgoals, summertrends, levis, jeanshorts, levis501, liketkit",155,17,https://instagram.fctc2-1.fna.fbcdn.net/v/t51.2885-15/331925627_1363955964438475_4977068029353339786_n.jpg?stp=dst-jpg_e35_p1080x1080&_nc_ht=instagram.fctc2-1.fna.fbcdn.net&_nc_cat=107&_nc_ohc=60LaHJlFYb8AX8H-TEH&edm=AP_V10EBAAAA&ccb=7-5&oh=00_AfCqSTtg3tpCxwjRZOXO9hHkCT7Kv7hbmxHOH9zeXbCjsg&oe=64846B4D&_nc_sid=8721cf
100,2023-06-04 09:55:28+00:00,monikh,Sidecar,That @christopher_esber dress,,2138,5,https://instagram.flpa2-1.fna.fbcdn.net/v/t51.2885-15/351096203_578550134304907_4140849890139636415_n.jpg?stp=dst-jpg_e35_p1080x1080&_nc_ht=instagram.flpa2-1.fna.fbcdn.net&_nc_cat=107&_nc_ohc=hSFXPk5dOzIAX8e2UNm&edm=AP_V10EBAAAA&ccb=7-5&oh=00_AfCRmdILalS2fJmwcuyu8ohq_IAG8cwm9LsJxmXA7_EaVQ&oe=6483A8A0&_nc_sid=8721cf
101,2023-06-04 18:41:01+00:00,monikh,Sidecar,A very quick and rough sewing session this am - taking a couple inches off the bottom for my 5’1 frame @faithfullthebrand,,5328,35,https://instagram.fagp1-1.fna.fbcdn.net/v/t51.2885-15/352101398_736763488245766_8414080572479747257_n.jpg?stp=dst-jpg_e35_p1080x1080&_nc_ht=instagram.fagp1-1.fna.fbcdn.net&_nc_cat=110&_nc_ohc=pjtbOiW0Yv4AX9yWC4s&edm=AP_V10EBAAAA&ccb=7-5&oh=00_AfCARBzeeadyCIhj_mPhLjbSzWzNTF2ngdWsT3yhigKS1g&oe=64849223&_nc_sid=8721cf
102,2023-05-31 17:50:42+00:00,monikh,Sidecar,"Bath-time moans followed by a bedtime fight 🧼👶🏽 and I’m now running 15 minutes late, but I’m on my way @reformation.",,4396,57,https://scontent-ord5-2.cdninstagram.com/v/t51.2885-15/350245215_638746984779631_3935891800493012511_n.jpg?stp=dst-jpg_e35_p1080x1080&_nc_ht=scontent-ord5-2.cdninstagram.com&_nc_cat=107&_nc_ohc=vIZ2qmzIbuMAX8YUh1M&edm=AP_V10EBAAAA&ccb=7-5&oh=00_AfB0GwSy_w2mCK-PqPwyy8njuMFzjgaynxUa0GM8i5kfxg&oe=6484DEED&_nc_sid=8721cf
103,2023-06-01 14:16:55+00:00,monikh,Sidecar,When Lucy hosts 🍐 @reformation @lucywilliams02,,6738,50,https://scontent-sea1-1.cdninstagram.com/v/t51.2885-15/350450884_1260599174850848_2089788797451683399_n.jpg?stp=dst-jpg_e35_p1080x1080&_nc_ht=scontent-sea1-1.cdninstagram.com&_nc_cat=108&_nc_ohc=H49dSJj09B0AX_EgQeD&edm=AP_V10EBAAAA&ccb=7-5&oh=00_AfC9zSHGq6Hr5drjpTaR7Kl4QmwgVxhJX1n25GVUXG6l1g&oe=6485413F&_nc_sid=8721cf
104,2023-05-31 11:51:41+00:00,monikh,Sidecar,All my faves in one.,,7303,52,https://instagram.fcai20-1.fna.fbcdn.net/v/t51.2885-15/350491256_576261171158460_1572407727544326633_n.jpg?stp=dst-jpg_e35_p1080x1080&_nc_ht=instagram.fcai20-1.fna.fbcdn.net&_nc_cat=100&_nc_ohc=ODKRS5vII1oAX_dMdh-&edm=AP_V10EBAAAA&ccb=7-5&oh=00_AfBehxgdFcTP6QFKkjCiMloKaFbypB0cZbhmI9qBRSsu-w&oe=6484889B&_nc_sid=8721cf
105,2023-03-27 18:43:31+00:00,stephaniebroek,Sidecar,"museums on mondays, iykyk  (linen blazer and barrel leg trousers are toteme via @luisaviaroma)",,1671,47,https://scontent-iad3-1.cdninstagram.com/v/t51.2885-15/337920580_452254830409977_6658737595597484061_n.jpg?stp=dst-jpg_e35_p1080x1080&_nc_ht=scontent-iad3-1.cdninstagram.com&_nc_cat=109&_nc_ohc=yjnzhjSA47kAX9C-eh5&edm=AP_V10EBAAAA&ccb=7-5&oh=00_AfAHvi-HxqxH7IDoMWGpFZ1iCdjRm4l7eRxACvbto3Nc5A&oe=64841D99&_nc_sid=8721cf
106,2023-05-17 08:10:07+00:00,chiaraferragni,Sidecar,Are you guys ready? The Ferragnez season 2 is straming now 🥹,,843218,2824,https://instagram.fcau5-1.fna.fbcdn.net/v/t51.2885-15/347116971_1548505622306076_7006749232329781128_n.jpg?stp=dst-jpg_e35_p1080x1080&_nc_ht=instagram.fcau5-1.fna.fbcdn.net&_nc_cat=1&_nc_ohc=fm02ItuO1zUAX_cgFYN&edm=AP_V10EBAAAA&ccb=7-5&oh=00_AfDaQccO81UwnaY9lxP1zc4tDADANNpI1RdnZRPXcbYtTg&oe=648483FC&_nc_sid=8721cf
107,2023-06-06 16:44:50+00:00,chiaraferragni,Sidecar,Brought the kids to see the new house today and they also saw their rooms 🥹,,315080,1113,https://scontent-atl3-2.cdninstagram.com/v/t51.2885-15/352221239_1616922738813704_3101789114138302264_n.jpg?stp=dst-jpg_e35_p1080x1080&_nc_ht=scontent-atl3-2.cdninstagram.com&_nc_cat=1&_nc_ohc=5w8aXraWrW8AX-lkm3C&edm=AP_V10EBAAAA&ccb=7-5&oh=00_AfA6g3pSeRPu11sg7ecRQQdCf5dphX1tcig9PTAlEnDqIQ&oe=6483F76E&_nc_sid=8721cf
108,2023-02-07 23:45:59+00:00,chiaraferragni,Sidecar,"La gabbia:  Liberare le nuove generazioni dagli stereotipi di genere nei quali spesso le donne si sentono ingabbiate. Questa è l’idea che @mariagraziachiuri ha voluto rappresentare con questo abito alta moda di @dior composto da una tuta di jersey ricamata di strass intrappolata in una gonna di tulle che prende ispirazione dall’opera di Jana Sterbak. Questo abito rappresenta la speranza di rompere le convenzioni imposte dal patriarcato. Una speranza che riponiamo nelle bambine di oggi che saranno le donne di domani. Questo è l’augurio di una mamma alla sua bambina, che possa finalmente gridare Vittoria!  Da un’idea di @chiaraferragni e @fabiomariadamato Styling and Art direction @fabiomariadamato Abito custom made di @mariagraziachiuri per @dior Foto @giampaolosgura Make up @manuelemameli Hair @pattibussa Hanno collaborato: @mariasheilamiani @dipo23 @sasy_pezz",,2172992,15515,https://instagram.fmoc1-1.fna.fbcdn.net/v/t51.2885-15/329585966_556969746478945_5172597431342361185_n.jpg?stp=dst-jpg_e35_p1080x1080&_nc_ht=instagram.fmoc1-1.fna.fbcdn.net&_nc_cat=1&_nc_ohc=ABIMpaA4gU8AX84zSag&edm=AP_V10EBAAAA&ccb=7-5&oh=00_AfAOp9KiEIl339eaaJHT019lHRiJf05QsSGwrXGkxsLE1Q&oe=6483E2F4&_nc_sid=8721cf
109,2023-06-05 11:19:20+00:00,chiaraferragni,Sidecar,My little twin 🥹,,167978,755,https://instagram.fbrs5-1.fna.fbcdn.net/v/t51.2885-15/351102983_791413922512852_9188240764646892557_n.jpg?stp=dst-jpg_e35_p1080x1080&_nc_ht=instagram.fbrs5-1.fna.fbcdn.net&_nc_cat=1&_nc_ohc=x_yuX_4kOKgAX8Vvhmd&edm=AP_V10EBAAAA&ccb=7-5&oh=00_AfByERSdjzhGl3qK12WFQQ9v4-M0cKLPNOz2mLivd65kOQ&oe=64841006&_nc_sid=8721cf
110,2023-06-06 09:43:05+00:00,chiaraferragni,Sidecar,Can’t count all the times I wore my @chiaraferragnibrand eyewear collection 😍 Go click the link in my stories to find out how you can win a special gift 🫶✨ #adv,adv,326340,574,https://instagram.fmxp2-2.fna.fbcdn.net/v/t51.2885-15/351451787_236752599081250_666186495961477011_n.jpg?stp=dst-jpg_e35_p1080x1080&_nc_ht=instagram.fmxp2-2.fna.fbcdn.net&_nc_cat=1&_nc_ohc=tFntYe7ZSUwAX_pBiTk&edm=AP_V10EBAAAA&ccb=7-5&oh=00_AfAgDZIeYZsoVmi8b0IEiOnqM365a2hqSV6izzAxwUfIRQ&oe=6483A268&_nc_sid=8721cf
111,2023-05-18 19:59:56+00:00,maryleest,Sidecar,It takes a village … #CannesFilmFestival  📷 @gustave_durin   Dress @marmarhalim Jewelry @hassanzadeh_jewelry Shoes @gianvitorossi Hair @balmainhaircouture Makeup @narsissist @the_frntal_pr,CannesFilmFestival,26650,121,https://scontent-mia3-2.cdninstagram.com/v/t51.2885-15/347798308_650903910196661_9189868994706402434_n.jpg?stp=dst-jpg_e35_p1080x1080&_nc_ht=scontent-mia3-2.cdninstagram.com&_nc_cat=105&_nc_ohc=H5s76mLIz5EAX9K0mRx&edm=AP_V10EBAAAA&ccb=7-5&oh=00_AfAmWtiTc56FThu6EuAMkDg9OTrw6LTtZunOc97BL5hW1w&oe=64838588&_nc_sid=8721cf
112,2023-06-05 07:32:24+00:00,chiaraferragni,Sidecar,Best of Forte Dei Marmi 💖,,145856,779,https://instagram.fsdv1-2.fna.fbcdn.net/v/t51.2885-15/351727713_180827571305708_2679719947853735913_n.jpg?stp=dst-jpg_e35_p1080x1080&_nc_ht=instagram.fsdv1-2.fna.fbcdn.net&_nc_cat=1&_nc_ohc=PhlXvqcXmTcAX-JAI6S&edm=AP_V10EBAAAA&ccb=7-5&oh=00_AfCe1fv6oJBLUDXpfUFvQ62N-kp4yWSZGAmIeutAAcDyGQ&oe=64850F74&_nc_sid=8721cf
113,2023-06-04 20:40:20+00:00,chiaraferragni,Sidecar,Sunday in Forte Dei Marmi 🙏🏻,,343186,1043,https://instagram.fhyd5-1.fna.fbcdn.net/v/t51.2885-15/351032006_639672727715325_1274670906118927354_n.jpg?stp=dst-jpg_e35_p1080x1080&_nc_ht=instagram.fhyd5-1.fna.fbcdn.net&_nc_cat=1&_nc_ohc=cHFfMvtXxnUAX_hcFih&edm=AP_V10EBAAAA&ccb=7-5&oh=00_AfDZrOV0_HlVkkx64-VDelZzzXiNfG0hPWXx5VxV26_GAQ&oe=6484FED5&_nc_sid=8721cf
114,2023-03-30 13:28:25+00:00,gisele,Sidecar,"From planting trees, regenerating springs and depleted soils, and protecting turtles, jaguars … everything impacts nature. The power of nature comes from its diversity, and it depends on it for survival.  Every form of life uniquely creates balance on Earth so all of life can flourish. Like with people, our differences are also our strengths, and we get stronger when we work together. Last year, I started a project called Biomes to help regenerate the biodiversity of Brazil.  From north to south, east to west, we selected seven projects in different regions of the country. Each biome's species have an important role in nature because everything is connected.  Now, together with The Luz Alliance Fund in partnership with @brazilfound on Saturday, May 20th in Miami, we are having a dinner to raise more funds to expand our efforts and have a more significant impact. 💚   Seja através do plantio de árvores, regeneração de nascentes e solos degradados, ou proteção de tartarugas, onças… temos tentado ajudar de diferentes formas, pois tudo impacta a natureza. O poder da natureza vem de sua diversidade e depende dela para sua sobrevivência. Cada forma de vida desempenha um papel especial no equilíbrio da Terra, possibilitando que todas as formas de vida possam prosperar. Assim como acontece com as pessoas, nossas diferenças também são nossos pontos fortes, e ficamos mais fortes quando trabalhamos juntos.  No ano passado, iniciei um projeto chamado Biomas para ajudar a regenerar a biodiversidade do Brasil. De norte a sul, de leste a oeste, selecionamos 7 projetos em diferentes regiões do país porque sabemos da importância que cada bioma tem no todo, pois tudo está interligado.  Agora, juntamente com @brazilfound, no dia 20 de maio, em Miami, teremos um jantar para arrecadar mais fundos para que possamos ampliar nossos esforços e ter um impacto ainda maior.",,734590,5619,https://scontent-lga3-1.cdninstagram.com/v/t51.2885-15/338285153_589166516476874_5373883089084608895_n.jpg?stp=dst-jpg_e35_p1080x1080&_nc_ht=scontent-lga3-1.cdninstagram.com&_nc_cat=102&_nc_ohc=sYI8ZwYQvg8AX8xHjAO&edm=AP_V10EBAAAA&ccb=7-5&oh=00_AfCbxsNc1i_-p4shbtICn6ucWT6hmojV2R_3lFDkN7RD-A&oe=64853444&_nc_sid=8721cf
115,2023-06-06 16:08:02+00:00,fashionmuniz,Sidecar,"T-shirt Here ⚡️ Duas cores PERFEITAS!  no site: www.fashionmuniz.com.br  R$79,90",,9,0,https://scontent-den4-1.cdninstagram.com/v/t51.2885-15/351274657_2166859836843850_792001656419794189_n.jpg?stp=dst-jpg_e35_s1080x1080&_nc_ht=scontent-den4-1.cdninstagram.com&_nc_cat=110&_nc_ohc=so1jT1ZKyzkAX8Ycxun&edm=AP_V10EBAAAA&ccb=7-5&oh=00_AfDhVmgcuBI6FLlkOSjjbAXX3mykMS_FYcWAvh4FBXEHNg&oe=64842043&_nc_sid=8721cf
116,2023-06-06 13:37:34+00:00,fashionmuniz,Sidecar,"Moletom Joy: ⚡️ Queridinho do momento: P ao G / R$159,90 • www.fashionmuniz.com.br",,11,0,https://instagram.fgba1-1.fna.fbcdn.net/v/t51.2885-15/351420672_271122682079234_7557730563986344554_n.jpg?stp=dst-jpg_e35_s1080x1080&_nc_ht=instagram.fgba1-1.fna.fbcdn.net&_nc_cat=102&_nc_ohc=4JYbP2F76pEAX-3RChl&edm=AP_V10EBAAAA&ccb=7-5&oh=00_AfBXo5cjsgjwoGRX1ldvyX49xnZayXAkTmy5pBVb-PZi2g&oe=6484CA68&_nc_sid=8721cf
117,2023-06-04 12:27:16+00:00,chiaraferragni,Sidecar,Best of these days in Forte Dei Marmi 💖,,391654,1040,https://instagram.fcrd4-1.fna.fbcdn.net/v/t51.2885-15/351153504_2640970906043189_4034300648035976687_n.jpg?stp=dst-jpg_e35_p1080x1080&_nc_ht=instagram.fcrd4-1.fna.fbcdn.net&_nc_cat=1&_nc_ohc=2i3P7j7NFQEAX-Fvc3t&edm=AP_V10EBAAAA&ccb=7-5&oh=00_AfATKR3bdWTmFK9Ugk3Ibuz7g022S5uAucU7ny9qxZenmA&oe=64853C1F&_nc_sid=8721cf
118,2023-06-05 18:03:56+00:00,fashionmuniz,Sidecar,"Hey babe, nosso camisão Brun perfeito pra qualquer ocasião 🐻🌸• disponível no site: www.fashionmuniz.com.br",,14,0,https://scontent-lga3-2.cdninstagram.com/v/t51.2885-15/351740799_802517054775665_8494079570575566671_n.jpg?stp=dst-jpg_e35_s1080x1080&_nc_ht=scontent-lga3-2.cdninstagram.com&_nc_cat=105&_nc_ohc=0325VwmvbRgAX-S4qoi&edm=AP_V10EBAAAA&ccb=7-5&oh=00_AfCcZ9_AGvNFS-_YUpMMRdgIfdjFg9FPI7tvha3D8Y_9pw&oe=6484EE66&_nc_sid=8721cf
119,2023-06-05 13:09:19+00:00,fashionmuniz,Sidecar,"Se prepara ⚡️ Look completo:  www.fashionmuniz.com.br  . .  Calça de couro Jandira: R$239,00  Casaco Loo: R$289,90   Peças na pré venda 💗",,23,0,https://instagram.flhr4-4.fna.fbcdn.net/v/t51.2885-15/351269285_677033877588156_3260360392080230064_n.jpg?stp=dst-jpg_e35_s1080x1080&_nc_ht=instagram.flhr4-4.fna.fbcdn.net&_nc_cat=100&_nc_ohc=5J-KPPZFPMkAX-JvGIy&edm=AP_V10EBAAAA&ccb=7-5&oh=00_AfBvvyVMck1zDlRYzptm432dI8-HbEliX1P2myM52PAPcw&oe=648486F8&_nc_sid=8721cf
120,2023-06-05 20:11:43+00:00,fashionmuniz,Sidecar,Nossas calças preferidas ⚡️ Todas no site: www.fashionmuniz.com.br,,20,0,https://scontent-iad3-2.cdninstagram.com/v/t51.2885-15/351240602_750409190158091_779837707744499236_n.jpg?stp=dst-jpg_e35_s1080x1080&_nc_ht=scontent-iad3-2.cdninstagram.com&_nc_cat=111&_nc_ohc=mvNpYIdE4zsAX-p4uUu&edm=AP_V10EBAAAA&ccb=7-5&oh=00_AfDguBl4CHgbBZd-zsEe_0HktkGTQYOsPd7Um1K1gQdkog&oe=64841303&_nc_sid=8721cf
121,2023-06-01 21:23:24+00:00,fashionmuniz,Sidecar,"NEW BABE 🍂✨ Moletom Joy: P ao G: R$159,90 www.fashionmuniz.com.br",,136,0,https://scontent-iad3-2.cdninstagram.com/v/t51.2885-15/350610516_224114467035936_3393365497987774722_n.jpg?stp=dst-jpg_e35_s1080x1080&_nc_ht=scontent-iad3-2.cdninstagram.com&_nc_cat=100&_nc_ohc=gNp_RrZqPUYAX_DUq68&edm=AP_V10EBAAAA&ccb=7-5&oh=00_AfCbsTQaulYo_bTXDnl4RjsAeW9Uo6ASaSzpdPebgWTt9g&oe=648527F1&_nc_sid=8721cf
122,2023-05-16 13:23:24+00:00,maryleest,Sidecar,Forbes Brazil night ✨ @forbesbr  @lucreziabuccellati @mbuccellati_ @camarotti7 🖤,,26865,116,https://instagram.fjed4-2.fna.fbcdn.net/v/t51.2885-15/346993469_918025875968039_5618219429240548398_n.jpg?stp=dst-jpg_e15&_nc_ht=instagram.fjed4-2.fna.fbcdn.net&_nc_cat=111&_nc_ohc=h8yKtCQnt-sAX9wxmgr&edm=AP_V10EBAAAA&ccb=7-5&oh=00_AfAG_lXW0MPm3eCxo867ygburXiePBAkvTibNG0j9_EGnQ&oe=6480EED7&_nc_sid=8721cf
123,2023-06-02 13:59:29+00:00,fashionmuniz,Sidecar,Esfriou? 🐻🌸 Nossos quentinhos estão com TUDO! Já no site: www.fashionmuniz.com.br,,18,0,https://instagram.fiev21-1.fna.fbcdn.net/v/t51.2885-15/350846301_231934426226952_1555260019871122950_n.jpg?stp=dst-jpg_e35_s1080x1080&_nc_ht=instagram.fiev21-1.fna.fbcdn.net&_nc_cat=100&_nc_ohc=wkmzKkD6RqMAX-PgiZv&edm=AP_V10EBAAAA&ccb=7-5&oh=00_AfCCmEnBwEHjX5AB5Rlcqh9zFjoaN5dvZSGjxaSb6zkazw&oe=648473A0&_nc_sid=8721cf
124,2023-05-10 19:14:02+00:00,maryleest,Sidecar,FENDI x MARC JACOBS 🖤 @fendi @themarcjacobs #MarcJacobsXFendi @mrkimjones 📷 @gareart_i,MarcJacobsXFendi,33785,125,https://instagram.fmnl3-2.fna.fbcdn.net/v/t51.2885-15/345886549_2522530331238585_3262973588623881268_n.jpg?stp=dst-jpg_e35_p1080x1080&_nc_ht=instagram.fmnl3-2.fna.fbcdn.net&_nc_cat=109&_nc_ohc=usJEPHRJxikAX-eRSkl&edm=AP_V10EBAAAA&ccb=7-5&oh=00_AfAmo4HpGNhYDRfhoiAcFKgK4AzKxkZsOz4HcbM2bfG8bw&oe=64845EFF&_nc_sid=8721cf
125,2023-04-28 16:52:17+00:00,maryleest,Sidecar,First glass of Rossini is a sign that summer is around the corner ♡ @pamarias  Sunglasses @marcolin_eyewear,,23692,126,https://instagram.fmex36-1.fna.fbcdn.net/v/t51.2885-15/343659988_906481853742029_7755040565691201042_n.jpg?stp=dst-jpg_e35_p1080x1080&_nc_ht=instagram.fmex36-1.fna.fbcdn.net&_nc_cat=105&_nc_ohc=5iAQwkcofCIAX_5Lvwt&edm=AP_V10EBAAAA&ccb=7-5&oh=00_AfCq6_9nSAJygDO9fzP2ptxCM4JnJmFlPVCmBzOq2NF1QQ&oe=64841BF8&_nc_sid=8721cf
126,2023-05-04 18:33:30+00:00,maryleest,Sidecar,Met Gala night in @toryburch honoring one and only Karl 💔 Glam @thetatithunder  📷 @gareart_i,,25201,178,https://scontent-ist1-1.cdninstagram.com/v/t51.2885-15/344885604_810352009946706_1355855721470111338_n.jpg?stp=dst-jpg_e35_p1080x1080&_nc_ht=scontent-ist1-1.cdninstagram.com&_nc_cat=106&_nc_ohc=6LVM0-RDhmsAX_DIB0C&edm=AP_V10EBAAAA&ccb=7-5&oh=00_AfBtNBEAfmjtIRVRdetHvZXDvr4VsWyoFxGigI2Bbqh8cw&oe=648549CA&_nc_sid=8721cf
127,2023-06-01 12:38:26+00:00,fashionmuniz,Sidecar,4 quentinhos pra você se apaixonar 💝• compras acima de R$400 você ganha 20%OFF na coleção de outono. Desconto automático no site: www.fashionmuniz.com.br,,19,0,https://instagram.fxap4-1.fna.fbcdn.net/v/t51.2885-15/350858133_209192895280253_205812150948015126_n.jpg?stp=dst-jpg_e35_s1080x1080&_nc_ht=instagram.fxap4-1.fna.fbcdn.net&_nc_cat=105&_nc_ohc=ulN39Lllp3oAX-2N8N5&edm=AP_V10EBAAAA&ccb=7-5&oh=00_AfAef8kCijA8b9JjTug2bm6Q97mN_kdLQC3DW8QefrSoWg&oe=648387F9&_nc_sid=8721cf
128,2023-06-01 14:08:44+00:00,fashionmuniz,Sidecar,T-shirt Here ⚡️ Duas cores PERFEITAS!  no site: www.fashionmuniz.com.br,,16,0,https://instagram.fsyd3-1.fna.fbcdn.net/v/t51.2885-15/350742826_775105277667677_1939100842511106372_n.jpg?stp=dst-jpg_e35_s1080x1080&_nc_ht=instagram.fsyd3-1.fna.fbcdn.net&_nc_cat=105&_nc_ohc=29Y43pH4zvEAX9b4u1V&edm=AP_V10EBAAAA&ccb=7-5&oh=00_AfCKedaVr9ijbnKkbuCGEZEuhL-UDWCtPULU-di1zykhyA&oe=648500FE&_nc_sid=8721cf
129,2023-05-25 09:34:33+00:00,josefinehj,Sidecar,annonce - last night on our way to Isola Bella for the @louisvuitton Cruise show 🤍,,12547,110,https://scontent-sea1-1.cdninstagram.com/v/t51.2885-15/348649673_907795093627885_2087987980647181221_n.jpg?stp=dst-jpg_e15&_nc_ht=scontent-sea1-1.cdninstagram.com&_nc_cat=101&_nc_ohc=O1vgM-kS9IwAX_vaUXB&edm=AP_V10EBAAAA&ccb=7-5&oh=00_AfDndhFODgshhPl4q38WplGm9CHSf2r0kQN8RStpX2GQPQ&oe=64814A30&_nc_sid=8721cf
130,2023-04-29 18:26:46+00:00,maryleest,Sidecar,Didn't think my Italian summer will start so soon @mayabeachexperience @bold_management #mayabeachresort,mayabeachresort,11389,73,https://scontent-fra3-1.cdninstagram.com/v/t51.2885-15/343764318_222756833695661_8590830552810278224_n.jpg?stp=dst-jpg_e35_p1080x1080&_nc_ht=scontent-fra3-1.cdninstagram.com&_nc_cat=105&_nc_ohc=WmwMMOsNFu4AX8HTgua&edm=AP_V10EBAAAA&ccb=7-5&oh=00_AfAu4Zncc80rTH34xrs6HBvEQXEPAYDP3RHJd1p_eA5xug&oe=64845701&_nc_sid=8721cf
131,2023-05-23 14:38:24+00:00,josefinehj,Sidecar,annonce - Italian espresso  @louisvuitton 🫶🏼 #LVCruise24,LVCruise24,18668,70,https://scontent-hou1-1.cdninstagram.com/v/t51.2885-15/348450941_201077659019847_7296998281997266251_n.jpg?stp=dst-jpg_e35_p1080x1080&_nc_ht=scontent-hou1-1.cdninstagram.com&_nc_cat=103&_nc_ohc=AMnkTOHXYgMAX-3akuy&edm=AP_V10EBAAAA&ccb=7-5&oh=00_AfBP7_oM1yeTBa5cnDSDPvur55vjen1gpv8GByOK4Yufzw&oe=6483E9C6&_nc_sid=8721cf
132,2023-05-15 13:24:45+00:00,everyday.holly,Sidecar,"Happy Monday! I hope all of you Mama’s had a wonderful Mother’s Day!🌸  Last weeks Top Sellers!   💥1 is 25% off! & 3 has a 10% off coupon.   Click on sizing to see the discounts appear.  Discounts can go away at any moment.  Comment LINKS for all the links & sizing info to sent to you! ⚠️ You will not see my messages if you are not following me or you have your messages restricted in privacy settings.   For reference: I’m 5’1, 110lbs 1 - 2 piece skirt set - small TTS 2 - Jumpsuit - small TTS 3 - Dress - small TTS 4 - Halter neck dress xs - go up if in-between sizes.  5 - Linen Pants -  small TTS  1 -Comment “LINKS” (no other text or emoji’s) for the links & sizing info.   2 - Click the link in my bio , then click “Shop my Reels & TikTok’s” look for the outfit picture and tap the link to shop. 😊 3 - free LTK app - Follow Everyday.holly Direct Link to type into your browser https://liketk.it/49eGN   #amazonfashion #top5 #casualoutfits #easyoutfits  #summersandals  #petitefriendly #summeroutfit  #springstyle  #summerstyle  #comfystyle #momstyle  #summerdressses #denimshorts #summerbasics #summerstyle #vacationoutfit  #amazonfashionfinds #amazonfinds #founditonamazon #founditonamazonfashion #targetstyle #targetfashion #petiteoutfit #petitestyle #over40petitestyle","amazonfashion, top5, casualoutfits, easyoutfits, summersandals, petitefriendly, summeroutfit, springstyle, summerstyle, comfystyle, momstyle, summerdressses, denimshorts, summerbasics, vacationoutfit, amazonfashionfinds, amazonfinds, founditonamazon, founditonamazonfashion, targetstyle, targetfashion, petiteoutfit, petitestyle, over40petitestyle",1534,627,https://scontent-hou1-1.cdninstagram.com/v/t51.2885-15/346652014_266943215711797_7531419590141611606_n.jpg?stp=dst-jpg_e35_p1080x1080&_nc_ht=scontent-hou1-1.cdninstagram.com&_nc_cat=101&_nc_ohc=_68Nw9we2icAX8hVTbW&edm=AP_V10EBAAAA&ccb=7-5&oh=00_AfBanYa8ARZlEg4agQYd0N3J9TR03UzKI7nGUvFxVomoFw&oe=64840D08&_nc_sid=8721cf
133,2023-05-07 21:54:12+00:00,everyday.holly,Sidecar,"Last weeks Top Sellers!   💥Save 20% on Target 🎯 dresses & sandals‼️  Comment LINKS for all the links & sizing info to sent to you! ⚠️ You will not see my messages if you are not following me or you have your messages restricted in privacy settings.   For reference: I’m 5’1, 110lbs 1 - Target sandals - TTS 2 - High-rise Denim shorts 0 3 - Linen Dress - XS loose fit 4 - Halter neck dress xs - go up if in-between sizes.  5 - Casual Ribbed Knit Dresss -  xs All sandals are from Target. TTS. save 20%   1 -Comment “LINKS” (no other text or emoji’s) for the links & sizing info.   2 - Click the link in my bio , then click “Shop my Reels & TikTok’s” look for the outfit picture and tap the link to shop. 😊 3 - free LTK app - Follow Everyday.holly Direct Link to type into your browser https://liketk.it/48JVr   #amazonfashion #top5 #casualoutfits #easyoutfits  #summersandals  #petitefriendly #summeroutfit  #springstyle  #summerstyle  #comfystyle #momstyle  #summerdressses #denimshorts #summerbasics #summerstyle #vacationoutfit  #amazonfashionfinds #amazonfinds #founditonamazon #founditonamazonfashion #targetstyle #targetfashion #petiteoutfit #petitestyle #over40petitestyle","amazonfashion, top5, casualoutfits, easyoutfits, summersandals, petitefriendly, summeroutfit, springstyle, summerstyle, comfystyle, momstyle, summerdressses, denimshorts, summerbasics, vacationoutfit, amazonfashionfinds, amazonfinds, founditonamazon, founditonamazonfashion, targetstyle, targetfashion, petiteoutfit, petitestyle, over40petitestyle",929,188,https://instagram.flwo4-2.fna.fbcdn.net/v/t51.2885-15/345247512_247594124456258_2553331435499019447_n.jpg?stp=dst-jpg_e35_p1080x1080&_nc_ht=instagram.flwo4-2.fna.fbcdn.net&_nc_cat=102&_nc_ohc=bR8cGwqLMsUAX-ijNZs&edm=AP_V10EBAAAA&ccb=7-5&oh=00_AfCyVhfVvC58CJZUqK6uHrMBEmMxC-USIA7Him4MEA2Smw&oe=6484ADD8&_nc_sid=8721cf
134,2023-05-24 12:19:32+00:00,josefinehj,Sidecar,annonce - last night was beautiful @louisvuitton 🤍,,4712,12,https://scontent-lhr8-2.cdninstagram.com/v/t51.2885-15/348295890_799525278034516_5345167616416049255_n.jpg?stp=dst-jpg_e35_p1080x1080&_nc_ht=scontent-lhr8-2.cdninstagram.com&_nc_cat=104&_nc_ohc=5y5OJ179aK0AX9bkYPu&edm=AP_V10EBAAAA&ccb=7-5&oh=00_AfBrBC3qEOpSc4poWHCbc6ftx7Gcr-5LIAzEoOAXHItmCw&oe=64844C8D&_nc_sid=8721cf
135,2023-05-23 14:20:11+00:00,josefinehj,Sidecar,Italy 🫶🏼🫶🏼🫶🏼,,5275,20,https://instagram.fjed4-4.fna.fbcdn.net/v/t51.2885-15/348614759_1495158664557080_1844579225447431526_n.jpg?stp=dst-jpg_e15&_nc_ht=instagram.fjed4-4.fna.fbcdn.net&_nc_cat=108&_nc_ohc=LkX_tXtFtCIAX891H-p&edm=AP_V10EBAAAA&ccb=7-5&oh=00_AfCUABuZO6rXXH7EhW9fRjVy417zN0QYUsBE8_uniJWRog&oe=648125F2&_nc_sid=8721cf
136,2023-05-23 14:57:40+00:00,josefinehj,Sidecar,annonce - @louisvuitton 🤍,,21899,95,https://instagram.fltn3-2.fna.fbcdn.net/v/t51.2885-15/348455181_130885623332082_5007649383472913093_n.jpg?stp=dst-jpg_e15&_nc_ht=instagram.fltn3-2.fna.fbcdn.net&_nc_cat=106&_nc_ohc=MAs03kkWZEsAX84fGnn&edm=AP_V10EBAAAA&ccb=7-5&oh=00_AfA_Xf8Z83Jujd2EE7ZwRxyEFoEq7i-Y6QQvjZs3SW-UsQ&oe=64811777&_nc_sid=8721cf
137,2023-05-02 19:47:53+00:00,maryleest,Sidecar,Ready to sparkle for Pre-Met gala cocktail with @swarovski ✨ #swarowski #swarowskijewelry #MetGala Wearing @loveshackfancy  📷 @gareart_i,"swarowski, swarowskijewelry, MetGala",20329,152,https://scontent-atl3-1.cdninstagram.com/v/t51.2885-15/344224715_800368988388346_5799175293234841915_n.jpg?stp=dst-jpg_e35_p1080x1080&_nc_ht=scontent-atl3-1.cdninstagram.com&_nc_cat=110&_nc_ohc=PNSZ1aEAOOIAX_y_whC&edm=AP_V10EBAAAA&ccb=7-5&oh=00_AfAHxU8Grj3kA-qTQXisify9nrKseUK6Q222NvDGQgitpA&oe=6484E427&_nc_sid=8721cf
138,2023-05-18 18:02:54+00:00,maryleest,Sidecar,Ready for my first red carpet in Cannes ♡  Dress @marmarhalim Jewelry @hassanzadeh_jewelry Shoes @gianvitorossi Hair @balmainhaircouture Makeup @narsissist  @the_frntal_pr,,22917,158,https://instagram.fhex4-2.fna.fbcdn.net/v/t51.2885-15/347164971_264590475968998_1750861146533806096_n.jpg?stp=dst-jpg_e35_p1080x1080&_nc_ht=instagram.fhex4-2.fna.fbcdn.net&_nc_cat=110&_nc_ohc=1567XwvWd64AX9kELWs&edm=AP_V10EBAAAA&ccb=7-5&oh=00_AfCpxRsHWz6iTEgs0eUJM9fyaeabYn3Q0NiXCyRxfMHy6Q&oe=648482AA&_nc_sid=8721cf
139,2023-05-25 21:16:31+00:00,fashionmuniz,Sidecar,Calça de couro Molly está de volta! ⚡️• PRÉ VENDA: disponível no site.,,32,0,https://instagram.fdel1-2.fna.fbcdn.net/v/t51.2885-15/349085660_753418263190564_810774043621145146_n.jpg?stp=dst-jpg_e35_s1080x1080&_nc_ht=instagram.fdel1-2.fna.fbcdn.net&_nc_cat=104&_nc_ohc=SbBj7uxIhYMAX8uXY38&edm=AP_V10EBAAAA&ccb=7-5&oh=00_AfAxvG_PP6EndryRCGBXPv7kj3GzsEgzNnIWFHADI43rkg&oe=6484FB6E&_nc_sid=8721cf
140,2023-06-06 18:57:00+00:00,matildadjerf,Sidecar,a love story,,21800,51,https://instagram.fbrs4-2.fna.fbcdn.net/v/t51.2885-15/351437899_936885484041365_350854020231507463_n.jpg?stp=dst-jpg_e35_s1080x1080&_nc_ht=instagram.fbrs4-2.fna.fbcdn.net&_nc_cat=1&_nc_ohc=zG-rUgLy4v4AX-13-4f&edm=AP_V10EBAAAA&ccb=7-5&oh=00_AfDVk-43xNbOD6hetsAdqIqazf2IMlw9FJGLe-UEW6vT8A&oe=6484CD2E&_nc_sid=8721cf
141,2023-05-23 18:04:09+00:00,fashionmuniz,Sidecar,"Conjunto Alicia está de volta na nossa pré venda ✨ • 3 cores disponível: Preto, Marrom e verde. Confira: www.fashionmuniz.com.br",,50,0,https://scontent-fra5-2.cdninstagram.com/v/t51.2885-15/348466593_1359370504631467_9107306212778416456_n.jpg?stp=dst-jpg_e35_s1080x1080&_nc_ht=scontent-fra5-2.cdninstagram.com&_nc_cat=107&_nc_ohc=gz8Zi_joM_EAX9z5jIr&edm=AP_V10EBAAAA&ccb=7-5&oh=00_AfAn3t7YZsuRZc5LZEekBs0fnYNDsvybfskehW2vePHwjw&oe=648503C7&_nc_sid=8721cf
142,2023-06-05 18:31:00+00:00,matildadjerf,Sidecar,That sums it up 🩷,,127390,228,https://scontent-atl3-2.cdninstagram.com/v/t51.2885-15/351383341_158834860503494_5884720529539825900_n.jpg?stp=dst-jpg_e35_p1080x1080&_nc_ht=scontent-atl3-2.cdninstagram.com&_nc_cat=1&_nc_ohc=W8rruRrpfuUAX9J8Wit&edm=AP_V10EBAAAA&ccb=7-5&oh=00_AfBvH_nCZjBTsVKOsXMFN6w_C7-pCzUYIJNpiDpmRw_lbQ&oe=6483C9A2&_nc_sid=8721cf
143,2023-05-22 20:31:10+00:00,fashionmuniz,Sidecar,Moletons quentinhos pra você se apaixonar! 🐻🌸 www.fashionmuniz.com.br,,15,0,https://instagram.fadb2-2.fna.fbcdn.net/v/t51.2885-15/348472094_799299421365000_3841045977893644701_n.jpg?stp=dst-jpg_e35&_nc_ht=instagram.fadb2-2.fna.fbcdn.net&_nc_cat=100&_nc_ohc=O1QOBaZ4ecsAX-dgbh0&edm=AP_V10EBAAAA&ccb=7-5&oh=00_AfCjz93EBTok4IgtG63qky38TX0SwGn_yDs-qYAHix8U_Q&oe=6483B67A&_nc_sid=8721cf
144,2023-06-01 17:58:05+00:00,matildadjerf,Sidecar,🦋🎀,,215348,361,https://instagram.fdet1-2.fna.fbcdn.net/v/t51.2885-15/350566197_277379914655405_3253326537983801046_n.jpg?stp=dst-jpg_e35_p1080x1080&_nc_ht=instagram.fdet1-2.fna.fbcdn.net&_nc_cat=105&_nc_ohc=FtVCtE9fwXgAX96quV-&edm=AP_V10EBAAAA&ccb=7-5&oh=00_AfCxCy2TTfZ08_dxmKPXTxwSySiCi2IdXgKu7lR9PCrjgw&oe=648563A4&_nc_sid=8721cf
145,2023-06-03 18:40:05+00:00,matildadjerf,Sidecar,"best weekend, and we still have tomorrow!!!!  🤍🤏🤍🤏🤍🤏",,257176,347,https://scontent-atl3-1.cdninstagram.com/v/t51.2885-15/350717963_1011119743385055_574314764727278120_n.jpg?stp=dst-jpg_e35_p1080x1080&_nc_ht=scontent-atl3-1.cdninstagram.com&_nc_cat=1&_nc_ohc=Omf9kLABfMAAX8uPD13&edm=AP_V10EBAAAA&ccb=7-5&oh=00_AfAsIJJDDa_ZQu25ChiW7rf2jCA4bYQMoWQ0SFWFmBXIyw&oe=64856430&_nc_sid=8721cf
146,2023-05-31 18:18:48+00:00,matildadjerf,Sidecar,bff,,194121,322,https://instagram.flhr1-2.fna.fbcdn.net/v/t51.2885-15/350290583_6006358502823110_6673639610181492000_n.jpg?stp=dst-jpg_e35_p1080x1080&_nc_ht=instagram.flhr1-2.fna.fbcdn.net&_nc_cat=102&_nc_ohc=578aM3_6hkUAX9LqalE&edm=AP_V10EBAAAA&ccb=7-5&oh=00_AfDlQmBaKJpD-JhQSBoDNS1roHPEP6n09WHbEaTnzeTPYw&oe=6484BCC1&_nc_sid=8721cf
147,2023-05-30 19:01:41+00:00,matildadjerf,Sidecar,favorite place and favorite time of day,,108797,121,https://scontent-atl3-2.cdninstagram.com/v/t51.2885-15/350524315_636528901700033_457753545376026743_n.jpg?stp=dst-jpg_e35_p1080x1080&_nc_ht=scontent-atl3-2.cdninstagram.com&_nc_cat=105&_nc_ohc=Nv1NMdZPKcwAX-4Dr-0&edm=AP_V10EBAAAA&ccb=7-5&oh=00_AfByP0mFODhDB8pj0a6WvYS3QdHFMlIaqe-V9XY_Kc3cNA&oe=6484A71F&_nc_sid=8721cf
148,2023-05-10 17:40:34+00:00,fashionmuniz,Sidecar,T-shirt Here ⚡️ Duas cores PERFEITAS!  no site: www.fashionmuniz.com.br,,16,0,https://instagram.flas1-2.fna.fbcdn.net/v/t51.2885-15/346250610_197321626516647_1554118628687987927_n.jpg?stp=dst-jpg_e35_s1080x1080&_nc_ht=instagram.flas1-2.fna.fbcdn.net&_nc_cat=103&_nc_ohc=nMlH1G55sYoAX9xDuM8&edm=AP_V10EBAAAA&ccb=7-5&oh=00_AfAUAv2SQWE-tm_91lDHTJCxvYbjXzcAjhH4C0kq-MER-A&oe=6483D680&_nc_sid=8721cf
149,2023-05-10 13:55:01+00:00,fashionmuniz,Sidecar,Trio de calças novas pra você se apegar 🌸• no site: www.fashionmuniz.com.br,,32,0,https://scontent-lga3-1.cdninstagram.com/v/t51.2885-15/345574878_6084744981602770_1697328986260578918_n.jpg?stp=dst-jpg_e35_s1080x1080&_nc_ht=scontent-lga3-1.cdninstagram.com&_nc_cat=110&_nc_ohc=9bGbSDqQsXcAX9yPhSv&edm=AP_V10EBAAAA&ccb=7-5&oh=00_AfDXIvd2XIq6SlxaL8A4wIyG2z78uiOhpPretl7Ux2BjAQ&oe=64848EE6&_nc_sid=8721cf
150,2023-05-29 18:47:38+00:00,matildadjerf,Sidecar,🩷🎀🩷,,166233,259,https://instagram.fdnk6-2.fna.fbcdn.net/v/t51.2885-15/350089790_134868162893419_3020871229171925608_n.jpg?stp=dst-jpg_e35_p1080x1080&_nc_ht=instagram.fdnk6-2.fna.fbcdn.net&_nc_cat=107&_nc_ohc=ZymNS9Iz6xEAX_gpeGt&edm=AP_V10EBAAAA&ccb=7-5&oh=00_AfCLwdrpjvF4WbaNvStZeF06FafPJQDSLqzdfpK1u0HxUQ&oe=6484E929&_nc_sid=8721cf
151,2023-05-23 13:11:14+00:00,fashionmuniz,Sidecar,Trio de calças novas pra você se apegar 🌸• no site: www.fashionmuniz.com.br,,21,0,https://scontent-den4-1.cdninstagram.com/v/t51.2885-15/348475918_1291570874898966_2021934862133243299_n.jpg?stp=dst-jpg_e35_s1080x1080&_nc_ht=scontent-den4-1.cdninstagram.com&_nc_cat=106&_nc_ohc=Se3qI4yXg0YAX8CTIfq&edm=AP_V10EBAAAA&ccb=7-5&oh=00_AfBSSkwcubyiLwHTaH0v4BRecRZLd2T1v_9PWvNSA9sVkA&oe=6483A0DC&_nc_sid=8721cf
152,2023-06-06 13:17:24+00:00,chiaraferragni,Sidecar,Bikini season has finally started ☀ Still not over this @calzedonia bikini with the coolest zebra print 😍 #adv #Calzedonia #ChiaraWearsCalzedonia,"adv, Calzedonia, ChiaraWearsCalzedonia",143533,893,https://instagram.fosu2-2.fna.fbcdn.net/v/t51.2885-15/351218356_1290328831569138_1479335682822753246_n.jpg?stp=dst-jpg_e35_p1080x1080&_nc_ht=instagram.fosu2-2.fna.fbcdn.net&_nc_cat=1&_nc_ohc=tQrEYeu7MLkAX_yMGfB&edm=AP_V10EBAAAA&ccb=7-5&oh=00_AfA3vux_GaVIEHPd-dmJu1mmBfEB9QN13zje9WBfG6zIjw&oe=64849B48&_nc_sid=8721cf
153,2023-05-28 18:40:12+00:00,matildadjerf,Sidecar,This week 🍯🌻,,258038,317,https://scontent-atl3-2.cdninstagram.com/v/t51.2885-15/349257148_772503927944296_2155034066618183967_n.jpg?stp=dst-jpg_e35_p1080x1080&_nc_ht=scontent-atl3-2.cdninstagram.com&_nc_cat=104&_nc_ohc=90vBm3NcfSsAX_gf4-u&edm=AP_V10EBAAAA&ccb=7-5&oh=00_AfAf8bOILI889Bw7nWtxeIQOzIzZkd-vF-VtCIW0mYCdKw&oe=6483BB7E&_nc_sid=8721cf
154,2023-05-27 18:34:24+00:00,matildadjerf,Sidecar,hi hi hi 🎀,,90261,176,https://scontent-lcy1-1.cdninstagram.com/v/t51.2885-15/349058229_559270556134028_314268748640086473_n.jpg?stp=dst-jpg_e35_p1080x1080&_nc_ht=scontent-lcy1-1.cdninstagram.com&_nc_cat=108&_nc_ohc=-3Ia5FxJmskAX_g4WVo&edm=AP_V10EBAAAA&ccb=7-5&oh=00_AfDyzWdD8kXpQecTpZFo7c8hwNIu66KqVq4msgkjhWcUXQ&oe=6485082A&_nc_sid=8721cf
155,2023-05-26 18:37:41+00:00,matildadjerf,Sidecar,Me 🖤 this dress,,233749,274,https://instagram.fman5-1.fna.fbcdn.net/v/t51.2885-15/348870733_137335099350264_7762802519805006135_n.jpg?stp=dst-jpg_e35_p1080x1080&_nc_ht=instagram.fman5-1.fna.fbcdn.net&_nc_cat=100&_nc_ohc=oPP7Cj7Fg-EAX9I7XFV&edm=AP_V10EBAAAA&ccb=7-5&oh=00_AfDfFfpCzA4vkLRj3_sqLjQ1-o7TEqjPHcqsEW6H4EK-1g&oe=64846F69&_nc_sid=8721cf
156,2023-05-23 18:46:14+00:00,matildadjerf,Sidecar,hi 👋,,173091,212,https://instagram.fiev7-4.fna.fbcdn.net/v/t51.2885-15/348443908_3329790287272175_5872619869441276442_n.jpg?stp=dst-jpg_e35_s1080x1080&_nc_ht=instagram.fiev7-4.fna.fbcdn.net&_nc_cat=111&_nc_ohc=cqbgmzm4YrYAX9JbjgQ&edm=AP_V10EBAAAA&ccb=7-5&oh=00_AfCrKzGJ5EBDzGGWrzY3myMiU4IIRCav7BnCRM1sCec-6w&oe=648407B3&_nc_sid=8721cf
157,2022-11-24 10:05:20+00:00,davidgandy_official,Sidecar,Very proud to have won the 'Style icon' award at the GQ MOTY awards for @gqportugal . Rather easy to look stylish in my full @henrypooleco. Thank you to @jsantanagq and his GQ team for a wonderful evening.,,35064,434,https://instagram.fruh4-5.fna.fbcdn.net/v/t51.2885-15/316528369_633499578463088_7803846285307767897_n.webp?stp=dst-jpg_e35_s1080x1080&_nc_ht=instagram.fruh4-5.fna.fbcdn.net&_nc_cat=108&_nc_ohc=u7xci7_eSk8AX9XS5PF&edm=AP_V10EBAAAA&ccb=7-5&oh=00_AfBEVm6ttIhB4bod-Afeak7iNIayymQUqnHICAlV7cvl7A&oe=6484A3B9&_nc_sid=8721cf
158,2023-05-30 19:17:21+00:00,monikh,Sidecar,Bits,,2022,9,https://scontent-mia3-2.cdninstagram.com/v/t51.2885-15/350680334_201160922869306_3999852575120306620_n.jpg?stp=dst-jpg_e35_p1080x1080&_nc_ht=scontent-mia3-2.cdninstagram.com&_nc_cat=110&_nc_ohc=jfXZAvm4xSMAX9NSPox&edm=AP_V10EBAAAA&ccb=7-5&oh=00_AfDOIj5uEeNfkoUnJJuXL1ewb4_UyhgEZ364KOX1CF3vhA&oe=6483DC58&_nc_sid=8721cf
159,2023-05-27 07:07:58+00:00,monikh,Sidecar,Lazy oversized linen for 22 degrees,,8149,52,https://instagram.ffcm1-1.fna.fbcdn.net/v/t51.2885-15/349223775_1044958813133772_3705342080876034960_n.jpg?stp=dst-jpg_e35_p1080x1080&_nc_ht=instagram.ffcm1-1.fna.fbcdn.net&_nc_cat=100&_nc_ohc=53jsc3FOZrIAX8-pqCZ&edm=AP_V10EBAAAA&ccb=7-5&oh=00_AfDTIifxIuUn0LbWoD3_wlC7Is1Q8jyXWq_pyVNY4DHSmg&oe=64838275&_nc_sid=8721cf
160,2023-05-29 07:25:30+00:00,monikh,Sidecar,"The rumours are true, @merit really is as good as they say",,1934,16,https://scontent-lga3-1.cdninstagram.com/v/t51.2885-15/349339785_658276776129602_3453660074254972842_n.jpg?stp=dst-jpg_e35_p1080x1080&_nc_ht=scontent-lga3-1.cdninstagram.com&_nc_cat=102&_nc_ohc=1ygRN9pAuwkAX9shR4m&edm=AP_V10EBAAAA&ccb=7-5&oh=00_AfB3J9P4ehhbf7Uc0fiWRLDce-Ct7hFqW0mgRIpLjTjrvA&oe=64855098&_nc_sid=8721cf
161,2023-05-30 14:54:21+00:00,monikh,Sidecar,@raeyofficial top with @acnestudios cargo pants. Sandals are @therow and bag is old old @palomawool. Links on stories and saved to May highlight 5.23,,9215,46,https://scontent-lhr8-1.cdninstagram.com/v/t51.2885-15/350088641_1192284028092563_5475036899903853358_n.jpg?stp=dst-jpg_e35_p1080x1080&_nc_ht=scontent-lhr8-1.cdninstagram.com&_nc_cat=111&_nc_ohc=r5qWarMTCqgAX_EzI83&edm=AP_V10EBAAAA&ccb=7-5&oh=00_AfBXM4wO3ZLiM02xCUP2NuBYlw-Ut2k-mli0yTZElraj2A&oe=6483B6C4&_nc_sid=8721cf
162,2023-05-26 14:03:50+00:00,fashionmuniz,Sidecar,O courinho voltando com tudo por aqui ⚡️• peças disponíveis na nossa pré venda 🚀 www.fashionmuniz.com.br,,25,0,https://scontent-cdg4-2.cdninstagram.com/v/t51.2885-15/348872195_1337222156862429_2728884112146820036_n.jpg?stp=dst-jpg_e35_s1080x1080&_nc_ht=scontent-cdg4-2.cdninstagram.com&_nc_cat=109&_nc_ohc=_wp30PLZJr8AX-OFfiT&edm=AP_V10EBAAAA&ccb=7-5&oh=00_AfA9vFBuBXD14AFkQ5T1ioBFaqHidWAGOJxBrZK89_uwlg&oe=64853DD4&_nc_sid=8721cf
163,2023-05-25 10:38:49+00:00,monikh,Sidecar,"Me hour 💅🏼 plus a few beauty bits on rotation: @mirrorwater.earth scrub to keep my hands exfoliated, @esteelauderuk spf 50 🌞 and @rhode saving my lips",,8080,28,https://instagram.ftpa1-1.fna.fbcdn.net/v/t51.2885-15/348988997_689993626225496_8741584280439050237_n.jpg?stp=dst-jpg_e35_p1080x1080&_nc_ht=instagram.ftpa1-1.fna.fbcdn.net&_nc_cat=108&_nc_ohc=od29Mb0OQvEAX91oYi0&edm=AP_V10EBAAAA&ccb=7-5&oh=00_AfC9vi2ecTtZyLM1rKk_35VqlZwgK-aqNKqAxGlt0uEJgg&oe=6484C50A&_nc_sid=8721cf
164,2023-06-04 08:29:45+00:00,chiaraferragni,Sidecar,Last night 💖,,321404,2097,https://scontent-ord5-2.cdninstagram.com/v/t51.2885-15/351034522_625784196144480_3744227616853138369_n.jpg?stp=dst-jpg_e35_p1080x1080&_nc_ht=scontent-ord5-2.cdninstagram.com&_nc_cat=1&_nc_ohc=0Ho1zUEpfvgAX_o5B9_&edm=AP_V10EBAAAA&ccb=7-5&oh=00_AfB4qyNGsy7Gb07f8yJL9E9uLVh0Lkp0ygfm2nQUAvhPrw&oe=64854C87&_nc_sid=8721cf
165,2023-05-23 18:56:45+00:00,monikh,Sidecar,A very very lovely lunch with very very lovely people 🍽️,,1519,18,https://scontent-waw1-1.cdninstagram.com/v/t51.2885-15/348486624_759692372519714_1071179467783421257_n.jpg?stp=dst-jpg_e35_p1080x1080&_nc_ht=scontent-waw1-1.cdninstagram.com&_nc_cat=102&_nc_ohc=zDZwZgQyMNoAX9Bfx9c&edm=AP_V10EBAAAA&ccb=7-5&oh=00_AfB5LtiwYEahGW48NIgO_igyavp_5X7CjHBvBn9TLETAAw&oe=6484E6EA&_nc_sid=8721cf
166,2022-11-25 21:52:26+00:00,davidgandy_official,Sidecar,I have always championed British brands and was delighted to celebrate the opening of @pinkshirtmaker new Jermyn Street flagship store. A great evening and very happy to see the brand's return to Mayfair #thomaspink #thomaspinkshirtmaker #thomaspinkshop,"thomaspink, thomaspinkshirtmaker, thomaspinkshop",38828,289,https://scontent-lcy1-2.cdninstagram.com/v/t51.2885-15/316981812_1784559818611098_3031653601692404945_n.webp?stp=dst-jpg_e35_s1080x1080&_nc_ht=scontent-lcy1-2.cdninstagram.com&_nc_cat=106&_nc_ohc=aKdGjw0LmaYAX8F7l8T&edm=AP_V10EBAAAA&ccb=7-5&oh=00_AfDohkFAgjfpQlA04Mb8zmgi4qVQwzWtDvIDveC08Pabdw&oe=6483E100&_nc_sid=8721cf
167,2023-06-03 14:07:39+00:00,chiaraferragni,Sidecar,What a special night starting @chiaraferragnibrand summer tour in Forte Dei Marmi at @augustushotelresort with a special performance by our beloved Paola e Chiara 💖,,525948,1076,https://scontent-lga3-1.cdninstagram.com/v/t51.2885-15/350697204_259961089916937_8241976195777882627_n.jpg?stp=dst-jpg_e35_p1080x1080&_nc_ht=scontent-lga3-1.cdninstagram.com&_nc_cat=1&_nc_ohc=eGrtaVtQcjQAX8rwSyH&edm=AP_V10EBAAAA&ccb=7-5&oh=00_AfB5gtuE1um-maVLhEc8TYR-Y2uDgivp6SJOW2H6kK_Lsw&oe=6484B050&_nc_sid=8721cf
168,2023-06-02 14:45:35+00:00,chiaraferragni,Sidecar,June 1st in Forte Dei Marmi with the family 🥹,,308225,1102,https://scontent-lga3-1.cdninstagram.com/v/t51.2885-15/351204569_874384264083044_5618019136998525141_n.jpg?stp=dst-jpg_e35_p1080x1080&_nc_ht=scontent-lga3-1.cdninstagram.com&_nc_cat=1&_nc_ohc=tRHRvbEM2CwAX-iQ9i5&edm=AP_V10EBAAAA&ccb=7-5&oh=00_AfC7b6boJNRSaRzTNicexAyeKM0ampZFYzjvjvkhiKI_kQ&oe=64855FD8&_nc_sid=8721cf
169,2023-05-24 07:58:52+00:00,monikh,Sidecar,"Yesterday I found this semi-sheer dress by @palomawool via @libertylondon. Cannot wait to wear it on holiday with a bikini underneath, or big knickers and black bra. Still working out how to make it work for days in London, possibly a skirt slip as I don’t want to take away from the beauty of the transparency too much. Colour goes nicely with my new @dragon.diffusion bag and dainty rings are all @lil_milan ♒️",,3679,20,https://instagram.ftpa1-2.fna.fbcdn.net/v/t51.2885-15/348221157_1617970875362322_6860049502042713366_n.jpg?stp=dst-jpg_e35_p1080x1080&_nc_ht=instagram.ftpa1-2.fna.fbcdn.net&_nc_cat=106&_nc_ohc=bvtYFQKeGr8AX_fgy7O&edm=AP_V10EBAAAA&ccb=7-5&oh=00_AfC9NRjFGd4cielFHRVsqmyJt4aN_RgHgesbVphQO_0VlQ&oe=64856EEB&_nc_sid=8721cf
170,2023-06-01 09:09:51+00:00,chiaraferragni,Sidecar,January 2023 shooting my Sanremo looks and matching with my princess 🥹,,591890,1773,https://instagram.fosl3-2.fna.fbcdn.net/v/t51.2885-15/350958026_805298237358887_6760830965631818722_n.jpg?stp=dst-jpg_e35_p1080x1080&_nc_ht=instagram.fosl3-2.fna.fbcdn.net&_nc_cat=1&_nc_ohc=A8D-mFLGCvEAX878u5B&edm=AP_V10EBAAAA&ccb=7-5&oh=00_AfD0Gr-VM9a_UJxlimWGPbr-Qtpy2pohmysdZ_F-Tq7zUA&oe=64845744&_nc_sid=8721cf
171,2023-06-03 10:25:53+00:00,chiaraferragni,Sidecar,First night in Forte 💖 #SuppliedbyLouisVuitton,SuppliedbyLouisVuitton,549570,981,https://instagram.flas1-2.fna.fbcdn.net/v/t51.2885-15/350851492_637367698294453_2165755998891372801_n.jpg?stp=dst-jpg_e35_p1080x1080&_nc_ht=instagram.flas1-2.fna.fbcdn.net&_nc_cat=1&_nc_ohc=JQbxsMhb4M8AX92bkQe&edm=AP_V10EBAAAA&ccb=7-5&oh=00_AfBsKpnQIUhp4iJNNgENeR-m_rNNEJGx4c8W_PGEYULauw&oe=64839FDB&_nc_sid=8721cf
172,2023-06-02 09:52:37+00:00,chiaraferragni,Sidecar,Today CF Summer Tour starts 😍 The first stop is at @augustushotelresort  Follow @chiaraferragnibrand for more details 🙏🏻,,536808,719,https://scontent-mia3-1.cdninstagram.com/v/t51.2885-15/351017154_640925834204446_2481317353452076968_n.jpg?stp=dst-jpg_e35_p1080x1080&_nc_ht=scontent-mia3-1.cdninstagram.com&_nc_cat=1&_nc_ohc=H95t9awyc-MAX_3BAqt&edm=AP_V10EBAAAA&ccb=7-5&oh=00_AfB8_AaExZf4cxksGc3HZzp70bUUWPNpxWtA81Z1gtcMwA&oe=6483B8D6&_nc_sid=8721cf
173,2023-06-01 13:38:58+00:00,chiaraferragni,Sidecar,Our Portofino anniversary episode is now streaming 🥹💖😍  Hope you guys will like it 😙 #TheFerragnez,TheFerragnez,829312,2649,https://instagram.fakx4-1.fna.fbcdn.net/v/t51.2885-15/350697881_1888868438155466_8885258045063359847_n.jpg?stp=dst-jpg_e35_p1080x1080&_nc_ht=instagram.fakx4-1.fna.fbcdn.net&_nc_cat=1&_nc_ohc=tsEFeMrXtuMAX_w0eMl&edm=AP_V10EBAAAA&ccb=7-5&oh=00_AfCshLJgd1tmblehdFmxQMO1Evm_p6Q_nBXhpf0tbpskgA&oe=6484C439&_nc_sid=8721cf
174,2023-05-31 13:02:02+00:00,chiaraferragni,Sidecar,Last day of May 💖,,527074,1135,https://scontent-ord5-2.cdninstagram.com/v/t51.2885-15/350528752_572420125027022_2346927156373389192_n.jpg?stp=dst-jpg_e35_p1080x1080&_nc_ht=scontent-ord5-2.cdninstagram.com&_nc_cat=1&_nc_ohc=IITP7lUV_qQAX_F41a-&edm=AP_V10EBAAAA&ccb=7-5&oh=00_AfDqqFBqN-fayHCltPh4mfIm3vRvePvRtDNKvaEM-IhSqg&oe=6484FECC&_nc_sid=8721cf
175,2023-05-31 17:53:39+00:00,chiaraferragni,Sidecar,🥹,,286834,1245,https://instagram.fods1-1.fna.fbcdn.net/v/t51.2885-15/350339588_229466703169967_8129499069714191606_n.jpg?stp=dst-jpg_e35_p1080x1080&_nc_ht=instagram.fods1-1.fna.fbcdn.net&_nc_cat=1&_nc_ohc=678MlHid2GAAX8dlkaw&edm=AP_V10EBAAAA&ccb=7-5&oh=00_AfA_GbTGtnqYoYHZATr-aLCAGebrQD2IxpU_Cf-wK2vHzw&oe=6484BF44&_nc_sid=8721cf
176,2023-04-22 15:05:00+00:00,sincerelyjules,Sidecar,"My only real pregnancy cravings have been all kinds of pancakes and anything sweet like pastries, ice cream & dessert! 🥞 🤭  My pregnant ladies- what have your cravings been? Share! #ojaivalley",ojaivalley,149507,483,https://instagram.fhyd5-1.fna.fbcdn.net/v/t51.2885-15/342382410_630414315111227_7901031504756474450_n.jpg?stp=dst-jpg_e35_p1080x1080&_nc_ht=instagram.fhyd5-1.fna.fbcdn.net&_nc_cat=111&_nc_ohc=GM-6U1Kn2W0AX_I2VDw&edm=AP_V10EBAAAA&ccb=7-5&oh=00_AfDcButoQRwM-UJPR7358_kNMOi8AlIfr8zfgRmTgcS3pw&oe=64842E5B&_nc_sid=8721cf
177,2023-05-15 18:33:33+00:00,matildadjerf,Sidecar,city summer 🍸,,297685,330,https://instagram.fsig3-1.fna.fbcdn.net/v/t51.2885-15/346915679_1298897744317380_7938260924473862017_n.jpg?stp=dst-jpg_e35_p1080x1080&_nc_ht=instagram.fsig3-1.fna.fbcdn.net&_nc_cat=100&_nc_ohc=_a2wkANQRckAX_zdEC8&edm=AP_V10EBAAAA&ccb=7-5&oh=00_AfA6mkWNBbYWLDx-1E-9fTXDXQcpBtV_lI2FlyrifUIC6A&oe=64839995&_nc_sid=8721cf
178,2023-05-21 18:11:52+00:00,matildadjerf,Sidecar,And to think this is just the beginning 🥹🤏,,251628,301,https://scontent-ham3-1.cdninstagram.com/v/t51.2885-15/348233486_271901351979667_2022750512121091267_n.jpg?stp=dst-jpg_e35_s1080x1080&_nc_ht=scontent-ham3-1.cdninstagram.com&_nc_cat=107&_nc_ohc=K0D00unFH2EAX-g1yCw&edm=AP_V10EBAAAA&ccb=7-5&oh=00_AfCTzmVzZPMGLwpQNNnTrsiGyVCOS6pIaOf4Wny8oCmJdA&oe=64844A97&_nc_sid=8721cf
179,2023-05-11 18:52:22+00:00,matildadjerf,Sidecar,🏡🤍🤏,,212867,166,https://scontent-mad2-1.cdninstagram.com/v/t51.2885-15/346228971_6642644969089924_7827796992845149372_n.jpg?stp=dst-jpg_e35_s1080x1080&_nc_ht=scontent-mad2-1.cdninstagram.com&_nc_cat=104&_nc_ohc=ECcrZSU7JgwAX_M81qL&edm=AP_V10EBAAAA&ccb=7-5&oh=00_AfCPnC3HqecyPVrxkfPWydvMk282kOWDFx69OHa-sipWZA&oe=6483D518&_nc_sid=8721cf
180,2023-05-16 18:38:34+00:00,matildadjerf,Sidecar,If you know you know,,176203,191,https://scontent-jnb1-1.cdninstagram.com/v/t51.2885-15/347412972_763926475451294_6234394263812382483_n.jpg?stp=dst-jpg_e35_p1080x1080&_nc_ht=scontent-jnb1-1.cdninstagram.com&_nc_cat=102&_nc_ohc=_tblocijjmQAX8BslnT&edm=AP_V10EBAAAA&ccb=7-5&oh=00_AfDTWWO-YJjPt_-WfGxJKn2ovqXdSfj6bFkddXMnFmqjTA&oe=64853688&_nc_sid=8721cf
181,2023-05-20 18:33:24+00:00,matildadjerf,Sidecar,May 🦋🦋🦋,,153086,200,https://instagram.fist13-1.fna.fbcdn.net/v/t51.2885-15/347455955_146336388423048_3743796079514292133_n.jpg?stp=dst-jpg_e35_s1080x1080&_nc_ht=instagram.fist13-1.fna.fbcdn.net&_nc_cat=100&_nc_ohc=im7ADYXKjLEAX-x1Cf3&edm=AP_V10EBAAAA&ccb=7-5&oh=00_AfCtOmICln0NFUxu-a5SoN8kFSaTHoQaXlgMGhkVjvH5ig&oe=6483EC2A&_nc_sid=8721cf
182,2023-05-17 18:43:01+00:00,matildadjerf,Sidecar,most special lunch 🩷 @djerfavenue,,132721,182,https://instagram.fsub8-1.fna.fbcdn.net/v/t51.2885-15/347157332_580488307251771_2131743382949036863_n.jpg?stp=dst-jpg_e35_p1080x1080&_nc_ht=instagram.fsub8-1.fna.fbcdn.net&_nc_cat=103&_nc_ohc=ahjqpcZtNUIAX-q4Uit&edm=AP_V10EBAAAA&ccb=7-5&oh=00_AfB46kTfDfPn1d3o3RXlyCHUlIdloG4fGfEbcAmQ1tulDA&oe=6484C0FD&_nc_sid=8721cf
183,2023-05-12 18:19:18+00:00,matildadjerf,Sidecar,last weekend 🍸,,156183,167,https://scontent-atl3-1.cdninstagram.com/v/t51.2885-15/346119757_638882221392454_235433891617901100_n.jpg?stp=dst-jpg_e35_p1080x1080&_nc_ht=scontent-atl3-1.cdninstagram.com&_nc_cat=110&_nc_ohc=kYLkg0TtXT4AX_3Ftg9&edm=AP_V10EBAAAA&ccb=7-5&oh=00_AfAPf9pUywUx7yTQ0f_QWmZ7WHh5TYd5dxMLLmMo_EM8qg&oe=6483A3D2&_nc_sid=8721cf
184,2023-05-09 18:32:22+00:00,matildadjerf,Sidecar,poolside 🐬,,180890,146,https://instagram.fplq1-2.fna.fbcdn.net/v/t51.2885-15/345226063_188581254095991_457311269502708030_n.jpg?stp=dst-jpg_e35_p1080x1080&_nc_ht=instagram.fplq1-2.fna.fbcdn.net&_nc_cat=103&_nc_ohc=8n1mQQWFnh8AX-dr-9g&edm=AP_V10EBAAAA&ccb=7-5&oh=00_AfD_8Tj8O4aj3nN2kjo-goLOJFBNapY1-S8sDo49Kbjgzg&oe=64856935&_nc_sid=8721cf
185,2023-05-18 18:47:57+00:00,matildadjerf,Sidecar,like mother like son,,143575,167,https://instagram.fpit1-1.fna.fbcdn.net/v/t51.2885-15/347283449_138923212511200_8053087205547637330_n.jpg?stp=dst-jpg_e35_p1080x1080&_nc_ht=instagram.fpit1-1.fna.fbcdn.net&_nc_cat=104&_nc_ohc=QrwZG_m8xzwAX9AAk_s&edm=AP_V10EBAAAA&ccb=7-5&oh=00_AfBQrzkNh7OpeDhhNB8CJmeBaic6Lo-1MDtmodebPE9Xaw&oe=6483CF31&_nc_sid=8721cf
186,2023-05-15 07:01:49+00:00,carodaur,Sidecar,about last week #daurdump,daurdump,30679,131,https://scontent-man2-1.cdninstagram.com/v/t51.2885-15/346614201_503013165260595_860381177252198150_n.jpg?stp=dst-jpg_e35_p1080x1080&_nc_ht=scontent-man2-1.cdninstagram.com&_nc_cat=103&_nc_ohc=5_D--8bu_-QAX-Y3XlQ&edm=AP_V10EBAAAA&ccb=7-5&oh=00_AfADAFeRE7TaXwGHIr11TsMUbB8-W0FpLOs3NY9erwromg&oe=64855E3A&_nc_sid=8721cf
187,2023-05-13 10:55:42+00:00,carodaur,Sidecar,Bye bye New York (swipe for my ✨NY LIST✨),,42221,320,https://scontent-atl3-2.cdninstagram.com/v/t51.2885-15/346376090_906441237296513_5907659078281393803_n.jpg?stp=dst-jpg_e35_p1080x1080&_nc_ht=scontent-atl3-2.cdninstagram.com&_nc_cat=105&_nc_ohc=-MB0Ok1QChsAX-KECBv&edm=AP_V10EBAAAA&ccb=7-5&oh=00_AfDfz_VOu8PnCC0YCThhpgEL-1aG0wKMb9pU3c1ESyCAMA&oe=6483E278&_nc_sid=8721cf
188,2023-05-14 18:45:03+00:00,matildadjerf,Sidecar,forgot these 🧚‍♂️✨,,169137,209,https://instagram.fskg5-2.fna.fbcdn.net/v/t51.2885-15/347025899_970145304434555_4361785755649749104_n.jpg?stp=dst-jpg_e35_p1080x1080&_nc_ht=instagram.fskg5-2.fna.fbcdn.net&_nc_cat=111&_nc_ohc=scJCDwI7mdIAX9bUW8d&edm=AP_V10EBAAAA&ccb=7-5&oh=00_AfBGhJcrubdo-V8BALJcK2_zn_l9qjO4jZNdC5C1B33ZaQ&oe=6483E642&_nc_sid=8721cf
189,2023-05-18 10:45:12+00:00,carodaur,Sidecar,secret garden & lunch (our tour guide was clearly the main character🥹),,18078,94,https://instagram.fsac1-2.fna.fbcdn.net/v/t51.2885-15/347634244_194493773532677_9129547596838471558_n.jpg?stp=dst-jpg_e35_p1080x1080&_nc_ht=instagram.fsac1-2.fna.fbcdn.net&_nc_cat=105&_nc_ohc=_z-PwTOA3tUAX_D-JnK&edm=AP_V10EBAAAA&ccb=7-5&oh=00_AfCuzM9JcN3dLpmCzMTx2hm2v1LtJ3-llYC_kdDvNLfOkw&oe=6484CD7E&_nc_sid=8721cf
190,2023-03-06 18:32:13+00:00,stephaniebroek,Sidecar,back in paris for my dream show: @chanelofficial (aaaaah). a few of my favorite CC moments throughout the years (dying to show you my look for tomorrow <3!!),,2551,65,https://instagram.fkgf7-1.fna.fbcdn.net/v/t51.2885-15/332420367_2560479754106381_4814387458541693000_n.jpg?stp=dst-jpg_e35_p1080x1080&_nc_ht=instagram.fkgf7-1.fna.fbcdn.net&_nc_cat=105&_nc_ohc=8bznX9p5RJAAX_KlBWi&edm=AP_V10EBAAAA&ccb=7-5&oh=00_AfA_VIN8lfBsmLjpe1wjuCl9LBM81F-5objs4OYrI5VHVQ&oe=64856908&_nc_sid=8721cf
191,2023-02-14 16:25:23+00:00,stephaniebroek,Sidecar,"Who else loves hearing ‘how we met’ stories? On our first date Younes took me to a hiphop party. Two introverts counting on the music to avoid awkward silences. In retrospect we had nothing to worry about. We couldn’t stop talking all night. On our third date we made plans to go to Paris. It was summer and the city was more romantic than ever. We were students and couldn’t afford to go out for dinner. Instead, we drank cheap wine and ate pizzas along the Seine @maisonmargielafragrances /ad #MaisonMargielaFragrances  #SmellsLikeMemories #OnaDate #DateWithReplica","MaisonMargielaFragrances, SmellsLikeMemories, OnaDate, DateWithReplica",3260,96,https://scontent-lga3-1.cdninstagram.com/v/t51.2885-15/330799928_744824513902640_3393310112520137592_n.jpg?stp=dst-jpg_e35_p1080x1080&_nc_ht=scontent-lga3-1.cdninstagram.com&_nc_cat=108&_nc_ohc=q2zliUl1ejMAX8n0bVr&edm=AP_V10EBAAAA&ccb=7-5&oh=00_AfAiFbRIgWcNMKCmFztUDRb0d5DeE0BC78ZJBedvk2_DBQ&oe=64840553&_nc_sid=8721cf
192,2023-02-22 19:26:09+00:00,stephaniebroek,Sidecar,"Recently a facialist complimented my skin after a treatment and said ‘keep doing what you’re doing’. I was shook <3. I’ve been consisted for years so you probably know what I’m doing.  The @paulaschoicenl Calm line just relaunched and it’s full of ingredients my skin loves (hyaluronic acid, peptides, ceramides, squalane). Particularly suitable for sensitive skin. (Olive wasn’t supposed to be in this photo but wanted to be involved. This photo pretty much sums up how I do my skincare routine in the morning - with one hand) /ad",,3187,65,https://instagram.ftpa1-2.fna.fbcdn.net/v/t51.2885-15/332693506_533783852197811_5002523993889690941_n.jpg?stp=dst-jpg_e35_p1080x1080&_nc_ht=instagram.ftpa1-2.fna.fbcdn.net&_nc_cat=111&_nc_ohc=9SViuM5JGi0AX9T-XIw&edm=AP_V10EBAAAA&ccb=7-5&oh=00_AfAvvQyRBp9MC49muDsrHt7XEg-yre7jHmY4ui2FHoLn8Q&oe=648489A1&_nc_sid=8721cf
193,2023-02-16 16:39:37+00:00,stephaniebroek,Sidecar,so this is 34. celebrated my birthday on the 5th in new season Margiela parachute pants and neon Saks Potts @luisaviaroma,,2103,73,https://scontent-den4-1.cdninstagram.com/v/t51.2885-15/330653274_723341155899759_2596358479255773167_n.jpg?stp=dst-jpg_e35_p1080x1080&_nc_ht=scontent-den4-1.cdninstagram.com&_nc_cat=103&_nc_ohc=KruF8_3zHhYAX_8yQ9I&edm=AP_V10EBAAAA&ccb=7-5&oh=00_AfCJo7gf68gszRdFA00Ov1w8GG5lQsMRG7gmwgwY03n8KQ&oe=6484BE91&_nc_sid=8721cf
194,2023-03-03 20:58:46+00:00,stephaniebroek,Sidecar,"lucky girl syndrome, paris edition",,2031,55,https://scontent-iad3-1.cdninstagram.com/v/t51.2885-15/334041436_952731919440589_6079196267567734885_n.jpg?stp=dst-jpg_e35_p1080x1080&_nc_ht=scontent-iad3-1.cdninstagram.com&_nc_cat=101&_nc_ohc=2ARwP6wDAS0AX9Vqd6v&edm=AP_V10EBAAAA&ccb=7-5&oh=00_AfDIXkD8pG5kEECTMCo8oVrbLx4XDZCTBqKIu26_LwbxCA&oe=648449CC&_nc_sid=8721cf
195,2023-04-29 17:15:28+00:00,camilacoelho,Sidecar,Flourishing w/ @loungeunderwear🌷 ad,,164197,763,https://instagram.fsac1-2.fna.fbcdn.net/v/t51.2885-15/343888773_241720748375717_3938220232938469751_n.jpg?stp=dst-jpg_e35_p1080x1080&_nc_ht=instagram.fsac1-2.fna.fbcdn.net&_nc_cat=105&_nc_ohc=tN5ZPUfiFjcAX-Y1fZ6&edm=AP_V10EBAAAA&ccb=7-5&oh=00_AfAOdk3-GZAIEwuPx5iVRMt71b1S1c7ccdPq8ch6k96VFQ&oe=64844C75&_nc_sid=8721cf
196,2023-02-19 18:57:43+00:00,stephaniebroek,Sidecar,the perfect black trouser with a side of slay @stagnistudio /ad,,1628,44,https://instagram.fbrs1-1.fna.fbcdn.net/v/t51.2885-15/332384241_586324823367222_5511901623224162156_n.jpg?stp=dst-jpg_e35_p1080x1080&_nc_ht=instagram.fbrs1-1.fna.fbcdn.net&_nc_cat=106&_nc_ohc=_1Zo4QCp6oUAX8NH4Pj&edm=AP_V10EBAAAA&ccb=7-5&oh=00_AfDPsc46WtTdSzsJ7jMTbAd3_HHgp2_1oXk7_uUyZgdr8g&oe=64848334&_nc_sid=8721cf
197,2023-03-02 15:03:55+00:00,stephaniebroek,Sidecar,@acnestudios one word review: ethereal. black sand and crochet trees with big fabric flowers and gemstones garlands. and i wore just the right boots for jonny johansson’s black forest 🐊,,924,36,https://instagram.fmel5-1.fna.fbcdn.net/v/t51.2885-15/333176314_887619295846004_8079357230033912413_n.jpg?stp=dst-jpg_e35_p1080x1080&_nc_ht=instagram.fmel5-1.fna.fbcdn.net&_nc_cat=108&_nc_ohc=tX4lmVSshT0AX-YzaIU&edm=AP_V10EBAAAA&ccb=7-5&oh=00_AfC2HBTXL1Q4QgQulvgJV7Hdu-aKsWuHtzX_xjjGj1nKYg&oe=648473B9&_nc_sid=8721cf
198,2023-01-18 20:03:51+00:00,stephaniebroek,Sidecar,,,2687,49,https://instagram.fosu2-2.fna.fbcdn.net/v/t51.2885-15/325820468_1467198690350266_4266337065901321924_n.jpg?stp=dst-jpg_e35_p1080x1080&_nc_ht=instagram.fosu2-2.fna.fbcdn.net&_nc_cat=110&_nc_ohc=BHonSBfZPcYAX-czUNL&edm=AP_V10EBAAAA&ccb=7-5&oh=00_AfDUqIyspImFjlRmZHQo0q7M2c9chn5e4tlZXkbfIsQJNQ&oe=64845860&_nc_sid=8721cf
199,2023-01-25 19:11:37+00:00,stephaniebroek,Sidecar,(belt)skirts over pants type of week,,1466,68,https://instagram.fada1-15.fna.fbcdn.net/v/t51.2885-15/327134157_3406515726256902_8399524078369453462_n.jpg?stp=dst-jpg_e35_p1080x1080&_nc_ht=instagram.fada1-15.fna.fbcdn.net&_nc_cat=106&_nc_ohc=S0ecrWQy3XQAX8sBkvt&edm=AP_V10EBAAAA&ccb=7-5&oh=00_AfCHLGSAaYz-5yus9zmFg2doNVbYFN79wV4327mrT6EKGA&oe=648493DD&_nc_sid=8721cf
200,2023-02-05 19:32:39+00:00,stephaniebroek,Sidecar,"in full ann demeulemeester and the row on day 1, a the attico cargo denim skirt moment on day 2, and magda butrym 🥀 top 🥀 on the last day of cphfw, all via @luisaviaroma",,1695,70,https://instagram.flhr4-4.fna.fbcdn.net/v/t51.2885-15/329237977_901672780970290_2703280082135697545_n.jpg?stp=dst-jpg_e35_p1080x1080&_nc_ht=instagram.flhr4-4.fna.fbcdn.net&_nc_cat=110&_nc_ohc=0n9FYAWS5WkAX8AyL89&edm=AP_V10EBAAAA&ccb=7-5&oh=00_AfCOm1s7NlfGvdTGNKaq5BH1YPCOyYZURd-ZPG_EWinRiQ&oe=6483ED90&_nc_sid=8721cf
201,2023-01-09 16:15:43+00:00,stephaniebroek,Sidecar,bag and coffee table slay,,1429,45,https://instagram.fist6-3.fna.fbcdn.net/v/t51.2885-15/324164087_1708003862927437_8784403935016255998_n.jpg?stp=dst-jpg_e35_p1080x1080&_nc_ht=instagram.fist6-3.fna.fbcdn.net&_nc_cat=101&_nc_ohc=X4PvmTgAfbwAX-fVUva&edm=AP_V10EBAAAA&ccb=7-5&oh=00_AfC4LwhkFZqx9k3mA8ewbBYf49PqA-ei0pUu9TVXtOyDJA&oe=64845A5E&_nc_sid=8721cf
202,2023-02-06 18:55:07+00:00,stephaniebroek,Sidecar,a week in copenhagen and this is what my camera roll looks like,,1133,38,https://scontent-waw1-1.cdninstagram.com/v/t51.2885-15/329320292_839858743749226_1001549976434351713_n.jpg?stp=dst-jpg_e35_p1080x1080&_nc_ht=scontent-waw1-1.cdninstagram.com&_nc_cat=110&_nc_ohc=M78NpixKgigAX9yQrAN&edm=AP_V10EBAAAA&ccb=7-5&oh=00_AfD1oNfZA9L3BDzmWibeQ09Eu3Fh2Fq2RaPr0Jta-TrnPg&oe=6484AEA2&_nc_sid=8721cf
203,2023-04-22 19:30:23+00:00,camilacoelho,Sidecar,Miami nights🤎 • #ootn,ootn,107220,374,https://scontent-mad1-1.cdninstagram.com/v/t51.2885-15/342714817_239499745295069_4795970418191165574_n.jpg?stp=dst-jpg_e35_p1080x1080&_nc_ht=scontent-mad1-1.cdninstagram.com&_nc_cat=105&_nc_ohc=laEcPW1E53wAX-nPZjQ&edm=AP_V10EBAAAA&ccb=7-5&oh=00_AfDQPvr3QKNThH3U0c1OAATFaRQpBEOOyB_PrllriZU4Lw&oe=64848AEF&_nc_sid=8721cf
204,2023-04-23 21:29:38+00:00,camilacoelho,Sidecar,Kai’s mom💓 (dropping my arm workout on last video lol) Se eu treino braço? Claro que sim haha  • My set is @camilacoelhocollection available at @revolve #ootd #momlife,"ootd, momlife",133411,527,https://scontent-mia3-2.cdninstagram.com/v/t51.2885-15/342876216_264381366017962_938346672155791189_n.jpg?stp=dst-jpg_e35_p1080x1080&_nc_ht=scontent-mia3-2.cdninstagram.com&_nc_cat=110&_nc_ohc=1Y9GMpcmsGUAX8wDYgC&edm=AP_V10EBAAAA&ccb=7-5&oh=00_AfDLcsTTCcCyiO8s_LTkeSl0nWnMM5aHG-ouXsFnguo_DA&oe=64841E43&_nc_sid=8721cf
205,2023-05-10 16:56:37+00:00,matildadjerf,Sidecar,hiiiii 🍦🦋🧚‍♂️,,185861,270,https://instagram.fbga3-1.fna.fbcdn.net/v/t51.2885-15/345291632_6139974779450654_2293823477379965856_n.jpg?stp=dst-jpg_e35_s1080x1080&_nc_ht=instagram.fbga3-1.fna.fbcdn.net&_nc_cat=102&_nc_ohc=grS_D5-hOfYAX_3AzhE&edm=AP_V10EBAAAA&ccb=7-5&oh=00_AfD8aRA6DgDQrSRkzY9duCwndLtJhCTsOKQJuHxh5EgynA&oe=6483EFD8&_nc_sid=8721cf
206,2023-04-18 20:18:58+00:00,camilacoelho,Sidecar,Such a fun time at #revolvefestival 🎶🦋 this weekend! Until next yearrrr @revolve fam!  • #festival #festivalfashion #ootd,"revolvefestival, festival, festivalfashion, ootd",162482,565,https://scontent-gig4-1.cdninstagram.com/v/t51.2885-15/341586929_947196070054677_6654521836099298215_n.jpg?stp=dst-jpg_e35_p1080x1080&_nc_ht=scontent-gig4-1.cdninstagram.com&_nc_cat=109&_nc_ohc=KQidPIJl2uIAX_IH7S3&edm=AP_V10EBAAAA&ccb=7-5&oh=00_AfCw7QjGEYQ3F72cmhrZxI181bdxmKIzde5WqAKeCSuIAw&oe=6484C8D7&_nc_sid=8721cf
207,2023-05-05 18:33:56+00:00,matildadjerf,Sidecar,small little pockets of my day 🦋,,147298,142,https://instagram.fmem1-2.fna.fbcdn.net/v/t51.2885-15/344795616_1249935062551139_6528203873826993921_n.jpg?stp=dst-jpg_e35_s1080x1080&_nc_ht=instagram.fmem1-2.fna.fbcdn.net&_nc_cat=111&_nc_ohc=3NFaxyZKmysAX-_wt-3&edm=AP_V10EBAAAA&ccb=7-5&oh=00_AfB4pUQb-vw44EfhlxrSdMooH6YtcSA1ZdLbn_K9ZK6FXw&oe=64855F1A&_nc_sid=8721cf
208,2023-05-06 17:58:43+00:00,matildadjerf,Sidecar,🧚‍♂️,,245634,348,https://instagram.fhan14-4.fna.fbcdn.net/v/t51.2885-15/344883602_217030034400266_2752600114725433200_n.jpg?stp=dst-jpg_e35_p1080x1080&_nc_ht=instagram.fhan14-4.fna.fbcdn.net&_nc_cat=102&_nc_ohc=FYeJECwDTUQAX-5B-Hf&edm=AP_V10EBAAAA&ccb=7-5&oh=00_AfD6o9c9HuTJX3qRsnratQOaxQwcK3wDx89LhCoO6WvkYg&oe=64849B22&_nc_sid=8721cf
209,2023-05-08 18:26:04+00:00,matildadjerf,Sidecar,living,,186887,170,https://instagram.ffru1-4.fna.fbcdn.net/v/t51.2885-15/345261172_1694638604309247_5277711415629095_n.jpg?stp=dst-jpg_e35_p1080x1080&_nc_ht=instagram.ffru1-4.fna.fbcdn.net&_nc_cat=103&_nc_ohc=8CQyOnqrmPEAX_wtlAb&edm=AP_V10EBAAAA&ccb=7-5&oh=00_AfCmQ1ZErnyDp58XqHN7TvGm1g4Nk9_54yJS7bcxUfa6dw&oe=6484EC7E&_nc_sid=8721cf
210,2023-05-02 18:43:53+00:00,matildadjerf,Sidecar,Highlights from the last two weeks 🩷,,155715,210,https://scontent-mad1-1.cdninstagram.com/v/t51.2885-15/344261575_201159026037769_4443354748803244625_n.jpg?stp=dst-jpg_e35_p1080x1080&_nc_ht=scontent-mad1-1.cdninstagram.com&_nc_cat=101&_nc_ohc=txr7rAZd-PYAX-JckJt&edm=AP_V10EBAAAA&ccb=7-5&oh=00_AfCkvjRvuzCdhZfElIlrKoRcBqGuR3-Y6GyT7bzAcCU4Tw&oe=6484A8B4&_nc_sid=8721cf
211,2023-05-03 19:01:05+00:00,matildadjerf,Sidecar,soooooooon 🥹🥲,,113716,126,https://instagram.fpos2-1.fna.fbcdn.net/v/t51.2885-15/344775130_673575707911632_2286426199120512757_n.jpg?stp=dst-jpg_e35_p1080x1080&_nc_ht=instagram.fpos2-1.fna.fbcdn.net&_nc_cat=100&_nc_ohc=8LOKHjKw4ysAX8bcRnx&edm=AP_V10EBAAAA&ccb=7-5&oh=00_AfDxcDrhyMvydGYXO-m_HSnhzxSgsNW7XWB83A_N6DwPtg&oe=64848B93&_nc_sid=8721cf
212,2023-05-20 11:23:27+00:00,josefinehj,Sidecar,spring in Copenhagen 🫶🏼🫶🏼🫶🏼,,16645,76,https://instagram.fbga3-1.fna.fbcdn.net/v/t51.2885-15/348300765_755807296089981_4977937558834570312_n.jpg?stp=dst-jpg_e35_p1080x1080&_nc_ht=instagram.fbga3-1.fna.fbcdn.net&_nc_cat=109&_nc_ohc=8hN0uJndw8YAX-xPGwf&edm=AP_V10EBAAAA&ccb=7-5&oh=00_AfBf26mnL7lLTUPOVKSkx_unp5Aus9GUL-6utZS6OnV4gA&oe=6483D6EC&_nc_sid=8721cf
213,2023-05-07 18:59:00+00:00,matildadjerf,Sidecar,🍷🤍,,220198,228,https://scontent-fra5-1.cdninstagram.com/v/t51.2885-15/344891150_541470878173007_5011869823891633150_n.jpg?stp=dst-jpg_e35_s1080x1080&_nc_ht=scontent-fra5-1.cdninstagram.com&_nc_cat=111&_nc_ohc=PWc2QP5IyQ0AX82ChOl&edm=AP_V10EBAAAA&ccb=7-5&oh=00_AfDz3bN_CYfRzrEwGOFqgm7pJO0PIkFF4HSdlGv9_nn-hQ&oe=6484FE78&_nc_sid=8721cf
214,2023-05-01 18:42:30+00:00,matildadjerf,Sidecar,a long weekend at home 🌈,,153650,197,https://instagram.fyei6-1.fna.fbcdn.net/v/t51.2885-15/344478196_781519523324414_216075809807816727_n.jpg?stp=dst-jpg_e35_s1080x1080&_nc_ht=instagram.fyei6-1.fna.fbcdn.net&_nc_cat=102&_nc_ohc=WcEIp-4U3qAAX-IXdwq&edm=AP_V10EBAAAA&ccb=7-5&oh=00_AfBLO65-w_yb92tvlvY6IXC8XwB-v51Pn7O1h7l8qZKcUg&oe=6483CD25&_nc_sid=8721cf
215,2023-05-24 21:47:26+00:00,fashionmuniz,Sidecar,DE VOLTA! ✨ Calça de Couro Jandira está de volta com TUDO! 🚀 www.fashionmuniz.com.br,,15,0,https://scontent-atl3-1.cdninstagram.com/v/t51.2885-15/348501005_3556037138014196_5164821524560232360_n.jpg?stp=dst-jpg_e35_p1080x1080&_nc_ht=scontent-atl3-1.cdninstagram.com&_nc_cat=108&_nc_ohc=qxyA-Ug5NEMAX9Mb2dp&edm=AP_V10EBAAAA&ccb=7-5&oh=00_AfDw8tkIGqMoXBeVY1hODmabhJkWBM8Ga3DK2xo2LPNOaA&oe=64849615&_nc_sid=8721cf
216,2023-05-20 14:02:46+00:00,josefinehj,Sidecar,annonce,,9945,48,https://scontent-sjc3-1.cdninstagram.com/v/t51.2885-15/348453354_1610268262787399_6576579113398060019_n.jpg?stp=dst-jpg_e35_p1080x1080&_nc_ht=scontent-sjc3-1.cdninstagram.com&_nc_cat=111&_nc_ohc=o2hYr72TdCwAX-HTj10&edm=AP_V10EBAAAA&ccb=7-5&oh=00_AfCdC1lOLDU0w7-G0bIYAOsAaPpTTrfHpsmzn0dwTMyZ3g&oe=648384C5&_nc_sid=8721cf
217,2023-04-30 18:47:07+00:00,matildadjerf,Sidecar,🩷🪽,,170642,284,https://scontent-atl3-2.cdninstagram.com/v/t51.2885-15/343688993_253183133784458_8656287258930281851_n.jpg?stp=dst-jpg_e35_p1080x1080&_nc_ht=scontent-atl3-2.cdninstagram.com&_nc_cat=102&_nc_ohc=2jM77FrAk3QAX_c7tK0&edm=AP_V10EBAAAA&ccb=7-5&oh=00_AfAjX2zlDjnMey32CoWTaHskq44oF5N0TzvftOh3GRdwJQ&oe=64843176&_nc_sid=8721cf
218,2023-05-17 10:04:08+00:00,josefinehj,Sidecar,elevator check,,5466,19,https://scontent-yyz1-1.cdninstagram.com/v/t51.2885-15/346922090_240300558689756_24357125966289010_n.jpg?stp=dst-jpg_e35_s1080x1080&_nc_ht=scontent-yyz1-1.cdninstagram.com&_nc_cat=108&_nc_ohc=uK2U1CErnGYAX_xeMpf&edm=AP_V10EBAAAA&ccb=7-5&oh=00_AfAcnTyQOM-_f2DqkpBDK-UKPQzEITOGHJxiAdP6tiyxtA&oe=6483E956&_nc_sid=8721cf
219,2023-04-28 18:40:14+00:00,matildadjerf,Sidecar,Forgot about these 🦋,,177435,223,https://instagram.fsjo14-1.fna.fbcdn.net/v/t51.2885-15/343573900_623816206276526_655983639314112727_n.jpg?stp=dst-jpg_e35_p1080x1080&_nc_ht=instagram.fsjo14-1.fna.fbcdn.net&_nc_cat=102&_nc_ohc=ZRn9-TtnoMMAX_frmdq&edm=AP_V10EBAAAA&ccb=7-5&oh=00_AfD1KLHDge_U3aO0xBgfsxS3mCt3RkxcfPlWsEuVK_XKJg&oe=648426DA&_nc_sid=8721cf
220,2023-04-27 18:51:46+00:00,matildadjerf,Sidecar,A rainy day in April,,102316,139,https://instagram.fctg2-1.fna.fbcdn.net/v/t51.2885-15/343276027_2446442658845588_6692290533255103997_n.jpg?stp=dst-jpg_e35_s1080x1080&_nc_ht=instagram.fctg2-1.fna.fbcdn.net&_nc_cat=108&_nc_ohc=rP4dcDSRy5cAX_XZqpd&edm=AP_V10EBAAAA&ccb=7-5&oh=00_AfD0-x1GoTs-PyNZbvty1YrI85EFa9XGoyIHnZwALxfdFg&oe=6485670A&_nc_sid=8721cf
221,2023-05-30 10:44:40+00:00,chiaraferragni,Sidecar,Colorful bag for a total @prada look today 😍 Feeling playful with my #PradaGalleria bag in the prettiest shades of green 💚 #adv #prada,"PradaGalleria, adv, prada",540617,1027,https://scontent-ord5-1.cdninstagram.com/v/t51.2885-15/350091429_807708460546249_5071850301853494151_n.jpg?stp=dst-jpg_e35_p1080x1080&_nc_ht=scontent-ord5-1.cdninstagram.com&_nc_cat=101&_nc_ohc=c3Kcn23I74IAX98ohdy&edm=AP_V10EBAAAA&ccb=7-5&oh=00_AfCZB0VuGLQbiL1wd7lJulq43UD_jaDEciEitZtm4dM9MQ&oe=6484F154&_nc_sid=8721cf
222,2023-04-26 18:23:36+00:00,matildadjerf,Sidecar,office lately 🎀,,121543,182,https://scontent-atl3-2.cdninstagram.com/v/t51.2885-15/343396780_1482428322289525_5357002768801903746_n.jpg?stp=dst-jpg_e35_p1080x1080&_nc_ht=scontent-atl3-2.cdninstagram.com&_nc_cat=101&_nc_ohc=baUQHR0nrKIAX-M-9kK&edm=AP_V10EBAAAA&ccb=7-5&oh=00_AfB72w_Ogo2PtpfnRIhjzwUeDbt8NNlf_4l84T3f8w6lZQ&oe=6483C1C0&_nc_sid=8721cf
223,2023-05-29 11:39:32+00:00,chiaraferragni,Sidecar,Best of these past days 💖,,336161,1411,https://scontent-mia3-2.cdninstagram.com/v/t51.2885-15/350133255_966661901018265_6601816866559409397_n.jpg?stp=dst-jpg_e35_p1080x1080&_nc_ht=scontent-mia3-2.cdninstagram.com&_nc_cat=109&_nc_ohc=uOdlAZ_ScrMAX_L_u_-&edm=AP_V10EBAAAA&ccb=7-5&oh=00_AfDKPg4Y63J1t_NrhbpNxN39TS86UMgBTSMkg9NgD_rG4g&oe=648488DC&_nc_sid=8721cf
224,2023-05-28 16:31:03+00:00,chiaraferragni,Sidecar,A good Sunday 🥹,,375086,1107,https://scontent-dfw5-2.cdninstagram.com/v/t51.2885-15/350243008_610987947655920_3901048210803768933_n.jpg?stp=dst-jpg_e35_p1080x1080&_nc_ht=scontent-dfw5-2.cdninstagram.com&_nc_cat=100&_nc_ohc=25KB57pVAyAAX_QpOOo&edm=AP_V10EBAAAA&ccb=7-5&oh=00_AfBCpxk_fBQEkvPbAw03NzPsAqjyIlrM2p_uOJ7q-YH17w&oe=6483DA7A&_nc_sid=8721cf
225,2023-05-27 15:26:39+00:00,chiaraferragni,Sidecar,Saturday at the lake at our favorite @ghtlakecomo 🙏🏻,,326527,1161,https://instagram.fbhx7-1.fna.fbcdn.net/v/t51.2885-15/349096905_638769704392557_1159857143561224650_n.jpg?stp=dst-jpg_e35_p1080x1080&_nc_ht=instagram.fbhx7-1.fna.fbcdn.net&_nc_cat=109&_nc_ohc=JNEPFoqTWVQAX-UwjNn&edm=AP_V10EBAAAA&ccb=7-5&oh=00_AfDXS5iq-lJOmiVvxfCmaAI8MPa3lByFrW3nxOGdfYngZw&oe=64856C67&_nc_sid=8721cf
226,2023-05-26 19:52:24+00:00,chiaraferragni,Sidecar,May 26th 💙,,249830,935,https://instagram.fvcp10-1.fna.fbcdn.net/v/t51.2885-15/349036689_634922388201352_833135321251998369_n.jpg?stp=dst-jpg_e35_p1080x1080&_nc_ht=instagram.fvcp10-1.fna.fbcdn.net&_nc_cat=104&_nc_ohc=0QzED8syA2cAX_th8e0&edm=AP_V10EBAAAA&ccb=7-5&oh=00_AfCD46DeOq2X_Us-SK6dudxHcO4QqB6-mZD7gHirSZyJMA&oe=64853AF6&_nc_sid=8721cf
227,2023-05-26 09:29:35+00:00,chiaraferragni,Sidecar,Last night #SuppliedbyLouisVuitton ❤️,SuppliedbyLouisVuitton,269901,1133,https://scontent-gig4-1.cdninstagram.com/v/t51.2885-15/348856278_748589783713210_7119132727041166117_n.jpg?stp=dst-jpg_e35_p1080x1080&_nc_ht=scontent-gig4-1.cdninstagram.com&_nc_cat=110&_nc_ohc=CaoFONibUecAX-ggLR2&edm=AP_V10EBAAAA&ccb=7-5&oh=00_AfCWePLQpmNrEK7ELOYSQx1gjN7c0xjmWF-B-_x5-O-QfA&oe=64849F17&_nc_sid=8721cf
228,2023-05-26 15:40:53+00:00,lojafashioncloset,Sidecar,nike gamma force 💙 TA NO AR!,,80,1,https://scontent-hou1-1.cdninstagram.com/v/t51.2885-15/349048110_628183618954631_2024592276219143431_n.jpg?stp=dst-jpg_e35_p1080x1080&_nc_ht=scontent-hou1-1.cdninstagram.com&_nc_cat=111&_nc_ohc=HWNSBz49yYAAX91hY75&edm=AP_V10EBAAAA&ccb=7-5&oh=00_AfBt3cHzF-ykG2eijY7JwN3VVwRU0rkMuOEWdlSJAWnGyQ&oe=64853240&_nc_sid=8721cf
229,2023-05-22 00:59:47+00:00,lojafashioncloset,Sidecar,"🚨 hello, hello fashion girls… pq essa semana promete ser A SEMANA DAS NEWS MAIS HOT!!! fica ON >>>",,325,4,https://scontent-lax3-1.cdninstagram.com/v/t51.2885-15/348215663_1286873942187374_2224141163968980647_n.jpg?stp=dst-jpg_e35_p1080x1080&_nc_ht=scontent-lax3-1.cdninstagram.com&_nc_cat=102&_nc_ohc=mFScJvoY_BUAX_f9z2n&edm=AP_V10EBAAAA&ccb=7-5&oh=00_AfAW2Ci71pH81VgeVbTizYdgO3beo9nx14nz5kmn7G8Ugw&oe=6483D3A5&_nc_sid=8721cf
230,2023-05-26 14:10:13+00:00,chiaraferragni,Sidecar,"Ieri in qualità di Co-Presidente e membro della giuria della @CameraModaFashionTrust ho partecipato alla terza edizione di Camera Moda Fashion Trust Grant per selezionare 4 brand indipendenti da supportare economicamente e tramite mentorship per diventare il futuro della moda in Italia 🇮🇹 Congratulazioni ai vincitori @setchu.official official, @marcello_pipitone, @niccolopasqualetti e @florania__ e complimenti a tutti i designer che hanno partecipato e presentato le loro idee e collezioni 👏 Sono davvero fiera di supportare il made in Italy e la nuova generazione di fashion designers 💘 🇬🇧 Yesterday I took part to Camera Moda Fashion Trust Grant as part of the committee and Co-President 🙏 We selected 4 winners to support both financially and with a mentorship program, congratulations to @setchu.official official, @marcello_pipitone, @niccolopasqualetti and @florania__ and to all the amazing designers who took part to this contest 💘 I’m so proud to support the made in Italy and the upcoming generation of fashion designers 🇮🇹",,442878,553,https://scontent-den4-1.cdninstagram.com/v/t51.2885-15/348845658_186717380621582_2150162191534269778_n.jpg?stp=dst-jpg_e35_p1080x1080&_nc_ht=scontent-den4-1.cdninstagram.com&_nc_cat=102&_nc_ohc=yvABkDfZALcAX8QqAMR&edm=AP_V10EBAAAA&ccb=7-5&oh=00_AfBY9kykiUcjHf0_-0qWswhwT_HBas6xi-LN1lcQSogldQ&oe=648518AA&_nc_sid=8721cf
231,2023-05-18 21:49:07+00:00,lojafashioncloset,Sidecar,photo dump de ontem! ⭐️ … um pouquinho do está chegando por aí w/ @anajuliaardito,,571,19,https://scontent-ord5-2.cdninstagram.com/v/t51.2885-15/347419846_654855113120806_2271993081986469287_n.jpg?stp=dst-jpg_e35_p1080x1080&_nc_ht=scontent-ord5-2.cdninstagram.com&_nc_cat=110&_nc_ohc=yONu3P8H38UAX_-vkJU&edm=AP_V10EBAAAA&ccb=7-5&oh=00_AfAqX45EHDxZXDZQLKlK2Ma65gyJcjZFUSrXUtMxn112Vw&oe=6484040B&_nc_sid=8721cf
232,2023-04-16 19:44:05+00:00,eleonorabrunaccidivaio,Sidecar,Mamma daddy vi faccio una foto 📸Pic by leoncino adorato🌅💙#meandyou,meandyou,63975,241,https://scontent-bog1-1.cdninstagram.com/v/t51.2885-15/341762770_960038835180229_3282055543548327429_n.jpg?stp=dst-jpg_e35_p1080x1080&_nc_ht=scontent-bog1-1.cdninstagram.com&_nc_cat=101&_nc_ohc=_yPzlAiSzmUAX-94FOa&edm=AP_V10EBAAAA&ccb=7-5&oh=00_AfC_rHxAzvpC0hw_GrTjuQ21hnABaaJaj71uN6T-mlti4Q&oe=648504B7&_nc_sid=8721cf
233,2023-04-14 17:49:40+00:00,eleonorabrunaccidivaio,Sidecar,Vorrei bloccare il tempo e potervi vivere il più possibile così 🥰 i miei pazzerelli adorati! Sunset cruise 🌅 #familymoments @pullman_maldives,familymoments,45335,189,https://instagram.fkgf7-1.fna.fbcdn.net/v/t51.2885-15/328362059_1240910566630188_6964619844626090433_n.jpg?stp=dst-jpg_e35_p1080x1080&_nc_ht=instagram.fkgf7-1.fna.fbcdn.net&_nc_cat=100&_nc_ohc=BRiGj0yd7OgAX-DRlOW&edm=AP_V10EBAAAA&ccb=7-5&oh=00_AfCBFGzO1xDdpGfyAkmp0MAWxieyqE0ger11EveR8BnRdA&oe=648409F6&_nc_sid=8721cf
234,2023-04-13 06:54:04+00:00,eleonorabrunaccidivaio,Sidecar,Colazione in piscina 🌺🥰🌺 #goodmorning #maldives   Amazing @pullman_maldives ♥️,"goodmorning, maldives",88711,339,https://scontent-bos5-1.cdninstagram.com/v/t51.2885-15/340706574_215973387740188_3154972515527751389_n.jpg?stp=dst-jpg_e35_p1080x1080&_nc_ht=scontent-bos5-1.cdninstagram.com&_nc_cat=104&_nc_ohc=NxO0S3j383YAX_00Qz-&edm=AP_V10EBAAAA&ccb=7-5&oh=00_AfAzk69yvDlrnQYqwi823x79iE6wmEXtH619oxI42rvuOw&oe=64842B48&_nc_sid=8721cf
235,2023-04-15 18:15:43+00:00,eleonorabrunaccidivaio,Sidecar,"Continuando a scrivere pagine della nostra vita♥️voi ,la mia ricarica naturale♥️ #myfamily #mylife #mykids","myfamily, mylife, mykids",43816,165,https://scontent-iad3-1.cdninstagram.com/v/t51.2885-15/341343160_2024499921215529_7095325990394223912_n.jpg?stp=dst-jpg_e35_p1080x1080&_nc_ht=scontent-iad3-1.cdninstagram.com&_nc_cat=109&_nc_ohc=R7sxj-orssAAX_0rR8m&edm=AP_V10EBAAAA&ccb=7-5&oh=00_AfCuhCGK5CuBS0gwLUiqxuTLHkT_yyMtcJzXK7b-TC6K6A&oe=648434F9&_nc_sid=8721cf
236,2023-04-11 17:56:14+00:00,eleonorabrunaccidivaio,Sidecar,Moments like this ♥️🇲🇻 #familytime #preciuosmoments   Here @pullman_maldives ♥️,"familytime, preciuosmoments",96690,328,https://scontent-dub4-1.cdninstagram.com/v/t51.2885-15/340651645_191928143618498_3279747607111289260_n.jpg?stp=dst-jpg_e35_p1080x1080&_nc_ht=scontent-dub4-1.cdninstagram.com&_nc_cat=102&_nc_ohc=ZEucLH8Y0JcAX_e9HtV&edm=AP_V10EBAAAA&ccb=7-5&oh=00_AfBxzeYiszTsstQujLfBtK_16Xi4pLGYDWuShrJMm8_19A&oe=6483C7D7&_nc_sid=8721cf
237,2022-06-06 14:32:31+00:00,davidgandy_official,Sidecar,"So very honoured to have taken part in the #platinumjubilee pageant yesterday. Wonderful if slightly surreal experience that brought so much togetherness, unity, laughter and smiles.  Well done @jaguar and @landrover for making this happen,  as many will not appreciate the hard work and organisation this took.",platinumjubilee,12272,115,https://scontent-hou1-1.cdninstagram.com/v/t51.2885-15/286323397_5549497361741251_4682728414817702555_n.webp?stp=dst-jpg_e35_s1080x1080&_nc_ht=scontent-hou1-1.cdninstagram.com&_nc_cat=107&_nc_ohc=GEhYxwP_qd8AX9saA50&edm=AP_V10EBAAAA&ccb=7-5&oh=00_AfDq2xMsGTuYNVDmxXhSVPxiWEcvSLO5zExKDDfZGKNSqA&oe=6484271E&_nc_sid=8721cf
238,2022-11-23 08:16:49+00:00,tinaabeysekara,Sidecar,Want a cool 30% off @petalandpup? Of course you do!   @petalandpup have daily promos happening this week when you shop via the app 🥳  Here are some festive season picks to get your shopping cart started 😉   Rosetta Dress (Size 8) Fleetwood Shirt (Size M) Sienna Belted Jumpsuit (Size M)  Happy hunting! 😘  #petalandpup #festivewear #whitejumpsuit #jeansandanicetop #mididresses #springstyle #afforɗablefashion,"petalandpup, festivewear, whitejumpsuit, jeansandanicetop, mididresses, springstyle, afforɗablefashion",1115,58,https://instagram.ftlv19-1.fna.fbcdn.net/v/t51.2885-15/316475826_1567305177046457_523579645273707092_n.jpg?stp=dst-jpg_e35_p1080x1080&_nc_ht=instagram.ftlv19-1.fna.fbcdn.net&_nc_cat=105&_nc_ohc=29RmSTVhhRYAX-pUH59&edm=AP_V10EBAAAA&ccb=7-5&oh=00_AfB3mcFc84Hn9ymTyXKRlr3en_uMQcFHCFaoxUYC0PRb8Q&oe=6483842B&_nc_sid=8721cf
239,2023-05-08 02:02:47+00:00,lojafashioncloset,Sidecar,que a calça jeans fernando com corrente já é umas das nossas best sellers já sabemos!… AGORA QUEREMOS SABER: VOCÊ VAI DE CROPPED ADIDAS OU BODY JADE? 👇🏼👀,,1841,7,https://scontent-ord5-2.cdninstagram.com/v/t51.2885-15/345724133_193749983567112_4937960698933733881_n.jpg?stp=dst-jpg_e35_p1080x1080&_nc_ht=scontent-ord5-2.cdninstagram.com&_nc_cat=100&_nc_ohc=leJrIgjUSB4AX91zRjt&edm=AP_V10EBAAAA&ccb=7-5&oh=00_AfDDraRd5IBkMNVcGVvgTL7Re0fwT80-xOK48VlI-hq3xQ&oe=6484A5B0&_nc_sid=8721cf
240,2023-05-25 14:50:17+00:00,chiaraferragni,Sidecar,A prince 🤴🏼,,549404,1779,https://scontent-kul2-1.cdninstagram.com/v/t51.2885-15/348861924_993096108520654_1090541435633836839_n.jpg?stp=dst-jpg_e35_s1080x1080&_nc_ht=scontent-kul2-1.cdninstagram.com&_nc_cat=110&_nc_ohc=NfD1ED673CcAX_hZWg4&edm=AP_V10EBAAAA&ccb=7-5&oh=00_AfC68bSshnz19jRF3doxrwHwxiKnAsYm8yPVeSlNrxG5bg&oe=6483C966&_nc_sid=8721cf
241,2023-05-25 13:01:44+00:00,chiaraferragni,Sidecar,Went to @louisvuitton cruise show at Isola Bella yesterday 💖 it was so touching the see the new collection in such a beautiful place 🙏,,340661,1649,https://scontent-lax3-1.cdninstagram.com/v/t51.2885-15/348655796_917405089315336_6577806083558983070_n.jpg?stp=dst-jpg_e35_p1080x1080&_nc_ht=scontent-lax3-1.cdninstagram.com&_nc_cat=104&_nc_ohc=28kixivN4cgAX8rbfKz&edm=AP_V10EBAAAA&ccb=7-5&oh=00_AfAY2F6oSzv6wTutS31-T2RV7Wqmw8mKfX3ZCAjVdSFzcA&oe=64847DBD&_nc_sid=8721cf
242,2023-05-24 09:31:12+00:00,chiaraferragni,Sidecar,Officially ready for summer 2023 💖,,536680,1973,https://instagram.fods1-1.fna.fbcdn.net/v/t51.2885-15/348501000_1578771752633049_4056516097028040673_n.jpg?stp=dst-jpg_e35_p1080x1080&_nc_ht=instagram.fods1-1.fna.fbcdn.net&_nc_cat=109&_nc_ohc=hDP3gVeXzzQAX87hocu&edm=AP_V10EBAAAA&ccb=7-5&oh=00_AfDQH3lERhnr1-EBFmmziI4GsS3K5UTbq7KTeJrkG1fNRw&oe=64847F93&_nc_sid=8721cf
243,2023-05-22 16:28:31+00:00,chiaraferragni,Sidecar,The first pic makes me so happy 🥹  It’s like I’ve always visualized having a relationship like that with my son 💖,,345163,637,https://scontent-ord5-2.cdninstagram.com/v/t51.2885-15/348302453_3586755394983436_8558710205418528750_n.jpg?stp=dst-jpg_e35_p1080x1080&_nc_ht=scontent-ord5-2.cdninstagram.com&_nc_cat=104&_nc_ohc=gyB2jWqqLv0AX_eQkso&edm=AP_V10EBAAAA&ccb=7-5&oh=00_AfAPZbrngp2XqoG3V5CA96HudfQVt0fwdUNWkjYSiBX6zw&oe=648499EF&_nc_sid=8721cf
244,2023-04-23 18:11:40+00:00,matildadjerf,Sidecar,just two besties,,375308,451,https://scontent-man2-1.cdninstagram.com/v/t51.2885-15/343278653_1771024443293836_2699459352843279844_n.jpg?stp=dst-jpg_e35_s1080x1080&_nc_ht=scontent-man2-1.cdninstagram.com&_nc_cat=104&_nc_ohc=0RN1LT0FNEsAX-MZgxA&edm=AP_V10EBAAAA&ccb=7-5&oh=00_AfBVLR-8LrFHQ680naIXp6T0RPs2Dim7ylZRtnEghFKcDw&oe=64848EC5&_nc_sid=8721cf
245,2023-05-23 11:59:18+00:00,chiaraferragni,Sidecar,The official pictures of my @martiniit campaign are out 😍 I love them so much and it’s an honor to be the face of such an iconic Italian brand that is celebrating its 160th anniversary ❤️🥳 Thank you to my Martini family for making me part of this 🙏 #adv,adv,591572,1078,https://instagram.fcag1-1.fna.fbcdn.net/v/t51.2885-15/348490908_283076160732687_5059488240285372425_n.jpg?stp=dst-jpg_e35_p1080x1080&_nc_ht=instagram.fcag1-1.fna.fbcdn.net&_nc_cat=103&_nc_ohc=tPHD6qBSbCgAX-EtRHy&edm=AP_V10EBAAAA&ccb=7-5&oh=00_AfDRfxNezRD5m8dKLJEORRLGS_xFGfe8GAdjDlI03sw5nA&oe=64855C8D&_nc_sid=8721cf
246,2023-04-24 18:38:00+00:00,matildadjerf,Sidecar,☺️😚,,204225,345,https://instagram.fsof9-1.fna.fbcdn.net/v/t51.2885-15/342699851_895362324881256_5823702581447821114_n.jpg?stp=dst-jpg_e35_p1080x1080&_nc_ht=instagram.fsof9-1.fna.fbcdn.net&_nc_cat=100&_nc_ohc=6KvSVlnrOAYAX9SoHxO&edm=AP_V10EBAAAA&ccb=7-5&oh=00_AfBUX87mBG3PLYwVsmfXtIqNiKO-KlULTOA2RSa-28pYxQ&oe=64844377&_nc_sid=8721cf
247,2022-06-27 16:54:07+00:00,davidgandy_official,Sidecar,"Very proud of our new 'Pool Side' summer collection, combining style, comfort and our Wellwear Protect properties. Available now @davidgandywellwear #designedforwellbeing #davidgandywellwear","designedforwellbeing, davidgandywellwear",30174,361,https://instagram.fnbo1-1.fna.fbcdn.net/v/t51.2885-15/290185827_793420592041486_7314643648249001367_n.webp?stp=dst-jpg_e35&_nc_ht=instagram.fnbo1-1.fna.fbcdn.net&_nc_cat=110&_nc_ohc=4vMNNwTwV6sAX_Zik62&edm=AP_V10EBAAAA&ccb=7-5&oh=00_AfAG-lV6bZepZNe6vF0DQhpT77Tq2s7OT485sRHeN9St7Q&oe=6483A782&_nc_sid=8721cf
248,2023-04-22 18:18:06+00:00,matildadjerf,Sidecar,🤍🤏,,122725,153,https://instagram.fsdv1-2.fna.fbcdn.net/v/t51.2885-15/342371400_534285955539842_145060778307928383_n.jpg?stp=dst-jpg_e35_s1080x1080&_nc_ht=instagram.fsdv1-2.fna.fbcdn.net&_nc_cat=102&_nc_ohc=a7yqvZ4AU24AX8eSEar&edm=AP_V10EBAAAA&ccb=7-5&oh=00_AfAEnKm6ReayTqq_a4aPgp2BORTpYLoZmH05U2WrcgaNHw&oe=6484E48F&_nc_sid=8721cf
249,2023-04-21 18:55:08+00:00,matildadjerf,Sidecar,Which look do you like the most? AD #VoyeurEyeshadow @hourglasscosmetics 🎀,VoyeurEyeshadow,122226,157,https://instagram.fcag1-1.fna.fbcdn.net/v/t51.2885-15/342509301_1219562708925158_5481322472372571242_n.jpg?stp=dst-jpg_e35_s1080x1080&_nc_ht=instagram.fcag1-1.fna.fbcdn.net&_nc_cat=102&_nc_ohc=dnAWbmMAM2cAX89ylM5&edm=AP_V10EBAAAA&ccb=7-5&oh=00_AfCdxButqfuGQATFSqB59vWCQBlwehuX9zJJn6Fawvxyhg&oe=6484F22D&_nc_sid=8721cf
250,2023-02-09 20:13:04+00:00,rhyancaminske,Sidecar,"Ok team, we are changing it up!! As I mentioned in my stories, I’m on the hunt for the best of the best hair products. My hair is hands down my favorite thing about me and I want it to stay as healthy as possible.   I was using another brand exclusively for 1.5 years. From the shampoo to the styling products. Though I do like some of the products still, it was clear my hair was thinner and had a lot of breakage (swipe to see before and after) I stopped using that shampoo/conditioner in November.   So NOW on my quest to find the best, I stumbled upon @getgoldielocks. It’s a luxury haircare brand that has amazingggg reviews, so I figured I HAD to try it.   I ordered the Hydration Shampoo and Conditioner and the clarifying shampoo. The clarifying shampoo is for 1-2 times a month. With my dry scalp issues, I’m hoping this will keep my scalp happy while making my hair shine! And I think the reason I have the hydration duo is obvious 😂.   First impression: Packaging= super cutie Smell= absolutely incredible  First wash= hair feels insanely clean and soft  If you want to try any of @getgoldielocks products, use code RHYAN for 10% off. You can also use the link in my bio 🤍 . . #hairgoals #haircolorinspo #blondehighlights #blondebabylights #haircolorgoals #hairgrowth #blondehaircolor #healthyhair #blondebalayage #longhair #longblondehair #goldielocks #shampooandconditioner #haircaremusthaves #luxuryhaircare #hairbreakage #hairproducts #longhairgoals","hairgoals, haircolorinspo, blondehighlights, blondebabylights, haircolorgoals, hairgrowth, blondehaircolor, healthyhair, blondebalayage, longhair, longblondehair, goldielocks, shampooandconditioner, haircaremusthaves, luxuryhaircare, hairbreakage, hairproducts, longhairgoals",124,6,https://scontent-iad3-2.cdninstagram.com/v/t51.2885-15/329612255_591369935834447_7707154463424928547_n.jpg?stp=dst-jpg_e35_p1080x1080&_nc_ht=scontent-iad3-2.cdninstagram.com&_nc_cat=111&_nc_ohc=fSX-jClngP4AX9ps5rP&edm=AP_V10EBAAAA&ccb=7-5&oh=00_AfBCI2BGzKYMD-ZXA8YAXagDXBgsJOf0wyzc0AGs7DRXnA&oe=648473BD&_nc_sid=8721cf
251,2023-05-21 16:35:07+00:00,chiaraferragni,Sidecar,Best of Forte Dei Marmi part II 💖,,605760,669,https://instagram.fcdg1-1.fna.fbcdn.net/v/t51.2885-15/348242290_924706325305461_2910897390868097728_n.jpg?stp=dst-jpg_e35_p1080x1080&_nc_ht=instagram.fcdg1-1.fna.fbcdn.net&_nc_cat=109&_nc_ohc=JXiTZ4gYL3gAX_N45g7&edm=AP_V10EBAAAA&ccb=7-5&oh=00_AfBWHZCgxBeu7dGbSzW7Vi92uDIIAcDSQGidwfKOQYVlhg&oe=648412E5&_nc_sid=8721cf
252,2023-02-15 03:00:25+00:00,rhyancaminske,Sidecar,𝕃𝕠𝕧𝕖 𝕪𝕠𝕦 ♥,,133,3,https://scontent-pmo1-1.cdninstagram.com/v/t51.2885-15/328719886_1404464610091465_4765394576646763846_n.jpg?stp=dst-jpg_e35_p1080x1080&_nc_ht=scontent-pmo1-1.cdninstagram.com&_nc_cat=101&_nc_ohc=Jw_VY3pwuogAX9Lr1E5&edm=AP_V10EBAAAA&ccb=7-5&oh=00_AfDzRQ863SuSE4WJwL9_8B3SYFLdCPrxd2whND4QlgYWvw&oe=6483A1EF&_nc_sid=8721cf
253,2023-05-21 13:56:01+00:00,chiaraferragni,Sidecar,Best of Forte Dei Marmi 🥹,,204707,575,https://instagram.fada1-12.fna.fbcdn.net/v/t51.2885-15/347584425_764734778478153_4008724064272644152_n.jpg?stp=dst-jpg_e35_p1080x1080&_nc_ht=instagram.fada1-12.fna.fbcdn.net&_nc_cat=109&_nc_ohc=7QUccJxWzNwAX9DhTmm&edm=AP_V10EBAAAA&ccb=7-5&oh=00_AfD5HejztgtvID8_5tR6VivnLONhU5y75mCEbg9wW0iLKA&oe=6484EC7E&_nc_sid=8721cf
254,2023-02-06 18:40:24+00:00,rhyancaminske,Sidecar,"“Gotta catch em all” 💛 . When your kids are Pokémon obsessed, you gotta get a pic in front of the Pokémon mural. Every time I thought I knew a Pokémon’s name, Cannon corrected me explaining how that’s the “evolved version” and it’s new name. lol I tried. As I mentioned in my stories yesterday, these press on nails are 17 days old! I have them linked in my bio.   Plus the cutest cropped pullover is on sale! Multiple colors and sizes available   #abercrombiestyle #croppedsweater #pullover #goodamerican #outfitinspo #casualstyle #everydaystyle #streetstyle #everydayoutfit #momstyle #liketoknowit #liketoknowitstyle #outfitidea #outfitideas #simplestyle #ootd #hairgoals #haircolorinspo #blondehighlights #blondebabylights #haircolorgoals #hairgrowth #blondehaircolor #amazonfinds   Follow my shop @rhyancaminske on the @shop.LTK app to shop this post and get my exclusive app-only content!  #liketkit  @shop.ltk https://liketk.it/41d9X","abercrombiestyle, croppedsweater, pullover, goodamerican, outfitinspo, casualstyle, everydaystyle, streetstyle, everydayoutfit, momstyle, liketoknowit, liketoknowitstyle, outfitidea, outfitideas, simplestyle, ootd, hairgoals, haircolorinspo, blondehighlights, blondebabylights, haircolorgoals, hairgrowth, blondehaircolor, amazonfinds, liketkit",100,7,https://scontent-iad3-1.cdninstagram.com/v/t51.2885-15/329194774_217042810685474_5431173151407584446_n.jpg?stp=dst-jpg_e35_p1080x1080&_nc_ht=scontent-iad3-1.cdninstagram.com&_nc_cat=102&_nc_ohc=NQDIdSXQv_EAX9frTVX&edm=AP_V10EBAAAA&ccb=7-5&oh=00_AfAL8J1Vzf4LRcCIMp7f75SAAhDNS1ao7g9l--0lVU8gRA&oe=64854DFB&_nc_sid=8721cf
255,2023-01-30 18:55:14+00:00,rhyancaminske,Sidecar,ᴍᴏɴᴅᴀʏ ☕️ . . . .  Code: RHYAN10 for 10% off this band tee and their website. Link in bio  And I can’t believe the quality of this blazer for the cost!! I’m wearing a small  #blazer #blazeroutfit #bandtee #simpleoutfit #outfitidea #outfitinspo #casualstyle #everydaystyle #streetstyle #everydayoutfit #momstyle #liketoknowit #liketoknowitstyle #outfitideas #simplestyle #ootd #classicrockband #womensblazer #hairgoals #haircolorinspo #blondehighlights #blondebabylights #haircolorgoals #hairgrowth #blondehaircolor   Follow my shop @rhyancaminske on the @shop.LTK app to shop this post and get my exclusive app-only content!  #liketkit  @shop.ltk https://liketk.it/40CIH,"blazer, blazeroutfit, bandtee, simpleoutfit, outfitidea, outfitinspo, casualstyle, everydaystyle, streetstyle, everydayoutfit, momstyle, liketoknowit, liketoknowitstyle, outfitideas, simplestyle, ootd, classicrockband, womensblazer, hairgoals, haircolorinspo, blondehighlights, blondebabylights, haircolorgoals, hairgrowth, blondehaircolor, liketkit",91,8,https://instagram.fyto1-2.fna.fbcdn.net/v/t51.2885-15/327799360_631022385495571_5944441399728117067_n.jpg?stp=dst-jpg_e35_p1080x1080&_nc_ht=instagram.fyto1-2.fna.fbcdn.net&_nc_cat=107&_nc_ohc=UggH9b-fIwcAX_exiq_&edm=AP_V10EBAAAA&ccb=7-5&oh=00_AfDbAaaoWIc3YjgXA1Fmtxqy5CD16nuQbwaP7xSOEH1odg&oe=64845BF5&_nc_sid=8721cf
256,2023-05-21 09:15:34+00:00,chiaraferragni,Sidecar,La nostra Milano ❤️,,475155,1355,https://instagram.ftij5-1.fna.fbcdn.net/v/t51.2885-15/347563466_1301272364103123_8624584616524199942_n.jpg?stp=dst-jpg_e35_p1080x1080&_nc_ht=instagram.ftij5-1.fna.fbcdn.net&_nc_cat=103&_nc_ohc=cgg8UYppo10AX8f9Lg8&edm=AP_V10EBAAAA&ccb=7-5&oh=00_AfAL1doWocFUt74PtQ3x_WjaiH5Aq2uQIteZCQ3y0SqA0g&oe=6483FAB9&_nc_sid=8721cf
257,2023-01-26 17:43:45+00:00,rhyancaminske,Sidecar,"With Valentine’s Day coming up, I’m curious to know, what do you prefer to get as a gift??  Are you team Chocolate? Jewelry? A nice dinner? Flowers? Or Wine?!?  If you know me, you know where I stand, Team Wine!!!   This is the Rosé Bouquet 🌹 6 bottles of Rosé in this pack and with every purchase Onehope will donate 10% of your order to a charity of your choice!!   The perfect gift for Valentine’s Day or Galentines day!!   #onehopewine #onehopepartner #ad #winenot #valentinesgift #valentinesday #valentinesidea #rosebouquet #napavalleywine #giftidea #valentinesoutfit   Follow my shop @rhyancaminske on the @shop.LTK app to shop this post and get my exclusive app-only content!  #liketkit  @shop.ltk https://liketk.it/40gIP  Follow my shop @rhyancaminske on the @shop.LTK app to shop this post and get my exclusive app-only content!  #liketkit #LTKGiftGuide @shop.ltk https://liketk.it/40iRw","onehopewine, onehopepartner, ad, winenot, valentinesgift, valentinesday, valentinesidea, rosebouquet, napavalleywine, giftidea, valentinesoutfit, liketkit, LTKGiftGuide",118,14,https://scontent-ord5-1.cdninstagram.com/v/t51.2885-15/327151798_1156277541756836_3113443887909803798_n.jpg?stp=dst-jpg_e35_p1080x1080&_nc_ht=scontent-ord5-1.cdninstagram.com&_nc_cat=108&_nc_ohc=0VEwWTLBMXMAX_M8P3r&edm=AP_V10EBAAAA&ccb=7-5&oh=00_AfBIpoATYUif9ybIM-5SX3wwDzU5d3QkDFipF8ywnbBPyw&oe=6484F012&_nc_sid=8721cf
258,2023-04-20 18:58:12+00:00,matildadjerf,Sidecar,my weakness,,98700,118,https://instagram.fcau5-1.fna.fbcdn.net/v/t51.2885-15/342184573_795015041641760_2324949648391550318_n.jpg?stp=dst-jpg_e35_s1080x1080&_nc_ht=instagram.fcau5-1.fna.fbcdn.net&_nc_cat=108&_nc_ohc=C6_9jGgCmPsAX8VbrET&edm=AP_V10EBAAAA&ccb=7-5&oh=00_AfCcQIhcDxv9LFuqeOP_iyraYN34NEtSk0ShzvJ9sBr2aQ&oe=64844F9C&_nc_sid=8721cf
259,2023-01-24 19:02:05+00:00,rhyancaminske,Sidecar,"I told them I needed ONE minute to take a quick picture, they were able to wait a whole 30 seconds. 😂 and whenever I ask them to take a picture with me, they say no. 🤦🏼‍♀️ . .  Use code RHYAN10 for 10% off at Sassy Queen Boutique, plus their Valentines collection is on Sale until 1/31!  My loafers are also on major sale!!! I’m getting them in black too!  #woolcoat #womensloafers #womensflats #abercrombiejeans #amazonfinds #sassyqueenboutique #coldweatheroutfit #colderweatheroutfit #womensjeans #casualstyle #everydaystyle #streetstyle #everydayoutfit #momstyle #liketoknowit #liketoknowitstyle #outfitidea #outfitideas #simplestyle #ootd #hairgoals #haircolorinspo #blondehighlights #blondebabylights #haircolorgoals #hairgrowth #blondehaircolor   Follow my shop @rhyancaminske on the @shop.LTK app to shop this post and get my exclusive app-only content!  #liketkit  @shop.ltk https://liketk.it/408DD","woolcoat, womensloafers, womensflats, abercrombiejeans, amazonfinds, sassyqueenboutique, coldweatheroutfit, colderweatheroutfit, womensjeans, casualstyle, everydaystyle, streetstyle, everydayoutfit, momstyle, liketoknowit, liketoknowitstyle, outfitidea, outfitideas, simplestyle, ootd, hairgoals, haircolorinspo, blondehighlights, blondebabylights, haircolorgoals, hairgrowth, blondehaircolor, liketkit",128,16,https://instagram.fods1-1.fna.fbcdn.net/v/t51.2885-15/327009938_735918624411724_5310285342358891414_n.jpg?stp=dst-jpg_e35_p1080x1080&_nc_ht=instagram.fods1-1.fna.fbcdn.net&_nc_cat=104&_nc_ohc=-qDq9zhCFc4AX-Edatw&edm=AP_V10EBAAAA&ccb=7-5&oh=00_AfCzPiBc6l-LxxssJfbKfxOIlIr4V3SLsAx80oEyA_9LCA&oe=64849FD3&_nc_sid=8721cf
260,2022-04-02 15:31:58+00:00,davidgandy_official,Sidecar,"Couldnt be prouder to have the incredible team of talent representing my brand @davidgandywellwear. Thank you to you all for bringing my vision to life, beyond all my expectations! Thank you @odilejordan @marvinaddae @michaelreed99  @jacckbuchanan @anna_littlefield @bigjldn  @daisyjelley  And a huge thank you to my good friend @arnaldoanaya for the incredible pictures #teamwellwear #davidgandywellwear #designedforwellbeing","teamwellwear, davidgandywellwear, designedforwellbeing",28715,192,https://scontent-ord5-1.cdninstagram.com/v/t51.2885-15/277695373_520362429491339_6518093302176742068_n.webp?stp=dst-jpg_e35_s1080x1080&_nc_ht=scontent-ord5-1.cdninstagram.com&_nc_cat=111&_nc_ohc=PVH4tW19Bx0AX9m0tCe&edm=AP_V10EBAAAA&ccb=7-5&oh=00_AfB9atQhUFeTgbvIbL_J1P3WW_g5RFIVBr-ZPFUMfElinw&oe=64852B80&_nc_sid=8721cf
261,2023-04-17 18:45:01+00:00,matildadjerf,Sidecar,"First ever contributing guest editor of @minivmag 💕 such a special and fun experience for me. Thank you to the team for trusting me and letting me bring my vision to life, and thank you to Bianca, Ida and Nora for being your true beautiful selves. Magazine is out now 🥹💕🎀  Photographer: @emiliastaugaard  Photographer assistant: @lamiakaric  Models: @deoliveirabia @basmarkeida @nora.ahlstrom  Hair and makeup: @jessicahedman",,157704,457,https://scontent-lax3-2.cdninstagram.com/v/t51.2885-15/341336295_230768732958222_3807784077514357056_n.jpg?stp=dst-jpg_e35_p1080x1080&_nc_ht=scontent-lax3-2.cdninstagram.com&_nc_cat=106&_nc_ohc=2hZBIEVBgukAX8XyTC-&edm=AP_V10EBAAAA&ccb=7-5&oh=00_AfBy1vwhH74NDfYIwAOFV7qUWvnco8QTZ9FLJKrL9qjqIA&oe=64845125&_nc_sid=8721cf
262,2023-05-20 15:49:01+00:00,chiaraferragni,Sidecar,"La mia pizza si rigenera, what’s your super power? 😂",,404896,2561,https://instagram.fldb2-1.fna.fbcdn.net/v/t51.2885-15/347595672_604391884972591_2872240281547499388_n.jpg?stp=dst-jpg_e35_p1080x1080&_nc_ht=instagram.fldb2-1.fna.fbcdn.net&_nc_cat=107&_nc_ohc=e_9ErbrqxWIAX_8uih3&edm=AP_V10EBAAAA&ccb=7-5&oh=00_AfARhmYM82swu3rlPSBzS2dOPYnaWFVnMCk0gvNPnjE0hQ&oe=64847B38&_nc_sid=8721cf
263,2023-04-18 18:51:45+00:00,matildadjerf,Sidecar,always mid conversation 🤝,,129897,224,https://instagram.fccs8-1.fna.fbcdn.net/v/t51.2885-15/341822037_896097304996002_8976143606313424118_n.jpg?stp=dst-jpg_e35_s1080x1080&_nc_ht=instagram.fccs8-1.fna.fbcdn.net&_nc_cat=106&_nc_ohc=TaHEzPh4Z7QAX-V84Fn&edm=AP_V10EBAAAA&ccb=7-5&oh=00_AfA4zmVi3PqT4MJM5DGq1xJ7YDJVXsbVQE80ps_Q9bzxcA&oe=64853D3A&_nc_sid=8721cf
264,2023-04-16 18:24:25+00:00,matildadjerf,Sidecar,weekend 🎀💕✨,,181546,243,https://instagram.fcag1-1.fna.fbcdn.net/v/t51.2885-15/341349196_3455102608077296_510222035147105728_n.jpg?stp=dst-jpg_e35_s1080x1080&_nc_ht=instagram.fcag1-1.fna.fbcdn.net&_nc_cat=108&_nc_ohc=dBo7s9pkfG8AX84fHqG&edm=AP_V10EBAAAA&ccb=7-5&oh=00_AfA9AsYROojugSYokQZrrrJCGOHD8IKTM-oXdZpWq9iWhQ&oe=64852B3A&_nc_sid=8721cf
265,2023-04-12 18:17:36+00:00,matildadjerf,Sidecar,🫂,,139328,213,https://scontent-vie1-1.cdninstagram.com/v/t51.2885-15/341110878_950317339324658_6791991982576171534_n.jpg?stp=dst-jpg_e35_s1080x1080&_nc_ht=scontent-vie1-1.cdninstagram.com&_nc_cat=102&_nc_ohc=_aRU0o8b5iwAX9K1kmF&edm=AP_V10EBAAAA&ccb=7-5&oh=00_AfB0M98t34Po55QIyE2DCwRg5fIyg-yEInVTpIX2AuKz6w&oe=64853FA5&_nc_sid=8721cf
266,2023-04-30 13:37:50+00:00,everyday.holly,Sidecar,"Last weeks Top Sellers!   💥3 of these are on sale!!  Comment LINKS for all the links & sizing info to sent to you! ⚠️ You will not see my messages if you are not following me or you have your messages restricted in privacy settings.   For reference: I’m 5’1, 110lbs 1 - Target sandals - TTS 2 - Amazon Comfy Romper small 3 - Athleta Trekkie shorts - 0 - size down 4 - Amazon comfy jumpsuit small 5 - Amazon Petite friendly one-shoulder maxi dress XS  1 -Comment “LINKS” (no other text or emoji’s) for the links & sizing info.   2 - Click the link in my bio , then click “Shop my Reels & TikTok’s” look for the outfit picture and tap the link to shop. 😊 3 - free LTK app - Follow Everyday.holly Direct Link https://liketk.it/474st   #amazonfashion #top5 #casualoutfits #easyoutfits  #athleisure #petitefriendly #summeroutfit  #springstyle  #summerstyle  #comfystyle #momstyle #workoutshorts  #summerdress #athleisureshorts #summerbasics #summerstyle #vacationoutfit  #amazonfashionfinds #amazonfinds #founditonamazon #founditonamazonfashion #targetstyle #targetfashion #petiteoutfit #petitestyle #over40petitestyle","amazonfashion, top5, casualoutfits, easyoutfits, athleisure, petitefriendly, summeroutfit, springstyle, summerstyle, comfystyle, momstyle, workoutshorts, summerdress, athleisureshorts, summerbasics, vacationoutfit, amazonfashionfinds, amazonfinds, founditonamazon, founditonamazonfashion, targetstyle, targetfashion, petiteoutfit, petitestyle, over40petitestyle",783,266,https://instagram.fsaw1-15.fna.fbcdn.net/v/t51.2885-15/343638681_167093525985232_2221322039944682190_n.jpg?stp=dst-jpg_e35_p1080x1080&_nc_ht=instagram.fsaw1-15.fna.fbcdn.net&_nc_cat=104&_nc_ohc=dD-jIFNtKREAX-Kq8Ad&edm=AP_V10EBAAAA&ccb=7-5&oh=00_AfAJ1jRcGjVyQWy1b5NDTN3Cc_GAGm6H1YDJzvaVqJd8Dw&oe=64857145&_nc_sid=8721cf
267,2023-04-11 18:59:37+00:00,matildadjerf,Sidecar,,,169254,135,https://instagram.fman1-1.fna.fbcdn.net/v/t51.2885-15/340474782_1242174379734179_5746417398057454161_n.jpg?stp=dst-jpg_e35_s1080x1080&_nc_ht=instagram.fman1-1.fna.fbcdn.net&_nc_cat=111&_nc_ohc=05VGuRs0uWMAX9RbUTz&edm=AP_V10EBAAAA&ccb=7-5&oh=00_AfDfTq-jWM6bI22NVxgJ34DrNol1SvxVlwuMljpK9wj82w&oe=6484BAE8&_nc_sid=8721cf
268,2023-04-19 17:48:52+00:00,matildadjerf,Sidecar,Week 🦋,,183318,224,https://scontent-atl3-1.cdninstagram.com/v/t51.2885-15/341733879_940854600389515_4385441870963951678_n.jpg?stp=dst-jpg_e35_s1080x1080&_nc_ht=scontent-atl3-1.cdninstagram.com&_nc_cat=107&_nc_ohc=RBH_dBiE-6MAX-xc5G3&edm=AP_V10EBAAAA&ccb=7-5&oh=00_AfBge9ooDLFgzUIYrQmnU9lLQUZLQr3vcAlHB4p6NNzXMw&oe=64843EDB&_nc_sid=8721cf
269,2023-05-23 18:25:23+00:00,monikh,Sidecar,Smiles when @billie_bhatia’s behind the camera 📸,,4469,27,https://scontent-iad3-1.cdninstagram.com/v/t51.2885-15/348711646_737266211533221_8719009668620309542_n.jpg?stp=dst-jpg_e35_p1080x1080&_nc_ht=scontent-iad3-1.cdninstagram.com&_nc_cat=109&_nc_ohc=TLnBlssLJ6gAX88vY1B&edm=AP_V10EBAAAA&ccb=7-5&oh=00_AfBoB0IoCFirSL8nUILPitxtkWP3-CS6dQlMPj208nukkg&oe=6483846B&_nc_sid=8721cf
270,2023-04-08 18:19:26+00:00,matildadjerf,Sidecar,26 👑🎂💕✨,,326587,920,https://scontent-lhr8-1.cdninstagram.com/v/t51.2885-15/340158577_200423252715156_7958147211077618580_n.jpg?stp=dst-jpg_e35_p1080x1080&_nc_ht=scontent-lhr8-1.cdninstagram.com&_nc_cat=100&_nc_ohc=Ge8WztYc7jEAX9vUX_G&edm=AP_V10EBAAAA&ccb=7-5&oh=00_AfA_frx4zPpzY-BP1y31wPkhYkbLkUVmCgw5af_3Jhdi7A&oe=64838EB7&_nc_sid=8721cf
271,2023-04-09 18:18:10+00:00,matildadjerf,Sidecar,Me and Rufus celebrating 3 years together 💕,,271322,269,https://instagram.fmex3-2.fna.fbcdn.net/v/t51.2885-15/340037347_577996157434955_3740584836307208016_n.jpg?stp=dst-jpg_e35_s1080x1080&_nc_ht=instagram.fmex3-2.fna.fbcdn.net&_nc_cat=111&_nc_ohc=HzNwRnylz5sAX-i5jdB&edm=AP_V10EBAAAA&ccb=7-5&oh=00_AfCZcfG5w3HEQNRltWBs28n1y6UuK-gSWO_hoJsZ6tRN0Q&oe=64840D1B&_nc_sid=8721cf
272,2023-05-22 18:45:42+00:00,monikh,Sidecar,Had been waiting to style that @celine (via @bicestervillage) skirt this exact way,,4651,36,https://scontent-atl3-2.cdninstagram.com/v/t51.2885-15/348265256_1423314718481797_5995237150970046285_n.jpg?stp=dst-jpg_e35_p1080x1080&_nc_ht=scontent-atl3-2.cdninstagram.com&_nc_cat=101&_nc_ohc=4RIGuL0_yyUAX9sBETX&edm=AP_V10EBAAAA&ccb=7-5&oh=00_AfA1QB8rsfTHj-P4xuFmyXsumTJPxIxox6yp_HnN7kteCQ&oe=64852751&_nc_sid=8721cf
273,2022-12-28 19:23:06+00:00,stephaniebroek,Sidecar,"This was yesterday but this could have been me at the hospital, doing my 8-step skincare routine right after giving birth (yes, i’m that girl). Even though there aren’t enough layers of eye cream I could apply to cover up my dark circles atm, I haven’t had any breakouts regardless of the little sleep I’m getting. According to my friends my skin somehow looks better than ever. Maybe they’re just being nice (I love you all so much), maybe it’s @paulaschoicenl’s 25% AHA + 2% BHA exfoliant peel. The AHA, a water-soluble exfoliant, addresses wrinkles, fine lines and rough texture. Oil-soluble BHA unclogs pores, refines and soothes skin. Giving you hydrated, supple and ultra-glowy skin #pcglow /ad",pcglow,1072,24,https://instagram.fewr1-5.fna.fbcdn.net/v/t51.2885-15/322324805_1104582623568906_2738446658766501351_n.jpg?stp=dst-jpg_e35_p1080x1080&_nc_ht=instagram.fewr1-5.fna.fbcdn.net&_nc_cat=106&_nc_ohc=qi-GYnCCSHUAX9KfSry&edm=AP_V10EBAAAA&ccb=7-5&oh=00_AfAjCLRpyRcCdgyFByNLqI6TU25K_ExOUONZytt6b2yb6Q&oe=64840AD6&_nc_sid=8721cf
274,2023-05-20 18:38:32+00:00,monikh,Sidecar,Like a walking ray 🌞 (links on stories and saved to 5.23 highlight),,5791,15,https://instagram.fosu2-2.fna.fbcdn.net/v/t51.2885-15/348292796_1401508997339332_7212415912677682504_n.jpg?stp=dst-jpg_e35_p1080x1080&_nc_ht=instagram.fosu2-2.fna.fbcdn.net&_nc_cat=104&_nc_ohc=O9b5amBlEOAAX9I-E-z&edm=AP_V10EBAAAA&ccb=7-5&oh=00_AfD3tvyjfs2dl6jrMBm86ejiYucO0BYj5My14UOVAnDh8w&oe=6484ADAA&_nc_sid=8721cf
275,2022-12-28 14:16:44+00:00,stephaniebroek,Sidecar,first christmas with our future nepo baby 🫒,,1343,29,https://instagram.fphx1-1.fna.fbcdn.net/v/t51.2885-15/322408978_999037227719180_9132726619689552617_n.jpg?stp=dst-jpg_e35_p1080x1080&_nc_ht=instagram.fphx1-1.fna.fbcdn.net&_nc_cat=108&_nc_ohc=s_qP6iGVHJ4AX8MTn_R&edm=AP_V10EBAAAA&ccb=7-5&oh=00_AfARiX37q_fEFtVSBfNURmVDsn0JRDDOGzUB-qknzPBEuw&oe=6484AE94&_nc_sid=8721cf
276,2023-05-22 09:48:05+00:00,monikh,Sidecar,Those high high walls 🏮 and that #simonmillerxmango collection - links on my stories,simonmillerxmango,10868,50,https://scontent-lga3-2.cdninstagram.com/v/t51.2885-15/348474986_260345889856524_514745623805117358_n.jpg?stp=dst-jpg_e35_p1080x1080&_nc_ht=scontent-lga3-2.cdninstagram.com&_nc_cat=100&_nc_ohc=JldkwBkLhe0AX9lh-fs&edm=AP_V10EBAAAA&ccb=7-5&oh=00_AfB2OvwJ7O423lPl_6b5XlxnMm8N35tS-DDyUu3i-0D4CQ&oe=64842F44&_nc_sid=8721cf
277,2023-04-07 18:57:24+00:00,matildadjerf,Sidecar,morning with Ru,,160851,190,https://instagram.fakl1-4.fna.fbcdn.net/v/t51.2885-15/339855009_615133020110364_4119524217887417013_n.jpg?stp=dst-jpg_e35_s1080x1080&_nc_ht=instagram.fakl1-4.fna.fbcdn.net&_nc_cat=100&_nc_ohc=f5Grzgokm5YAX9BJKeh&edm=AP_V10EBAAAA&ccb=7-5&oh=00_AfC9lASH4woiOATRAAcs2Rz13vEN_bqWe8x7ST1S0zX1EA&oe=6483C2F6&_nc_sid=8721cf
278,2023-05-19 13:35:39+00:00,monikh,Sidecar,Long layers 🤌🏾,,3176,11,https://instagram.fslc3-2.fna.fbcdn.net/v/t51.2885-15/347439544_2204940036364448_8858655096429397522_n.jpg?stp=dst-jpg_e35_p1080x1080&_nc_ht=instagram.fslc3-2.fna.fbcdn.net&_nc_cat=108&_nc_ohc=sYLARCTQyPgAX_p1WyW&edm=AP_V10EBAAAA&ccb=7-5&oh=00_AfDimv_hfxWzwBUN9H47txoON3LxtG-OsjSpwba96eNFfw&oe=64848402&_nc_sid=8721cf
279,2022-12-29 19:41:12+00:00,stephaniebroek,Sidecar,"2022 in looks. While my body was drastically changing, I was able to fall back on the same classics. Pieces I grabbed without thinking and knew would look good on me. When I just started showing (1), heavenly pregnant a month before my due date (2), just one month post-partum (3) and recently when temperatures dropped (4) and I started layering all my regulars. The power of a uniform, my capsule wardrobe. Never without my @lindbergeyewear, the perfect minimal frames that I’ll wear without a doubt throughout the new year too #lindbergxme #lindbergeyewear /ad","lindbergxme, lindbergeyewear",2324,58,https://instagram.flhr1-2.fna.fbcdn.net/v/t51.2885-15/323178364_202321785637160_2207008630314313783_n.jpg?stp=dst-jpg_e35_p1080x1080&_nc_ht=instagram.flhr1-2.fna.fbcdn.net&_nc_cat=108&_nc_ohc=rmQaK5m80-QAX87HUui&edm=AP_V10EBAAAA&ccb=7-5&oh=00_AfDV-XyAQ-y8xZOpgtkqZtsZNXMrsiTvd-0BNdetqljsVA&oe=64842429&_nc_sid=8721cf
280,2023-04-02 18:28:51+00:00,matildadjerf,Sidecar,💕,,279149,335,https://scontent-lhr8-1.cdninstagram.com/v/t51.2885-15/339138590_961001571930444_7280326738469340566_n.jpg?stp=dst-jpg_e35_p1080x1080&_nc_ht=scontent-lhr8-1.cdninstagram.com&_nc_cat=100&_nc_ohc=EQOKpLiM8rgAX9Pemag&edm=AP_V10EBAAAA&ccb=7-5&oh=00_AfCyN0I5V-7kZkC1tIgAPPFCebseuDBbBri2RI5HKKnCqQ&oe=648550C0&_nc_sid=8721cf
281,2023-05-19 08:19:14+00:00,monikh,Sidecar,Simple silhouettes in jersey and linen are my uniform this summer. @hushofficial #myhushstyle,myhushstyle,2962,22,https://scontent-iad3-1.cdninstagram.com/v/t51.2885-15/347280716_640973084543740_7403089930197228700_n.jpg?stp=dst-jpg_e35_p1080x1080&_nc_ht=scontent-iad3-1.cdninstagram.com&_nc_cat=104&_nc_ohc=TNMWf6rULVUAX9t7OqC&edm=AP_V10EBAAAA&ccb=7-5&oh=00_AfD8imo3Se5bmxY2YFPH-fL3iir9HY4g4HdAFK10-OKP2Q&oe=64846F2A&_nc_sid=8721cf
282,2023-05-18 08:14:24+00:00,monikh,Sidecar,Dress + trousers 🤌🏾 full look is #SIMONMILLERxMANGO #MANGOSummerClub out May 22nd 🧿,"SIMONMILLERxMANGO, MANGOSummerClub",14430,140,https://scontent-den4-1.cdninstagram.com/v/t51.2885-15/347451096_960060708363845_7063998206362727612_n.jpg?stp=dst-jpg_e35_p1080x1080&_nc_ht=scontent-den4-1.cdninstagram.com&_nc_cat=105&_nc_ohc=8HF076zuVSYAX90VOdG&edm=AP_V10EBAAAA&ccb=7-5&oh=00_AfCf1P1g2_cSMTMQsPQmyCg7KuzTBwA9W8DC6cT05cRrVw&oe=6483F635&_nc_sid=8721cf
283,2023-04-15 18:03:10+00:00,matildadjerf,Sidecar,last week 👑,,177363,226,https://instagram.fsti4-1.fna.fbcdn.net/v/t51.2885-15/328139834_3055845094710332_7376399435194902766_n.jpg?stp=dst-jpg_e35_p1080x1080&_nc_ht=instagram.fsti4-1.fna.fbcdn.net&_nc_cat=108&_nc_ohc=sbdozvn3FJEAX_4yUTm&edm=AP_V10EBAAAA&ccb=7-5&oh=00_AfDEfaugSiityXujSXh7IcjqC3RXJsBFH9CJgk-8DEbI7A&oe=648504A3&_nc_sid=8721cf
284,2023-04-04 18:49:53+00:00,matildadjerf,Sidecar,Photo diary,,182871,260,https://instagram.fath3-3.fna.fbcdn.net/v/t51.2885-15/339507372_1406032133548794_6927021770706832768_n.jpg?stp=dst-jpg_e35_s1080x1080&_nc_ht=instagram.fath3-3.fna.fbcdn.net&_nc_cat=106&_nc_ohc=oDwBGrfjfKUAX8491y9&edm=AP_V10EBAAAA&ccb=7-5&oh=00_AfAyHKbOoElyMVJ1GTcSGUW8_KlTNew8HJnfKomXCZ0VHQ&oe=64849AC9&_nc_sid=8721cf
285,2023-04-01 18:50:25+00:00,matildadjerf,Sidecar,😙🥰,,239973,298,https://instagram.fbgi2-1.fna.fbcdn.net/v/t51.2885-15/338924283_231191706137739_1301710122258062624_n.jpg?stp=dst-jpg_e35_s1080x1080&_nc_ht=instagram.fbgi2-1.fna.fbcdn.net&_nc_cat=103&_nc_ohc=HaqWwOzvzAYAX-u9KX5&edm=AP_V10EBAAAA&ccb=7-5&oh=00_AfAsUOPdUrPLFIpKEbADwNuLoB_n6f29xERLdWEdoerxqQ&oe=64856F8E&_nc_sid=8721cf
286,2022-12-21 18:59:46+00:00,stephaniebroek,Sidecar,submerging myself into polkadots to test Yayoi Kusama’s idea of art-medicine and can confirm: it’s very therapeutic. @louisvuitton congrats on #LvxYayoiKusama,LvxYayoiKusama,1261,33,https://instagram.fosu2-1.fna.fbcdn.net/v/t51.2885-15/321544001_562948778598666_5859362170419657122_n.jpg?stp=dst-jpg_e35_p1080x1080&_nc_ht=instagram.fosu2-1.fna.fbcdn.net&_nc_cat=106&_nc_ohc=dliZVkNXfn8AX9NGxws&edm=AP_V10EBAAAA&ccb=7-5&oh=00_AfCC8hS6ssklD7S6-2QD5DV0oBN3tLdjirAW7aFGgh1SSw&oe=6485705B&_nc_sid=8721cf
287,2022-12-13 19:10:56+00:00,stephaniebroek,Sidecar,"2021 me (at a very low point in life, about to start fertility treatments) would have never believed you if you said that one year later Younes and I would be photographed holding our daughter. Forever cherishing these images with Olive for @maisonlacollection by @laurevanhijfte_photography @florence.cools 🤍",,5500,184,https://instagram.fhuy1-1.fna.fbcdn.net/v/t51.2885-15/319278299_548753276771406_637378373279965570_n.jpg?stp=dst-jpg_e35_p1080x1080&_nc_ht=instagram.fhuy1-1.fna.fbcdn.net&_nc_cat=106&_nc_ohc=8i7lJkayBp8AX954zuf&edm=AP_V10EBAAAA&ccb=7-5&oh=00_AfCth79qNWYsIys5_MIjcBe-dDMA1J0GCHe-oFaR-VMNdQ&oe=64853597&_nc_sid=8721cf
288,2023-03-30 18:12:09+00:00,matildadjerf,Sidecar,☀️👋,,171051,195,https://instagram.fntr1-1.fna.fbcdn.net/v/t51.2885-15/338289871_2044684142543611_5994840988070368011_n.jpg?stp=dst-jpg_e35_p1080x1080&_nc_ht=instagram.fntr1-1.fna.fbcdn.net&_nc_cat=107&_nc_ohc=hJmySDWpqnMAX9i37x9&edm=AP_V10EBAAAA&ccb=7-5&oh=00_AfCcbPi8tic6HMPYhD5vxcmf-KbeYboh4KekHFgoQ97s3g&oe=6483DD8B&_nc_sid=8721cf
289,2022-12-08 12:30:05+00:00,stephaniebroek,Sidecar,"CHANEL day and a very special one. The house shows it’s Métiers d’Art 2022/23 collection in Dakar. @chaneloffical’s first-ever show in Africa marks the beginning of a long term relationship between the maison and Senegal, attempting to build a bridge between local artisans and the luxury brand. In awe by the lookbook, shot by @malickbodi. Watch the show live at 2PM Paris time on CHANEL.com #CHANELMetiersdArt #CHANELshow","CHANELMetiersdArt, CHANELshow",594,18,https://scontent-sjc3-1.cdninstagram.com/v/t51.2885-15/318650291_857313102079124_4232400730757596266_n.jpg?stp=dst-jpg_e35_p1080x1080&_nc_ht=scontent-sjc3-1.cdninstagram.com&_nc_cat=108&_nc_ohc=uRUvoKZFtXMAX_Axnz_&edm=AP_V10EBAAAA&ccb=7-5&oh=00_AfDM8G0j-I4gJpt3fgYVk2S5SvRWnyHM6RB7DCqc-XTTIQ&oe=648384C9&_nc_sid=8721cf
290,2023-04-25 12:52:44+00:00,lojafashioncloset,Sidecar,>>> 👀,,142,5,https://scontent-lax3-2.cdninstagram.com/v/t51.2885-15/343058758_252968133874667_6803354253822764339_n.jpg?stp=dst-jpg_e35_p1080x1080&_nc_ht=scontent-lax3-2.cdninstagram.com&_nc_cat=111&_nc_ohc=-jLFtpnk78wAX8n_lvi&edm=AP_V10EBAAAA&ccb=7-5&oh=00_AfCjjcnB1jGRwntH_MrvHrErHQYMao2xXKIZUWQgL8sQlQ&oe=6484504D&_nc_sid=8721cf
291,2023-03-31 18:35:39+00:00,matildadjerf,Sidecar,early summer,,211907,305,https://instagram.fgye15-1.fna.fbcdn.net/v/t51.2885-15/338645096_747823183404784_2056065789658244311_n.jpg?stp=dst-jpg_e35_p1080x1080&_nc_ht=instagram.fgye15-1.fna.fbcdn.net&_nc_cat=104&_nc_ohc=pbyAsHpUhtcAX8bV5b4&edm=AP_V10EBAAAA&ccb=7-5&oh=00_AfB04VcFtiB713ycR1gmMiVN_ynBPAAvaGlMCk_kewP-Pg&oe=6484EF96&_nc_sid=8721cf
292,2022-12-06 19:55:16+00:00,stephaniebroek,Sidecar,"forget the naked dress, tis the the season of naked trousers. 3 @editedoffical looks I adore atm #editedgirls",editedgirls,2266,33,https://instagram.ffru1-4.fna.fbcdn.net/v/t51.2885-15/318422591_670410097903838_4036186820396103001_n.jpg?stp=dst-jpg_e35_p1080x1080&_nc_ht=instagram.ffru1-4.fna.fbcdn.net&_nc_cat=102&_nc_ohc=S4ZzaZpki_cAX_YTbVm&edm=AP_V10EBAAAA&ccb=7-5&oh=00_AfB3QEXYSO6lVKTY6-5ziDWihzzZRv68fScEL3qPl_gs5w&oe=6483B967&_nc_sid=8721cf
293,2023-04-22 01:06:28+00:00,lojafashioncloset,Sidecar,O CORSET PERFEITO EXISTE!!! 👉🏼 E PODEMOS PROVAR ❤️,,1169,9,https://scontent-hou1-1.cdninstagram.com/v/t51.2885-15/342517229_704462194766770_4192199135115296260_n.jpg?stp=dst-jpg_e35_p1080x1080&_nc_ht=scontent-hou1-1.cdninstagram.com&_nc_cat=110&_nc_ohc=HNqHb0PHyWsAX_wl0Ui&edm=AP_V10EBAAAA&ccb=7-5&oh=00_AfA3BeKPSrZ2Fo37smXCAHCRxKM_zVKVRfeCIXvXbJX-Mw&oe=6483D146&_nc_sid=8721cf
294,2023-03-28 18:27:08+00:00,matildadjerf,Sidecar,SUN!!!!!!!!,,155667,300,https://instagram.fosu2-1.fna.fbcdn.net/v/t51.2885-15/337920486_163533576191690_4632690750089864478_n.jpg?stp=dst-jpg_e35_p1080x1080&_nc_ht=instagram.fosu2-1.fna.fbcdn.net&_nc_cat=102&_nc_ohc=h1T1oiZpBuYAX-e10XP&edm=AP_V10EBAAAA&ccb=7-5&oh=00_AfAi9_5DTuxH3ixIB2DFi4jGdrRJw0xlci0myY5f7h2ljQ&oe=6483F4F6&_nc_sid=8721cf
295,2023-04-10 18:36:26+00:00,matildadjerf,Sidecar,one of my favorite days this year 🫂,,188855,174,https://scontent-iad3-2.cdninstagram.com/v/t51.2885-15/340507997_921113559165660_2813368122932511517_n.jpg?stp=dst-jpg_e35_s1080x1080&_nc_ht=scontent-iad3-2.cdninstagram.com&_nc_cat=100&_nc_ohc=eaEyWIaIiZsAX9AVpMa&edm=AP_V10EBAAAA&ccb=7-5&oh=00_AfDAlqBs2f9wW_dxUqgh2gixlIcn7r9Z9e0vC_nL0QLVlg&oe=648413ED&_nc_sid=8721cf
296,2022-12-08 19:34:44+00:00,stephaniebroek,Sidecar,"yes, Olive is undoubtedly a mini Younes, i know. but i can’t not look at this photo and see a glimpse of her. wearing @chanelofficial on CHANEL day, always the biggest honor 💔",,2388,74,https://scontent-lax3-2.cdninstagram.com/v/t51.2885-15/318773166_108259858797259_7516806902233713218_n.jpg?stp=dst-jpg_e35_p1080x1080&_nc_ht=scontent-lax3-2.cdninstagram.com&_nc_cat=107&_nc_ohc=_fk9OOvb2tgAX-kijNp&edm=AP_V10EBAAAA&ccb=7-5&oh=00_AfAWRxdGJcnmV6f9NwLh8Kp6rfMXN7wu02dDXomNnI-5dw&oe=64841073&_nc_sid=8721cf
297,2022-12-09 16:46:26+00:00,stephaniebroek,Sidecar,"wore the one and only fw22 @loewe balloon pumps to the opening of their new store and my friends (and baby, slide 8) and I couldn’t stop obsessing over them all night",,2840,87,https://scontent-iad3-1.cdninstagram.com/v/t51.2885-15/318819915_706434097393066_8391801832963963706_n.jpg?stp=dst-jpg_e35_p1080x1080&_nc_ht=scontent-iad3-1.cdninstagram.com&_nc_cat=110&_nc_ohc=kiltBX202oIAX8BpIrB&edm=AP_V10EBAAAA&ccb=7-5&oh=00_AfBRk3AuX0nrJN6kcwpCVLKYufJG2KQXPSLIH_CjpXo66g&oe=648506FC&_nc_sid=8721cf
298,2022-03-18 16:34:13+00:00,davidgandy_official,Sidecar,"Thank you to @essentialjournal for featuring me and of course @davidgandywellwear on the cover and story. One of my favorite magazines and truly the best crew of people to work with. Always an honor!  Wearing: @davidgandywellwear Stylist: @chaywardstyle Photographer: @tomobrejc Creative direction: @__thomassumner Hair: @thehairystylist for @larrykinghair Makeup: @carolbrownmakeup Interview: @jaimcintosh Location, food and tomato sauce: @normanscafelondon",,34028,345,https://instagram.fgla3-1.fna.fbcdn.net/v/t51.2885-15/275972624_1588319521521897_689868383195097295_n.webp?stp=dst-jpg_e35_p1080x1080&_nc_ht=instagram.fgla3-1.fna.fbcdn.net&_nc_cat=109&_nc_ohc=p-ptxYALnVIAX8ac2Sw&edm=AP_V10EBAAAA&ccb=7-5&oh=00_AfBJVqzDGdnT4cpY-qJxpDOGE7HUm2pz5cc8n6pRBqCrZw&oe=648549C1&_nc_sid=8721cf
299,2023-04-16 19:22:01+00:00,camilacoelho,Sidecar,Denim on denim for #revolvefestival day1🎶 @revolve   • #festival #ootd,"revolvefestival, festival, ootd",144890,549,https://instagram.flba3-1.fna.fbcdn.net/v/t51.2885-15/341156893_1311294256089508_8022784786572028084_n.jpg?stp=dst-jpg_e35_p1080x1080&_nc_ht=instagram.flba3-1.fna.fbcdn.net&_nc_cat=104&_nc_ohc=dg3RdK4PqX0AX-TqecV&edm=AP_V10EBAAAA&ccb=7-5&oh=00_AfC_xLQQGj3Qko1f20H_LAkI09cyWy-OvDH-8sTqIvjd_A&oe=64855842&_nc_sid=8721cf
300,2022-11-30 20:13:00+00:00,stephaniebroek,Sidecar,"Last weekend in Antwerp, book shopping at Copyright, face to face with Martin Margiela’s first ever design (a blazer for his Barbie doll, created in complete secrecy at 13 years old) at MoMu, and showing our own little doll around one of my favorite cities",,2093,51,https://scontent-yyz1-1.cdninstagram.com/v/t51.2885-15/317497603_1309770013132988_2006737306131027734_n.jpg?stp=dst-jpg_e35_p1080x1080&_nc_ht=scontent-yyz1-1.cdninstagram.com&_nc_cat=108&_nc_ohc=AxmtRFEKFwgAX9ISRG-&edm=AP_V10EBAAAA&ccb=7-5&oh=00_AfB1hy-RJ9AkFGgh6Hz0_0Q0TSnMm038Lx8Tmd05dNmYSQ&oe=6484DF8E&_nc_sid=8721cf
301,2023-04-14 19:14:00+00:00,camilacoelho,Sidecar,hello desert! So Excited to be back for Festival weekend 🎵🎶 (wearing @superdown skirt from @revolve )  O fim de semana promete!!! Quem vem??? ——— #revolvefestival #festival #festivalfashion #ootd,"revolvefestival, festival, festivalfashion, ootd",133661,606,https://instagram.fayt2-3.fna.fbcdn.net/v/t51.2885-15/329263121_554349740017575_7515012825767609415_n.jpg?stp=dst-jpg_e35_p1080x1080&_nc_ht=instagram.fayt2-3.fna.fbcdn.net&_nc_cat=103&_nc_ohc=wyUhCBPIOeoAX834dmw&edm=AP_V10EBAAAA&ccb=7-5&oh=00_AfAMPPdQBX8gQs47sTRMrzle-0C0_u2Vyxoyqm3ppTj4tw&oe=6483E107&_nc_sid=8721cf
302,2023-04-17 01:34:34+00:00,camilacoelho,Sidecar,🎡DAY 2 - #Rosalia and #BlackPink in one night? My feet hurts from dancing 🎶😆 #Coachella   #festival #friends,"Rosalia, BlackPink, Coachella, festival, friends",293319,962,https://instagram.fosu2-2.fna.fbcdn.net/v/t51.2885-15/329497993_1209282289754907_2139264259858382237_n.jpg?stp=dst-jpg_e35_p1080x1080&_nc_ht=instagram.fosu2-2.fna.fbcdn.net&_nc_cat=103&_nc_ohc=sAEsS97SEZ4AX9r8A5j&edm=AP_V10EBAAAA&ccb=7-5&oh=00_AfDVxnwe4cPeE9fjz7M45XXPO9qRjRevSV1WjrcWo8pEUA&oe=6483D172&_nc_sid=8721cf
303,2022-03-15 16:27:47+00:00,davidgandy_official,Sidecar,"So excited to share the new @dolcegabbana  #dgeyewear SS22 campaign. Not only did i get to work with the incredible Dolcegabbana, @mertalas & @macpiggott again but also the wonderful @jlo.  Truly one of the most talented, respectful and hardest working people I have had the privilege to work with. #dgdna #dolcegabbana","dgeyewear, dgdna, dolcegabbana",65213,900,https://instagram.flnk2-1.fna.fbcdn.net/v/t51.2885-15/275846630_1698349547162730_8010372617846653203_n.webp?stp=dst-jpg_e35_p1080x1080&_nc_ht=instagram.flnk2-1.fna.fbcdn.net&_nc_cat=106&_nc_ohc=CXXJxcZPeIQAX9iniPt&edm=AP_V10EBAAAA&ccb=7-5&oh=00_AfAkExh6wz8RjGLMPbhT90sXa_0wgvA9XJ0fK1vSpYcRsA&oe=64840D85&_nc_sid=8721cf
304,2022-11-23 20:06:05+00:00,stephaniebroek,Sidecar,Last week in looks,,2099,46,https://instagram.fiev9-1.fna.fbcdn.net/v/t51.2885-15/316448646_1201870990760598_55587612764883806_n.jpg?stp=dst-jpg_e35_p1080x1080&_nc_ht=instagram.fiev9-1.fna.fbcdn.net&_nc_cat=106&_nc_ohc=NLjGboh1oSMAX9smY_n&edm=AP_V10EBAAAA&ccb=7-5&oh=00_AfAIWjBxJzsierMSTzk1uvL-9NOTgOTETrQGco42lfrhWQ&oe=64854613&_nc_sid=8721cf
305,2022-11-27 20:21:39+00:00,stephaniebroek,Sidecar,"24 hours with @chanel.beauty, 3 looks (including my most treasured vintage Chanel pieces and the pleats that still fit at 9 months pregnant)",,1414,27,https://instagram.fcjs3-2.fna.fbcdn.net/v/t51.2885-15/316994864_1993982997474816_5374365560215591875_n.jpg?stp=dst-jpg_e35_p1080x1080&_nc_ht=instagram.fcjs3-2.fna.fbcdn.net&_nc_cat=100&_nc_ohc=Oo6jH18ztCoAX_tt7pe&edm=AP_V10EBAAAA&ccb=7-5&oh=00_AfCWKBlSHtTFk8Mmnnfqo3adfGGkDy8iaeS6292ReMM8MQ&oe=6485031D&_nc_sid=8721cf
306,2023-04-15 16:59:31+00:00,camilacoelho,Sidecar,"COACHELLA day 1 roundup 🎡🎶 I missed this energy!!! So fun seeing #BeckyG #BurnaBoy and #BadBunny🐰 perform! Mama is out!!! Haha  ——— Tava com saudade #Coachella!🎡🎵 Dia 1 foi massa - curtimos Becky G, Gorillaz, Burna Boy e BAD BUNNY 🐰!   • #festivalfashion #ootn #friends #festival #music","BeckyG, BurnaBoy, BadBunny🐰, Coachella!🎡🎵, festivalfashion, ootn, friends, festival, music",626797,2616,https://instagram.fath3-3.fna.fbcdn.net/v/t51.2885-15/341532998_919703779077509_5954161713550631708_n.jpg?stp=dst-jpg_e35_p1080x1080&_nc_ht=instagram.fath3-3.fna.fbcdn.net&_nc_cat=105&_nc_ohc=Jxf_Bc8JSL4AX_V5uVD&edm=AP_V10EBAAAA&ccb=7-5&oh=00_AfCZhEnqYL7G6b_bcp-YLK6uNX3reenv5bUetHlb7qLVUA&oe=6484946E&_nc_sid=8721cf
307,2022-11-08 19:42:58+00:00,stephaniebroek,Sidecar,Olive’s mom in look 53 from the @chanelofficial Fall/Winter 2022/23 show 🤍🖤 #CHANELFallWinter,CHANELFallWinter,1535,117,https://instagram.fteq3-3.fna.fbcdn.net/v/t51.2885-15/314478980_603689084890865_242585173711456909_n.jpg?stp=dst-jpg_e35_p1080x1080&_nc_ht=instagram.fteq3-3.fna.fbcdn.net&_nc_cat=105&_nc_ohc=1y_6SjdpF_wAX9qKIte&edm=AP_V10EBAAAA&ccb=7-5&oh=00_AfBpFPK8JH9sEjd5qx2mv0fFtA5vpzSQuhLD207X6SM6uQ&oe=648533D3&_nc_sid=8721cf
308,2023-05-21 15:23:29+00:00,monikh,Sidecar,Sunday in @sezane,,2133,5,https://scontent-hou1-1.cdninstagram.com/v/t51.2885-15/347874598_828726258677197_506367727708300149_n.jpg?stp=dst-jpg_e35_p1080x1080&_nc_ht=scontent-hou1-1.cdninstagram.com&_nc_cat=101&_nc_ohc=4ewIOczDS0wAX9Gyuw5&edm=AP_V10EBAAAA&ccb=7-5&oh=00_AfBrrWH2q8A5mNfpaw8qXHRqjfpKq9ejGXFJbAj9nUsyJQ&oe=648490B1&_nc_sid=8721cf
309,2023-04-13 23:02:26+00:00,camilacoelho,Sidecar,Poolside 🐙 before heading to the desert __ Manhã relax antes de ir pro deserto! (Bikini @camilacoelhocollection ) @revolve  •  #festival #swim,"festival, swim",131412,500,https://instagram.fpmr1-1.fna.fbcdn.net/v/t51.2885-15/341011041_199255416191492_3517851874040966463_n.jpg?stp=dst-jpg_e35_p1080x1080&_nc_ht=instagram.fpmr1-1.fna.fbcdn.net&_nc_cat=108&_nc_ohc=LbL5cGNLAaIAX9ohn53&edm=AP_V10EBAAAA&ccb=7-5&oh=00_AfAcf3T2qVUeovoOA8BaeM3yysMFv6zshqpfaYzzfn6EKA&oe=6483FCE6&_nc_sid=8721cf
310,2022-11-06 20:46:32+00:00,stephaniebroek,Sidecar,"On maternity leave and strolling through the city visiting new stores (@carmen.amsterdam 💙!! @theceiling.shop 💛!!), bakeries (Mater, Loof), making a breastfeeding pit stop in the park and coming home to vintage baby sneakers sourced by Younes for Olive’s ever growing collection",,2264,47,https://scontent-msp1-1.cdninstagram.com/v/t51.2885-15/314741374_1291964508232483_4854673045489073529_n.jpg?stp=dst-jpg_e35_p1080x1080&_nc_ht=scontent-msp1-1.cdninstagram.com&_nc_cat=107&_nc_ohc=z_oFqolSXYcAX_rT9xj&edm=AP_V10EBAAAA&ccb=7-5&oh=00_AfD5ImPTIhHCxDplnyzMjhkEJhvLrz1wEJaODtRO8VdHDg&oe=648554D3&_nc_sid=8721cf
311,2022-11-27 19:55:48+00:00,stephaniebroek,Sidecar,"Couldn’t have asked for a better first post-partum trip. A weekend in Antwerp on invitation by @chanel.beauty, and I was able to bring 4 close friends (and bf and baby). We were treated to a N°1 de Chanel masterclass (and took notes on this holistic beauty and makeup line in a CC notebook), spent all morning in the spa, visited the recently reopened MoMu and had dinner at Graanmarkt13. One for the 📚 #N1DECHANEL #CHANELSkincare","N1DECHANEL, CHANELSkincare",1339,28,https://instagram.fkgl1-1.fna.fbcdn.net/v/t51.2885-15/317235808_527054532635386_8134780407650666779_n.jpg?stp=dst-jpg_e35_p1080x1080&_nc_ht=instagram.fkgl1-1.fna.fbcdn.net&_nc_cat=110&_nc_ohc=ug5Zmy96TmwAX9uIypr&edm=AP_V10EBAAAA&ccb=7-5&oh=00_AfDjDqej-Z2Ksep1223E0Dt9SRdgv9PE51DOU_Kawhok4A&oe=64842E1F&_nc_sid=8721cf
312,2022-10-30 16:49:04+00:00,stephaniebroek,Sidecar,Conversations with friends,,2510,37,https://instagram.fods1-1.fna.fbcdn.net/v/t51.2885-15/313226886_137034192428374_5388942071273150378_n.jpg?stp=dst-jpg_e35_p1080x1080&_nc_ht=instagram.fods1-1.fna.fbcdn.net&_nc_cat=110&_nc_ohc=j6EbR4V4-f4AX8hUCtz&edm=AP_V10EBAAAA&ccb=7-5&oh=00_AfBTs45ad2TGiSvze0ieLE7AqaEyVb94N5KWBSdC8jQA0A&oe=6483B09F&_nc_sid=8721cf
313,2023-04-09 17:15:42+00:00,camilacoelho,Sidecar,"Happy Easter💗🐰 with my favorite bunny!  Feliz Páscoa, com meu coelhinho favorito💗🐰 Um domingo abençoado pra todos vocês!  • • #easter #pascoa #family #easterbunny","easter, pascoa, family, easterbunny",111731,351,https://instagram.flwo3-1.fna.fbcdn.net/v/t51.2885-15/339999445_1672639546493349_6242609502711692344_n.jpg?stp=dst-jpg_e35_p1080x1080&_nc_ht=instagram.flwo3-1.fna.fbcdn.net&_nc_cat=109&_nc_ohc=QiOQiKMpA6YAX8-I9sg&edm=AP_V10EBAAAA&ccb=7-5&oh=00_AfD0dMKTROCpO1DqQnw6M_i1ePqmEmSA0iEgNmSzgFgwBA&oe=648536EC&_nc_sid=8721cf
314,2023-01-17 18:33:34+00:00,rhyancaminske,Sidecar,"It was getting colder and I realized I had a TON of giant sweaters, but no cute winter tops. I ended up finding some really cute stuff like this top, which is selling out in white, but it is still in stock in black and it’s only $20!  Right now is their winter sale, up to 50% off select styles!   Link for this whole outfit in my bio 🤍  #datenightoutfit #girlsnightoutoutfit  #abercrombiestyle #abercrombiejeans #outfitidea #daintynecklace #clutchpurse #yslbag #winteroutfit #casualstyle #everydaystyle #streetstyle #everydayoutfit #momstyle #liketoknowit #liketoknowitstyle #outfitideas #simplestyle #ootd #beigeboots #skinnyjeans #crossbodybagsforwomen #hairgoals #blondehairinspo #hairgrowth   Follow my shop @rhyancaminske on the @shop.LTK app to shop this post and get my exclusive app-only content!  #liketkit  @shop.ltk https://liketk.it/3ZyMR","datenightoutfit, girlsnightoutoutfit, abercrombiestyle, abercrombiejeans, outfitidea, daintynecklace, clutchpurse, yslbag, winteroutfit, casualstyle, everydaystyle, streetstyle, everydayoutfit, momstyle, liketoknowit, liketoknowitstyle, outfitideas, simplestyle, ootd, beigeboots, skinnyjeans, crossbodybagsforwomen, hairgoals, blondehairinspo, hairgrowth, liketkit",168,18,https://scontent-atl3-1.cdninstagram.com/v/t51.2885-15/325575969_713962456957174_8380525266884746502_n.jpg?stp=dst-jpg_e35_p1080x1080&_nc_ht=scontent-atl3-1.cdninstagram.com&_nc_cat=110&_nc_ohc=ZIE3sa112LQAX-K6Qax&edm=AP_V10EBAAAA&ccb=7-5&oh=00_AfBLaJjmKruDWQHHRVsSqzN-6kxr0TWvKuTLOjsGqqfjgA&oe=6484D024&_nc_sid=8721cf
315,2023-01-19 18:37:40+00:00,rhyancaminske,Sidecar,"So the boutique I get alllll of my cute band tees from, is having a sale on their Valentine’s Day collection. ❤️ Go check it out, they have a ton of cute stuff!  Also use code RHYAN10 for 10% of anything on their site.   #bandtee #graphictee #tshirtandjeans #blackboots #blackbooties #valentinessale #outfitidea #ankleboots #sassyqueenboutique #valentinesdayoutfit #casualstyle #everydaystyle #streetstyle #everydayoutfit #momstyle #liketoknowit #liketoknowitstyle #outfitidea #outfitideas #simplestyle #ootd #blondehair #hairgrowth #aviatorsunglasses #blacksunglasses #diffeyewear   Follow my shop @rhyancaminske on the @shop.LTK app to shop this post and get my exclusive app-only content!  #liketkit  @shop.ltk https://liketk.it/3ZJAX","bandtee, graphictee, tshirtandjeans, blackboots, blackbooties, valentinessale, outfitidea, ankleboots, sassyqueenboutique, valentinesdayoutfit, casualstyle, everydaystyle, streetstyle, everydayoutfit, momstyle, liketoknowit, liketoknowitstyle, outfitideas, simplestyle, ootd, blondehair, hairgrowth, aviatorsunglasses, blacksunglasses, diffeyewear, liketkit",109,23,https://scontent-lax3-1.cdninstagram.com/v/t51.2885-15/326060021_157360476713864_762556428479185650_n.jpg?stp=dst-jpg_e35_p1080x1080&_nc_ht=scontent-lax3-1.cdninstagram.com&_nc_cat=108&_nc_ohc=EFxvCaCpAa8AX_3KDEF&edm=AP_V10EBAAAA&ccb=7-5&oh=00_AfD20dL3ZUiXA9518AMqg-iUl10IdFDjpsF-Oq8kZuOmtg&oe=6484DD3C&_nc_sid=8721cf
316,2023-01-11 15:21:44+00:00,rhyancaminske,Sidecar,"Hi all!! This is my good friend, Jonathan Kuracina. @works_by_jk   I am so excited to share he has officially launched his new online Print Shop! He is a mixed media Artist based in Vancouver Canada, but they ship to both Canada and the US, with new countries coming soon. You can purchase his prints, some of which come with hand painted designs on top of the digital image! (Those are limited edition). He offers open edition prints and limited edition prints. Once the limited edition prints are gone, they are gone, so if you like something be sure to grab it!! The shop will be updated periodically throughout the year, including the limited edition drops.   Jonny and I met in college freshman year and were instant friends. I was lucky enough to get one of his first limited edition pieces a few years ago. He had posted this piece on Instagram and I fell in love with it. I asked if I could buy it and unfortunately he had sold it, little did I know he had sold it to my husband!!   It has been a pleasure to watch him grow as a person and Artist. Please go check out his page and website, he has some of the coolest work I’ll ever seen and it is exciting to see what he will come up with next!   #mixedmediaartist #mixedmediaart #homedecor #digitalprints #walldecor #wallart #wallartinspo #artprints #artprintsforsale #artprintshop #artforhome #artforyourhome #artforyourwalls","mixedmediaartist, mixedmediaart, homedecor, digitalprints, walldecor, wallart, wallartinspo, artprints, artprintsforsale, artprintshop, artforhome, artforyourhome, artforyourwalls",60,8,https://instagram.fphx1-2.fna.fbcdn.net/v/t51.2885-15/324538791_8697070857001205_5873999183682149892_n.jpg?stp=dst-jpg_e35_p1080x1080&_nc_ht=instagram.fphx1-2.fna.fbcdn.net&_nc_cat=105&_nc_ohc=FV91rd9zhREAX9uRRIh&edm=AP_V10EBAAAA&ccb=7-5&oh=00_AfBmTlfg6e-cArAiByH2SHa1igc-fDEd80b8mEvsvWeTmg&oe=6484724E&_nc_sid=8721cf
317,2023-01-07 16:09:28+00:00,rhyancaminske,Sidecar,"So I finally tried the Good American jeans…. And I LOVE them!!! The material feels so nice and has a bit of stretch to it. I will definitely be buying more.  I bought size 2 because I wear 0-2 at Abercrombie and I didn’t want them to be too tight. With my Abercrombie 0 are more “going out” jeans and 2 are more everyday wear jeans for me. Lol anyone else do this?? 🤣   These are not tight, I would say they are comfortable at this size, even sitting. I am curious to see how a 0 fits, not sure if they would fit better or if they would be “standing only” jeans 😂  Swipe to see my little monkeys jumping on the bed 🐒  #womensjeans #goodamerican #goodamericanjeans #jeans #abercrombiestyle #casualstyle #everydaystyle #streetstyle #everydayoutfit #momstyle #liketoknowit #liketoknowitstyle #outfitidea #outfitideas #simplestyle #ootd   Follow my shop @rhyancaminske on the @shop.LTK app to shop this post and get my exclusive app-only content!  #liketkit  @shop.ltk https://liketk.it/3YLNa","womensjeans, goodamerican, goodamericanjeans, jeans, abercrombiestyle, casualstyle, everydaystyle, streetstyle, everydayoutfit, momstyle, liketoknowit, liketoknowitstyle, outfitidea, outfitideas, simplestyle, ootd, liketkit",153,9,https://instagram.fiev10-1.fna.fbcdn.net/v/t51.2885-15/324613342_2126055767585439_4651013474578228658_n.jpg?stp=dst-jpg_e35_p1080x1080&_nc_ht=instagram.fiev10-1.fna.fbcdn.net&_nc_cat=103&_nc_ohc=JDhZ0zToH1MAX-M7d1s&edm=AP_V10EBAAAA&ccb=7-5&oh=00_AfDbDRS7gBCEBHN0WqUwfJoinAA7yGW8r1sgsHodYOQlSA&oe=648471B1&_nc_sid=8721cf
318,2022-03-16 17:09:41+00:00,davidgandy_official,Sidecar,"A couple more from the new @dolcegabbana #dgeyewear SS22 campaign, with the incredible @jlo.  Shot by @mertalas and @macpiggott . #dgdna #dolcegabbana","dgeyewear, dgdna, dolcegabbana",37547,333,https://scontent-lcy1-1.cdninstagram.com/v/t51.2885-15/275972362_1150361505726263_5925657603485508658_n.webp?stp=dst-jpg_e35&_nc_ht=scontent-lcy1-1.cdninstagram.com&_nc_cat=111&_nc_ohc=5g8zAPHSCrcAX_UjFCg&edm=AP_V10EBAAAA&ccb=7-5&oh=00_AfCvnEoYAVRURaJwEdGbPx5TondsqMgfJOQvWvmLXLvfCg&oe=64855592&_nc_sid=8721cf
319,2023-03-26 18:53:07+00:00,matildadjerf,Sidecar,this tuesday ✨✨✨✨✨✨✨✨✨,,171734,271,https://scontent-ord5-1.cdninstagram.com/v/t51.2885-15/330286122_456599389956023_4187322261077015094_n.jpg?stp=dst-jpg_e35_s1080x1080&_nc_ht=scontent-ord5-1.cdninstagram.com&_nc_cat=111&_nc_ohc=RdqROmhjZjUAX8BNy6S&edm=AP_V10EBAAAA&ccb=7-5&oh=00_AfAk8UtJhC7KanYF0P4iNRLlZo22tnTcsJldHm0HHCpwsw&oe=64842669&_nc_sid=8721cf
320,2023-03-25 19:38:46+00:00,matildadjerf,Sidecar,bday drop coming up🎂🎀,,301264,367,https://instagram.fath3-3.fna.fbcdn.net/v/t51.2885-15/337503389_590177636156128_6962602546826077473_n.jpg?stp=dst-jpg_e35_s1080x1080&_nc_ht=instagram.fath3-3.fna.fbcdn.net&_nc_cat=104&_nc_ohc=7GhRm6z4IbIAX9aJnpM&edm=AP_V10EBAAAA&ccb=7-5&oh=00_AfCTtlDMeG1gchKjvY4L53iqgtN19kg2MXHAztsLlCZBgw&oe=64853A62&_nc_sid=8721cf
321,2023-01-05 18:41:59+00:00,rhyancaminske,Sidecar,"Had my 5th Laser tattoo removal appointment today. I got this tattoo at 18 and even though I love the lyrics, the stars were driving me crazy! The pain is totally bearable, if you want to see what it looked like before, check out my tattoo highlight on my page. 🖤 . . . .  Tie dye sweatshirt This is a Large   #oversizedsweatshirt #etsyfinds #etsyfind #tiedye #sunglasses #diffeyewear #fauxleatherleggings #aviatorsunglasses #outfitinspo #lipplumper #casualstyle #everydaystyle #streetstyle #everydayoutfit #momstyle #liketoknowit #liketoknowitstyle #outfitidea #outfitideas #simplestyle #ootd #hairgoals #haircolorinspo #blondehighlights #blondebabylights #haircolorgoals #hairgrowth #blondehaircolor   Follow my shop @rhyancaminske on the @shop.LTK app to shop this post and get my exclusive app-only content!  #liketkit  @shop.ltk https://liketk.it/3YDgN","oversizedsweatshirt, etsyfinds, etsyfind, tiedye, sunglasses, diffeyewear, fauxleatherleggings, aviatorsunglasses, outfitinspo, lipplumper, casualstyle, everydaystyle, streetstyle, everydayoutfit, momstyle, liketoknowit, liketoknowitstyle, outfitidea, outfitideas, simplestyle, ootd, hairgoals, haircolorinspo, blondehighlights, blondebabylights, haircolorgoals, hairgrowth, blondehaircolor, liketkit",167,10,https://scontent-lga3-1.cdninstagram.com/v/t51.2885-15/322405237_184410584236242_7103777586855785343_n.jpg?stp=dst-jpg_e35_p1080x1080&_nc_ht=scontent-lga3-1.cdninstagram.com&_nc_cat=106&_nc_ohc=22uvQxmvkGAAX-TwCkb&edm=AP_V10EBAAAA&ccb=7-5&oh=00_AfB2mXJaW8c27rURRJnrS07fhwG4TGs1jmYUJlEv_MbVcw&oe=6484EC00&_nc_sid=8721cf
322,2022-02-12 16:28:39+00:00,davidgandy_official,Sidecar,"With moisture wicking fabrics as well as WellWear breath technology of antibacterial and anti odour, @davidgandywellwear has been my training buddy for this year.  Training has been part of my life for over 25 years, not only to keep me physically healthy but also for my mental Wellbeing. 📷 @kirktruman",,23991,199,https://scontent-ord5-2.cdninstagram.com/v/t51.2885-15/273909611_370776604430844_1929810492074838012_n.webp?stp=dst-jpg_e35_s1080x1080&_nc_ht=scontent-ord5-2.cdninstagram.com&_nc_cat=100&_nc_ohc=OI7XqAL8qokAX9SGLOW&edm=AP_V10EBAAAA&ccb=7-5&oh=00_AfCkn7NSCVuYcSVtY8dOWwfIbS83aHmStjczjV7btWA12A&oe=6484AECA&_nc_sid=8721cf
323,2023-05-23 18:59:29+00:00,chiaraferragni,Sidecar,Mum’s life 💖,,557936,709,https://instagram.flap2-1.fna.fbcdn.net/v/t51.2885-15/348746985_762786521965004_1733950546143003792_n.jpg?stp=dst-jpg_e35_p1080x1080&_nc_ht=instagram.flap2-1.fna.fbcdn.net&_nc_cat=108&_nc_ohc=hC-AlZRaVQwAX-KaHO8&edm=AP_V10EBAAAA&ccb=7-5&oh=00_AfDlFPWZrOw7HrI3Xl0EoaMObdN8NF16criQ_WtkcAZjig&oe=6484E501&_nc_sid=8721cf
324,2023-03-23 20:06:29+00:00,matildadjerf,Sidecar,June 23 2022 🤍🤍🤍 forever one of my favorite days,,168094,198,https://scontent-hou1-1.cdninstagram.com/v/t51.2885-15/337142024_743200847424421_1511093387184400667_n.jpg?stp=dst-jpg_e35_p1080x1080&_nc_ht=scontent-hou1-1.cdninstagram.com&_nc_cat=101&_nc_ohc=Kf3vp1pNIAoAX--Zbrn&edm=AP_V10EBAAAA&ccb=7-5&oh=00_AfCg9J6FXoZO0nbPfbWByP3JgBY0tclSCSejzo7y0QGn5A&oe=64843EF4&_nc_sid=8721cf
325,2023-01-01 21:19:40+00:00,rhyancaminske,Sidecar,"𝟚𝟘𝟚𝟛 • New Year • Same Goals  ✨Health, Happiness and a Huge 🍑✨ Wishing everyone a Happy New Year!  . . . . . #gymclothes #gymoutfit #newyeargoals #happynewyear2023 #casualstyle #nvgtn #sportbra #nvgtnleggings #mombod #workoutclothes #workoutfit #strengthtraining #everydaystyle #streetstyle #everydayoutfit #momstyle #outfitidea #outfitideas #simplestyle #ootd","gymclothes, gymoutfit, newyeargoals, happynewyear2023, casualstyle, nvgtn, sportbra, nvgtnleggings, mombod, workoutclothes, workoutfit, strengthtraining, everydaystyle, streetstyle, everydayoutfit, momstyle, outfitidea, outfitideas, simplestyle, ootd",251,21,https://scontent-vie1-1.cdninstagram.com/v/t51.2885-15/322399159_474254061562083_3161246563552628889_n.jpg?stp=dst-jpg_e35_p1080x1080&_nc_ht=scontent-vie1-1.cdninstagram.com&_nc_cat=103&_nc_ohc=jxHDLfsoxBwAX_clsRL&edm=AP_V10EBAAAA&ccb=7-5&oh=00_AfD7DZp2hyxQC4MKCLVBJxnfh1Wi2wffBTWbLD4NTidzYA&oe=64846844&_nc_sid=8721cf
326,2023-03-21 19:00:26+00:00,matildadjerf,Sidecar,casual Monday 🤝,,131995,234,https://scontent-lga3-2.cdninstagram.com/v/t51.2885-15/337126288_170793012464131_3585689614035772443_n.jpg?stp=dst-jpg_e35_p1080x1080&_nc_ht=scontent-lga3-2.cdninstagram.com&_nc_cat=107&_nc_ohc=TVQgAKlfNLMAX8SmJYg&edm=AP_V10EBAAAA&ccb=7-5&oh=00_AfDbBnT_1bu43pnaKbOT9XQtN3VZ5lfQGqhyvQyMKXZiPg&oe=64852A57&_nc_sid=8721cf
327,2023-03-19 19:41:27+00:00,matildadjerf,Sidecar,week 11 🫂,,161164,234,https://scontent-atl3-2.cdninstagram.com/v/t51.2885-15/335917737_590713902987923_4784838281242520128_n.jpg?stp=dst-jpg_e35_p1080x1080&_nc_ht=scontent-atl3-2.cdninstagram.com&_nc_cat=111&_nc_ohc=-rrfJY_xRWQAX_uu4uf&edm=AP_V10EBAAAA&ccb=7-5&oh=00_AfD4Yjqk-aBcgMkuAK0rRu4bpOd_jY2ItEcMKThXHYkvrQ&oe=6484304E&_nc_sid=8721cf
328,2023-03-17 19:17:58+00:00,matildadjerf,Sidecar,Re-edition of the #PradaMoon bag from 2000s @prada #ad,"PradaMoon, ad",151705,216,https://scontent-mia3-1.cdninstagram.com/v/t51.2885-15/335781454_762007755214796_1036383185018393537_n.jpg?stp=dst-jpg_e35_p1080x1080&_nc_ht=scontent-mia3-1.cdninstagram.com&_nc_cat=108&_nc_ohc=DgDrOJuoox0AX_OLN2J&edm=AP_V10EBAAAA&ccb=7-5&oh=00_AfAiLTnxKKgmY99cISUjU3xJSzDlFsf_UXvqk2w62TOkQQ&oe=648520AA&_nc_sid=8721cf
329,2023-03-22 19:30:05+00:00,matildadjerf,Sidecar,my many personalities,,159580,219,https://instagram.fpll3-1.fna.fbcdn.net/v/t51.2885-15/337303760_1308978569677601_4621424396104334518_n.jpg?stp=dst-jpg_e35_s1080x1080&_nc_ht=instagram.fpll3-1.fna.fbcdn.net&_nc_cat=105&_nc_ohc=WhtRziDxftIAX8Fnvom&edm=AP_V10EBAAAA&ccb=7-5&oh=00_AfBkXXMPyIlCmGAP8oNvgC2T-Z9UdjRijf29b9LUwC85lw&oe=64842512&_nc_sid=8721cf
330,2023-03-15 20:03:02+00:00,matildadjerf,Sidecar,glossyyyy 💕#HourglassPartner @hourglasscosmetics,HourglassPartner,112616,181,https://scontent-vie1-1.cdninstagram.com/v/t51.2885-15/336314323_770575024181908_1760764724847032088_n.jpg?stp=dst-jpg_e35_s1080x1080&_nc_ht=scontent-vie1-1.cdninstagram.com&_nc_cat=104&_nc_ohc=5nB9RzsKhG8AX-pxHlA&edm=AP_V10EBAAAA&ccb=7-5&oh=00_AfCuNnMUl6f4_jfoTKnqBnWe49LTERE1ms-9EcSY2HhIPg&oe=64851195&_nc_sid=8721cf
331,2023-03-20 19:43:25+00:00,matildadjerf,Sidecar,🥰,,111842,209,https://instagram.fpuq3-1.fna.fbcdn.net/v/t51.2885-15/336822261_1252511502019524_7439338663221969973_n.jpg?stp=dst-jpg_e35_p1080x1080&_nc_ht=instagram.fpuq3-1.fna.fbcdn.net&_nc_cat=100&_nc_ohc=YHJ2Be2CIT4AX8TaUcF&edm=AP_V10EBAAAA&ccb=7-5&oh=00_AfA52wle2sFzN2UqrQtM83585bacwFHlIHEZH0QRjEyqXA&oe=6483BB08&_nc_sid=8721cf
332,2022-10-24 19:44:25+00:00,stephaniebroek,Sidecar,Olive’s first Hermès 💔. Bath time never looked chicer than tonight. Thanks so much @hermes family 🧡 this is truly the softest baby towel I have ever encountered,,945,25,https://instagram.fkya4-1.fna.fbcdn.net/v/t51.2885-15/312660045_167462562603919_2460414665388601063_n.jpg?stp=dst-jpg_e15&_nc_ht=instagram.fkya4-1.fna.fbcdn.net&_nc_cat=107&_nc_ohc=75yqSI4z0dwAX8_0a-Y&edm=AP_V10EBAAAA&ccb=7-5&oh=00_AfDqoO5qt7VNu4arYvfPtpTV56DZ1nCBFjQKGNGJeiOcxQ&oe=64812459&_nc_sid=8721cf
333,2023-04-08 16:13:40+00:00,lojafashioncloset,Sidecar,"🚨a calça PERFEITA EXISTE SIM!  e podemos provar: com modelagem ampla, caimento impecável, tecido de alta qualidade… YES! 🗣️🗣️🗣️",,1304,11,https://scontent-atl3-2.cdninstagram.com/v/t51.2885-15/339992608_2115228905353153_9205315856751231790_n.jpg?stp=dst-jpg_e35&_nc_ht=scontent-atl3-2.cdninstagram.com&_nc_cat=101&_nc_ohc=SqMfZ6Azj4EAX9-Qdq8&edm=AP_V10EBAAAA&ccb=7-5&oh=00_AfBpQCMdO3A3ydle1VngOxaPg2TwXJaRYSATmQoHZVCP1A&oe=64844934&_nc_sid=8721cf
334,2022-10-27 18:49:18+00:00,stephaniebroek,Sidecar,back vs front,,1364,24,https://scontent-pmo1-1.cdninstagram.com/v/t51.2885-15/312905446_675422043895984_4206551365882364131_n.jpg?stp=dst-jpg_e35_p1080x1080&_nc_ht=scontent-pmo1-1.cdninstagram.com&_nc_cat=104&_nc_ohc=aAiCd2wf3K0AX-OdNa8&edm=AP_V10EBAAAA&ccb=7-5&oh=00_AfA0LOsjDpyk8SW3mg8wg9cddY08akyNBo0U4NDoEG5BAg&oe=6483BF88&_nc_sid=8721cf
335,2023-04-10 13:52:55+00:00,lojafashioncloset,Sidecar,💓um pedacinho do nosso esquema!,,256,2,https://instagram.fabj3-2.fna.fbcdn.net/v/t51.2885-15/340515098_470860921855203_5748780020293670705_n.jpg?stp=dst-jpg_e35_p1080x1080&_nc_ht=instagram.fabj3-2.fna.fbcdn.net&_nc_cat=103&_nc_ohc=EAX9BJ3OsWUAX-U8orn&edm=AP_V10EBAAAA&ccb=7-5&oh=00_AfBQSmfeA0XI-O746fxcQwVF_ESc-DVAJ-SeoKztAFP2zQ&oe=6484D77D&_nc_sid=8721cf
336,2022-10-04 19:00:32+00:00,stephaniebroek,Sidecar,@officialbyredo @bengorham liquid lipstick vinyl /ad,,1644,90,https://instagram.fham3-1.fna.fbcdn.net/v/t51.2885-15/310172888_665567398071165_1683483422787151232_n.jpg?stp=dst-jpg_e35_p1080x1080&_nc_ht=instagram.fham3-1.fna.fbcdn.net&_nc_cat=109&_nc_ohc=ofWhJQeatl4AX_kqSBN&edm=AP_V10EBAAAA&ccb=7-5&oh=00_AfBh4f6lLS08_2W_qovi3ngaa8odgXiHieEWjsW5_JwBaw&oe=648528A0&_nc_sid=8721cf
337,2022-10-02 18:04:28+00:00,stephaniebroek,Sidecar,"Not in Paris this season but home, celebrating three weeks of Olive 🖤",,2058,89,https://instagram.fbga3-1.fna.fbcdn.net/v/t51.2885-15/309709725_629456028836634_8353006474913289544_n.jpg?stp=dst-jpg_e35_p1080x1080&_nc_ht=instagram.fbga3-1.fna.fbcdn.net&_nc_cat=106&_nc_ohc=rvn1OwkQY5AAX-rigdS&edm=AP_V10EBAAAA&ccb=7-5&oh=00_AfDDgchNjDmVIDruqxuxE4FJaMvC0s_lAWgpmhtKqDq6Fg&oe=64843980&_nc_sid=8721cf
338,2022-10-15 18:36:38+00:00,stephaniebroek,Sidecar,"One month with Olive today 🤍. This hits different after struggling with endometriosis, infertility and the depression that came with it",,7593,354,https://instagram.fkiv9-1.fna.fbcdn.net/v/t51.2885-15/311625501_696813304672155_9172108966400779446_n.jpg?stp=dst-jpg_e35_p1080x1080&_nc_ht=instagram.fkiv9-1.fna.fbcdn.net&_nc_cat=103&_nc_ohc=xE2rTIZ8FJ4AX-99uCK&edm=AP_V10EBAAAA&ccb=7-5&oh=00_AfAaDpVgfSEAOb35QrfxeqqVzx8fFwmUTsD8DBoeef-OPw&oe=6484B31E&_nc_sid=8721cf
339,2022-09-27 19:17:03+00:00,stephaniebroek,Sidecar,POV: you’re two weeks old and made it to the @louisvuitton press list ✉️. Meet Olive’s new Doudou Louis teddy bear 🧸,,1679,90,https://instagram.ffor13-1.fna.fbcdn.net/v/t51.2885-15/308798805_2889894394651362_1305919472313946139_n.jpg?stp=dst-jpg_e35_p1080x1080&_nc_ht=instagram.ffor13-1.fna.fbcdn.net&_nc_cat=106&_nc_ohc=aZntI_4EFt4AX_-tJMq&edm=AP_V10EBAAAA&ccb=7-5&oh=00_AfClWOq7O5h3MObqxL9lnsuRTL8Lczn0EjvKSne9RIQmxQ&oe=64852CDC&_nc_sid=8721cf
340,2022-09-17 19:17:25+00:00,stephaniebroek,Sidecar,"Welcome to the world Olive Lowe. Born on September 10th, two days after I was induced at 39 weeks (more on that later) and our hearts exploded. She’s one week old today and I’m not okay with that. Cherishing every moment with her (night time feeding sessions and diaper changes included). So so so grateful she made it safe and sound 🤍",,10714,811,https://instagram.fjed6-1.fna.fbcdn.net/v/t51.2885-15/307291621_1081528592546534_2170161766877396150_n.jpg?stp=dst-jpg_e35_p1080x1080&_nc_ht=instagram.fjed6-1.fna.fbcdn.net&_nc_cat=102&_nc_ohc=BprP-WmgrisAX8F3EoJ&edm=AP_V10EBAAAA&ccb=7-5&oh=00_AfAvTJMnTbvg2X9YuU3gt8xyq2-1VXEWABXryUj-ai18pw&oe=6483DCC0&_nc_sid=8721cf
341,2022-09-29 18:44:21+00:00,stephaniebroek,Sidecar,"A moment: our first stroll outside as a party of 3. Olive seemed to love it. 🫒🤍  This is the Bugaboo Fox 3 that we’re leasing as part of the new @bugaboo_bnlx Flex program. A leasing service for new and pre-loved strollers that have been refurbished (we chose the latter and it looks brand new!) with a flexible contract of either 6, 12 or 24 months. As your child grows (and/or your family) Bugaboo Flex allows you to switch between strollers to match your changing family’s needs. It feels good that we’re able to extend the lifespan of a product parents usually only use for a short period of time. And therefore contributing to a circular economy (which is hopefully the future for Olive’s generation)",,3331,98,https://scontent-lax3-2.cdninstagram.com/v/t51.2885-15/309266938_1060499274658572_6760124416111917806_n.jpg?stp=dst-jpg_e35_p1080x1080&_nc_ht=scontent-lax3-2.cdninstagram.com&_nc_cat=100&_nc_ohc=BXWUCaboutAAX_pljuV&edm=AP_V10EBAAAA&ccb=7-5&oh=00_AfCCa0FbGI9yKjMLhPHv-Yf-1gLUcxI7tKrHRhrcAgjTYA&oe=648405FF&_nc_sid=8721cf
342,2023-03-16 19:19:23+00:00,matildadjerf,Sidecar,Thursday,,142624,222,https://instagram.fbio3-2.fna.fbcdn.net/v/t51.2885-15/336251980_996978164998443_128398395172339898_n.jpg?stp=dst-jpg_e35_s1080x1080&_nc_ht=instagram.fbio3-2.fna.fbcdn.net&_nc_cat=103&_nc_ohc=BeNnWbVIkLgAX8xxevk&edm=AP_V10EBAAAA&ccb=7-5&oh=00_AfBXb09KBGmD1ZpN1Q5aYqsG43d_6ccV6gSDrs7l-am5kw&oe=6484B441&_nc_sid=8721cf
343,2023-04-23 13:14:55+00:00,everyday.holly,Sidecar,"Last weeks Top Sellers!   💥Save 25% on shorts, skirts , tops & swim at @athleta !  These shorts are so good! Comfy, flattering, pockets with zippers.  The tank is super cute, too. And, it comes in petite!   Comment LINKS for all the links & sizing info to sent to you! ⚠️ You will not see my messages if you are not following me or you have your messages restricted in privacy settings.   For reference: I’m 5’1, 110lbs 1 - Trekkie shorts - 0 - size down 2 - Comfy Romper small 3 - 2 piece set - small (bottoms are big on me) 4- Overall romper small 5 - Tank dress XS  1 -Comment “LINKS” (no other text or emoji’s) for the links & sizing info.   2 - Click the link in my bio , then click “Shop my Reels & TikTok’s” look for the outfit picture and tap the link to shop. 😊 3 - free LTK app - Follow Everyday.holly Direct Link https://liketk.it/474st   #amazonfashion #top5 #casualoutfits #easyoutfits  #athleisure #petitefriendly #summeroutfit  #springstyle  #summerstyle  #comfystyle #momstyle #workoutshorts  #summerdress #athleisureshorts #summerbasics #summerstyle #vacationoutfit  #amazonfashionfinds #amazonfinds #founditonamazon #founditonamazonfashion #targetstyle #targetfashion #petiteoutfit #petitestyle #over40petitestyle","amazonfashion, top5, casualoutfits, easyoutfits, athleisure, petitefriendly, summeroutfit, springstyle, summerstyle, comfystyle, momstyle, workoutshorts, summerdress, athleisureshorts, summerbasics, vacationoutfit, amazonfashionfinds, amazonfinds, founditonamazon, founditonamazonfashion, targetstyle, targetfashion, petiteoutfit, petitestyle, over40petitestyle",923,292,https://scontent-iad3-1.cdninstagram.com/v/t51.2885-15/342494944_246828097723252_3826854107297953179_n.jpg?stp=dst-jpg_e35_p1080x1080&_nc_ht=scontent-iad3-1.cdninstagram.com&_nc_cat=104&_nc_ohc=mbsRgQTaAvgAX_HuhRX&edm=AP_V10EBAAAA&ccb=7-5&oh=00_AfCYQ7MTzUAlKtbHsvLsm_PxB7_7s_736eRTh2koj1jE_w&oe=6484F875&_nc_sid=8721cf
344,2022-10-31 19:50:48+00:00,stephaniebroek,Sidecar,The right pair of sunglasses can elevate any outfit through Autumn. And hide tired mom eyes. Honestly don’t know where I’d be without my beloved @lindbergeyewear sunglasses this season #lindbergxme #lindbergeyewear /ad,"lindbergxme, lindbergeyewear",1373,59,https://scontent-lax3-1.cdninstagram.com/v/t51.2885-15/313279957_1177305989848336_5720672898881646324_n.jpg?stp=dst-jpg_e35_p1080x1080&_nc_ht=scontent-lax3-1.cdninstagram.com&_nc_cat=104&_nc_ohc=1KmWYVmjqXUAX-HX-hv&edm=AP_V10EBAAAA&ccb=7-5&oh=00_AfB7zdD7k9V2L3QoWE2-_PlXHTu6Zqx111z2EGvA96OMLA&oe=6483C38F&_nc_sid=8721cf
345,2022-06-12 13:26:00+00:00,davidgandy_official,Sidecar,Delighted to announce that we’re launching swimwear and summer essentials with the @davidgandywellwear Poolside Collection! Get a first look in @theststyle today for what’s coming this month. Thank you @stylelaura @john.arlidge #designedforwellbeing #davidgandywellwear,"designedforwellbeing, davidgandywellwear",67099,736,https://instagram.fscl19-1.fna.fbcdn.net/v/t51.2885-15/287509748_589406592699965_2217245765630086773_n.webp?stp=dst-jpg_e35_s1080x1080&_nc_ht=instagram.fscl19-1.fna.fbcdn.net&_nc_cat=105&_nc_ohc=T-joD2vwvNYAX8o49Ou&edm=AP_V10EBAAAA&ccb=7-5&oh=00_AfB5P5wbd1vXPyMJrwn6uMyh80EXmm5MlnxoH9GzY1jRJg&oe=64855AEF&_nc_sid=8721cf
346,2021-12-10 18:30:56+00:00,davidgandy_official,Sidecar,Thank you for @vanityfairitalia for featuring @davidgandywellwear in our recently shot editorial by @nickthompsonstudio. Featuring our ultimate hoodie and sweat Gilet (wouldnt recommend wearing it like this during winter😉). Hair: @larrykinghair  stylist: @nicholasgalletti,,27969,299,https://scontent-iad3-2.cdninstagram.com/v/t51.2885-15/265453284_640006043795951_8612915418308266245_n.jpg?stp=dst-jpg_e35&_nc_ht=scontent-iad3-2.cdninstagram.com&_nc_cat=111&_nc_ohc=5-sH6253AIIAX--h2sp&edm=AP_V10EBAAAA&ccb=7-5&oh=00_AfDb73EymyePobC2IVbaIhCfC2yS3bfWbvrnFhZ2C7FVTg&oe=64846A3F&_nc_sid=8721cf
347,2023-04-16 11:34:19+00:00,everyday.holly,Sidecar,"Last weeks Top Sellers!   Comment LINKS for all the links & sizing info to sent to you! ⚠️ You will not see my messages if you are not following me or you have your messages restricted in privacy settings.   For reference: I’m 5’1, 110lbs 1 - 2 piece set - small (bottoms are big on me) 2 - Comfy Romper small 3 - Skort - XS 4- Tank dress XS 5 - Overall romper small  1 -Comment “LINKS” (no other text or emoji’s) for the links & sizing info.   2 - Click the link in my bio , then click “Shop my Reels & TikTok’s” look for the outfit picture and tap the link to shop. 😊 3 - free LTK app - Follow Everyday.holly Direct Link https://liketk.it/474st   #amazonfashion #top5 #casualoutfits #easyoutfits  #athleisure #petitefriendly #summeroutfit  #springstyle  #summerstyle  #comfystyle #momstyle #workoutshorts  #summerdress #skort #summerbasics #summerstyle #vacationoutfit  #amazonfashionfinds #amazonfinds #founditonamazon #founditonamazonfashion #targetstyle #targetfashion #petiteoutfit #petitestyle #over40petitestyle","amazonfashion, top5, casualoutfits, easyoutfits, athleisure, petitefriendly, summeroutfit, springstyle, summerstyle, comfystyle, momstyle, workoutshorts, summerdress, skort, summerbasics, vacationoutfit, amazonfashionfinds, amazonfinds, founditonamazon, founditonamazonfashion, targetstyle, targetfashion, petiteoutfit, petitestyle, over40petitestyle",2131,720,https://scontent-mad1-1.cdninstagram.com/v/t51.2885-15/341338499_752200513120459_5731430596895059201_n.jpg?stp=dst-jpg_e35_p1080x1080&_nc_ht=scontent-mad1-1.cdninstagram.com&_nc_cat=107&_nc_ohc=gij0K3knZBAAX_yrAai&edm=AP_V10EBAAAA&ccb=7-5&oh=00_AfAPzD3nvhc-USqRe4nZ3Y0xhpocfDbmUukaWJUeTG2EDQ&oe=64850E20&_nc_sid=8721cf
348,2021-12-21 16:33:11+00:00,davidgandy_official,Sidecar,Thank you to the @therake and @arnaldoanaya  for this wonderful editorial in December's issue. Featuring so many of our favourite @davidgandywellwear pieces. Styles by the wonderful @gracegilfeather and hair by @whosrobscott #dgwellwear,dgwellwear,42531,450,https://instagram.fosu2-2.fna.fbcdn.net/v/t51.2885-15/269656398_1515321745517972_3682849500613179010_n.jpg?stp=dst-jpg_e35&_nc_ht=instagram.fosu2-2.fna.fbcdn.net&_nc_cat=108&_nc_ohc=tc7-p14NO9YAX_aLLH6&edm=AP_V10EBAAAA&ccb=7-5&oh=00_AfDu6Ivvdf2_viDUfo1xbPaTtDTM2R3jlNwFrVyEX4TQ-Q&oe=648405C9&_nc_sid=8721cf
349,2022-12-25 22:16:36+00:00,rhyancaminske,Sidecar,"When the random last minute gift becomes your favorite gift 💛 pikachu for the win.⚡️ Merry Christmas from our family to yours 🎄 . . Pretty happy with how the playroom turned out, minus the wall stickers that keep falling off 🤬 . . . #christmas2022 #pokemongifts #pokemonfans #kidsplayroom #kidsplayroomdecor #neutralchristmastree #neutralchristmasdecor #burlapchristmastree","christmas2022, pokemongifts, pokemonfans, kidsplayroom, kidsplayroomdecor, neutralchristmastree, neutralchristmasdecor, burlapchristmastree",133,3,https://instagram.ferz3-1.fna.fbcdn.net/v/t51.2885-15/321496476_682476340167179_1424810971624960935_n.jpg?stp=dst-jpg_e35_p1080x1080&_nc_ht=instagram.ferz3-1.fna.fbcdn.net&_nc_cat=111&_nc_ohc=JF1FNycItjYAX9rkl7X&edm=AP_V10EBAAAA&ccb=7-5&oh=00_AfD5rN--bVawBYaMFyE4xXcObrCnrHB9HRIqATxP23HKJw&oe=6483E20E&_nc_sid=8721cf
350,2022-12-31 03:39:39+00:00,rhyancaminske,Sidecar,Finally not sick. What a feeling! So happy I can actually enjoy ringing in the New Year!  We are having a few people over to our house. I’m making pulled pork sandwiches and I already made BOMB cookies.  What are your New Year’s Eve plans??  . . . . Both my sweater and jeans are on sale right now!!!!   #abercrombie #goodamerican #abercrombiestyle #foodamericanjeans #outfitinspo #winteroutfit #cropsweater #casualstyle #everydaystyle #streetstyle #everydayoutfit #momstyle #liketoknowit #liketoknowitstyle #outfitidea #outfitideas #simplestyle #ootd #hairgoals #haircolorinspo #blondehighlights #blondebabylights #haircolorgoals #hairgrowth #blondehaircolor   Follow my shop @rhyancaminske on the @shop.LTK app to shop this post and get my exclusive app-only content!  #liketkit  @shop.ltk https://liketk.it/3Yhgy,"abercrombie, goodamerican, abercrombiestyle, foodamericanjeans, outfitinspo, winteroutfit, cropsweater, casualstyle, everydaystyle, streetstyle, everydayoutfit, momstyle, liketoknowit, liketoknowitstyle, outfitidea, outfitideas, simplestyle, ootd, hairgoals, haircolorinspo, blondehighlights, blondebabylights, haircolorgoals, hairgrowth, blondehaircolor, liketkit",177,17,https://scontent-ord5-1.cdninstagram.com/v/t51.2885-15/323150945_1113843862543151_1004068524125933323_n.jpg?stp=dst-jpg_e35_p1080x1080&_nc_ht=scontent-ord5-1.cdninstagram.com&_nc_cat=111&_nc_ohc=1eVwvDwpuOcAX_FzYVf&edm=AP_V10EBAAAA&ccb=7-5&oh=00_AfAS9xtp4ovcH7wTrb7tMz2W99wkW-AulPbMDn79Mzc2iQ&oe=6484D109&_nc_sid=8721cf
351,2023-03-22 21:38:45+00:00,camilacoelho,Sidecar,bubble gum🍬🍬 #ootd,ootd,135781,802,https://instagram.fruh4-4.fna.fbcdn.net/v/t51.2885-15/337673417_604986841162864_4892615183448464411_n.jpg?stp=dst-jpg_e35_p1080x1080&_nc_ht=instagram.fruh4-4.fna.fbcdn.net&_nc_cat=104&_nc_ohc=YkgyY-m6Rq8AX8FZCmP&edm=AP_V10EBAAAA&ccb=7-5&oh=00_AfDVKV7YQ2uW5JbtS5Bdy70b9IzvhVBWnWbsVlZHOIsPog&oe=6484B33B&_nc_sid=8721cf
352,2022-12-13 00:44:39+00:00,rhyancaminske,Sidecar,Happy Birthday to my Dad!!!  Aka “Grandpa Sprinkler” because they can’t figure out how to say Spangler.  The video at the end is my favorite 😂 Love you Dad!,,204,16,https://instagram.fadb3-1.fna.fbcdn.net/v/t51.2885-15/319309171_154930326929461_2353678669909617727_n.jpg?stp=dst-jpg_e35_p1080x1080&_nc_ht=instagram.fadb3-1.fna.fbcdn.net&_nc_cat=101&_nc_ohc=6EQOhNJdgrUAX_s-UJt&edm=AP_V10EBAAAA&ccb=7-5&oh=00_AfBLS2WbT9tQE8ozELA-TJaTrCqSzuFEhsBzRYtxHECHFA&oe=64841FDD&_nc_sid=8721cf
353,2022-11-22 20:44:38+00:00,rhyancaminske,Sidecar,"Ahhh the cutest tops everrr are on SALE 🖤 @sassyqueenboutique is offering 15% off their whole site, PLUS use code RHYAN10 and get another 10% off!!!   You can DM me for a link, use the link in my story or the link in my bio!!! 🖤 . . . . #casualstyle #everydaystyle #streetstyle #everydayoutfit #momstyle #liketoknowit #liketoknowitstyle #outfitidea #outfitideas #simplestyle #ootd #graphictee #graphictess #bandtee #bandtees #outfitinspo #sassyqueenboutique #blackfridaysale #blackfriday2022 #shopsassyqueenboutique","casualstyle, everydaystyle, streetstyle, everydayoutfit, momstyle, liketoknowit, liketoknowitstyle, outfitidea, outfitideas, simplestyle, ootd, graphictee, graphictess, bandtee, bandtees, outfitinspo, sassyqueenboutique, blackfridaysale, blackfriday2022, shopsassyqueenboutique",124,12,https://scontent-atl3-1.cdninstagram.com/v/t51.2885-15/316482916_1778618155857883_4798907857495026549_n.jpg?stp=dst-jpg_e35_p1080x1080&_nc_ht=scontent-atl3-1.cdninstagram.com&_nc_cat=107&_nc_ohc=DsT62-_c3HAAX8k--sB&edm=AP_V10EBAAAA&ccb=7-5&oh=00_AfBaawuIE86d0BGN3ucid7weEGHQHxRcFud0OzPIE6JhPQ&oe=6484850B&_nc_sid=8721cf
354,2023-03-14 21:49:27+00:00,camilacoelho,Sidecar,Denim fever! @jimmychoo ad • #ootd #denim #lookdodia,"ootd, denim, lookdodia",137771,825,https://instagram.fskg1-1.fna.fbcdn.net/v/t51.2885-15/335618275_738798174595929_2035295180926160680_n.jpg?stp=dst-jpg_e35_p1080x1080&_nc_ht=instagram.fskg1-1.fna.fbcdn.net&_nc_cat=109&_nc_ohc=qE_h8cOIIDMAX8aBY5c&edm=AP_V10EBAAAA&ccb=7-5&oh=00_AfCQnI1zPlsW3HS7jaKebEGZe7-5uWKWZnK4xLELiA5tSA&oe=6484D5E2&_nc_sid=8721cf
355,2023-03-10 16:53:10+00:00,camilacoelho,Sidecar,Home & Jet lagged but heading out for a great cause💗 @thebazaarforgood @stylesaves (huge thanks to my glam babes for making me look awake 😆)  ————- Se volta em casa e a caminho do almoço da @thebazaarforgood que acontece agora em Maio! Aguardem mais detalhes (o bazar será DEMAIS!) #ootd,ootd,164899,722,https://instagram.fhfa1-1.fna.fbcdn.net/v/t51.2885-15/334642063_1199805974004306_5797250427587169296_n.jpg?stp=dst-jpg_e35_p1080x1080&_nc_ht=instagram.fhfa1-1.fna.fbcdn.net&_nc_cat=106&_nc_ohc=GOX_9C2csQMAX_bitmk&edm=AP_V10EBAAAA&ccb=7-5&oh=00_AfCBAPsNZHV0t5SQe5bWsNP24sKycS7u6ag04K8HeNYI7Q&oe=648542BF&_nc_sid=8721cf
356,2023-05-16 08:00:05+00:00,zara,Sidecar,"ZARA ATELIER. Collection 03_The Skirt The Atelier team has created six variations of the skirt, designed with unbridled creativity to unlock a multitude of wearable attitudes. Limited only in number, the fabrication, construction, and embellishments are all of the highest standard. Thank you @maggiejoymaurer Creative director: Fabien Baron @fabienbaron Photographs: Nick Knight @nick_knight Stylist: Ludivine Poiblanc @ludivinepoiblanc Make up: Val Garland @thevalgarland Hair: Sam McKnight @sammcknight1 Set designer: Andy Tomlinson @tomotattle  Artist: Rob Unett @robunett",,11390,87,https://scontent-iad3-1.cdninstagram.com/v/t39.30808-6/347243287_1454455525093820_7858805916250212286_n.jpg?stp=dst-jpg_e35_p1080x1080_sh0.08&_nc_ht=scontent-iad3-1.cdninstagram.com&_nc_cat=108&_nc_ohc=cAjrIh42rU8AX92mr6p&edm=AP_V10EAAAAA&ccb=7-5&oh=00_AfCFCVMH5Zocxyr4qEEgXNBRQA3oAd20WIu5s-Yi0a2FoQ&oe=64845A66&_nc_sid=8721cf
357,2023-05-15 14:00:09+00:00,zara,Sidecar,ZARA ATELIER. Collection 03_The Skirt A Limited edition collection from the house celebrating our commitment to craftsmanship and passion for artistic expression.  Thank you @maggiejoymaurer Creative director: Fabien Baron @fabienbaron Photographs: Nick Knight @nick_knight Stylist: Ludivine Poiblanc @ludivinepoiblanc Make up: Val Garland @thevalgarland Hair: Sam McKnight @sammcknight1 Set designer: Andy Tomlinson @tomotattle  Artist: Rob Unett @robunett,,12095,116,https://scontent-dfw5-2.cdninstagram.com/v/t39.30808-6/347395388_6422216877799900_7017054243219514212_n.jpg?stp=dst-jpg_e35_p1080x1080_sh0.08&_nc_ht=scontent-dfw5-2.cdninstagram.com&_nc_cat=104&_nc_ohc=Ld4PP7_xvJIAX-_fmit&edm=AP_V10EAAAAA&ccb=7-5&oh=00_AfDDgd5gEm36eUj2v69pYeFoDQMTJrfJb5Ixd_IpLvpr_g&oe=6484E1BA&_nc_sid=8721cf
358,2023-05-15 08:06:56+00:00,zara,Sidecar,ZARA ATELIER. Collection 03_The Skirt A Limited edition collection from the house celebrating our commitment to craftsmanship and passion for artistic expression.  Thank you @maggiejoymaurer Creative director: Fabien Baron @fabienbaron Photographs: Nick Knight @nick_knight Stylist: Ludivine Poiblanc @ludivinepoiblanc Make up: Val Garland @thevalgarland Hair: Sam McKnight @sammcknight1 Set designer: Andy Tomlinson @tomotattle Artist: Rob Unett @robunett,,17128,99,https://scontent-iad3-1.cdninstagram.com/v/t39.30808-6/347245754_757338199206422_171831532954803136_n.jpg?stp=dst-jpg_e35_p1080x1080_sh0.08&_nc_ht=scontent-iad3-1.cdninstagram.com&_nc_cat=102&_nc_ohc=yrQuQ9lTUJkAX_E8xJv&edm=AP_V10EAAAAA&ccb=7-5&oh=00_AfBEUhv0TIbj3Hpr8GAv0WhyvGvhpT3veFf4wTD4GJAGog&oe=64837EED&_nc_sid=8721cf
359,2023-05-15 12:00:08+00:00,zara,Sidecar,"ZARA ATELIER. Collection 03_The Skirt One garment, six ways, unlimited possibilities. Thank you @maggiejoymaurer Creative director: Fabien Baron @fabienbaron Photographs: Nick Knight @nick_knight Stylist: Ludivine Poiblanc @ludivinepoiblanc Make up: Val Garland @thevalgarland Hair: Sam McKnight @sammcknight1 Set designer: Andy Tomlinson @tomotattle  Artist: Rob Unett @robunett",,14972,118,https://instagram.fjed4-3.fna.fbcdn.net/v/t39.30808-6/347115280_635499981314921_748584861445610468_n.jpg?stp=dst-jpg_e35_p1080x1080_sh0.08&_nc_ht=instagram.fjed4-3.fna.fbcdn.net&_nc_cat=105&_nc_ohc=i4nN-_nmjmcAX89EjC9&edm=AP_V10EAAAAA&ccb=7-5&oh=00_AfC9t9pId6SUFBE95ybXRHuU1oXFma-KZdjEAzN4qpq55g&oe=6484BBE6&_nc_sid=8721cf
360,2023-05-17 07:27:29+00:00,monikh,Sidecar,Hello 🌞 #MangoSummerClub @mango #mangogirls,"MangoSummerClub, mangogirls",3989,46,https://scontent-yyz1-1.cdninstagram.com/v/t51.2885-15/347296446_2504535026360248_4490175175862885676_n.jpg?stp=dst-jpg_e35_p1080x1080&_nc_ht=scontent-yyz1-1.cdninstagram.com&_nc_cat=104&_nc_ohc=l6p2BtzNU28AX_9PHRi&edm=AP_V10EBAAAA&ccb=7-5&oh=00_AfCj9Z5mp-03ofcI-MpZqepxRwz5i65zopaKgFPItiXAcg&oe=64838049&_nc_sid=8721cf
361,2023-05-17 11:02:55+00:00,monikh,Sidecar,#MangoSummerClub day 1 #mangogirls,"MangoSummerClub, mangogirls",7926,41,https://scontent-dfw5-2.cdninstagram.com/v/t51.2885-15/347335333_162804476739042_4086044831368093823_n.jpg?stp=dst-jpg_e35_p1080x1080&_nc_ht=scontent-dfw5-2.cdninstagram.com&_nc_cat=106&_nc_ohc=jdV82atVjkkAX-6D3b8&edm=AP_V10EBAAAA&ccb=7-5&oh=00_AfDigci0_0j4IoSMdKEkSddbJUZmjhyzTrWlE3BWz-ehKg&oe=6484FE99&_nc_sid=8721cf
362,2023-03-12 17:42:55+00:00,camilacoelho,Sidecar,“KAI in Paris” album 💕 merci @plaza_athenee for making our stay even more special! @dorchestercollection #DCmoments  • Álbum do Kai em Paris💕 Foi muito especial levá-lo comigo pra um dos lugares que mais amo! Sem dúvida a semana de moda mais feliz de todas!  #paris #son #family,"DCmoments, paris, son, family",189846,999,https://instagram.fbgi1-1.fna.fbcdn.net/v/t51.2885-15/335616471_919268065861321_6656158384244166827_n.jpg?stp=dst-jpg_e35_p1080x1080&_nc_ht=instagram.fbgi1-1.fna.fbcdn.net&_nc_cat=101&_nc_ohc=URaGGY1KJJkAX_L85Bg&edm=AP_V10EBAAAA&ccb=7-5&oh=00_AfBnqoswDncXFHqFKJuVswfSO3paSqTITGap6ijONrYFXw&oe=648428E5&_nc_sid=8721cf
363,2023-05-14 12:48:23+00:00,monikh,Sidecar,Very lucky to have these two 🫘,,1907,13,https://instagram.fccs5-1.fna.fbcdn.net/v/t51.2885-15/346901607_701139961697541_5019060436467826907_n.jpg?stp=dst-jpg_e35_p1080x1080&_nc_ht=instagram.fccs5-1.fna.fbcdn.net&_nc_cat=109&_nc_ohc=i_7G-DqguOgAX9lkYua&edm=AP_V10EBAAAA&ccb=7-5&oh=00_AfCbgFbSYuToL5aKRMhSjfL7DqmYHtiUvgqAF2ORt89NHQ&oe=64846585&_nc_sid=8721cf
364,2023-05-16 14:00:05+00:00,zara,Sidecar,"ZARA ATELIER. Collection 03_The Skirt One garment, six ways, unlimited possibilities. Thank you @maggiejoymaurer Creative director: Fabien Baron @fabienbaron Photographs: Nick Knight @nick_knight Stylist: Ludivine Poiblanc @ludivinepoiblanc Make up: Val Garland @thevalgarland Hair: Sam McKnight @sammcknight1 Set designer: Andy Tomlinson #AndyTomlinson Artist: Rob Unett @robunett",AndyTomlinson,10132,86,https://instagram.fakl1-4.fna.fbcdn.net/v/t39.30808-6/347388805_226322686806859_3343253736436985431_n.jpg?stp=dst-jpg_e35_p1080x1080_sh0.08&_nc_ht=instagram.fakl1-4.fna.fbcdn.net&_nc_cat=107&_nc_ohc=SMxNpVpOlXUAX8cvJsj&edm=AP_V10EAAAAA&ccb=7-5&oh=00_AfC53JJYWeNOsO80SIJlAb8q6EhSJlVwtH5QhxUTDeCzxA&oe=64842D29&_nc_sid=8721cf
365,2023-05-14 13:22:00+00:00,monikh,Sidecar,Officially obsessed with @biosculpturegelgb in Betina - a ‘nude’ that works on darker skins 🙌🏾 thank you @paintedbyjools for coming over and being so patient with baby 🍻,,4305,20,https://scontent-maa2-1.cdninstagram.com/v/t51.2885-15/346570546_661900305775602_5132335518697543944_n.jpg?stp=dst-jpg_e35_p1080x1080&_nc_ht=scontent-maa2-1.cdninstagram.com&_nc_cat=106&_nc_ohc=acoeVToWUfwAX_rLtAM&edm=AP_V10EBAAAA&ccb=7-5&oh=00_AfDGPfYQxFlegWetDjRAvEXZfUC_DpXjGHugVLUP8M1CPQ&oe=64849D6A&_nc_sid=8721cf
366,2023-04-03 18:19:04+00:00,matildadjerf,Sidecar,🥰,,267365,361,https://instagram.fotp3-1.fna.fbcdn.net/v/t51.2885-15/339077094_658947392665396_9200033028452056386_n.jpg?stp=dst-jpg_e35_p1080x1080&_nc_ht=instagram.fotp3-1.fna.fbcdn.net&_nc_cat=104&_nc_ohc=1uzAiVlikcsAX_6hr0M&edm=AP_V10EBAAAA&ccb=7-5&oh=00_AfBqeKqUUywjhHlip4EXo625x3w87CsBDZjskW-fvnq9Og&oe=6484046B&_nc_sid=8721cf
367,2023-05-15 19:27:30+00:00,monikh,Sidecar,"My collection with @daphine is now stocked at @harveynichols and @matches…. A huge moment for me in my career 🥹🙏🏾 thank you to everyone who’s purchased, and of course to @daphine for trusting me with these designs which are very close to my heart 🫀",,3783,63,https://scontent-pmo1-1.cdninstagram.com/v/t51.2885-15/347425792_569642575254465_4842955875114024343_n.jpg?stp=dst-jpg_e35_p1080x1080&_nc_ht=scontent-pmo1-1.cdninstagram.com&_nc_cat=109&_nc_ohc=yrntEzehJvEAX-erO0b&edm=AP_V10EBAAAA&ccb=7-5&oh=00_AfDV7zygtNoT0BJemeQngdJujwiDYN8YdYg8mq4ZJQtQHQ&oe=64851BDF&_nc_sid=8721cf
368,2023-05-14 12:13:15+00:00,monikh,Sidecar,"My sisters were making me go to a boozy brunch yesterday, and I tipped my entire wardrobe upside down trying to find something to wear - then I decided to just dress like myself, and I remembered this deconstructed knitted @christopher_esber dress I got when working with @theofficialselfridges on their AW22 evening dresses campaign. I pulled it because it works for so many different occasions, including mojitos at 2pm 🍹",,5435,36,https://scontent-pmo1-1.cdninstagram.com/v/t51.2885-15/346684449_9415178958557022_6944946205162372493_n.jpg?stp=dst-jpg_e35_p1080x1080&_nc_ht=scontent-pmo1-1.cdninstagram.com&_nc_cat=106&_nc_ohc=SMoJfisf-zAAX8qRKaR&edm=AP_V10EBAAAA&ccb=7-5&oh=00_AfAJsxhlCwFItGd4ftfT5j5h9AHXd811UKiddLMXtGcTHA&oe=64839602&_nc_sid=8721cf
369,2023-05-17 14:57:51+00:00,monikh,Sidecar,And then there was lunch 🍮 @mango #SIMONMILLERxMANGO #MANGOSummerClub,"SIMONMILLERxMANGO, MANGOSummerClub",2506,16,https://instagram.ffjr7-1.fna.fbcdn.net/v/t51.2885-15/347226369_1286486545310249_3447923295629000392_n.jpg?stp=dst-jpg_e35_p1080x1080&_nc_ht=instagram.ffjr7-1.fna.fbcdn.net&_nc_cat=105&_nc_ohc=VJo-b1pHKqMAX-RSALH&edm=AP_V10EBAAAA&ccb=7-5&oh=00_AfDVPe3joIuT_jdy5y3sYxxAhy_tsCTpc0QUREYpd2T7Cw&oe=6483918E&_nc_sid=8721cf
370,2023-05-15 10:00:06+00:00,zara,Sidecar,"ZARA ATELIER. Collection 03_The Skirt The Atelier team has created six variations of the skirt, designed with unbridled creativity to unlock a multitude of wearable attitudes. Limited only in number, the fabrication, construction, and embellishments are all of the highest standard. Thank you @maggiejoymaurer Creative director: Fabien Baron @fabienbaron Photographs: Nick Knight @nick_knight Stylist: Ludivine Poiblanc @ludivinepoiblanc Make up: Val Garland @thevalgarland Hair: Sam McKnight @sammcknight1 Set designer: Andy Tomlinson @tomotattle  Artist: Rob Unett @robunett",,12005,88,https://scontent-mia3-1.cdninstagram.com/v/t39.30808-6/347107171_1302425017016041_3416254070097634153_n.jpg?stp=dst-jpg_e35_p1080x1080_sh0.08&_nc_ht=scontent-mia3-1.cdninstagram.com&_nc_cat=101&_nc_ohc=XCnMLG7unCcAX8FSrx4&edm=AP_V10EAAAAA&ccb=7-5&oh=00_AfA-41DApb8R3bFWxy0hjDXH6eXLH5lAuB29VT7_b0cVcg&oe=6485182A&_nc_sid=8721cf
371,2023-05-18 08:55:58+00:00,chiaraferragni,Sidecar,"Ieri sera a Milano c’è stata la premiere di #TheFerragnezLaSerie stagione 2 💕 È stata una sensazione incredibile mostrarvi una preview esclusiva dei nuovi episodi in una location così iconica come l’Arco della Pace 🙏🥰 Grazie ai tantissimi fan che hanno partecipato all’evento e a tutti i miei amici e la mia famiglia che sono venuti a supportare me e @fedez, c’era un’energia pazzesca nell’aria 🥹 Grazie anche a @primevideoit per aver reso tutto questo possibile, la stagione 2 di The Ferragnez è disponibile ora! #adv 🇬🇧 Last night in Milan we had the premiere of #TheFerragnezSeries season 2 💕 It was an incredible feeling to show an exclusive preview of the new episodes at the iconic Arco della Pace in Milan 🙏🥰 Thank you to all the fans who attended the event and to my friends and family who came to support me and @fedez, there was an amazing energy in the air that I can’t describe 🥹 Thank you @primevideoit for making this possible, The Ferragnez season 2 is streaming now! #adv","TheFerragnezLaSerie, adv, TheFerragnezSeries",1129550,2764,https://scontent-den4-1.cdninstagram.com/v/t51.2885-15/347221941_264504839321945_4432656517466860605_n.jpg?stp=dst-jpg_e35_p1080x1080&_nc_ht=scontent-den4-1.cdninstagram.com&_nc_cat=1&_nc_ohc=kZCYKnEFcsoAX-e4Xb6&edm=AP_V10EBAAAA&ccb=7-5&oh=00_AfDJ239moNbZw7vLaaWPcNDf6xDvyFu65muQAckkAbtYKw&oe=6485371D&_nc_sid=8721cf
372,2023-05-19 12:00:47+00:00,chiaraferragni,Sidecar,"Friday in #mycalvins 💖 My underwear, cargo pants and jacket are all from @calvinklein #adv","mycalvins, adv",597770,783,https://scontent-lga3-1.cdninstagram.com/v/t51.2885-15/347286040_794783615377798_7467898945689424248_n.jpg?stp=dst-jpg_e35_p1080x1080&_nc_ht=scontent-lga3-1.cdninstagram.com&_nc_cat=110&_nc_ohc=H6YvfYgyTOEAX80c6EO&edm=AP_V10EBAAAA&ccb=7-5&oh=00_AfB1utbX8OKEV2KUpmRr6EKD1iRB5rNQQw7v12I7U7YHmQ&oe=6483E301&_nc_sid=8721cf
373,2023-05-19 17:32:22+00:00,chiaraferragni,Sidecar,Still not over the premiere 🥹 Thanks guys for loving our second season 💖 #TheFerragnez,TheFerragnez,363316,1298,https://instagram.fwzy1-2.fna.fbcdn.net/v/t51.2885-15/347442695_1295760274626520_5284852596975112236_n.jpg?stp=dst-jpg_e35_p1080x1080&_nc_ht=instagram.fwzy1-2.fna.fbcdn.net&_nc_cat=104&_nc_ohc=m57SSM1yAmkAX-ml64u&edm=AP_V10EBAAAA&ccb=7-5&oh=00_AfAdh1SdIz5MbrNh0FBFxvCqxSVfNh64JsT-wg7d9uDmtQ&oe=6483C950&_nc_sid=8721cf
374,2023-05-18 13:35:26+00:00,chiaraferragni,Sidecar,"Still feeling excited about last night's premiere and so in love with my full @lancomeofficial make up look by @manuelemameli that was all about the eyes 😍 To create an intense smokey eye we used Hypnôse Palette n.18 Nude Sculptural and then for the eyelashes we used Hypnôse Mascara, while for the lips we used the shade n.259 of L'Absolu Rouge Cream Lipstick 💄 I'm obsessed with the result ❤️‍🔥 #adv #Lancome #MakeUp","adv, Lancome, MakeUp",452771,2843,https://scontent-ord5-1.cdninstagram.com/v/t51.2885-15/347631165_165943809506132_5026598496988023950_n.jpg?stp=dst-jpg_e35_p1080x1080&_nc_ht=scontent-ord5-1.cdninstagram.com&_nc_cat=108&_nc_ohc=yx50e5gZyiAAX9dLSHR&edm=AP_V10EBAAAA&ccb=7-5&oh=00_AfCch60KKkpvG9H5tItTd7iRr6gJ3FetiKG2bi4ueX-org&oe=6485756C&_nc_sid=8721cf
375,2023-05-19 13:59:39+00:00,chiaraferragni,Sidecar,Leo’s school photos make me 🥹,,872379,3908,https://instagram.fsdv4-1.fna.fbcdn.net/v/t51.2885-15/347871788_6172922379456052_457361989310527649_n.jpg?stp=dst-jpg_e35_p1080x1080&_nc_ht=instagram.fsdv4-1.fna.fbcdn.net&_nc_cat=104&_nc_ohc=pIhL0GIbkicAX_XfMRp&edm=AP_V10EBAAAA&ccb=7-5&oh=00_AfAsAHJ9JyiLj_6sOIso_kMoubA3nJmqSaj1nQ_gCy84fg&oe=6483C38A&_nc_sid=8721cf
376,2023-05-16 12:48:36+00:00,chiaraferragni,Sidecar,This look 🥹,,257872,2313,https://scontent-iad3-1.cdninstagram.com/v/t51.2885-15/347067555_6118604721569329_2721163553560517395_n.jpg?stp=dst-jpg_e35_p1080x1080&_nc_ht=scontent-iad3-1.cdninstagram.com&_nc_cat=101&_nc_ohc=a59oVyWHFmwAX-OdxO6&edm=AP_V10EBAAAA&ccb=7-5&oh=00_AfDSb-lGT6_nOD9K7kw3XCT9oeoejaskCiE2PKr7g_CfKg&oe=6483916C&_nc_sid=8721cf
377,2023-05-16 07:07:25+00:00,monikh,Sidecar,Keeping those early mornings slow and calm 🌊 @reiss,,4625,38,https://instagram.fasr1-1.fna.fbcdn.net/v/t51.2885-15/347393515_128404153539883_3190818601651682061_n.jpg?stp=dst-jpg_e35_p1080x1080&_nc_ht=instagram.fasr1-1.fna.fbcdn.net&_nc_cat=107&_nc_ohc=cwwzsE_KGtsAX_tQcPB&edm=AP_V10EBAAAA&ccb=7-5&oh=00_AfDbEO1xGnpdYL-7MhhEGh_35P7aR_DM9YhLs6n0GI93Fw&oe=6484B05C&_nc_sid=8721cf
378,2023-03-24 15:58:08+00:00,lojafashioncloset,Sidecar,"🚨 É DE-SE-JO!!!  combine: calça jeans goi com sua peça branca basic que VOCÊ MAIS GOSTAR, VEM!!! #FSHNLOOK🌪",FSHNLOOK🌪,2144,15,https://scontent-atl3-1.cdninstagram.com/v/t51.2885-15/337477956_698090008668442_4244780667353895308_n.jpg?stp=dst-jpg_e35_p1080x1080&_nc_ht=scontent-atl3-1.cdninstagram.com&_nc_cat=110&_nc_ohc=T_liEkt5VBMAX_VJRVa&edm=AP_V10EBAAAA&ccb=7-5&oh=00_AfBNBr3OmI8_GQqX45p3mgB6q6oO20aUJXMG2Tz-2on6cw&oe=64843CE0&_nc_sid=8721cf
379,2023-03-24 01:02:15+00:00,lojafashioncloset,Sidecar,black dress lovers 🖤,,431,8,https://instagram.fprg4-1.fna.fbcdn.net/v/t51.2885-15/337909777_585355843575017_6262597439171658145_n.jpg?stp=dst-jpg_e35_p1080x1080&_nc_ht=instagram.fprg4-1.fna.fbcdn.net&_nc_cat=105&_nc_ohc=bZ51wNtC-8AAX-P3IVo&edm=AP_V10EBAAAA&ccb=7-5&oh=00_AfAMEBxosnQngaxJlgG97fatZaLyk1dAl0HkC2V0lZMc2w&oe=6484A986&_nc_sid=8721cf
380,2023-03-22 18:12:11+00:00,lojafashioncloset,Sidecar,um dia shooting por aqui 🫶🏻,,412,14,https://scontent-ord5-2.cdninstagram.com/v/t51.2885-15/337358948_766280098615735_8448316260229250857_n.jpg?stp=dst-jpg_e35_p1080x1080&_nc_ht=scontent-ord5-2.cdninstagram.com&_nc_cat=107&_nc_ohc=08f-TQJUpcoAX_zrLKG&edm=AP_V10EBAAAA&ccb=7-5&oh=00_AfAlO0pSLL6QHMJtj4Q9B3HNt4ruSXvSw7G0scKJdEvCOw&oe=6483AE42&_nc_sid=8721cf
381,2023-05-14 08:47:22+00:00,chiaraferragni,Sidecar,Happy Mother’s Day to my mum @marinadiguardo who’s been the best mum ever and thanks to her I have hope I can be a good enough mum too for my precious kids 🥹  Big shoutout to all the moms out there:  we all are doing our best and that is amazing 💖 We must be proud 💖,,281854,1022,https://instagram.fyvr3-1.fna.fbcdn.net/v/t51.2885-15/346522133_611058794281841_2624178091775195464_n.jpg?stp=dst-jpg_e35_p1080x1080&_nc_ht=instagram.fyvr3-1.fna.fbcdn.net&_nc_cat=105&_nc_ohc=792vUgTSZzkAX9UAiIp&edm=AP_V10EBAAAA&ccb=7-5&oh=00_AfC6n6A9fQc8x-dHhMmUifyw27WqkaOL3AvhU7W4I7FZWQ&oe=648402DE&_nc_sid=8721cf
382,2023-05-15 15:00:36+00:00,chiaraferragni,Sidecar,Are you guys ready?  -2 days to the premiere in Milan and -3 days for the first 4 episodes live 🥹 #TheFerragnez,TheFerragnez,551132,951,https://scontent-atl3-2.cdninstagram.com/v/t51.2885-15/346666145_284345217264844_3536667708412808878_n.jpg?stp=dst-jpg_e35_p1080x1080&_nc_ht=scontent-atl3-2.cdninstagram.com&_nc_cat=104&_nc_ohc=iCp-Zas2sM8AX_j_ko9&edm=AP_V10EBAAAA&ccb=7-5&oh=00_AfDh94L1GeR-yg-Wpl7pFnS6qMbmt5qp3h7wEaDXBkhXnA&oe=6483CCF7&_nc_sid=8721cf
383,2023-05-13 12:11:12+00:00,chiaraferragni,Sidecar,Back to paradise @villafeltrinelli 🇮🇹 #supplied,supplied,300214,1388,https://instagram.fsmr2-1.fna.fbcdn.net/v/t51.2885-15/346466423_582054847387472_3538682981218204444_n.jpg?stp=dst-jpg_e35_p1080x1080&_nc_ht=instagram.fsmr2-1.fna.fbcdn.net&_nc_cat=108&_nc_ohc=JWz2pMd2f4QAX9IS0PE&edm=AP_V10EBAAAA&ccb=7-5&oh=00_AfAHt0D6aP1h3YeC1KAG62cs9ATfLYAWUDOrtZI7r9VEQw&oe=648545C2&_nc_sid=8721cf
384,2023-05-12 13:32:12+00:00,chiaraferragni,Sidecar,Feeling super fancy in @dior today ✨ And wearing their Lady 95.22 sunglasses to top off my look #adv #DiorEyewear,"adv, DiorEyewear",649366,1761,https://scontent-atl3-2.cdninstagram.com/v/t51.2885-15/346031138_186590680996595_6929810003041506776_n.jpg?stp=dst-jpg_e35_p1080x1080&_nc_ht=scontent-atl3-2.cdninstagram.com&_nc_cat=111&_nc_ohc=AV8iMqgVzV8AX_2RdI3&edm=AP_V10EBAAAA&ccb=7-5&oh=00_AfBK6hhdKnW03ozS_Yy5GFGRuHS9aFVilDUHuYIvhG6yFA&oe=64853EF9&_nc_sid=8721cf
385,2023-04-09 01:05:49+00:00,everyday.holly,Sidecar,"Last weeks Top Sellers! Target for the win!  💥 Last chance‼️ 20% off Target dress & shoes BOGO 50% off  Comment LINKS for all the links & sizing info to sent to you! ⚠️ You will not see my messages if you are not following me or you have your messages restricted in privacy settings.   This is from Saturday to Saturday.  If Sunday was included then yesterday’s Jumpsuit would have been #1 for sure!  For reference: I’m 5’1, 110lbs 1 - Skort - XS 2 - Tank dress XS 3 - 2 piece set - small (bottoms are big on me) 4 - workout shorts w/liner XS 5 - Zip-up hoodie small (TTS, but I sized up for more length)  1 -Comment “LINKS” (no other text or emoji’s) for the links & sizing info.   2 - Click the link in my bio , then click “Shop my Reels & TikTok’s” look for the outfit picture and tap the link to shop. 😊 3 - free LTK app - Follow Everyday.holly    #amazonfashion #top5 #casualoutfits #easyoutfits  #athleisure #petitefriendly #summeroutfit  #springstyle  #summerstyle  #comfystyle #momstyle #workoutshorts  #summerdress #skort #summerbasics #summerstyle #vacationoutfit  #amazonfashionfinds #amazonfinds #founditonamazon #founditonamazonfashion #targetstyle #targetfashion #petiteoutfit #petitestyle #over40petitestyle","1, amazonfashion, top5, casualoutfits, easyoutfits, athleisure, petitefriendly, summeroutfit, springstyle, summerstyle, comfystyle, momstyle, workoutshorts, summerdress, skort, summerbasics, vacationoutfit, amazonfashionfinds, amazonfinds, founditonamazon, founditonamazonfashion, targetstyle, targetfashion, petiteoutfit, petitestyle, over40petitestyle",982,263,https://scontent-ord5-2.cdninstagram.com/v/t51.2885-15/340342053_198681692878108_7585261284235812158_n.jpg?stp=dst-jpg_e35_p1080x1080&_nc_ht=scontent-ord5-2.cdninstagram.com&_nc_cat=104&_nc_ohc=FQXJJE1dEcgAX-cSCyk&edm=AP_V10EBAAAA&ccb=7-5&oh=00_AfCta0sTZ5keN8eYmL6F55Un1ZmCfZe-PtUYfmNQGv5vgw&oe=64842346&_nc_sid=8721cf
386,2023-05-11 14:13:48+00:00,chiaraferragni,Sidecar,Colorful look today 💙 This bright blue jumper I’m wearing is from @falconeriofficial silk and cotton collection #adv #Falconeri,"adv, Falconeri",561506,1198,https://instagram.fsvd1-1.fna.fbcdn.net/v/t51.2885-15/345886161_773029487823370_6573096514394711624_n.jpg?stp=dst-jpg_e35_p1080x1080&_nc_ht=instagram.fsvd1-1.fna.fbcdn.net&_nc_cat=110&_nc_ohc=IfPssy-bpTAAX_3d_LC&edm=AP_V10EBAAAA&ccb=7-5&oh=00_AfAFOWQ7G6xnYllSJFKx3ZTF2GL09sLffXz6d2_oiHlgow&oe=6483A6C5&_nc_sid=8721cf
387,2023-05-11 10:32:49+00:00,chiaraferragni,Sidecar,May 10th 💖,,511298,592,https://scontent-iad3-1.cdninstagram.com/v/t51.2885-15/345666646_156404447197384_5769379121574233719_n.jpg?stp=dst-jpg_e35_p1080x1080&_nc_ht=scontent-iad3-1.cdninstagram.com&_nc_cat=104&_nc_ohc=R5cvPhFFaY4AX8ofCcx&edm=AP_V10EBAAAA&ccb=7-5&oh=00_AfBlMvJkLmHAyS9Kj6wNYDNw7OUpNHAsrPre-QgPmij0rg&oe=6484A45F&_nc_sid=8721cf
388,2023-05-11 17:51:02+00:00,chiaraferragni,Sidecar,🥹,,564079,1742,https://scontent-ord5-2.cdninstagram.com/v/t51.2885-15/346002287_624198896431258_401802570355845912_n.jpg?stp=dst-jpg_e35_p1080x1080&_nc_ht=scontent-ord5-2.cdninstagram.com&_nc_cat=110&_nc_ohc=gVHn3zxkD5gAX8NjxH5&edm=AP_V10EBAAAA&ccb=7-5&oh=00_AfBt8UEco65eNXOS4_1DuwpOI_2EDjfX6nD4nrLIE_fSEQ&oe=64845FFA&_nc_sid=8721cf
389,2023-05-14 12:35:27+00:00,chiaraferragni,Sidecar,Family weekend at the lake 💖,,242482,875,https://scontent-mrs2-1.cdninstagram.com/v/t51.2885-15/346586656_261869346303192_475942898699520161_n.jpg?stp=dst-jpg_e35_p1080x1080&_nc_ht=scontent-mrs2-1.cdninstagram.com&_nc_cat=100&_nc_ohc=lTDvZ5xquSEAX9s9qW8&edm=AP_V10EBAAAA&ccb=7-5&oh=00_AfCjDLsI5GY8nn5ZIyU1AIZgY6avibcUHUbxiw5XmkgLBQ&oe=6484B195&_nc_sid=8721cf
390,2023-05-16 09:27:34+00:00,chiaraferragni,Sidecar,Can't go out without my @chiaraferragnibrand Bossy Eye sunglasses 🖤 Here’s a little slideshow of all the times I wore them lately #adv,adv,502956,514,https://instagram.fcai22-2.fna.fbcdn.net/v/t51.2885-15/346915765_269920658749416_4350255095132216300_n.jpg?stp=dst-jpg_e35_p1080x1080&_nc_ht=instagram.fcai22-2.fna.fbcdn.net&_nc_cat=100&_nc_ohc=WvISFuVnzTUAX-ElDtU&edm=AP_V10EBAAAA&ccb=7-5&oh=00_AfAH3HpGZah7fAmIPCgX5BZav_wMPeg67V9hOXH_o6DMSA&oe=64849E48&_nc_sid=8721cf
391,2023-02-28 21:15:32+00:00,parisfashionweek,Sidecar,"Some streetstyles and backstages looks spotted by @samirnovotny , @iulia_matei , @joleomemeier and @linebrusegan for this second day of Womenswear Paris Fashion Week® Fall/Winter 2023-2024.  #parisfashionweek #pfw","parisfashionweek, pfw",19319,69,https://scontent-lax3-2.cdninstagram.com/v/t51.2885-15/333316557_1580402959132338_4793546991682081344_n.jpg?stp=dst-jpg_e35_p1080x1080&_nc_ht=scontent-lax3-2.cdninstagram.com&_nc_cat=106&_nc_ohc=t9yXPej-xtUAX8L0Yc6&edm=AP_V10EBAAAA&ccb=7-5&oh=00_AfDfLjRUKVOnBeR78nGe-TC7zTfTEVLNYHyEo2CdhMJhpw&oe=6488974A&_nc_sid=8721cf
392,2023-05-20 16:28:44+00:00,parisfashionweek,Sidecar,Our photographer @claireguillon highlights the streetstyle looks revealed during the last Womenswear Fall/Winter 2023-2024 Paris Fashion Week®.  Follow the link in bio to access all the collections!  #parisfashionweek #pfw #claireguillon,"parisfashionweek, pfw, claireguillon",4949,23,https://scontent-atl3-2.cdninstagram.com/v/t51.2885-15/348484968_275636798139590_3294277129230027614_n.jpg?stp=dst-jpg_e35_p1080x1080&_nc_ht=scontent-atl3-2.cdninstagram.com&_nc_cat=102&_nc_ohc=CeJGPQKTJ0wAX9-ksq4&edm=AP_V10EBAAAA&ccb=7-5&oh=00_AfCrDi1J1fG0doFMNo3UJPMBYaeZZsJ0FuRBDH0Qn1sAmA&oe=64877B57&_nc_sid=8721cf
393,2023-06-09 01:44:56+00:00,urbanoutfitters,Sidecar,Does your bff glow? No? Get a new bff then. 😌 @smokonow #uohome,uohome,1180,4,https://instagram.fjed4-5.fna.fbcdn.net/v/t51.2885-15/352580551_208879198753858_1962074319182913771_n.jpg?stp=dst-jpg_e35_p1080x1080&_nc_ht=instagram.fjed4-5.fna.fbcdn.net&_nc_cat=110&_nc_ohc=6fSLPQreOi0AX9khMm9&edm=AP_V10EBAAAA&ccb=7-5&oh=00_AfAn88U4ClQyazFd4hZCI7JAGEYt_rCitJxprp_gPW6c1A&oe=6488F892&_nc_sid=8721cf
394,2023-06-06 19:00:39+00:00,prada,Sidecar,"Created with 83 individual pieces, all hand-finished, its edges smoothed and hand-painted, the Prada Galleria is an icon of Prada’s enduring attention to detail.  Discover more via link in bio.  #PradaGalleria #Prada","PradaGalleria, Prada",11531,58,https://instagram.fblr1-4.fna.fbcdn.net/v/t51.2885-15/351460750_579894647466197_6074891493268555665_n.jpg?stp=dst-jpg_e35_p1080x1080&_nc_ht=instagram.fblr1-4.fna.fbcdn.net&_nc_cat=105&_nc_ohc=Y_AxI9usyaUAX9UkKgD&edm=AP_V10EBAAAA&ccb=7-5&oh=00_AfB_xCM5arX-2phbfp2xCXBXkjsuE4TsIFnQoThG4H8crA&oe=648860BE&_nc_sid=8721cf
395,2023-06-08 20:15:43+00:00,urbanoutfitters,Sidecar,"Another day, another maxi skirt. #uocommunity  📸: @kathrynlucyoutfit @shayanarex @stylesbybrin @poli._.li",uocommunity,2304,19,https://instagram.fsjk2-1.fna.fbcdn.net/v/t51.2885-15/352253761_128908236876536_7177127149290256912_n.jpg?stp=dst-jpg_e35_p1080x1080&_nc_ht=instagram.fsjk2-1.fna.fbcdn.net&_nc_cat=108&_nc_ohc=rCftARXFwmAAX8L5mMx&edm=AP_V10EBAAAA&ccb=7-5&oh=00_AfCyfwOSC8cS2-Ho_OonyUl5ePx9tRsRXsio8iTpEFcfyg&oe=64894098&_nc_sid=8721cf
396,2023-06-08 15:31:38+00:00,urbanoutfitters,Sidecar,"Out with the old, in with the new: we picked these bath mats especially for you. Shop them at the link in bio. #uohome",uohome,10713,18,https://scontent-lhr8-1.cdninstagram.com/v/t51.2885-15/352406209_249912700971483_5722981405411765888_n.jpg?stp=dst-jpg_e35_p1080x1080&_nc_ht=scontent-lhr8-1.cdninstagram.com&_nc_cat=103&_nc_ohc=9rH55qeu9AEAX8eIokk&edm=AP_V10EBAAAA&ccb=7-5&oh=00_AfBb6GWKni3PD9OTZSkRpsotrmTxql7TRPUpfH4aJx4Okg&oe=64885F7C&_nc_sid=8721cf
397,2023-06-08 10:08:18+00:00,milanfashionweek,Sidecar,"Our warmest congratulations to @setchu.official for winning the 'LVMH Prize for Young Designer' at LVMH Prize 2023 award ceremony which took place yesterday.   @setchu.official was awarded this year also with the 2023 Camera Moda Fashion Trust Grant which consisted in a financial and detailed mentoring program. The next appointment with Setchu will be on June 17 2023, during Milan Fashion Week, where the designer @satoshikuwata will showcase his next collection.",,656,10,https://scontent-otp1-1.cdninstagram.com/v/t51.2885-15/352552675_213389451591705_1336434365803017850_n.jpg?stp=dst-jpg_e35_p1080x1080&_nc_ht=scontent-otp1-1.cdninstagram.com&_nc_cat=109&_nc_ohc=iYlt56pYaEkAX8B2rCV&edm=AP_V10EBAAAA&ccb=7-5&oh=00_AfBE17NFsrYBTzU9o6Q1bHzxDJyY5F7AoHGqVEXijEXzLQ&oe=6487F357&_nc_sid=8721cf
398,2023-06-08 09:38:34+00:00,milanfashionweek,Sidecar,"We extend our congratulations to CNMI Member Magliano ( @magliano.insta ) for winning the 'Karl Lagerfeld Prize' at the LVMH Prize 2023 ceremony, which took place yesterday.  @magliano.insta joined CNMI as member in May 2023, his remarkable journey has seen him debut in the Milan Fashion Week calendar back in January 2019. Since then, with the support of CNMI, Luca Magliano showcased his exceptional talent in Milan Fashion Week calendar season after season and his line has been prominently featured in various Milan Fashion Week Campaigns.   Additionally participating in the captivating ""Borders, a flash of new Italian fashion"" event in New York in May 2019. The next appointment with Magliano is for Sunday 18 June 2023 duringn #MFW for his next show for the Men’s S\S 24. #CNMIMembers  In the pictures: 1. Luca Magliano at ""Borders, a flash of new Italian fashion"" event in New York in May 2019. 2. Magliano latest show during Milan Fashion Week for the Fall/Winter 23-24 3. Magliano featured in 2020 Milan Fashion Week Men’s Collection Campaign 4. Luca Magliano portrait","MFW, CNMIMembers",827,11,https://scontent-dfw5-2.cdninstagram.com/v/t51.2885-15/352183394_650238793797200_8131369578495187898_n.jpg?stp=dst-jpg_e35_p1080x1080&_nc_ht=scontent-dfw5-2.cdninstagram.com&_nc_cat=108&_nc_ohc=2a99198b1QsAX-SaZob&edm=AP_V10EBAAAA&ccb=7-5&oh=00_AfA9atlA-mC9mq1TOjddlubWOgR7yvtU8We3kZ83AJZRGA&oe=64887F56&_nc_sid=8721cf
399,2023-06-07 14:00:59+00:00,urbanoutfitters,Sidecar,The official “it's too hot to wear anything” look. Link in bio to shop new summer slip dresses.,,2052,17,https://instagram.fosu2-2.fna.fbcdn.net/v/t51.2885-15/351761188_707824504480249_3980996203598818908_n.jpg?stp=dst-jpg_e35_p1080x1080&_nc_ht=instagram.fosu2-2.fna.fbcdn.net&_nc_cat=101&_nc_ohc=xZFTYASwp_MAX-zfwHB&edm=AP_V10EBAAAA&ccb=7-5&oh=00_AfCGIUj-jdZA_PN1xN0tpiQouRgZyM9X_9T8oJABtF6mpQ&oe=64891214&_nc_sid=8721cf
400,2023-06-06 18:02:38+00:00,urbanoutfitters,Sidecar,"Two weeks until it’s officially summer! 🌞 In the meantime, these fresh new prints from @Baggu will get you in the right mindset. Link in bio.",,1399,9,https://scontent-lcy1-1.cdninstagram.com/v/t51.2885-15/352202570_1002792060717172_1042521908323331044_n.jpg?stp=dst-jpg_e35_p1080x1080&_nc_ht=scontent-lcy1-1.cdninstagram.com&_nc_cat=104&_nc_ohc=BLL1-EbIKrcAX_JrBYP&edm=AP_V10EBAAAA&ccb=7-5&oh=00_AfDu65MrxrdwP_DVTCNTUYAO5MyjwIqBO16mSBGDt96x8A&oe=6488D657&_nc_sid=8721cf
401,2023-05-06 03:58:55+00:00,taylorswift,Sidecar,"It fills me with such pride and joy to announce that my version of Speak Now will be out July 7 (just in time for July 9th, iykyk 😆) I first made Speak Now, completely self-written, between the ages of 18 and 20. The songs that came from this time in my life were marked by their brutal honesty, unfiltered diaristic confessions and wild wistfulness. I love this album because it tells a tale of growing up, flailing, flying and crashing … and living to speak about it. With six extra songs I’ve sprung loose from the vault, I absolutely cannot wait to celebrate Speak Now (Taylor’s Version) with you on July 7th. Pre-order now at TaylorSwift.com 💜💜💜  📷: @bethgarrabrant",,10442955,0,https://instagram.fakx4-1.fna.fbcdn.net/v/t51.2885-15/344808168_963405111354557_8812638585137819279_n.jpg?stp=dst-jpg_e35_s1080x1080&_nc_ht=instagram.fakx4-1.fna.fbcdn.net&_nc_cat=1&_nc_ohc=JAQpKbHTs3gAX-a7KbI&edm=AP_V10EBAAAA&ccb=7-5&oh=00_AfBokd_gLN5Td7IQWka_cJQr4kt5_r1-VTjcQkovdDqZfg&oe=64887690&_nc_sid=8721cf
402,2023-06-05 15:41:17+00:00,urbanoutfitters,Sidecar,"Right now is the perfect time to plan your great escape: new swim is online (and select styles are 30% off, too) at the link in bio. 💦",,2078,8,https://scontent-atl3-1.cdninstagram.com/v/t51.2885-15/351184819_1007190660445210_6974554934525440376_n.jpg?stp=dst-jpg_e35_p1080x1080&_nc_ht=scontent-atl3-1.cdninstagram.com&_nc_cat=110&_nc_ohc=XqmZ-UBgEZoAX_oy11A&edm=AP_V10EBAAAA&ccb=7-5&oh=00_AfD4C1ZeNTCH4JIqHnyzWV6iCjervxgyuHs12GVobJuuwg&oe=64885829&_nc_sid=8721cf
403,2023-06-08 14:18:47+00:00,spfw,Sidecar,"Vamos conhecer melhor nosso recordista de desfiles @_lucasevangelista que integra o time da agência Another.   Nascido em Salvador, na Bahia, iniciou a carreira após ser visto por um olheiro nas redes sociais, em 2014. Desde então, o jovem de 28 anos coleciona passagens por mercados como Itália, China e Turquia, campanhas de moda e beleza, desfiles em outras edições do SPFW e na Casa de Criadores, além de editoriais em publicações como GQ.  Antes do sucesso na moda, Lucas chegou a trabalhar como professor de inglês, foi militar do exército brasileiro e assistente administrativo em uma empresa de imóveis, além de ter iniciado a faculdade de Direito.  ""Recebo mensagens de pessoas que dizem se inspirar em mim, na maioria das vezes vindas de pessoas negras, assim como eu. Fico muito feliz em saber que inspiro pessoas, isso só me faz querer melhorar cada dia mais. Não estou conquistando apenas o meu espaço, mas sim de muitas pessoas que se sentem representadas"", diz.   Voa, Lucas! ♥️  📸 @agfotosite   #spfw #spfwn55 #modelomasculino #modelo","spfw, spfwn55, modelomasculino, modelo",1750,70,https://scontent-atl3-1.cdninstagram.com/v/t51.2885-15/352222948_1876611102732201_7536331388606361753_n.jpg?stp=dst-jpg_e35_p1080x1080&_nc_ht=scontent-atl3-1.cdninstagram.com&_nc_cat=109&_nc_ohc=ompbzZ8thIgAX8ppdWP&edm=AP_V10EBAAAA&ccb=7-5&oh=00_AfCZZZnOdqrleMu_UL1f3S5_HPDPID8U0Njd_488KxGbyw&oe=64891D83&_nc_sid=8721cf
404,2023-05-29 22:40:55+00:00,taylorswift,Sidecar,"Yeahhhh so the last three nights were a dreamscape and totally overwhelming. I love every single one of you who came to those 3 shows in Jersey, all 217,625 of you.😆 @phoebebridgers, I’ll miss you out here my dude, thanks for the duets and the dressing room heart to hearts 💕. I was so excited to welcome @owennmusic to the Eras Tour! And @icespice i love youuuu and I’m still buzzing from getting to sing with you all three nights! This tour has become my entire personality. See you soon Chicago!   📷: @mattswen",,5249532,0,https://scontent-ord5-1.cdninstagram.com/v/t51.2885-15/350271797_1249512769259454_2466892796986688102_n.jpg?stp=dst-jpg_e35_s1080x1080&_nc_ht=scontent-ord5-1.cdninstagram.com&_nc_cat=1&_nc_ohc=MqOdikA9ZxsAX-rokij&edm=AP_V10EBAAAA&ccb=7-5&oh=00_AfD27IIdUqtsO8PbtdE96Py1CZRfR05DqvJOlFjIEuWiSg&oe=64880EAC&_nc_sid=8721cf
405,2023-05-04 18:58:27+00:00,zendaya,Sidecar,"Just a post in appreciation for the past couple of weeks, so grateful and excited for the year ahead💫",,7695019,9903,https://scontent-prg1-1.cdninstagram.com/v/t51.2885-15/344774719_1413750382499479_3117239756317964995_n.jpg?stp=dst-jpg_e35_p1080x1080&_nc_ht=scontent-prg1-1.cdninstagram.com&_nc_cat=1&_nc_ohc=48-gj1f6NgMAX9Rh1AL&edm=AP_V10EBAAAA&ccb=7-5&oh=00_AfAuZMAP1cmHwX2dJiC3kd-Nu4FF9i_QcsLUwkaU1tiRtw&oe=6487D6D8&_nc_sid=8721cf
406,2023-05-27 17:17:17+00:00,taylorswift,Sidecar,Last night in Jersey was 🤯💕🌙🪐🙏✨💥 !!! The way the whole stadium screamed when Ice literally popped up unannounced 😆- Getting to world premiere the Karma music video I directed with my dancers who were in it - Playing Getaway Car with Jack and hearing everyone shout the lyrics - I love you @icespice I love you @jackantonoff I love you all in that crazy crowd last night - can’t wait to get back out there tonight ☺️  📷: @kevinmazur / @gettyimages / @mattswen,,5444259,0,https://instagram.fura1-1.fna.fbcdn.net/v/t51.2885-15/349355367_935308457676079_8396518249269579386_n.jpg?stp=dst-jpg_e35_s1080x1080&_nc_ht=instagram.fura1-1.fna.fbcdn.net&_nc_cat=1&_nc_ohc=a_Dfur6Vff0AX9lm5i1&edm=AP_V10EBAAAA&ccb=7-5&oh=00_AfBzoD6D_JpR3N2IwmV3wv599jqrPgyFOi5k6S-ya6JO0w&oe=6488B275&_nc_sid=8721cf
407,2023-05-27 04:07:16+00:00,taylorswift,Sidecar,Karma is that girl like 💕,,5692622,0,https://instagram.fmty4-1.fna.fbcdn.net/v/t51.2885-15/349037378_779295170390382_7713859354647007107_n.jpg?stp=dst-jpg_e35_s1080x1080&_nc_ht=instagram.fmty4-1.fna.fbcdn.net&_nc_cat=1&_nc_ohc=PhUnuOQSJa8AX_0ACea&edm=AP_V10EBAAAA&ccb=7-5&oh=00_AfDShS2JEySuu4lXYGlT3gNjXuYPQP47zh9tcFSxcMg6mA&oe=64895B2F&_nc_sid=8721cf
408,2023-04-03 19:32:56+00:00,zendaya,Sidecar,"I had the most extraordinary night celebrating @nmacc.india Thank you Mumbai for the warmest and kindest welcome. And to @rahulmishra_7 for your beautiful creations, it was an honor for @luxurylaw and I to wear your work yet again♥️",,8662294,22296,https://instagram.fgdl9-1.fna.fbcdn.net/v/t51.2885-15/339299243_188339657318151_3109030445683684265_n.jpg?stp=dst-jpg_e35_p1080x1080&_nc_ht=instagram.fgdl9-1.fna.fbcdn.net&_nc_cat=1&_nc_ohc=298kg6DO-LgAX-OrCe9&edm=AP_V10EBAAAA&ccb=7-5&oh=00_AfDb5AZbJi_5PtiIfCQZ2ceHRfhqhWkPUlOQH8-IcC9GfA&oe=6488F1FD&_nc_sid=8721cf
409,2023-06-02 13:02:35+00:00,spfw,Sidecar,Esse camarim tava divertido 🤗 Uma espiada no backstage da @martins__________   📸 @agfotosite   #spfw #spmdet #prefsp #ÉdaSuaVida #iguatemiSPFW #soudealgodao #moda #criatividade #empreendedorismo #modaearte #spfworigens #sousenacmoda #senacmoda #komplexotempo #diversidade #sustentabilidade #Localiza #LocalizaEmMovimento #PráVocêChegarLá #YPEnoSPFW #AndJustLikeThat #NasEscadasdaCarrie,"spfw, spmdet, prefsp, ÉdaSuaVida, iguatemiSPFW, soudealgodao, moda, criatividade, empreendedorismo, modaearte, spfworigens, sousenacmoda, senacmoda, komplexotempo, diversidade, sustentabilidade, Localiza, LocalizaEmMovimento, PráVocêChegarLá, YPEnoSPFW, AndJustLikeThat, NasEscadasdaCarrie",1470,18,https://instagram.fbau3-2.fna.fbcdn.net/v/t51.2885-15/350661183_628416312552646_6458184214505698304_n.jpg?stp=dst-jpg_e35_p1080x1080&_nc_ht=instagram.fbau3-2.fna.fbcdn.net&_nc_cat=110&_nc_ohc=Wv23uWlY9-AAX8Tzr7L&edm=AP_V10EBAAAA&ccb=7-5&oh=00_AfACdp9O6DGXDp6P3kzWAO22FgcEXKvKAC1PgWL3Z_GNXw&oe=648847D9&_nc_sid=8721cf
410,2023-06-09 02:20:26+00:00,whowhatwear,Sidecar,Face card has truly never declined. 🌟 #WWWTB photos: getty images,WWWTB,3427,28,https://scontent-ord5-1.cdninstagram.com/v/t51.2885-15/351874721_287965700254813_1163117778218384950_n.jpg?stp=dst-jpg_e35_p1080x1080&_nc_ht=scontent-ord5-1.cdninstagram.com&_nc_cat=1&_nc_ohc=VN1H9kICbZIAX8FvDA-&edm=AP_V10EBAAAA&ccb=7-5&oh=00_AfDiUzzGispr3v25LClrNPLTmld4Vlk_jtM5gNmvqUUJBQ&oe=6487FB9F&_nc_sid=8721cf
411,2023-06-08 23:55:39+00:00,whowhatwear,Sidecar,"Liza Koshy has entered a new era: “global movie star."" The multi-hyphenate voices Arcee—the first-ever live-action female transformer—in the latest installment of the hit action franchise out in theaters this month. ""There is something for all fans, both existing and new. I was most excited to hear that the superhero superbabe that is Arcee was featured heavily in this installment,"" she says of the film. Ahead of the #Transformers premiere, we discussed her statement-making red carpet look, her love of thrifting, and the films she's tackling next. Read the full interview at the link in our bio.  photos: @lizakoshy  stylist: @_jzg  hair: @castillo_13  makeup: @domdella",Transformers,1098,12,https://scontent-ord5-2.cdninstagram.com/v/t51.2885-15/352235475_1710450066059520_6245622744949199775_n.jpg?stp=dst-jpg_e35_p1080x1080&_nc_ht=scontent-ord5-2.cdninstagram.com&_nc_cat=100&_nc_ohc=-kB5pNxcRYUAX-6Wnhk&edm=AP_V10EBAAAA&ccb=7-5&oh=00_AfDW8Cm9mjSLwXUzXlJCYux6NESCgeCLUqZpILlx7PGeBw&oe=6488E86A&_nc_sid=8721cf
412,2023-03-07 01:46:09+00:00,zendaya,Sidecar,Look who came with me to Paris…,,7231417,22119,https://scontent-fra5-2.cdninstagram.com/v/t51.2885-15/334558573_761145215224817_8901775637873215057_n.jpg?stp=dst-jpg_e35_p1080x1080&_nc_ht=scontent-fra5-2.cdninstagram.com&_nc_cat=1&_nc_ohc=kLJ9NKjwCyoAX82OvGP&edm=AP_V10EBAAAA&ccb=7-5&oh=00_AfAHXCnjg8Ro7Uc1F0DPbrCKYP1oQuHOLvrvtAlJNzH0wQ&oe=64881AFE&_nc_sid=8721cf
413,2023-05-24 16:58:56+00:00,taylorswift,Sidecar,"Um. SO much to tell you. I’m a massive fan of this brilliant artist and after getting to know her I can confirm: she is THE ONE to watch. So delighted to say that Karma Featuring the incredible @icespice will be out TOMORROW night at MIDNIGHT ET as a part of the new Midnights (Til Dawn Edition) deluxe album that you can pre-order now at store.taylorswift.com!  In addition to Karma Ft Ice Spice… You asked for it, we listened: Lana and I went back into the studio specifically to record more Lana on Snow on the Beach. Love u @honeymoon 🥰😆☺️  But wait there’s more… for those of you going to the East Rutherford shows - we will have a new special edition CD available ONLY on site starting at 12:30pm ET on Friday! This CD will have a never before heard Midnights vault track called “You’re Losing Me”!",,6862603,0,https://instagram.famd6-1.fna.fbcdn.net/v/t51.2885-15/349031299_255707877011303_7543182814340394632_n.jpg?stp=dst-jpg_e35_s1080x1080&_nc_ht=instagram.famd6-1.fna.fbcdn.net&_nc_cat=1&_nc_ohc=dbDCeD-6eSwAX_WfYrl&edm=AP_V10EBAAAA&ccb=7-5&oh=00_AfAO8Gu_ezFUFVu1FV5wNq-eAI4LrbVn7HRq1FAQ0NuUMA&oe=64895F61&_nc_sid=8721cf
414,2023-05-16 15:31:23+00:00,taylorswift,Sidecar,"Philly was a dream, honestly. Playing three nights in the stadium I used to see on tv when my dad watched Eagles games every Sunday. The most magical 3 hometown shows a girl could hope for. Plus I got to emotionally hobble my way through singing The Best Day for my mom on Mother’s Day 😭😭🥰🥰🥰 I love you all so much and am counting down the hours til Foxborough!!  📷: @lisalakephotodesign / @gettyimages",,6376238,0,https://instagram.fadb3-2.fna.fbcdn.net/v/t51.2885-15/347149172_714043510408136_2136959480459999765_n.jpg?stp=dst-jpg_e35_p1080x1080&_nc_ht=instagram.fadb3-2.fna.fbcdn.net&_nc_cat=1&_nc_ohc=a-m4I4UPZroAX_w-Hcw&edm=AP_V10EBAAAA&ccb=7-5&oh=00_AfApv-Y8OT02J7v9WHW1VZ83Jgt-g3J6MPKbYvmXqoNxPA&oe=648853E6&_nc_sid=8721cf
415,2023-05-21 21:13:17+00:00,taylorswift,Sidecar,"Last night we all danced together in the rain for THE ENTIRE 3.5 HOUR SHOW in foxy Foxborough MA!! We’ve had rain shows at Gillette Stadium before but this was a full on deluge that never let up, I just want to thank that iconic crowd!! Love you so much you have no idea 💕🥰🥲",,7329144,0,https://scontent-atl3-2.cdninstagram.com/v/t51.2885-15/348291592_206175025631753_8049288021744524343_n.jpg?stp=dst-jpg_e35_s1080x1080&_nc_ht=scontent-atl3-2.cdninstagram.com&_nc_cat=1&_nc_ohc=JKTnP5EXbK8AX9IhfX4&edm=AP_V10EBAAAA&ccb=7-5&oh=00_AfAguep231ZO_lEpFSvde2HqesBqTsuVuY_5FAx5nUoroQ&oe=64884E38&_nc_sid=8721cf
416,2023-05-31 23:06:39+00:00,spfw,Sidecar,"Todas as edições, o SPFW revela o ranking com as modelos e os modelos que mais desfilaram no evento.   Nosso sistema contabiliza as informações do evento e bookings de modelos por desfile, abrangendo desfiles presenciais e fashion films.   Com vocês, os recordistas da edição N55 que ficaram em primeiro, segundo e terceiro lugar em número de desfiles. ♥️  11 desfiles Lucas Evangelista (Another Agency)  8 desfiles Guilherme Blanco (Way)  7 desfiles  Akin (Mega) Fernando Schnerocke (Way)  Kalu (Another Agency)  #modelo #spfwn55 #desfile #passarela","modelo, spfwn55, desfile, passarela",3731,93,https://scontent-atl3-2.cdninstagram.com/v/t51.2885-15/350442765_1168275440508827_9029484445468061649_n.jpg?stp=dst-jpg_e35_p1080x1080&_nc_ht=scontent-atl3-2.cdninstagram.com&_nc_cat=111&_nc_ohc=8bGE8EYaRAQAX9L2prk&edm=AP_V10EBAAAA&ccb=7-5&oh=00_AfAaJzVbizJ_CJRQLHZ4wheWdFKcjgiIJKoc8LNbcPIKCQ&oe=648930D4&_nc_sid=8721cf
417,2023-06-07 19:28:40+00:00,whowhatwear,Sidecar,"It’s worth noting that #TheLittleMermaid marks @hallebailey’s first solo career move. Up to this point, she has done everything professionally alongside her sister, @chloebailey. “My sister is my angel, I truly feel. … I don’t think I would have been doing any of this without her. The whole sole reason I wanted to sing is because I saw my sister singing. … Next thing you know, we’re singing together, then we’re doing shows together,” Halle says of Chloe, who makes up the other half of their Grammy-nominated R&B duo, @chloexhalle. Read more in the full interview at the link in our bio.  photographer: @alexgharper stylist: @laurenegg hair: @sparkyourhair at Basic White Shirt using Sparkle Hair Imports makeup: @beautybychrisc nails: @nails_by_yoko creative director: @awiley_creative video director: @kelliefilmedthat editor: @missusatomba cinematographer: @amusementproductions.la sound mixer: @jasonflaster senior video producer: @stephrmro video editor: @collinhughart entertainment director: @jbake21",TheLittleMermaid,3424,37,https://scontent-lga3-2.cdninstagram.com/v/t51.2885-15/352070779_6205961782825821_2307603363809805625_n.jpg?stp=dst-jpg_e35_p1080x1080&_nc_ht=scontent-lga3-2.cdninstagram.com&_nc_cat=109&_nc_ohc=Ow4IqCnkhXsAX9kb7KL&edm=AP_V10EBAAAA&ccb=7-5&oh=00_AfBp1Ev6B3irXlaYuOVfmZgxQeFHoiaJMJcVD7OqAvm0dg&oe=6488438C&_nc_sid=8721cf
418,2023-05-09 14:43:20+00:00,taylorswift,Sidecar,"WELL. We had our first rain show of The Eras Tour. And it was SO MUCH FUN. The dancers, band, crowd and I all pretty much turned into little kids joyfully jumping in puddles all night. I wanted to thank the crowd again for waiting for the weather to clear. And my amazing crew for keeping the stage, lighting and equipment all dry and working so we could play. That was a late, great night I won’t forget. 🥹  📷: @johnshearer / @gettyimages",,5542877,0,https://instagram.flwo2-1.fna.fbcdn.net/v/t51.2885-15/345297683_258134723328939_2522243270287126446_n.jpg?stp=dst-jpg_e35_s1080x1080&_nc_ht=instagram.flwo2-1.fna.fbcdn.net&_nc_cat=1&_nc_ohc=UO8ETt9UafMAX9j54D3&edm=AP_V10EBAAAA&ccb=7-5&oh=00_AfDHSbl0-Gfn3RJ9kP4o9Q3K8W42y3Q2TPcnQovI143dgg&oe=6488DCDE&_nc_sid=8721cf
419,2023-06-01 13:58:59+00:00,soudealgodao,Sidecar,"Foi aqui que pediram uma curadoria de looks em algodão direto do @spfw N55? Surpreendendo um total de zero pessoas, nossa fibra arrasou mais uma vez pelas mãos dos talentosos estilistas parceiros do line-up.   Não tem jeito, né gente? Quando a criatividade brasileira e a fibra nacional se unem, o resultado é sempre incrível. 💙  #soudealgodao #spfwn55 #spfw #modabrasileira","soudealgodao, spfwn55, spfw, modabrasileira",7486,84,https://instagram.fcit1-1.fna.fbcdn.net/v/t51.2885-15/350610333_262638372968271_3142645888731919972_n.webp?stp=dst-jpg_e35&_nc_ht=instagram.fcit1-1.fna.fbcdn.net&_nc_cat=103&_nc_ohc=rTDS3jaxQ58AX-3QWAt&edm=AP_V10EBAAAA&ccb=7-5&oh=00_AfDMFKUiblyj7gxqIwfxJqvhzTvY3n42uNhl5pqah3r9XA&oe=648838F9&_nc_sid=8721cf
420,2023-05-31 22:49:22+00:00,spfw,Sidecar,"Todas as edições, o SPFW revela o ranking com as modelos e os modelos que mais desfilaram no evento.   Nosso sistema contabiliza as informações do evento e bookings de modelos por desfile, abrangendo desfiles presenciais e fashion films.   Com vocês, as recordistas da edição N55 no primeir, segundo e terceiro lugar 😍 (e já já divulgamos o ranking masculino).  13 desfiles  Selena (Another Agency)  9 desfiles  Ôda Cairu (Joy)  8 desfiles  Carmelita Mendes (Another Agency)  Desil Guiveline (Allure)  #modelos #spfwn55 #desfile #passarela","modelos, spfwn55, desfile, passarela",1760,86,https://instagram.fbhd1-1.fna.fbcdn.net/v/t51.2885-15/350615793_1040636203975612_613539020143442562_n.jpg?stp=dst-jpg_e35_p1080x1080&_nc_ht=instagram.fbhd1-1.fna.fbcdn.net&_nc_cat=104&_nc_ohc=q1c_vnHpBKsAX-OGoDT&edm=AP_V10EBAAAA&ccb=7-5&oh=00_AfDKB7BmPUZ7Tqq_G-vRwiL4AvGxuVLqDRplImDib8WIQg&oe=6488DCB2&_nc_sid=8721cf
421,2023-06-06 01:22:14+00:00,whowhatwear,Sidecar,"Summer jewelry is unparalleled. This season, the trends dominating are particularly good: chunky bangles, punchy pendants, and sea-inspired details to name a few. If you're in full summer outfit planning mode, tap our link for the five best summer 2023 jewelry trends that will elevate any look. photos: @amaka.hamelijnck, @emnitta, @cassdimicco",,2422,21,https://scontent-atl3-1.cdninstagram.com/v/t51.2885-15/351769974_1286885422033962_1352160842631804777_n.jpg?stp=dst-jpg_e35_p1080x1080&_nc_ht=scontent-atl3-1.cdninstagram.com&_nc_cat=106&_nc_ohc=yuXBG34zP48AX_oSaWG&edm=AP_V10EBAAAA&ccb=7-5&oh=00_AfDSc59nKCiN2NPnB4EfAnOpV7TSgVo3uWg6uIXVZMEuFQ&oe=6487D7E6&_nc_sid=8721cf
422,2023-06-04 21:01:03+00:00,wheresmydriver,Sidecar,I’m making the leap from shooting red carpet to directing rom coms. #AshleeSimpsonRoss & #EvanRoss; #AaronPhypers & #DeniseRichards.  At the #RacetoEraseMS Gala in Los Angeles this weekend. Click through for their full looks.,"AshleeSimpsonRoss, EvanRoss;, AaronPhypers, DeniseRichards., RacetoEraseMS",34,0,https://instagram.flba3-1.fna.fbcdn.net/v/t51.2885-15/351745491_208720362045816_1111739649748932907_n.jpg?stp=dst-jpg_e35_s1080x1080&_nc_ht=instagram.flba3-1.fna.fbcdn.net&_nc_cat=100&_nc_ohc=IiXPY581eJ0AX-wzhjx&edm=AP_V10EBAAAA&ccb=7-5&oh=00_AfAHNGavr_HZsQla1pueVQEZLAG4Vud7dua6VjzJJL4xQQ&oe=6487E32B&_nc_sid=8721cf
423,2023-05-23 05:01:20+00:00,wheresmydriver,Sidecar,"Yes, it looks like a movie but it was a real photographer taking a tumble yesterday on the Croisette in Cannes. He was OK! Swipe through to see supermodel #AlessandraAmbrosio in a calmer moment. #streetstyle #cannesfilmfestival","AlessandraAmbrosio, streetstyle, cannesfilmfestival",73,1,https://instagram.fscl8-1.fna.fbcdn.net/v/t51.2885-15/348468767_806346890913991_1774228664751789814_n.jpg?stp=dst-jpg_e35_p1080x1080&_nc_ht=instagram.fscl8-1.fna.fbcdn.net&_nc_cat=107&_nc_ohc=c99KlQCVO2cAX8V0tdS&edm=AP_V10EBAAAA&ccb=7-5&oh=00_AfCJ47ze34jTlEVpfM8LNwiXYCA5-yRpOBcKQCsu83_9lg&oe=6487F1EE&_nc_sid=8721cf
424,2023-05-08 00:53:25+00:00,taylorswift,Sidecar,"Even though we have one last show in Nashville tonight I just have to post these photos causeeeee… it’s been WILD. I got to announce Speak Now (my version) is coming on 7/7, got to perform ‘Nothing New’ with boss genius/baby angel face @phoebebridgers for the first time, and have been so moved by these beautiful, generous Nashville crowds!!!! I just can’t believe it. PS I know there’s talk of a rainy weather vibe tonight but I’m ready to play, see you sooon!! 😘😘😘💜💜💜   📷: @johnshearer / @gettyimages",,5963203,0,https://instagram.fkul15-1.fna.fbcdn.net/v/t51.2885-15/345423208_547215074030139_760633307657097761_n.jpg?stp=dst-jpg_e35&_nc_ht=instagram.fkul15-1.fna.fbcdn.net&_nc_cat=1&_nc_ohc=SWnYsuBKCusAX9XlPGt&edm=AP_V10EBAAAA&ccb=7-5&oh=00_AfAG3aYKZbTsRzmubmhwTPIb1SaFgdd8FS-DHi8TRy5otw&oe=6488B127&_nc_sid=8721cf
425,2023-06-06 12:00:18+00:00,versace,Sidecar,"The Versace Foundation together with Donatella Versace and Allegra Versace Beck announce today that they are collectively supporting the Elton John AIDS Foundation’s Rocket Fund, making a five-year commitment to this new fundraising campaign in support of LGBTQIA+ communities.  For more information on The Rocket Fund, visit @ejaf or www.therocketfund.org and for further details on Capri Holdings’ commitment to diversity and inclusion, visit “Diversity & Inclusion” at www.capriholdings.com.  #VersaceFoundation",VersaceFoundation,23012,310,https://instagram.fhex5-1.fna.fbcdn.net/v/t39.30808-6/351471724_1613268302506004_4581524981957835682_n.png?stp=dst-jpg_e35_p1080x1080_sh0.08&_nc_ht=instagram.fhex5-1.fna.fbcdn.net&_nc_cat=108&_nc_ohc=oQPkToYzGSoAX8PK5HE&edm=AP_V10EAAAAA&ccb=7-5&oh=00_AfC0TEsDVmKlQmk7LGH94WY4GP9jnItTmU5k81XYWQTpIQ&oe=6488297B&_nc_sid=8721cf
426,2023-05-06 04:01:53+00:00,wheresmydriver,Sidecar,"#Chanel opened its new 30,000 sq ft (2,800 sq m) 4 story retail store today in Beverly Hills on Rodeo Drive. The first shot is the rear of the store where most clients will enter. The next shot are details of the front of the store and #RodeoDrive.","Chanel, RodeoDrive.",16,0,https://scontent-dfw5-2.cdninstagram.com/v/t51.2885-15/344790775_261863122873902_7214621490624930408_n.jpg?stp=dst-jpg_e35_s1080x1080&_nc_ht=scontent-dfw5-2.cdninstagram.com&_nc_cat=106&_nc_ohc=mTRnNxLMwjQAX_Tlo56&edm=AP_V10EBAAAA&ccb=7-5&oh=00_AfBRe7ZOSdVscqlLlB8bZADPs9xV1TM5kw9abdFfm-rBaQ&oe=648902B8&_nc_sid=8721cf
427,2023-05-31 15:03:55+00:00,versace,Sidecar,"The Greca Goddess mini bag for #VersaceLaVacanza  Versace is pleased to donate a percentage of sales from the Greca Goddess mini bag in powder blush pink to the Elton John AIDS Foundation during the month of June to celebrate Pride Month, with the style in pink chosen for the color’s representation of sexuality and sexual freedom in the LGBTQIA+ Pride flag.  @ejaf #VersaceGrecaGoddess","VersaceLaVacanza, VersaceGrecaGoddess",23067,149,https://instagram.fdkr6-1.fna.fbcdn.net/v/t51.2885-15/350236727_984819892869007_1281446803827373841_n.jpg?stp=dst-jpg_e35_p1080x1080&_nc_ht=instagram.fdkr6-1.fna.fbcdn.net&_nc_cat=107&_nc_ohc=sQG0GuvRPEMAX8Ye-TU&edm=AP_V10EBAAAA&ccb=7-5&oh=00_AfBAyI6eGaJldS2FtoN9cuE3-O9xZsHH_4h-3FR4cIKZIw&oe=64880E36&_nc_sid=8721cf
428,2023-05-29 16:21:43+00:00,versace,Sidecar,"The Versace Vacanza  Cannes, South of France.  The collection is available now in-store and at Versace.com.  @donatella_versace @dualipa #VersaceLaVacanza",VersaceLaVacanza,42815,193,https://instagram.ftgz2-1.fna.fbcdn.net/v/t39.30808-6/350272939_1444527209644320_9107085430211464505_n.png?stp=dst-jpg_e35_p1080x1080_sh0.08&_nc_ht=instagram.ftgz2-1.fna.fbcdn.net&_nc_cat=100&_nc_ohc=PwmhARh5vmIAX8isZV_&edm=AP_V10EAAAAA&ccb=7-5&oh=00_AfCcuuRfl_cjqLplHY42hT2myrgbYhNiaoYj4afVcvFDvw&oe=64885D85&_nc_sid=8721cf
429,2023-05-26 18:00:18+00:00,versace,Sidecar,“La Vacanza” by Donatella Versace and Dua Lipa.  The collection is available now in-store and at Versace.com.  @donatella_versace @dualipa #VersaceLaVacanza,VersaceLaVacanza,125245,294,https://scontent-lax3-1.cdninstagram.com/v/t51.2885-15/348847776_1733633330402878_3374694654289785315_n.jpg?stp=dst-jpg_e15_fr_p1080x1080&_nc_ht=scontent-lax3-1.cdninstagram.com&_nc_cat=110&_nc_ohc=H46s2IzmPEgAX_Gwpzb&edm=AP_V10EBAAAA&ccb=7-5&oh=00_AfCsNAYN10AN-4Z4DkgNCL9-sNijhyV2darVoQ0LS_3RYw&oe=648938B4&_nc_sid=8721cf
430,2022-03-11 19:45:55+00:00,romilux,Sidecar,😶😶😶😶😶😶 2 hours under the rain later 💥 @gigihadid & @bellahadid leaving the @burberry show,,1702,57,https://scontent-mad2-1.cdninstagram.com/v/t51.2885-15/275583621_347724397278752_3915199916025033759_n.jpg?stp=dst-jpg_e35_p1080x1080&_nc_ht=scontent-mad2-1.cdninstagram.com&_nc_cat=108&_nc_ohc=UYyxJgc1aNMAX8cKZj5&edm=AP_V10EBAAAA&ccb=7-5&oh=00_AfBrqCtDsUHgYNU9VpK_gFav_r5mbh_62BVP032exCEEvg&oe=64892256&_nc_sid=8721cf
431,2023-05-26 08:00:45+00:00,versace,Sidecar,“La Vacanza” by Donatella Versace and Dua Lipa.  The collection is available now in-store and at Versace.com.  @donatella_versace @dualipa #VersaceLaVacanza,VersaceLaVacanza,157124,352,https://instagram.fcai20-1.fna.fbcdn.net/v/t51.2885-15/348841983_3468672446787141_1831592237680034423_n.jpg?stp=dst-jpg_e15_fr_p1080x1080&_nc_ht=instagram.fcai20-1.fna.fbcdn.net&_nc_cat=109&_nc_ohc=JShqJknabdsAX9w16yJ&edm=AP_V10EBAAAA&ccb=7-5&oh=00_AfAl3PwzEGZ6tqjWIKsHq9mW99AOeUJVsB3pOXB50G4UQQ&oe=6488FF58&_nc_sid=8721cf
432,2023-06-07 19:08:01+00:00,nyfw,Sidecar,Get your coins ready! #Telfar has announced they will be ending their famous #BagSecurity program with one last final drop. More details to come.,"Telfar, BagSecurity",1007,10,https://scontent-ord5-2.cdninstagram.com/v/t51.2885-15/352149387_1288550455419444_4370773932615656695_n.jpg?stp=dst-jpg_e15&_nc_ht=scontent-ord5-2.cdninstagram.com&_nc_cat=100&_nc_ohc=CL7yC1d8aUcAX90EVyH&edm=AP_V10EBAAAA&ccb=7-5&oh=00_AfC8lHWtE3UbOq77wNWDlAFqTxvS_2U5uDqLryRTxu-5kQ&oe=64853497&_nc_sid=8721cf
433,2023-06-01 16:19:44+00:00,nyfw,Sidecar,Happy #PrideMonth 🏳️‍🌈 We stand with all members of the #LGBTQIA community & support you endlessly in your battle for civil rights and the fight for the freedom to simply be ❤️🧡💛 💚💙💜⁠ ⁠ Enjoy these photos from the 2022 #NYCPride Parade,"PrideMonth, LGBTQIA, NYCPride",6563,259,https://instagram.fnap6-2.fna.fbcdn.net/v/t51.2885-15/351221421_793999188716525_6012468096472407044_n.jpg?stp=dst-jpg_e35&_nc_ht=instagram.fnap6-2.fna.fbcdn.net&_nc_cat=105&_nc_ohc=jON05iPOOkcAX91QEtP&edm=AP_V10EBAAAA&ccb=7-5&oh=00_AfDC7r8pTjjG9E29mn8bNNq3mzuhbe2eL6f6Lt9FBxBS4A&oe=648885E5&_nc_sid=8721cf
434,2023-05-30 15:55:19+00:00,nyfw,Sidecar,It's picnic season 🧺 This genderless collection by @bobblehaus is vibrant and made for the outdoors. #Bobblehaus is a fashion brand and concept store founded by two Chinese-American women named Ophelia Chen & Abi Lierheimer. Each item is made of deadstock and recycled fabrics from around the world. #AAPIHeritageMonth,"Bobblehaus, AAPIHeritageMonth",860,50,https://instagram.fudi2-1.fna.fbcdn.net/v/t51.2885-15/350240005_568466228644247_266343384154192682_n.jpg?stp=dst-jpg_e35_p1080x1080&_nc_ht=instagram.fudi2-1.fna.fbcdn.net&_nc_cat=111&_nc_ohc=_jiGrdkgTjkAX-YXzZr&edm=AP_V10EBAAAA&ccb=7-5&oh=00_AfBdKkUsH--Hj_GyYGri_h_vljv4ungwXKwAcUa60Use9g&oe=6488F1FA&_nc_sid=8721cf
435,2023-05-27 12:00:14+00:00,versace,Sidecar,"The Versace Vacanza  Cannes, South of France.  The collection is available now in-store and at Versace.com.  @donatella_versace @dualipa #VersaceLaVacanza",VersaceLaVacanza,38466,195,https://instagram.fscl11-1.fna.fbcdn.net/v/t39.30808-6/349088375_1208023559913695_5355945789481094128_n.png?stp=dst-jpg_e35_p1080x1080_sh0.08&_nc_ht=instagram.fscl11-1.fna.fbcdn.net&_nc_cat=111&_nc_ohc=Xkca5Y4uu-IAX89CkPA&edm=AP_V10EAAAAA&ccb=7-5&oh=00_AfAuUXrSgbZL0D0ODRhOvgt3pYemOWk4LG32jVNKpz6QWQ&oe=648827DB&_nc_sid=8721cf
436,2023-05-31 16:35:35+00:00,nyfw,Sidecar,My friends and meeting up to gossip 💼 #Luar #FW23,"Luar, FW23",945,16,https://scontent-ord5-1.cdninstagram.com/v/t51.2885-15/350376469_1229396017761397_4352412944152074378_n.jpg?stp=dst-jpg_e35_p1080x1080&_nc_ht=scontent-ord5-1.cdninstagram.com&_nc_cat=101&_nc_ohc=OqjXm1XQpAkAX9e8fl8&edm=AP_V10EBAAAA&ccb=7-5&oh=00_AfBtl2vqlkoG43pMPdnaemKCrnoAEXG1z_Z976Vs4E8jvA&oe=64878ADF&_nc_sid=8721cf
437,2023-06-02 16:32:17+00:00,nyfw,Sidecar,Clean girl aesthetic for the win 💅 #BrandonMaxwel #FW23,"BrandonMaxwel, FW23",411,3,https://scontent-ord5-1.cdninstagram.com/v/t51.2885-15/350763043_1117650719148815_420702725202979331_n.webp?stp=dst-jpg_e35&_nc_ht=scontent-ord5-1.cdninstagram.com&_nc_cat=111&_nc_ohc=dU5JfP3o6CcAX-vA5l0&edm=AP_V10EBAAAA&ccb=7-5&oh=00_AfDFd_sgrO7mTTv7Hbhi0tOZbYtzEKITxGT4z4vZny0HmQ&oe=6487E5F4&_nc_sid=8721cf
438,2023-05-23 16:00:58+00:00,nyfw,Sidecar,"Femininity undone from #ToryBurch #AW23. Burch described the collection as being about ""the confidence that comes from being unapologetically yourself. Women aren’t interested in rules, and every piece is designed to be endlessly mixed, layered, and individualized.”","ToryBurch, AW23.",1260,15,https://scontent-lga3-2.cdninstagram.com/v/t51.2885-15/349037406_202596602717364_138997788890752058_n.webp?stp=dst-jpg_e35&_nc_ht=scontent-lga3-2.cdninstagram.com&_nc_cat=100&_nc_ohc=pXv-oscP2yMAX8T2ylk&edm=AP_V10EBAAAA&ccb=7-5&oh=00_AfAznJdQCMrfPhLoTirLtvv29QXiBlAp3IIvYqVk9YbnPA&oe=6487D07F&_nc_sid=8721cf
439,2023-05-26 16:01:34+00:00,nyfw,Sidecar,"#Streetstyle outside of #CollinaStrada, naturally. #StreetsOfNYFW","Streetstyle, CollinaStrada,, StreetsOfNYFW",567,18,https://scontent-mad1-1.cdninstagram.com/v/t51.2885-15/349046824_1739033056598942_2056823400706214971_n.webp?stp=dst-jpg_e35&_nc_ht=scontent-mad1-1.cdninstagram.com&_nc_cat=102&_nc_ohc=IDwZEPkWh7sAX8bVGlY&edm=AP_V10EBAAAA&ccb=7-5&oh=00_AfBtl3FyDQePdbaVSVZeIl2O5QQ9GI-Jp0DxO7AkNiageQ&oe=64890FBA&_nc_sid=8721cf
440,2023-06-04 15:00:52+00:00,prabalgurung,Sidecar,Honored to have worked on such a stunning collaboration with @michelleyeoh_official and the amazing costume design team @joycrettton @joseramosdesign for @ambornchinese to create this look for goddess Guanyin. Stream all episodes of #AmericanBornChinese now on @disneyplus,AmericanBornChinese,4457,24,https://scontent-dfw5-2.cdninstagram.com/v/t51.2885-15/350882291_258248320206436_2985894827540920822_n.jpg?stp=dst-jpg_e35_s1080x1080&_nc_ht=scontent-dfw5-2.cdninstagram.com&_nc_cat=104&_nc_ohc=DAH1jxzwEy4AX9yhVrg&edm=AP_V10EBAAAA&ccb=7-5&oh=00_AfBG123_Prtqcng2UA58i6z6u7MXGjQ_fdtNYTNUV-Zubg&oe=6487CB43&_nc_sid=8721cf
441,2023-05-27 16:01:11+00:00,nyfw,Sidecar,"It's giving blast from the past. #AKNVAS' Imperial-era inspired clothing is informed by Creative Director, Christian Juul Nielsen's Danish heritage. He imagined outfits for hypothetical American royalty. The collection is also genderless.",AKNVAS',514,11,https://instagram.fqbx5-1.fna.fbcdn.net/v/t51.2885-15/349219253_657176269555699_6462413578568794207_n.webp?stp=dst-jpg_e35&_nc_ht=instagram.fqbx5-1.fna.fbcdn.net&_nc_cat=107&_nc_ohc=PoIV2xhnSvcAX8cQcEG&edm=AP_V10EBAAAA&ccb=7-5&oh=00_AfATs3QHuPgh1Dx_vjkFuvelmeZpm1U2F7_McuNoZAMZYw&oe=64883E9B&_nc_sid=8721cf
442,2023-05-24 16:35:20+00:00,nyfw,Sidecar,Pleats are such a power move 💪 #BibhuMohapatra's #FW23 collection is composed of 37 ultra-feminine designs and an incredible attention to detail.,"BibhuMohapatra's, FW23",462,9,https://scontent-atl3-2.cdninstagram.com/v/t51.2885-15/348590957_103529319422585_8569046447566770312_n.jpg?stp=dst-jpg_e35_p1080x1080&_nc_ht=scontent-atl3-2.cdninstagram.com&_nc_cat=105&_nc_ohc=ER_1ap9k_W4AX8ZIsP5&edm=AP_V10EBAAAA&ccb=7-5&oh=00_AfCY-LwJ8DOu_lEAOn8IWoeZnM89GV8vjchiKKOHFuz8zQ&oe=64877EE9&_nc_sid=8721cf
443,2023-05-25 12:15:15+00:00,facehunter,Sidecar,"autumn #style in #RioDeJaneiro 🇧🇷   Juliette @juliette.florence, model: “I was born in Belgium, but I’m half Israeli and spent a big part of my childhood in Israel, I was raised there. When I was around 13 years old, I moved to Rio de Janeiro and have been living here since then, so by heart I feel very #Carioca! I am in love with Rio de Janeiro. If I’m having a bad day, I just have to look at the city to cheer up. Rio has ‘borogodó’ (charm/sex appeal) and people are always smiling no matter the situation. I want to become a tattoo artist. I’m studying for it, I wish to travel the world and get to know people and different cultures, but my heart will always belong to Rio de Janeiro.”  Kalleb @kallebdaniel, digital PR and style icon: “Rio has a very mixed and divided life at the same time. We have such a diversity  of scenari (beach and mountain), and at the same time we have many stereotypes of characters in the city such as: the guy playing altinha ( Rio de Janeiro's favorite unofficial sport; a beach game where players prevent a soccer ball from touching the ground by keeping it high up in the air as long as possible) who only goes to Bar Jobi (a classic Rio bar) at the end of the day, and the Flamengo footbal fans from Tijuca. I love hanging out with both of them.”  #streetsyle style #estilo#estilomasculino #estilocarioca #Rio #RioStyle #RioLifestyle CariocaStyle #Brasil #Brazil #FacehunterRio","style, RioDeJaneiro, Carioca!, streetsyle, estilo, estilomasculino, estilocarioca, Rio, RioStyle, RioLifestyle, Brasil, Brazil, FacehunterRio",331,4,https://scontent-iad3-1.cdninstagram.com/v/t51.2885-15/348667461_620988613299117_3307464605260834330_n.jpg?stp=dst-jpg_e35_p1080x1080&_nc_ht=scontent-iad3-1.cdninstagram.com&_nc_cat=109&_nc_ohc=elbODMORpq8AX-6h0tG&edm=AP_V10EBAAAA&ccb=7-5&oh=00_AfDkpwlyBmMcPYDo13eGyoUjbbwbnz498_ishmrB_X-9XQ&oe=6488140C&_nc_sid=8721cf
444,2023-05-20 13:48:30+00:00,facehunter,Sidecar,"#RioDeJaneiro 🇧🇷 Meet badass artist and actress @muse.maya - her music is available on all platforms, go check her out! ❤️🧡💛💚💙  #RJ #Rio #Carioca #BrazilianArtist #artistabrasileira #BrazilianMusician #Brasil #Brazil #streetstyle #style #styleinspiration #stylefashion #FacehunterRio","RioDeJaneiro, RJ, Rio, Carioca, BrazilianArtist, artistabrasileira, BrazilianMusician, Brasil, Brazil, streetstyle, style, styleinspiration, stylefashion, FacehunterRio",455,23,https://scontent-hou1-1.cdninstagram.com/v/t51.2885-15/347605144_1325322331660291_7760420526782803105_n.jpg?stp=dst-jpg_e35_p1080x1080&_nc_ht=scontent-hou1-1.cdninstagram.com&_nc_cat=107&_nc_ohc=eN7YWkakUM4AX8Z9J4f&edm=AP_V10EBAAAA&ccb=7-5&oh=00_AfCYZcXWZUGY5G5NbxLrvsQgaROoUK6LkkfauU5wwPucRw&oe=64879A83&_nc_sid=8721cf
445,2023-06-07 14:39:11+00:00,facehunter,Sidecar,"#SaoPaulo 🇧🇷 the first #brutalist house created by Brazilian #architect Paulo Mendes da Rocha is now home to an artist residency program: @domo.damo (“house of love” in Esperanto): a hybrid-home-secret  I got to meet the three artists who are currently spending three months living/creating in this intimate and monumental place:  Congolese painter and poet Merveille KéléKélé @merveillekelekelekelekelelele who is studying Fine Arts at Beaux-arts of Paris. “I write poetry all the time, it’s like a vital need for me and based on my texts, I make paintings.”  Brasília-based visual artist Poli Pieratti @polipieratti “My paintings are compositions based on bodily impressions that memories activate – in general, I give more light and add water and fluidity to what was experienced, in an attempt to pacify the past. I map out new paths for memories, fertilizing dry narratives and adding water to the land of dreams.”  Brazilian sculptor, dancer and performer Luana Vitra @cadeiadecorpo  What’s the story of the house? In 1962, Italian artist and gallery owner Gaetano Miano commissioned da Rocha to build his residence where the Miano’s only lived between 1964 and 1968, when the family left for Rome to escape Brazil’s military dictatorship.  Recently, Parisian art gallerist Benjamin Trigano, the founder of Los Angeles apartment-concept gallery M+B and #SP-based French entrepreneur David Laloum came across the residence and decided to make it an art project.  #PauloMendesdaRocha (1928 – 2021) was one of the essential names of the #EscolaPaulista (#PaulistaSchool), an informal group of Brazilian architects who popularised brutalism, embracing exposed concrete structures, chunkier massing, and rougher finishes - as opposed to the smoother curvy surfaces of the Carioca School, à la Oscar Niemeyer.  #DomoDamo #BrazilianBrutalism #arquitetura #arquiteturabrasileira #brutalistarchitecture #SaoPauloBrutalism #archi #arch #architecture #archidaily #archilovers #archilover #archiporn #Brasil #Brazil #FacehunterSP","SaoPaulo, brutalist, architect, SP-based, PauloMendesdaRocha, EscolaPaulista, PaulistaSchool),, DomoDamo, BrazilianBrutalism, arquitetura, arquiteturabrasileira, brutalistarchitecture, SaoPauloBrutalism, archi, arch, architecture, archidaily, archilovers, archilover, archiporn, Brasil, Brazil, FacehunterSP",3935,104,https://scontent-atl3-1.cdninstagram.com/v/t51.2885-15/352403094_1912307299141881_2297111335437816737_n.jpg?stp=dst-jpg_e35_p1080x1080&_nc_ht=scontent-atl3-1.cdninstagram.com&_nc_cat=109&_nc_ohc=LtsEatgMIFgAX9_M1VI&edm=AP_V10EBAAAA&ccb=7-5&oh=00_AfBTjnbiTy3NkK-SEgP37o02T7q4URQIfDBL7Ut3C9nXmg&oe=648954B2&_nc_sid=8721cf
446,2023-05-31 10:02:23+00:00,facehunter,Sidecar,"#Brutalism in #BuenosAires 🇦🇷  While #Argentina’s capital is known for its French neoclassical, neo-gothic, Beaux-Arts, art nouveau, art deco and modern #architecture, brutalism has also left its discreet but impactful mark.  Three Argentinian #concrete landmarks:   1-4: Biblioteca Nacional Mariano Moreno, designed in 1961 by Italo-Argentine #architect Clorindo Manuel José Testa (1923-2013), in partnership with Francisco Bullrich (1929-2011) and Alicia Cazzaniga (1928-1968). Its construction started in 1971 but successive changes in government leadership, complex bureaucracy and certain indifference towards culture matters by some leaders slowed down the process a lot and the National Library was finally inaugurated in 1992. The location is rich in significance as the concrete building stands on the exact site where President Juan Perón and his wife Eva Duarte (“Evita”) had their official residence: the Unzué Palace. They were initially (1946-1952) highly popular among working class but from 1952, things got complicated and Evita passed away. Juan Perón would eventually lose its power in a military coup and be forced to leave the country. Their residence would symbolically be destroyed in 1958.  5-7: Banca de Londres, designed by Clorindo Testa and built in 1966 as the HQ of the Bank of London and South America, a British bank that would later on be merged with Lloyds.  8-9: Brazilian Embassy’s Chancellery by Olavo Redig Do Campos (1906-1984). The Brazilian architect was president of the Brazilian Heritage Conservation Service of the Foreign Ministry between 1946 and 1976. This privileged position allowed him to design several state buildings outside Brazil such as embassies in Washington DC, Lima, diplomatic residences in Beirut, Dakar and more...  #archi #arch #archilovers #arquitectura #arquitecturaargentina #buenosairesarquitectura #brutalismo #architecturephotography #concretedesign #arquitecturabrutalista #brutalist #brutalistarchitecture #archidaily #archiporn #archilovers #BsAs #Travel #travelling #travelgram #FacehunterBA","Brutalism, BuenosAires, Argentina’s, architecture,, concrete, architect, archi, arch, archilovers, arquitectura, arquitecturaargentina, buenosairesarquitectura, brutalismo, architecturephotography, concretedesign, arquitecturabrutalista, brutalist, brutalistarchitecture, archidaily, archiporn, BsAs, Travel, travelling, travelgram, FacehunterBA",1383,30,https://scontent-ord5-1.cdninstagram.com/v/t51.2885-15/350531006_148689004791090_5981725949073212681_n.jpg?stp=dst-jpg_e35_p1080x1080&_nc_ht=scontent-ord5-1.cdninstagram.com&_nc_cat=106&_nc_ohc=byiDWf6ufLgAX_Lodep&edm=AP_V10EBAAAA&ccb=7-5&oh=00_AfC5FLOlo6sfLZaZaAHda_6fM-Fn2mEzX0_HLUMcXq67mg&oe=6487C7DD&_nc_sid=8721cf
447,2023-05-22 12:35:46+00:00,facehunter,Sidecar,Getting emotional… The documentary @sabrinafidalgoo and me have been crafting for the last three years - in collaboration with @gullaneentretenimento @globofilmes @globonews @canalbrasil - is finally becoming reality these days! 🎬🥹🧡,,325,25,https://instagram.ffab1-2.fna.fbcdn.net/v/t51.2885-15/348698329_973184990700457_8855422276019272068_n.jpg?stp=dst-jpg_e35_p1080x1080&_nc_ht=instagram.ffab1-2.fna.fbcdn.net&_nc_cat=101&_nc_ohc=6t_xiRs5IN0AX-xQVl7&edm=AP_V10EBAAAA&ccb=7-5&oh=00_AfBG-DzrAaSE9-ohRJD9fS7KRPzFl0E8odWNoWndMjtEPQ&oe=6487AE39&_nc_sid=8721cf
448,2023-05-01 14:11:32+00:00,facehunter,Sidecar,"Unique people of #Baghdad 🇮🇶 ❤️🤍🖤  1. Sanarya @soysanarya English literature and German student: “It was my first time visiting Baghdad since I emigrated to North Rein-Westphalia (Germany) in 2015. On this trip, I felt loved yet foreign sometimes.  2. Hussein @h_r771 fine arts student: “I  chose to live and study in Baghdad mostly because I love so much the history of this city. You can find me wandering the streets and old palaces every weekend.”  3. Salwa @salawi.7 interior design student  4. Hadeel @hadeelshaker.1 graphic design student: ""Baghdad brings together people who are completely different from each other in terms of traditions and religions. After the October 2019 Revolution, people became more open-minded, there is more acceptance of people's differences.""  5. Jamal @ek33j art director   6. Maryam @um_issa_20 interior design student: “My goal is to have my own make-up brand.”  7. Arwa @artsyarwaxx graphic design student: “I will graduate in two months. My classes are way too old school it's why I want to take online courses in illustration and motion graphics.""  8. Riyadh @gheneastudio artist, curator and art teacher: “While visiting #Iraq in 2011, after years of exile in Jordan and Canada, I understood I could use my international experience and bring some change to my country and help my people to live better. So I decided to move back and teach art.”  9. 5. Rawsa @rawssssa architectural designer: “Having being born and raised in Baghdad in a Kurdish-Arab household then moving to the States and growing up to be the woman I am today have molded me to be a mix of things. I’ve never felt like I belong in the States but I also don’t get that strong feeling of belonging when I’m back in Baghdad. I always feel like an outsider in either regions. Being Iraqi have made me a resilient strong woman who can easily acclimate and adapt to change and new environments.”  10. Miria @miria__97 sculpture student: “For the last year and a half, things have been really good. We are still conservative, people are still not very open but it’s better than before.”  #streetstyle #style #IraqiYouth #NewIraq #Iraqis #Travel #travelling #FacehunterIraq","Baghdad, Iraq, streetstyle, style, IraqiYouth, NewIraq, Iraqis, Travel, travelling, FacehunterIraq",1411,65,https://scontent-sjc3-1.cdninstagram.com/v/t51.2885-15/344846029_1421006495301960_1184640707346234565_n.jpg?stp=dst-jpg_e35_p1080x1080&_nc_ht=scontent-sjc3-1.cdninstagram.com&_nc_cat=100&_nc_ohc=JTBnC06kmiYAX99J8Uz&edm=AP_V10EBAAAA&ccb=7-5&oh=00_AfCpwKIzdatN2LvMYG1xh6wKbaRbgBqk5m_t5N-pgP0pag&oe=64883DD9&_nc_sid=8721cf
449,2023-05-04 07:21:58+00:00,facehunter,Sidecar,"I ❤️ #Baghdad  اني احب بغداد  1. Al-Shaheed Monument aka Martyr's Memorial, designed by #Iraqi sculptor Ismail Fatah Al Turk, built in 1983 to commemorate the Iraqi soldiers who died in the Iran–Iraq War, over time it has become a commemoration site for all Iraqi martyrs. 2. Abbas doing his thing 3. Mosaic by Nadhim Ramzi (1928-2013, from 1953, representing Ibn Sina (aka Avicenna), one of the most significant physicians, astronomers, philosophers, and writers of the Islamic Golden Age, and the father of early modern medicine. 4. Aws @aws_1994_ bumped into his uncle Iyad  5. a hip café, gym and gallery all in one: @six5ifty @thegallery.iq  6. interior of the City Hall, designed by Hisham Munir and Nasir Al-Asadi, 1978 7. graduation party at Al-Zawraa Park 8. #AbbasidPalace, the only remaining Abbasid palace in Baghdad, built between 1179 AD and 1225 AD 9. Amba, a very popular sauce generally prepared with green mango, salt, white vinegar, oil, garlic, chili pepper, curcuma, fenugreek, brown sugar, cumin and often mustard and coriander seeds also. According to the legend, it was invented by the Sassoon’s, a famous #Baghdadi Jewish family, while in exile in India, in the 19th Century. 10. Central Station, designed by J. M. Wilson and inaugurated in 1953  #travel #travelphotography #traveler #travelling #traveling #instatravel #instatravelling #traveller #travelgram #travellife #travelpics #baghdadarchitecture #baghdad_iraq #iraq🇮🇶 #Iraqis #iraqifood #iraqiart #iraqiarchitecture #brutalism #brutalistarchitecture #FacehunterIraq","Baghdad, Iraqi, AbbasidPalace,, Baghdadi, travel, travelphotography, traveler, travelling, traveling, instatravel, instatravelling, traveller, travelgram, travellife, travelpics, baghdadarchitecture, baghdad_iraq, iraq🇮🇶, Iraqis, iraqifood, iraqiart, iraqiarchitecture, brutalism, brutalistarchitecture, FacehunterIraq",4589,122,https://instagram.fbfh8-1.fna.fbcdn.net/v/t51.2885-15/344800518_626087199389560_2200832349360409014_n.jpg?stp=dst-jpg_e35_p1080x1080&_nc_ht=instagram.fbfh8-1.fna.fbcdn.net&_nc_cat=104&_nc_ohc=ZUjuBTad0UQAX-sT5kp&edm=AP_V10EBAAAA&ccb=7-5&oh=00_AfBIo_TEO35Gdn3C8w0FZpwfcO3umIWL_gRyKrSWPzJC3w&oe=6488E4E4&_nc_sid=8721cf
450,2023-05-12 17:48:39+00:00,parisiensinparis,Sidecar,La discrétion 🇫🇷  #ShotOnIphone#Paris#Parisian#Parisien#Effortless#Style#EffortlessChic#Natural#Fashion#Denim#DenimMania#ParisianStyle#LeParisien#LaParisienne#ParisFashionWeek#PFW,"ShotOnIphone, Paris, Parisian, Parisien, Effortless, Style, EffortlessChic, Natural, Fashion, Denim, DenimMania, ParisianStyle, LeParisien, LaParisienne, ParisFashionWeek, PFW",2867,4,https://scontent-atl3-2.cdninstagram.com/v/t51.2885-15/346378633_217933507652699_726268354323638605_n.jpg?stp=dst-jpg_e35_s1080x1080&_nc_ht=scontent-atl3-2.cdninstagram.com&_nc_cat=111&_nc_ohc=cPLNoZL6JH4AX_CPYmb&edm=AP_V10EBAAAA&ccb=7-5&oh=00_AfDjL_ZkSDNbILAE8eDMl_HI9FYYbcsiB4iQETj3RkB6NA&oe=64881D04&_nc_sid=8721cf
451,2023-05-16 10:06:08+00:00,facehunter,Sidecar,"#Christianity in #Baghdad 🇮🇶 I didn’t  expect to see so many #churches in town.  There are nowadays about 250,000 Christians left in #Iraq. Until the Gulf War in 1991, they used to be 1-1,5 million. Years of wars and persecution made their number fall drastically. While many fled abroad, some of them moved to the nation's capital to find refuge. #Baghdad is home to some of the largest Christian populations in the country.  The #Christians of Iraq are considered to be one of the world’s oldest continuous Christian communities. Actually, most of them are not Arabs, they are mainly Assyrian people - even though during the Saddam regime, they were pressured to identify as Arabs. Many of them still speak Assyrian as a first language.  I asked Raya @kamelea_roze a pharmacy major student and musician  how is it to live in Baghdad as a Christian in 2023.  “I’m a Chaldean Catholic, I used to be the choir’s pianist in my church (St. George) for five years, and also played piano at several other churches.   I haven’t faced any difficulties or discrimination due to my religion. I believe that religious differences don’t create barriers between people anymore. It may have happened in the past, but it is over now. Which is something I am glad about. I think all Iraqi people, regardless of religion and beliefs, aim to live peacefully and calmly. Despite all the terror that us christians faced in the past, in addition to other Iraqi sects who went through similar experiences. I believe all of us are facing the same fate, since we live in the same country.”  Two thirds of Christians in Iraq are Chaldean Catholics and 20% belong to the Assyrian Church of the East.  Smaller denominations include Syrian Orthodox, Syriac Catholic, Armenian Catholic, Armenian Orthodox, Anglican, Evangelical and other Protestants.  Photo 9: Bakram, in front of an Armenian church: “There are 345 Armenian families in Iraq, we have been living here for centuries and still speak Armenian.”  #iraqichristians #baghdad_iraq #travel #travelphotography #travelling  #FacehunterIraq","Christianity, Baghdad, churches, Iraq., Christians, iraqichristians, baghdad_iraq, travel, travelphotography, travelling, FacehunterIraq",995,19,https://instagram.fcai21-3.fna.fbcdn.net/v/t51.2885-15/346887875_964363294704192_7079428467302537314_n.jpg?stp=dst-jpg_e35_p1080x1080&_nc_ht=instagram.fcai21-3.fna.fbcdn.net&_nc_cat=100&_nc_ohc=r2nuJqtWvL4AX_9X1pC&edm=AP_V10EBAAAA&ccb=7-5&oh=00_AfBhYCCRechcymFmk3_w0Rkvllk4QoiI50BWOuiMc_dqUw&oe=6489047F&_nc_sid=8721cf
452,2023-04-28 05:15:49+00:00,parisiensinparis,Sidecar,Love this 🇫🇷🇫🇷🇫🇷  #ShotOnIphone#Paris#Parisian#Parisien#Effortless#Style#EffortlessChic#Natural#Fashion#Denim#DenimMania#ParisianStyle#LeParisien#LaParisienne#ParisFashionWeek#PFW,"ShotOnIphone, Paris, Parisian, Parisien, Effortless, Style, EffortlessChic, Natural, Fashion, Denim, DenimMania, ParisianStyle, LeParisien, LaParisienne, ParisFashionWeek, PFW",8953,48,https://instagram.fiev6-1.fna.fbcdn.net/v/t51.2885-15/343282055_1192871888085928_5382040711784984571_n.jpg?stp=dst-jpg_e35_s1080x1080&_nc_ht=instagram.fiev6-1.fna.fbcdn.net&_nc_cat=104&_nc_ohc=LYmechNyWXkAX_loHLA&edm=AP_V10EBAAAA&ccb=7-5&oh=00_AfCXO0OrPFM0WA_d1fhq1_dNLsdo0SSfs6kOBtg1-VdryA&oe=6489664E&_nc_sid=8721cf
453,2023-06-06 12:00:12+00:00,prada,Sidecar,"Cityscape and landscape clash together in impossible combinations within the Prada Linea Rossa Spring/Summer 2023 Eyewear campaign, starring Jake Gyllenhaal.  Spring/Summer 2023 Prada Linea Rossa.  Discover more via link in bio.   Photography Norbert Schoerner #PradaLineaRossa #PradaEyewear #Prada","PradaLineaRossa, PradaEyewear, Prada",10637,62,https://scontent-lhr8-1.cdninstagram.com/v/t51.2885-15/351662153_120864391023987_8011742750053584482_n.jpg?stp=dst-jpg_e35_p1080x1080&_nc_ht=scontent-lhr8-1.cdninstagram.com&_nc_cat=103&_nc_ohc=bleHoLez7_8AX_s1PqZ&edm=AP_V10EBAAAA&ccb=7-5&oh=00_AfDAqXC1renqgwCN98V7v-S8mUBQU0gcKN6P2tqxQwxpFQ&oe=64896816&_nc_sid=8721cf
454,2023-05-18 16:08:46+00:00,parisfashionweek,Sidecar,"The duo @coco.boutet and @josemaria.solanes, are both partners in life and work. For this Womenswear Fall/Winter 2023-2024, @boutetsolanes ""emphasise on fit and structure.""  Discover the creative film of @boutetsolanes for their second collection unveiled at PFW®. Link in bio.  #parisfashionweek #pfw #boutetsolanes","parisfashionweek, pfw, boutetsolanes",1551,7,https://scontent-bos5-1.cdninstagram.com/v/t51.2885-15/347624475_628361075827087_8435092088359798039_n.jpg?stp=dst-jpg_e35_p1080x1080&_nc_ht=scontent-bos5-1.cdninstagram.com&_nc_cat=107&_nc_ohc=m3sEuJdmndoAX82RwYf&edm=AP_V10EBAAAA&ccb=7-5&oh=00_AfABj1hyeirH0eWiDdOmhUvwJROxoa8frOMmA3uYn32MVQ&oe=648874F9&_nc_sid=8721cf
455,2023-05-10 16:00:00+00:00,parisfashionweek,Sidecar,Throwback to @palmangels streetstyle looks spotted by our photographer @joleomemeier at the Womenswear Fall/Winter 2023-2024 Paris Fashion Week®.  Follow the link in bio to watch all the shows on our platform!  #parisfashionweek #pfw #josefinemeier,"parisfashionweek, pfw, josefinemeier",2691,16,https://instagram.fplu19-1.fna.fbcdn.net/v/t51.2885-15/345874495_787824299404344_2958429826314330192_n.jpg?stp=dst-jpg_e35_p1080x1080&_nc_ht=instagram.fplu19-1.fna.fbcdn.net&_nc_cat=100&_nc_ohc=J9rcuN_5My4AX_HXMrt&edm=AP_V10EBAAAA&ccb=7-5&oh=00_AfDwAH56lLRmgT6aE4I86nI6YcG5lh2US3naeoyyWu8f5w&oe=6488D6BA&_nc_sid=8721cf
456,2023-06-03 17:00:13+00:00,prada,Sidecar,"#Prada pieces move between formal and casual, hot and cool. Discover more via link in bio.",Prada,14029,66,https://instagram.fmem1-2.fna.fbcdn.net/v/t51.2885-15/351240605_1754314108335064_4910983409117218630_n.jpg?stp=dst-jpg_e35&_nc_ht=instagram.fmem1-2.fna.fbcdn.net&_nc_cat=104&_nc_ohc=LlYXnmN3Ck4AX885Vhx&edm=AP_V10EBAAAA&ccb=7-5&oh=00_AfDkpEobzX2ooD8As0dpx0zNPNY2Q6K_H-j2_0EW1e3Cdg&oe=64889DAE&_nc_sid=8721cf
457,2023-04-23 16:00:00+00:00,parisfashionweek,Sidecar,Stolen moments by @taralevyphoto during the @leonardparis show presented during Womenswear Fall/Winter 2023-2024 Paris Fashion Week®.  Watch the full show on our platform by tapping the link in bio!  #parisfashionweek #pfw #leonardparis #taralevy,"parisfashionweek, pfw, leonardparis, taralevy",1968,13,https://instagram.fnap3-2.fna.fbcdn.net/v/t51.2885-15/342545694_628548279215036_5052959694798188519_n.jpg?stp=dst-jpg_e35_p1080x1080&_nc_ht=instagram.fnap3-2.fna.fbcdn.net&_nc_cat=108&_nc_ohc=6QFjL1ut_OMAX9ok8kL&edm=AP_V10EBAAAA&ccb=7-5&oh=00_AfAFyLgatb8lJL-Cii6Dt5qNunF7M9UqsT4YROiOQmSY1Q&oe=6489100F&_nc_sid=8721cf
458,2023-06-03 10:00:09+00:00,prada,Sidecar,"The Prada crisp poplin shirt is an enduring essential, endlessly reimagined.  Discover more via link in bio.  #Prada",Prada,11572,48,https://instagram.fcgh3-1.fna.fbcdn.net/v/t51.2885-15/351215382_956553575490814_328079034378841947_n.jpg?stp=dst-jpg_e35&_nc_ht=instagram.fcgh3-1.fna.fbcdn.net&_nc_cat=110&_nc_ohc=6iBedf9OrZEAX_BKK1W&edm=AP_V10EBAAAA&ccb=7-5&oh=00_AfCF03Nq2gg84bsQhnIbhWvWqx6ZP6AUVSuxaTgNKAyi-w&oe=64887D5F&_nc_sid=8721cf
459,2023-04-18 16:00:00+00:00,parisfashionweek,Sidecar,Extracts from @victoriatomasofficial’s last Womenswear Fall/Winter 2023-2024 collection for Paris Fashion Week®.  Discover the full lookbook on our platform. Link in bio.  #parisfashionweek #pfw #victoriatomas,"parisfashionweek, pfw, victoriatomas",3382,14,https://scontent-lga3-1.cdninstagram.com/v/t51.2885-15/341820169_1240885326634634_7993701036621124155_n.jpg?stp=dst-jpg_e35_p1080x1080&_nc_ht=scontent-lga3-1.cdninstagram.com&_nc_cat=102&_nc_ohc=eIAsyFRFnF0AX893Tel&edm=AP_V10EBAAAA&ccb=7-5&oh=00_AfDOwt168GAqkauqNNj8-d2BrjH335OCzo2XCDBgJSbm3w&oe=6487AA47&_nc_sid=8721cf
460,2023-04-27 16:05:00+00:00,parisfashionweek,Sidecar,"“ @mamekurogouchi captures the main image of the season from the intersection of the many lines peeping through the small gaps in the basketnetting, the dances of shadows, and the lightness of the bamboo.”  Follow the link in bio to discover the artisanal craft behind the Womenswear Fall/Winter 2023-2024 collection.  #parisfashionweek #pfw #mamekurogouchi","parisfashionweek, pfw, mamekurogouchi",1652,15,https://instagram.fiev6-1.fna.fbcdn.net/v/t51.2885-15/343208264_977857276540564_659343156612362532_n.jpg?stp=dst-jpg_e35_p1080x1080&_nc_ht=instagram.fiev6-1.fna.fbcdn.net&_nc_cat=104&_nc_ohc=TqTjKQAdNToAX-CvBJV&edm=AP_V10EBAAAA&ccb=7-5&oh=00_AfAU2meBeTFaa7X5DCWg2LtQJ7QSTon57z5mU1h-7EE9tg&oe=64877109&_nc_sid=8721cf
461,2023-03-05 01:25:18+00:00,harrystyles,Sidecar,"Love On Tour. Sydney II. March, 2023.",,3182206,12206,https://instagram.frgl2-1.fna.fbcdn.net/v/t51.2885-15/334279894_754840549596449_4773587081569276022_n.jpg?stp=dst-jpg_e35_p1080x1080&_nc_ht=instagram.frgl2-1.fna.fbcdn.net&_nc_cat=105&_nc_ohc=oc8OnLzmm7cAX9LMDag&edm=AP_V10EBAAAA&ccb=7-5&oh=00_AfDI7gcIeK--AUN92GpHB6kEajdCT2oVz9cYEvoCrQK9mQ&oe=64883937&_nc_sid=8721cf
462,2022-08-27 14:42:47+00:00,oldprada,Sidecar,SS 2008  (Vogue Italia Mar. 2008 “All That Prints” by Mario Sorrenti)  #oldprada #prada #miuccialover #inspo #print #ss2008 #tuttoprada #throwback #jamesjean #joemckenna #mariosorrenti #natashapoly #vogueitalia #beauty #saturday #vibes #archive #praduh #icons,"oldprada, prada, miuccialover, inspo, print, ss2008, tuttoprada, throwback, jamesjean, joemckenna, mariosorrenti, natashapoly, vogueitalia, beauty, saturday, vibes, archive, praduh, icons",339,5,https://scontent-atl3-1.cdninstagram.com/v/t51.2885-15/301762940_1089761808601854_2967294292870708436_n.jpg?stp=dst-jpg_e35_p1080x1080&_nc_ht=scontent-atl3-1.cdninstagram.com&_nc_cat=106&_nc_ohc=B5JSqDrE4MoAX9lhrRu&edm=AP_V10EBAAAA&ccb=7-5&oh=00_AfCKVZz0Ea2ni6l_nPIMaKm3_IkyMhLBC76qF3MuwVOpHg&oe=6487CC75&_nc_sid=8721cf
463,2022-05-22 23:11:02+00:00,oldprada,Sidecar,SS 1999 (Vogue Italia Mar. 1999 “Gym Chic” by Steven Klein)  #oldprada #miuccialover #prada #editorial #vogueitalia #stevenklein #fashion #gym #chic #1999 #risque #michelbotbol #colors #sundayvibes #fashionphotography #vintageprada #throwback #tuttoprada,"oldprada, miuccialover, prada, editorial, vogueitalia, stevenklein, fashion, gym, chic, 1999, risque, michelbotbol, colors, sundayvibes, fashionphotography, vintageprada, throwback, tuttoprada",297,3,https://instagram.fhuy1-1.fna.fbcdn.net/v/t51.2885-15/283789841_380334090804274_1608982464211483680_n.jpg?stp=dst-jpg_e35_p1080x1080&_nc_ht=instagram.fhuy1-1.fna.fbcdn.net&_nc_cat=110&_nc_ohc=xTr_tLvXAW0AX--NyJ8&edm=AP_V10EBAAAA&ccb=7-5&oh=00_AfCdzdQFN3TRR1DfggFKnnOP7nDaJpkiQRK5l5nE18cbvA&oe=64895CB0&_nc_sid=8721cf
464,2022-08-27 14:42:38+00:00,oldprada,Sidecar,SS 2008  (Vogue Italia Mar. 2008 “All That Prints” by Mario Sorrenti)  #oldprada #prada #miuccialover #inspo #print #ss2008 #tuttoprada #throwback #jamesjean #joemckenna #mariosorrenti #natashapoly #vogueitalia #beauty #saturday #vibes #archive #praduh #icons,"oldprada, prada, miuccialover, inspo, print, ss2008, tuttoprada, throwback, jamesjean, joemckenna, mariosorrenti, natashapoly, vogueitalia, beauty, saturday, vibes, archive, praduh, icons",317,2,https://scontent-ord5-1.cdninstagram.com/v/t51.2885-15/301816282_1287022765382406_1624450124235206062_n.jpg?stp=dst-jpg_e35_p1080x1080&_nc_ht=scontent-ord5-1.cdninstagram.com&_nc_cat=106&_nc_ohc=DDT0eE5fyMMAX8w96Wf&edm=AP_V10EBAAAA&ccb=7-5&oh=00_AfAiUeA9eMgc1Fav67e057waW64C4qOITbAN-DdYH7jUSw&oe=64882D46&_nc_sid=8721cf
465,2022-08-15 13:39:05+00:00,oldprada,Sidecar,SS 2006  (Vogue Italia Mar. 2006 “Pale Shades” by Glen Luchford)   #oldprada #miuccialover #inspo #vibes #prada #vogueitalia #archive #fashion #2000s #tuttoprada #chic #moody #throwback #vintageprada #nicolettasantoro #fashionphotography #monday #glenluchford #doutzenkroes,"oldprada, miuccialover, inspo, vibes, prada, vogueitalia, archive, fashion, 2000s, tuttoprada, chic, moody, throwback, vintageprada, nicolettasantoro, fashionphotography, monday, glenluchford, doutzenkroes",440,0,https://instagram.fbjr1-1.fna.fbcdn.net/v/t51.2885-15/299347925_623700009318729_4733009025179252502_n.jpg?stp=dst-jpg_e35_p1080x1080&_nc_ht=instagram.fbjr1-1.fna.fbcdn.net&_nc_cat=109&_nc_ohc=uBw7ecDcfVAAX-9gBJO&edm=AP_V10EBAAAA&ccb=7-5&oh=00_AfCHHNbPx10EcaSXvppXerKOuJVEcK1pNDmizQWv8_3o4g&oe=648800E4&_nc_sid=8721cf
466,2022-08-27 14:42:31+00:00,oldprada,Sidecar,SS 2008  (Vogue Italia Mar. 2008 “All That Prints” by Mario Sorrenti)  #oldprada #prada #miuccialover #inspo #print #ss2008 #tuttoprada #throwback #jamesjean #joemckenna #mariosorrenti #natashapoly #vogueitalia #beauty #saturday #vibes #archive #praduh #icons,"oldprada, prada, miuccialover, inspo, print, ss2008, tuttoprada, throwback, jamesjean, joemckenna, mariosorrenti, natashapoly, vogueitalia, beauty, saturday, vibes, archive, praduh, icons",608,0,https://instagram.fbhz2-2.fna.fbcdn.net/v/t51.2885-15/301309340_358838106319440_6239871663496297293_n.jpg?stp=dst-jpg_e35_p1080x1080&_nc_ht=instagram.fbhz2-2.fna.fbcdn.net&_nc_cat=100&_nc_ohc=cMtRMGYZIjsAX__rVfI&edm=AP_V10EBAAAA&ccb=7-5&oh=00_AfAWL_Jwfpd63DKIZuS5Aa_xBsDtbr6z2jTCVdDt0LAZ2A&oe=6488804D&_nc_sid=8721cf
467,2022-05-22 23:09:07+00:00,oldprada,Sidecar,SS 1999 (Vogue Italia Mar. 1999 “Gym Chic” by Steven Klein)  #oldprada #miuccialover #prada #editorial #vogueitalia #stevenklein #fashion #gym #chic #1999 #risque #michelbotbol #colors #sundayvibes #fashionphotography #vintageprada #throwback #tuttoprada,"oldprada, miuccialover, prada, editorial, vogueitalia, stevenklein, fashion, gym, chic, 1999, risque, michelbotbol, colors, sundayvibes, fashionphotography, vintageprada, throwback, tuttoprada",861,1,https://scontent-atl3-1.cdninstagram.com/v/t51.2885-15/283062611_418986219752636_7730250743746787378_n.jpg?stp=dst-jpg_e35_p1080x1080&_nc_ht=scontent-atl3-1.cdninstagram.com&_nc_cat=108&_nc_ohc=N1cApewjddAAX_4R8D4&edm=AP_V10EBAAAA&ccb=7-5&oh=00_AfCyOUkpT04cWlFZsVIgAaHRmiCaagR9iCMogrFXgD-mbw&oe=6489276C&_nc_sid=8721cf
468,2022-05-22 23:10:44+00:00,oldprada,Sidecar,SS 1999 (Vogue Italia Mar. 1999 “Gym Chic” by Steven Klein)  #oldprada #miuccialover #prada #editorial #vogueitalia #stevenklein #fashion #gym #chic #1999 #risque #michelbotbol #colors #sundayvibes #fashionphotography #vintageprada #throwback #tuttoprada,"oldprada, miuccialover, prada, editorial, vogueitalia, stevenklein, fashion, gym, chic, 1999, risque, michelbotbol, colors, sundayvibes, fashionphotography, vintageprada, throwback, tuttoprada",159,0,https://instagram.fjed4-3.fna.fbcdn.net/v/t51.2885-15/283086704_403484014832033_3401415815024567310_n.jpg?stp=dst-jpg_e35_p1080x1080&_nc_ht=instagram.fjed4-3.fna.fbcdn.net&_nc_cat=105&_nc_ohc=NUYDF73iZHIAX-d2F9P&edm=AP_V10EBAAAA&ccb=7-5&oh=00_AfDAnuoamEQ6W7EPRznb8BysVfTQN65J3ztjzzQnqR_7Wg&oe=6488BDD1&_nc_sid=8721cf
469,2023-02-28 05:50:14+00:00,zendaya,Sidecar,,,5758761,11574,https://scontent-waw1-1.cdninstagram.com/v/t51.2885-15/333179198_195199113119240_5329926958086516977_n.jpg?stp=dst-jpg_e35_p1080x1080&_nc_ht=scontent-waw1-1.cdninstagram.com&_nc_cat=1&_nc_ohc=i2JN3N5FqGYAX_C_GKP&edm=AP_V10EBAAAA&ccb=7-5&oh=00_AfDBpJ2xgKr_03EeBtM6i6vz1vQllAx2EIzStKtYPtMPOQ&oe=648957A6&_nc_sid=8721cf
470,2023-06-02 21:01:11+00:00,urbanoutfitters,Sidecar,New arrivals from @katinusa have us really ready for summer. Link in bio. #uomens,uomens,1172,1,https://instagram.fsod10-1.fna.fbcdn.net/v/t51.2885-15/350650326_151814681126134_1435056015751909602_n.jpg?stp=dst-jpg_e35_p1080x1080&_nc_ht=instagram.fsod10-1.fna.fbcdn.net&_nc_cat=110&_nc_ohc=gvdrdnqJxIAAX-TqWgy&edm=AP_V10EBAAAA&ccb=7-5&oh=00_AfCJjzwvmzqLbJTR9zRJOAWtWrN0go_ZDa_RPIlH6Onq1g&oe=64882468&_nc_sid=8721cf
471,2023-06-05 23:00:38+00:00,urbanoutfitters,Sidecar,Cute things for a small space? Say less. Link in bio. #uohome,uohome,6135,14,https://instagram.ftgu3-3.fna.fbcdn.net/v/t51.2885-15/351429432_160526686865170_5426364114200847593_n.jpg?stp=dst-jpg_e35_p1080x1080&_nc_ht=instagram.ftgu3-3.fna.fbcdn.net&_nc_cat=110&_nc_ohc=F69CtNiAQqsAX9H0N97&edm=AP_V10EBAAAA&ccb=7-5&oh=00_AfBlTCKbNpeW9glKF5Le-lXjmzCqWXL_PJbXCx0Rgh5Z8A&oe=6488866A&_nc_sid=8721cf
472,2023-04-16 05:22:16+00:00,taylorswift,Sidecar,"Still buzzing from those 3 shows in Tampa!!! Thank you to the unforgettably epic crowds and to @aarondessner for coming out to play twice with me, we’ve been dreaming about that for so long!! So grateful for the memories we’re making on this tour 🥲  📷: @octaviojones @gettyimages",,6207794,0,https://instagram.fdnk6-1.fna.fbcdn.net/v/t51.2885-15/341335038_1212449432970288_7879888961368793786_n.jpg?stp=dst-jpg_e35_s1080x1080&_nc_ht=instagram.fdnk6-1.fna.fbcdn.net&_nc_cat=1&_nc_ohc=gKSihKZYUnsAX8plSRr&edm=AP_V10EBAAAA&ccb=7-5&oh=00_AfDZWzzcvR4TSwNgxk4u3jqm14_XCGgZO4TjQyym8eFUMA&oe=6489609A&_nc_sid=8721cf
473,2023-04-24 18:12:32+00:00,taylorswift,Sidecar,"Just got to play 3 insane shows in Houston and I’m waking up smiling reminiscing about how much fun we all had. Loving this tour so much because of the passion these crowds put into it all - seriously can’t wait for Atlanta ☺️ PS for those asking how I cut my hand, I’m totally fine and it was my fault completely - tripped on my dress hem and fell in the dark backstage while running to a quick change - braced my fall with my palm. It was all very Mercury in retrograde coded. Don’t worry about me I’m gooooood 😘  📷: @blevey / @gettyimages",,5860477,0,https://instagram.fvvi1-1.fna.fbcdn.net/v/t51.2885-15/342731425_762287392104936_327984866814152770_n.jpg?stp=dst-jpg_e35_s1080x1080&_nc_ht=instagram.fvvi1-1.fna.fbcdn.net&_nc_cat=1&_nc_ohc=1e-5pYeoO2MAX8RIOI0&edm=AP_V10EBAAAA&ccb=7-5&oh=00_AfCqXn7aBJqoMUTMfEnzU99Bq2b84zAD3HxR6nJHLAhKYA&oe=64887CAE&_nc_sid=8721cf
474,2023-05-01 14:23:59+00:00,taylorswift,Sidecar,"WOW Atlanta just… wow. The band, dancers, and I can’t stop talking about how insanely magical it was playing for you guys the past 3 nights. You were always bouncing, dancing, screaming every lyric. And you created so many breathtaking moments for us, you know what I mean. Looove yooouuu. Hey Nashville you’re NEXT 💜  📷: @photorushin / @gettyimages",,5813265,0,https://instagram.fpmi1-1.fna.fbcdn.net/v/t51.2885-15/344424090_558821066149776_1720451717040937443_n.jpg?stp=dst-jpg_e35&_nc_ht=instagram.fpmi1-1.fna.fbcdn.net&_nc_cat=1&_nc_ohc=DuoS22O7Hm4AX-3Ovp7&edm=AP_V10EBAAAA&ccb=7-5&oh=00_AfDG-EeBh4Ux7ksEna1std7MNBDNZz9Pgz947u0AGwGpYA&oe=648929EF&_nc_sid=8721cf
475,2023-03-25 20:49:30+00:00,taylorswift,Sidecar,"Vegas, you were WILD. The crowd of childhood dreams ✨ What’s there to do but play again tonight? Here’s a few pics by Ethan Miller / @gettyimages and a video my dad took!",,6771062,0,https://instagram.ftpa1-1.fna.fbcdn.net/v/t51.2885-15/337720292_1198510600848777_8483306298574750149_n.jpg?stp=dst-jpg_e35_s1080x1080&_nc_ht=instagram.ftpa1-1.fna.fbcdn.net&_nc_cat=1&_nc_ohc=-v7XQNXe75sAX9rQZBA&edm=AP_V10EBAAAA&ccb=7-5&oh=00_AfDvA6vHPQGsPKp0MYZhrQsLGqag55rx2Sks-5WidxGkMg&oe=6487C957&_nc_sid=8721cf
476,2023-06-02 14:01:04+00:00,urbanoutfitters,Sidecar,Spending a little extra time outside lately. #uocommunity  📸: @msenglu @annabella_dittmar @alexissrrae @boynamedpedro @ally_warner2000 @adayalcin5,uocommunity,5391,12,https://scontent-mxp1-1.cdninstagram.com/v/t51.2885-15/350992385_3522613097958439_5586598404646001951_n.jpg?stp=dst-jpg_e35&_nc_ht=scontent-mxp1-1.cdninstagram.com&_nc_cat=107&_nc_ohc=4Yu1Ml6RvXgAX_8IYwG&edm=AP_V10EBAAAA&ccb=7-5&oh=00_AfBDsJfYREZQh0W1BnO12bNGGdKCo5sXFCj85d-ODhMpHw&oe=64880368&_nc_sid=8721cf
477,2023-03-19 01:50:27+00:00,taylorswift,Sidecar,"I miss you like it was the very first night. Good thing we’re about to go onstage and do the whole thing again tonight. See you 🔜 Glendale, Erazona☺️  📷: @johnshearer, @kevinmazur, @kevincwinter,  @gettyimages",,8402240,0,https://instagram.find1-1.fna.fbcdn.net/v/t51.2885-15/336083591_2574795819330061_8430567905868807385_n.jpg?stp=dst-jpg_e35_s1080x1080&_nc_ht=instagram.find1-1.fna.fbcdn.net&_nc_cat=1&_nc_ohc=F4dwTlbHya4AX-8VCYv&edm=AP_V10EBAAAA&ccb=7-5&oh=00_AfA3K8rdnsr4QhD0jCAG0IfDpTfjaE2ScD3ts2E8msZvNw&oe=64882E66&_nc_sid=8721cf
478,2023-05-07 15:35:29+00:00,facehunter,Sidecar,"#Baghdad 🇮🇶 #LeCorbusier‘s most mysterious project?  The destiny of Baghdad Gymnasium is fascinating.  1. it’s almost a miracle that it actually exists 2. for many years, its existence fell into obscurity in the architecture world 3. Le Corbusier’s paternity remained controversial for quite some time  In 1957, eight of the most important Western architects: Le Corbusier, Walter Gropius, José Luis Sert, Gio Ponti, Aalvar Aalto and Werner March Constantine Doxiadis were commissioned by King Faisal II to transform Baghdad into a modern and cosmopolitan capital.  Le Corbusier was originally hired to create Baghdad Stadium and City of Sport in support of the city's bid to host the 1960 Olympics.  On July 14th 1958, just one day after the project was formally approved, a coup d’état ended the 37-year Hashemite monarchy of Iraq and the king was assassinated. Most of the large-scale projects imagined by the starchitects were instantly abandoned.  As the Iraqi capital didn't get the Olympic Games, the construction of the complex was postponed. Le Corbusier's passed away in 1965.  Thanks to the support of influential Iraqi #architect Rifat Chadirji, a part of the sports city, with -reportedly- little modification to the original plans - would eventually be built under the supervision of French architect Axel Mesney between 1978 and 1980 and inaugurated under the name: Saddam Hussein Gymnasium.  For decades, it suffered from the plight of being a posthumous work. Contested by the #architecture purists, it was never mentionned in the literature dedicated to the Swiss-born French architect. It was perceived as a 'bastardized project', not bearing the master’s signature.   While researching for her thesis on modern architecture in Baghdad, in 2004, researcher Caecilia Pieri got interested in the complex. After years of research, in 2012, she managed to put a hand on never-seen-before construction archives at Axel Mesney’s proving Le Corbusier’s authorship.  The site was renovated a decade ago and is now fully functional. It is mainly used for basketball and volleyball games.  #FacehunterIraq #modernistarchitecture #brutalist #brutalistarchitecture #concrete #archi #arch","Baghdad, LeCorbusier‘s, architect, architecture, FacehunterIraq, modernistarchitecture, brutalist, brutalistarchitecture, concrete, archi, arch",2111,38,https://scontent-atl3-2.cdninstagram.com/v/t51.2885-15/345231968_219451927479433_8843065568318758584_n.jpg?stp=dst-jpg_e35_p1080x1080&_nc_ht=scontent-atl3-2.cdninstagram.com&_nc_cat=101&_nc_ohc=t2ngUAGpvLQAX9L_Bzs&edm=AP_V10EBAAAA&ccb=7-5&oh=00_AfBnrpjyxcK2Z4f-HMoPh3gPlTYNaEezj2e55ZSE8GHlxg&oe=6487E099&_nc_sid=8721cf
479,2023-02-26 03:52:11+00:00,zendaya,Sidecar,Look 2 @naacpimageawards   Thank you Miuccia @prada for recreating this for us🤍,,8861786,23682,https://scontent-iad3-2.cdninstagram.com/v/t51.2885-15/332664772_931659728257285_9172746002538319040_n.jpg?stp=dst-jpg_e15&_nc_ht=scontent-iad3-2.cdninstagram.com&_nc_cat=1&_nc_ohc=uq1AyFuMDrYAX-8AmP3&edm=AP_V10EBAAAA&ccb=7-5&oh=00_AfBxCnzTNOm7j1tPYq29jexSYDwSu-H3s4FBDcrQLJOqgw&oe=648559FC&_nc_sid=8721cf
480,2023-03-16 20:33:29+00:00,taylorswift,Sidecar,In my Eras era. 💅,,9535676,0,https://scontent-lax3-2.cdninstagram.com/v/t51.2885-15/336316501_9281959898482629_6892358589697367280_n.jpg?stp=dst-jpg_e35_s1080x1080&_nc_ht=scontent-lax3-2.cdninstagram.com&_nc_cat=1&_nc_ohc=zOvIetcio8sAX-C7dKp&edm=AP_V10EBAAAA&ccb=7-5&oh=00_AfAhXxu8vzLebk6c0hU_uUeREWjOafoDh03ymnkJNWcIcA&oe=648933B7&_nc_sid=8721cf
481,2023-02-26 00:46:55+00:00,zendaya,Sidecar,@naacpimageawards,,7244060,24823,https://instagram.fbau3-2.fna.fbcdn.net/v/t51.2885-15/332939778_3521811681382593_8630384612153915223_n.jpg?stp=dst-jpg_e35_p1080x1080&_nc_ht=instagram.fbau3-2.fna.fbcdn.net&_nc_cat=1&_nc_ohc=lRdovFQMdRkAX-CsVe1&edm=AP_V10EBAAAA&ccb=7-5&oh=00_AfCIgfu7x-_fo5mf_VJZMNjs1SizWt3jP1BFk7pAT7xHow&oe=648832DA&_nc_sid=8721cf
482,2022-08-15 13:38:28+00:00,oldprada,Sidecar,SS 2006  (Vogue Italia Mar. 2006 “Pale Shades” by Glen Luchford)   #oldprada #miuccialover #inspo #vibes #prada #vogueitalia #archive #fashion #2000s #tuttoprada #chic #moody #throwback #vintageprada #nicolettasantoro #fashionphotography #monday #glenluchford #doutzenkroes,"oldprada, miuccialover, inspo, vibes, prada, vogueitalia, archive, fashion, 2000s, tuttoprada, chic, moody, throwback, vintageprada, nicolettasantoro, fashionphotography, monday, glenluchford, doutzenkroes",721,4,https://instagram.fgba1-1.fna.fbcdn.net/v/t51.2885-15/299268485_567777888374568_2848169578837832764_n.jpg?stp=dst-jpg_e35_p1080x1080&_nc_ht=instagram.fgba1-1.fna.fbcdn.net&_nc_cat=100&_nc_ohc=lvY_-KFoaWgAX-zkYNA&edm=AP_V10EBAAAA&ccb=7-5&oh=00_AfAaG_ZrsoYVE7i8UDSFFYxQnc77ax0PRepfLYc9tP75SQ&oe=648816ED&_nc_sid=8721cf
483,2023-04-01 19:09:18+00:00,harrystyles,Sidecar,"As It Was. One year. April 1, 2022.",,4911333,32121,https://instagram.fotp3-2.fna.fbcdn.net/v/t51.2885-15/338760529_718117803394965_1295609779255683449_n.jpg?stp=dst-jpg_e35_p1080x1080&_nc_ht=instagram.fotp3-2.fna.fbcdn.net&_nc_cat=109&_nc_ohc=bxoQB8clTlIAX_NnhA-&edm=AP_V10EBAAAA&ccb=7-5&oh=00_AfDkODzHfSxUB5G8As1XY8HjxAmbFwHDCEK_23Td092P4Q&oe=64886853&_nc_sid=8721cf
484,2022-10-03 11:15:45+00:00,zendaya,Sidecar,The Valentino girl,,9539441,36821,https://instagram.flec2-1.fna.fbcdn.net/v/t51.2885-15/310183220_3258160314512783_3136442997576037996_n.jpg?stp=dst-jpg_e35_p1080x1080&_nc_ht=instagram.flec2-1.fna.fbcdn.net&_nc_cat=1&_nc_ohc=Z0ekjPfo72sAX81kavz&edm=AP_V10EBAAAA&ccb=7-5&oh=00_AfAxvCo1KlY175o-zElau_4kIURdP2i-sIZ6gvbRoifunw&oe=6488B3D8&_nc_sid=8721cf
485,2022-08-03 20:32:56+00:00,zendaya,Sidecar,💕PP Pink💕 @maisonvalentino  @pppiccioli,,7533443,23976,https://scontent-lhr8-2.cdninstagram.com/v/t51.2885-15/296914890_780199983414489_9077089235074735557_n.jpg?stp=dst-jpg_e35_p1080x1080&_nc_ht=scontent-lhr8-2.cdninstagram.com&_nc_cat=1&_nc_ohc=vyC-ta86LuIAX-ogZVc&edm=AP_V10EBAAAA&ccb=7-5&oh=00_AfBZIfsvABz3SYoYcHxYmN8pMpFnZ07Rmn-VoLAT77Tlkg&oe=648901EC&_nc_sid=8721cf
486,2023-05-19 13:38:31+00:00,cameramodafashiontrust,Sidecar,We are thrilled to present the Co-Presidents and members of the international committee of the CNMI Fashion Trust Grant 2023.  Their invaluable experience will allow three up to four independent brands based in Italy to receive our support.,,2950,35,https://instagram.fvvi1-1.fna.fbcdn.net/v/t51.2885-15/347608281_1863375344044395_1730077192403941101_n.jpg?stp=dst-jpg_e35_s1080x1080&_nc_ht=instagram.fvvi1-1.fna.fbcdn.net&_nc_cat=103&_nc_ohc=P8A09bIP0QUAX_x77lj&edm=AP_V10EBAAAA&ccb=7-5&oh=00_AfDTdwzAL0McBBFvjZjlBm0t-Uc8qgIyzdpsNaXmcTnTAA&oe=648965A2&_nc_sid=8721cf
487,2023-05-19 13:42:28+00:00,cameramodafashiontrust,Sidecar,We are thrilled to present the Co-Presidents and members of the international committee of the CNMI Fashion Trust Grant 2023.  Their invaluable experience will allow three up to four independent brands based in Italy to receive our support.,,854,22,https://scontent-iad3-2.cdninstagram.com/v/t51.2885-15/347241197_968439500822009_428312397912007411_n.jpg?stp=dst-jpg_e35_s1080x1080&_nc_ht=scontent-iad3-2.cdninstagram.com&_nc_cat=105&_nc_ohc=2f4jWc-V2osAX-ZcDAr&edm=AP_V10EBAAAA&ccb=7-5&oh=00_AfCa4lgpFMW2uWi6tY6uO-ZkIRyNJuvLHJRCLAeM-g4iKw&oe=6488721F&_nc_sid=8721cf
488,2023-05-12 14:36:17+00:00,milanfashionweek,Sidecar,"Yesterday Mr. Giorgio Armani received the Honorary Degree in Global Business Management conferred by the Università Cattolica del Sacro Cuore in Piacenza, his native city.  “The honorary degree that I am being awarded today has a special value, because it rewards, beyond the creative aspect, my role as an entrepreneur, the commitment and passion that I have over the years they allowed me to transform a dream into a solid Group, a symbol of Made in Italy. “  -Mr. Giorgio Armani  #CNMIMembers #GiorgioArmani  Photo Credit: @sgpitalia","CNMIMembers, GiorgioArmani",1644,17,https://scontent-mad1-1.cdninstagram.com/v/t51.2885-15/345924181_917335832905633_7722307222150361691_n.jpg?stp=dst-jpg_e35_s1080x1080&_nc_ht=scontent-mad1-1.cdninstagram.com&_nc_cat=101&_nc_ohc=AiehI3OLSLQAX_GbXBv&edm=AP_V10EBAAAA&ccb=7-5&oh=00_AfD6xEtIMQekoD5CqFrfF2QXxGhlDlPk8rsFdsHoQg83aw&oe=64894B1E&_nc_sid=8721cf
489,2022-09-14 21:50:38+00:00,zendaya,Sidecar,"When your feet hurt but you got a whole lot to smile about. Still absolutely beaming, thank you from the bottom of my heart.",,10963524,24262,https://instagram.ftsr1-2.fna.fbcdn.net/v/t51.2885-15/306707441_800276684721403_2175605075202891272_n.jpg?stp=dst-jpg_e35_p1080x1080&_nc_ht=instagram.ftsr1-2.fna.fbcdn.net&_nc_cat=1&_nc_ohc=67N70jFHKUsAX8teVA-&edm=AP_V10EBAAAA&ccb=7-5&oh=00_AfCUdRG22VIXr4Be4Ntv3ZbvTeBFR3ssjRJ4AEssNdjegA&oe=6489284D&_nc_sid=8721cf
490,2023-05-05 10:35:26+00:00,milanfashionweek,Sidecar,"@emiliopucci presents the new collection along the Arno river in Firenze, a panoramic landscape of the city during the sunset light.  It is here that @camillemiceli presents her first Pucci show, one year after her debut as artistic director. #CNMIMembers",CNMIMembers,1922,18,https://instagram.flhr10-1.fna.fbcdn.net/v/t51.2885-15/344758363_2273353796182311_9080269100453739696_n.jpg?stp=dst-jpg_e35_p1080x1080&_nc_ht=instagram.flhr10-1.fna.fbcdn.net&_nc_cat=103&_nc_ohc=ZeTZowDpSY8AX99rDmi&edm=AP_V10EBAAAA&ccb=7-5&oh=00_AfAL0J8zKb8J69M4tvbJPH9c8Dy5Tz42mOx3wK7dVvFLUw&oe=64884BAF&_nc_sid=8721cf
491,2023-05-29 00:59:13+00:00,spfw,Sidecar,Diretamente de NY pro SPFW: as icônicas escadas de Carrie Bradshaw!  E a @galisteuoficial veio prestigiar com look inspirado na diva! #NasEscadariasdaCarrie #AndJustLikeThat,"NasEscadariasdaCarrie, AndJustLikeThat",3130,42,https://scontent-nrt1-2.cdninstagram.com/v/t51.2885-15/350086670_180513034644478_687036601050534113_n.jpg?stp=dst-jpg_e35_p1080x1080&_nc_ht=scontent-nrt1-2.cdninstagram.com&_nc_cat=110&_nc_ohc=wQhbY5kBFncAX-M9Fsv&edm=AP_V10EBAAAA&ccb=7-5&oh=00_AfCx2LduO5TCyuJ5IYiMg-ca3MPzSn30ebP35B-ro3Rcow&oe=64890C9B&_nc_sid=8721cf
492,2023-05-28 23:47:56+00:00,spfw,Sidecar,"O SPFW recebeu uma exposição especial com peças produzidas pelas alunas do programa Cria Costura, que está em sua terceira edição e já capacitou mais de 200 pessoas da periferia de São Paulo.  O programa é uma iniciativa do INMODE, em parceria com a Secretaria Municipal de Desenvolvimento Econômico e Trabalho. Ele foi criado para promover talentos na área de costura. “O Cria Costura proporciona uma oportunidade de empoderamento e transformação de vidas”, diz o designer Jefferson de Assis, coordenador do projeto.  As peças são produzidas com uma abordagem consciente, beneficiando tanto os envolvidos quanto a cadeia e o meio ambiente.  Essa exposição, que ocupou um espaço nobre dentro do SPFW, é um momento de orgulho para os participantes do programa, que podem mostrar sua criatividade e talento para um público maior e diverso.  #spfw #spfwn55 #spmdet #prefsp #ÉdaSuaVida #iguatemiSPFW #soudealgodao #moda #criatividade #empreendedorismo #modaearte #spfworigens #sousenacmoda #senacmoda #komplexotempo #diversidade #sustentabilidade #Localiza #LocalizaEmMovimento #PráVocêChegarLá #YPEnoSPFW #AndJustLikeThat #NasEscadasdaCarrie","spfw, spfwn55, spmdet, prefsp, ÉdaSuaVida, iguatemiSPFW, soudealgodao, moda, criatividade, empreendedorismo, modaearte, spfworigens, sousenacmoda, senacmoda, komplexotempo, diversidade, sustentabilidade, Localiza, LocalizaEmMovimento, PráVocêChegarLá, YPEnoSPFW, AndJustLikeThat, NasEscadasdaCarrie",1475,22,https://instagram.flba1-1.fna.fbcdn.net/v/t51.2885-15/349472931_6271628816291907_8370338066951465581_n.jpg?stp=dst-jpg_e35_p1080x1080&_nc_ht=instagram.flba1-1.fna.fbcdn.net&_nc_cat=103&_nc_ohc=tuABvGRXbyMAX8nYyBQ&edm=AP_V10EBAAAA&ccb=7-5&oh=00_AfBlPU-iT5FY7lFS6vpim9qDpF5c1W8kY70-KqAdFL-CiQ&oe=64894270&_nc_sid=8721cf
493,2023-05-28 23:03:39+00:00,spfw,Sidecar,"O estilista cearense @davidleeoficial fez sua estreia no SPFW com um ótimo desfile, em que equilibra cultura popular com alfaiataria e streetwear.  Intitulada Parangaba (nome de um bairro e uma feira popular em Fortaleza), a coleção tem uma série de ótimas camisas, calças e shorts, tudo bem usável ao mesmo tempo em que reflete a identidade da marca - em especial o trabalho com crochê – e do tema do desfile.  Uma ótima estreia de um estilista que acreditou no poder transformador do design e também foi transformado por ele.   #spfw #spmdet #prefsp #ÉdaSuaVida #iguatemiSPFW #soudealgodao #moda #criatividade #empreendedorismo #modaearte #spfworigens #sousenacmoda #senacmoda #komplexotempo #diversidade #sustentabilidade #Localiza #LocalizaEmMovimento #PráVocêChegarLá #YPEnoSPFW #AndJustLikeThat #nasescadasdacarrie","spfw, spmdet, prefsp, ÉdaSuaVida, iguatemiSPFW, soudealgodao, moda, criatividade, empreendedorismo, modaearte, spfworigens, sousenacmoda, senacmoda, komplexotempo, diversidade, sustentabilidade, Localiza, LocalizaEmMovimento, PráVocêChegarLá, YPEnoSPFW, AndJustLikeThat, nasescadasdacarrie",5734,117,https://scontent-atl3-1.cdninstagram.com/v/t51.2885-15/349282467_934931757775171_9075296504815543560_n.jpg?stp=dst-jpg_e35_p1080x1080&_nc_ht=scontent-atl3-1.cdninstagram.com&_nc_cat=107&_nc_ohc=V-0vTplSRDQAX_kRlMB&edm=AP_V10EBAAAA&ccb=7-5&oh=00_AfCxw1ENSPdxmvhyDYCS5T4VvS3_D1LEBGY4nOLcxrn7Cg&oe=6488D39C&_nc_sid=8721cf
494,2023-05-02 08:55:12+00:00,milanfashionweek,Sidecar,"Italian Fashion at the 2023 Met Gala Celebrating ""Karl Lagerfeld: A Line Of Beauty"" - The Creative Directors of Italian Fashion Houses arriving on the red carpet of Metropolitan Museum of Art in New York City. #CNMIMembers #METGala #METGala2023","CNMIMembers, METGala, METGala2023",5557,33,https://scontent-scl2-1.cdninstagram.com/v/t51.2885-15/344513702_1003436054156540_3983177477312205278_n.jpg?stp=dst-jpg_e35_p1080x1080&_nc_ht=scontent-scl2-1.cdninstagram.com&_nc_cat=108&_nc_ohc=psBfCYh1ZGcAX8Hq4jk&edm=AP_V10EBAAAA&ccb=7-5&oh=00_AfBpahFp-4Iwrnbe1uo1OtwEFOUJm-xMrKtBVMC4o1hUEA&oe=64895CAA&_nc_sid=8721cf
495,2023-05-28 21:31:31+00:00,spfw,Sidecar,"Último dia de SPFW e última oportunidade de passar no estande da @oficialype e conhecer os looks Blooming Collection, uma coleção de roupas simbióticas, com flores que nascem do tecido.  Além de poder fazer fotos e vídeos incríveis no espaço instagramável do estande!  #YPEnoSPFW #spfw #spfwn55","YPEnoSPFW, spfw, spfwn55",900,7,https://scontent-sea1-1.cdninstagram.com/v/t51.2885-15/350103265_658014586145768_3510242022137104950_n.jpg?stp=dst-jpg_e35_p1080x1080&_nc_ht=scontent-sea1-1.cdninstagram.com&_nc_cat=108&_nc_ohc=Kg_qJtAqVRsAX9NV0I4&edm=AP_V10EBAAAA&ccb=7-5&oh=00_AfBiCZN3-DnRfHgT9y87LLbnUwpoNIfYuo0KSnuFcskxpA&oe=64884C9F&_nc_sid=8721cf
496,2023-06-02 00:57:47+00:00,whowhatwear,Sidecar,"Our Barbiecore mood board for the summer. 🎀 #WWWTB photos: shutterstock, getty images",WWWTB,51736,149,https://scontent-man2-1.cdninstagram.com/v/t51.2885-15/350872169_108489528919983_1175834708206437015_n.jpg?stp=dst-jpg_e35_p1080x1080&_nc_ht=scontent-man2-1.cdninstagram.com&_nc_cat=1&_nc_ohc=1F35Atp06UQAX_pV0Y1&edm=AP_V10EBAAAA&ccb=7-5&oh=00_AfCiajsxt3ZxKjlRroFKe5ApP5XCrtz1HQET1GQLVH_DTg&oe=6487FB07&_nc_sid=8721cf
497,2023-06-04 02:15:43+00:00,whowhatwear,Sidecar,"Were side parts ever truly out of style? When it comes to 2023 hair trends, the answer is a resounding no. Whether it's styled with slicked-back buns, crimped waves, or diffused natural curls, the side part is a cornerstone we'll be coming back to all summer long. Find fashion person–approved styling tips and must-have products at the link in bio. photos: @maryljean @sasha.mei @champagnemani",,4244,49,https://instagram.fpos1-1.fna.fbcdn.net/v/t51.2885-15/351176801_766433151887373_7459054143852458081_n.jpg?stp=dst-jpg_e35_p1080x1080&_nc_ht=instagram.fpos1-1.fna.fbcdn.net&_nc_cat=109&_nc_ohc=n2d2Ipm7AE4AX-dJSHp&edm=AP_V10EBAAAA&ccb=7-5&oh=00_AfBiBP_OZYsUZZ45BINnmkn-0LK5zdsqDN6m-2PUEdbg6Q&oe=6488E48B&_nc_sid=8721cf
498,2023-06-08 21:00:18+00:00,dudalina,Sidecar,"Sentiu o conforto e suavidade daí? Os novos tricots da Duda já são um desejo. Aposte nas cores vibrantes para adquirir as peças da estação. Diferentes tons, shapes e tramas que vão inovar o guarda-roupa de inverno.  Aproveite que ainda dá tempo de garantir o presente de Dia dos Namorados perfeito para o seu amor em nossas lojas.  Ref: 66.02.0574, 66.02.0572, 66.02.0614  #Dudalina #Tricot #OutonoInverno #Inverno2023","Dudalina, Tricot, OutonoInverno, Inverno2023",540,8,https://scontent-atl3-1.cdninstagram.com/v/t39.30808-6/349116603_641335544598720_3460699394307205161_n.png?stp=dst-jpg_e15_fr_p1080x1080&_nc_ht=scontent-atl3-1.cdninstagram.com&_nc_cat=100&_nc_ohc=EgDj1sRrqWYAX9yT020&edm=AP_V10EAAAAA&ccb=7-5&oh=00_AfCqfm8KVB0UW3RjmXzUD64w85uRB94ZgUdPfmXFUU-aPA&oe=64881C87&_nc_sid=8721cf
499,2023-06-07 21:00:13+00:00,dudalina,Sidecar,"Neste inverno, aposte em peças atemporais!  Da camisaria aos casacos, os lançamentos de inverno da Duda chegaram para renovar o seu guarda-roupa com itens clássicos e certeiros.  Acesse nosso site e confira todas novidades que vão te vestir com muita elegância e sofisticação. (link na bio)  Ref: 53.04.2578, 66.01.0486.  #Camisa #Jaqueta #Dudalina #Inverno2023 #OutonoInverno","Camisa, Jaqueta, Dudalina, Inverno2023, OutonoInverno",412,5,https://instagram.fphx1-1.fna.fbcdn.net/v/t39.30808-6/350780655_805302150961941_4571126070150670171_n.png?stp=dst-jpg_e15_fr_p1080x1080&_nc_ht=instagram.fphx1-1.fna.fbcdn.net&_nc_cat=109&_nc_ohc=c52R9d0U_s8AX91iYmw&edm=AP_V10EAAAAA&ccb=7-5&oh=00_AfC8zD32PCElOpyfE9JOigtm2wqw0O7Vx5PkY66PHSPP6g&oe=6487BCFE&_nc_sid=8721cf
500,2023-03-20 02:36:07+00:00,taylorswift,Sidecar,WELL. Last night was a rush. Thank you to everyone in that glorious Glendale night 2 crowd for giving us all you had and more. Counting down the hours til we get to play again. See you in Vegas 😆  IG 📷  @johnshearer  @kevincwinter  @gettyimages,,6700152,0,https://instagram.flju2-3.fna.fbcdn.net/v/t51.2885-15/336336907_1193870671161333_8494296616720456289_n.jpg?stp=dst-jpg_e35_s1080x1080&_nc_ht=instagram.flju2-3.fna.fbcdn.net&_nc_cat=1&_nc_ohc=fdWuQ9vDNmoAX9592M_&edm=AP_V10EBAAAA&ccb=7-5&oh=00_AfAzdWEOf0I__I4Bquu_uV7IKIHCP7BzvpxYJoD2LKXh7A&oe=6488B5D5&_nc_sid=8721cf
501,2023-06-01 21:22:53+00:00,dudalina,Sidecar,"Dizem que o amor está nos detalhes. Nesta jaqueta da Duda não é diferente! Um item superversátil e com modelagem especial, para presentear seu par com uma peça cheia de sofisticação.  Acesse nosso site e encontre o presente perfeito para surpreender seu amor. (link na bio)  Ref: 66.01.0463  #Dudalina #Inverno2023 #Jaqueta #OutonoInverno #diadosnamorados","Dudalina, Inverno2023, Jaqueta, OutonoInverno, diadosnamorados",123,0,https://instagram.fakx4-1.fna.fbcdn.net/v/t39.30808-6/350928717_1733141733755395_7952479217975047736_n.png?stp=dst-jpg_e15_fr_p1080x1080&_nc_ht=instagram.fakx4-1.fna.fbcdn.net&_nc_cat=107&_nc_ohc=N0-Wk22V-vgAX-mdslI&edm=AP_V10EAAAAA&ccb=7-5&oh=00_AfBAK-bWKEIepwD5My1jkL9ntcBAjRJ4UT64lIiRzVN6Lw&oe=64881C86&_nc_sid=8721cf
502,2023-01-27 05:05:24+00:00,taylorswift,Sidecar,"The Lavender Haze video is out now. There is lots of lavender. There is lots of haze. There is my incredible costar @laith_ashley who I absolutely adored working with. This was the first video I wrote out of the 3 that have been released, and this one really helped me conceptualize the world and mood of Midnights, like a sultry sleepless 70’s fever dream. Hope you like it 😁",,5967383,0,https://instagram.fjbr1-1.fna.fbcdn.net/v/t51.2885-15/327293401_703788064607810_7074452331840182454_n.jpg?stp=dst-jpg_e35_p1080x1080&_nc_ht=instagram.fjbr1-1.fna.fbcdn.net&_nc_cat=1&_nc_ohc=_WvL5njRdEIAX-V1ktB&edm=AP_V10EBAAAA&ccb=7-5&oh=00_AfAloZNtPo69Sio4kwQuXTRO9Xj8Hb2v_GAQt8jpkFzuRA&oe=64878639&_nc_sid=8721cf
503,2023-05-29 15:00:13+00:00,mamamaluf,Sidecar,"Neste Dia dos Namorados, presenteie seu amor com a versatilidade da @dudalina .  Opções incríveis, tanto para ele quanto para ela, para que vocês possam se vestir juntos ou separados, em qualquer ocasião. Criando sempre um laço de conforto e elegância. Confira a coleção e escolha o presente perfeito.    #Dudalina #DudaSquad #ModaVersátil #DiaDosNamorados #PresentePerfeito""","Dudalina, DudaSquad, ModaVersátil, DiaDosNamorados, PresentePerfeito""",670,75,https://instagram.fftk1-1.fna.fbcdn.net/v/t51.2885-15/349465773_4173291549563308_6719178459542529380_n.jpg?stp=dst-jpg_e35_s1080x1080&_nc_ht=instagram.fftk1-1.fna.fbcdn.net&_nc_cat=104&_nc_ohc=vyqoPwX-KNIAX8DCJ3Y&edm=AP_V10EBAAAA&ccb=7-5&oh=00_AfB0oM4b_gO-IojWchhSAC3aK1VP--LGVUjocMk5lgI7ng&oe=64891D39&_nc_sid=8721cf
504,2023-06-02 21:00:14+00:00,dudalina,Sidecar,"Camisa, um ícone que nunca sai de moda. As novidades em camisaria da Duda chegaram para nunca mais te deixar na dúvida na hora de escolher o look do dia. Peças cheias de estilo e elegância, com a qualidade incomparável que a Dudalina tem.  Acesse nosso site e garanta já a sua preferida. (link na bio)  Ref: 53.02.1367, 53.03.2125, 53.01.1175, 53.03.2127, 53.03.2154  #Dudalina #Camisa #Camisaria #OutonoInverno #inverno2023","Dudalina, Camisa, Camisaria, OutonoInverno, inverno2023",1016,24,https://instagram.fabj3-2.fna.fbcdn.net/v/t39.30808-6/350480228_1369151087274599_4028838533421919581_n.png?stp=dst-jpg_e15_fr_p1080x1080&_nc_ht=instagram.fabj3-2.fna.fbcdn.net&_nc_cat=111&_nc_ohc=C3JiVAWjo1cAX_P-B7V&edm=AP_V10EAAAAA&ccb=7-5&oh=00_AfC6u5UCsu56m83YBxN6h4u_mLWOykcqqZBe83_9dzm2HA&oe=648837BE&_nc_sid=8721cf
505,2023-03-07 20:20:30+00:00,wheresmydriver,Sidecar,"#NicolaBeckham & #BrooklynBeckham after the #MiuMiu show in Paris today.  Brooklyn's the best, making sure Nicola doesn't trip over her 4 inch Miu Miu heels. Nicola is very elegant in a grey miniskirt and Miu Miu embroidered buttoned up blouse...and clutch size Miu Miu #handbag. Brooklyn is wearing a neat #Prada jacket.   Somehow they switch and she takes his hand to lead through the crowd. Nicola signs some autographs which freaks everyone out and then, that's the end of Fashion Month. #streetstyle","NicolaBeckham, BrooklynBeckham, MiuMiu, handbag., Prada, streetstyle",81,1,https://scontent-lax3-1.cdninstagram.com/v/t51.2885-15/334110400_3649877751902606_9102635404760988264_n.jpg?stp=dst-jpg_e35_s1080x1080&_nc_ht=scontent-lax3-1.cdninstagram.com&_nc_cat=102&_nc_ohc=U13hSeFCEeAAX8WnGuG&edm=AP_V10EBAAAA&ccb=7-5&oh=00_AfDSjW9wz17NU4dEC5qNCcHAdl8oLaJTfap-PusQOTUhsw&oe=6487DE14&_nc_sid=8721cf
506,2023-06-06 20:00:14+00:00,dudalina,Sidecar,"O tweed já é um clássico do inverno. Na camisa alongada e calça alfaiatada para completar o conjunto, ele fica ainda mais charmoso. Complete a produção com um cinto imponente e voilá: chic, aquecida e elegante!  Acesse nosso site e confira todas as novidades de inverno. (link na bio)  Ref: 53.01.1053, 91.01.2754  #Dudalina #Camisa #Tweed #Inverno2023 #OutonoInverno","Dudalina, Camisa, Tweed, Inverno2023, OutonoInverno",248,1,https://scontent-yyz1-1.cdninstagram.com/v/t39.30808-6/350652594_279435014559134_8030641105681513930_n.png?stp=dst-jpg_e15_fr_p1080x1080&_nc_ht=scontent-yyz1-1.cdninstagram.com&_nc_cat=102&_nc_ohc=0pgj-nOfdnkAX9Rk97z&edm=AP_V10EAAAAA&ccb=7-5&oh=00_AfA8k6RhGcIyxO0MRVzSDtkheVgJnZ329iGq7C64P5U6Fw&oe=648814A4&_nc_sid=8721cf
507,2023-05-04 10:26:34+00:00,leeoliveira,Sidecar,@nyfw Street Style outside of #ProenzaSchouler’s #RTW23 show could have been its own runway.,"ProenzaSchouler’s, RTW23",138,3,https://scontent-dfw5-2.cdninstagram.com/v/t51.2885-15/344893796_1234417903862407_1353781401792658954_n.jpg?stp=dst-jpg_e35_p1080x1080&_nc_ht=scontent-dfw5-2.cdninstagram.com&_nc_cat=107&_nc_ohc=PDKdcc9YezMAX9Iu2bu&edm=AP_V10EBAAAA&ccb=7-5&oh=00_AfAlVUaxYYzKa7VZQ_F3uFdhQ_qs2JNfX75VpnaBSNbPQg&oe=6488D54E&_nc_sid=8721cf
508,2023-03-07 20:48:38+00:00,wheresmydriver,Sidecar,"I’m going to leave my original caption intact, but add this intro and delete a few comments. I don’t define people by the relationships they are in. What I’m saying in the first sentence is: Deal with it.  Appreciate that she waded into the crowd to say hi, which is no joke. Appreciate how well she represents the brand in an accessible look. The reason I posted Nicola and Alba is that they looked strong and elegant in simple looks. And the images are more interesting than just red carpet/Step and Repeat images. That’s it, thanks.  Original Caption:  Let me me get this out of the way: Actress #AlbaBaptista is Chris Evans' girlfriend. And she's kind of a firecracker.  At the #MiuMiu show she wore a blue miniskirt with striped semi-crop top and lacey heels. She has a white #Matelassé nappa leather top-handle #handbag.  She's really rocking the Miu Miu #sunglasses as she wades into the crowd. That’s why you invite someone with confidence and a sense of humour to your show.  #Streetstyle","AlbaBaptista, MiuMiu, Matelassé, handbag., sunglasses, Streetstyle",273,117,https://instagram.fltn4-1.fna.fbcdn.net/v/t51.2885-15/334310548_532182712375263_3725592079856173973_n.jpg?stp=dst-jpg_e35_s1080x1080&_nc_ht=instagram.fltn4-1.fna.fbcdn.net&_nc_cat=103&_nc_ohc=RZOgiyISCrIAX8VLtR4&edm=AP_V10EBAAAA&ccb=7-5&oh=00_AfDFxusaJC9B5nYwh4KjXBxW8rk-F6brCDF5YhIjvdzgeA&oe=64885517&_nc_sid=8721cf
509,2023-04-20 18:25:03+00:00,leeoliveira,Sidecar,"Brera Design District, an ethereal art installation recreating Andean landscapes by Argentinian artist and designer @cristian.mohaded The sculptural towers inspired by traditional rock piles found as trail markers in the Andean Mountains are covered in @loropiana repurposed fabrics showcasing a commitment to sustainable practices and precise craftsmanship.",,102,10,https://instagram.fmxl1-1.fna.fbcdn.net/v/t51.2885-15/341918185_1472101580196543_6807523756917099216_n.jpg?stp=dst-jpg_e35_p1080x1080&_nc_ht=instagram.fmxl1-1.fna.fbcdn.net&_nc_cat=103&_nc_ohc=gkXvwIHXaMwAX8e4Smx&edm=AP_V10EBAAAA&ccb=7-5&oh=00_AfCc_MfBeDHeIqVeoAp32lWmPr3wAF6Uqfc441U_V9BNMg&oe=64887DCB&_nc_sid=8721cf
510,2023-03-07 08:23:07+00:00,wheresmydriver,Sidecar,"Snippets from yesterday's shows in Paris: Zimmerman, Stella McCartney & Louis Vuitton. #streetstyle",streetstyle,207,3,https://scontent-lax3-1.cdninstagram.com/v/t51.2885-15/334616507_690800476155921_7760220791492605513_n.jpg?stp=dst-jpg_e35_s1080x1080&_nc_ht=scontent-lax3-1.cdninstagram.com&_nc_cat=109&_nc_ohc=iIBmOn3WoQoAX88yasg&edm=AP_V10EBAAAA&ccb=7-5&oh=00_AfDNn9L68adbfiMJrVOHTXzG8o7UV6GMYrKOaIitxCoStg&oe=6487856F&_nc_sid=8721cf
511,2023-05-25 11:56:40+00:00,versace,Sidecar,Guests at the “La Vacanza” fashion show.   Hyunjin Rosie Huntington-Whiteley Jason Statham  Lewis Hamilton Rina Sawayama Dwyane Wade Charles Melton  Simone Ashley Manu Rios  Salma Abu Deif  Troye Sivan  The collection is available now at Versace.com via the link in bio.   @donatella_versace @dualipa  #VersaceLaVacanza,VersaceLaVacanza,698752,9193,https://scontent-mia3-2.cdninstagram.com/v/t51.2885-15/349001114_1714067515720873_7712985056614002200_n.jpg?stp=dst-jpg_e35_p1080x1080&_nc_ht=scontent-mia3-2.cdninstagram.com&_nc_cat=1&_nc_ohc=Z9fyWZX2KQMAX8YECKv&edm=AP_V10EBAAAA&ccb=7-5&oh=00_AfDzkad1wfZsjF9GDnqDFho_HTpObCWrO-vLTJHLm3w5vg&oe=6487FBE7&_nc_sid=8721cf
512,2023-05-24 21:29:28+00:00,versace,Sidecar,Eveningwear for Donatella Versace and Dua Lipa’s co-designed “La Vacanza” women’s collection—presenting the full Versace lifestyle.  Now in-store and at Versace.com.  @donatella_versace @dualipa #VersaceLaVacanza,VersaceLaVacanza,127686,312,https://instagram.fphx1-1.fna.fbcdn.net/v/t51.2885-15/348978975_631886648978099_5318680446309322641_n.jpg?stp=dst-jpg_e35_p1080x1080&_nc_ht=instagram.fphx1-1.fna.fbcdn.net&_nc_cat=111&_nc_ohc=RdEryHDtO8sAX8aXBeb&edm=AP_V10EBAAAA&ccb=7-5&oh=00_AfAJIEU3-OcjayfaGrafreI1aYbFgfjMDTsd7GPJQF-mfg&oe=648882B8&_nc_sid=8721cf
513,2023-05-24 11:31:34+00:00,versace,Sidecar,“La Vacanza” by Donatella Versace and Dua Lipa.  The collection is available now in-store and at Versace.com.  @donatella_versace @dualipa #VersaceLaVacanza,VersaceLaVacanza,238804,402,https://scontent-lax3-2.cdninstagram.com/v/t51.2885-15/348636259_3678307562455259_5866312744139545951_n.jpg?stp=dst-jpg_e15_fr_p1080x1080&_nc_ht=scontent-lax3-2.cdninstagram.com&_nc_cat=111&_nc_ohc=BIJ1oIsLWD4AX_bTFLC&edm=AP_V10EBAAAA&ccb=7-5&oh=00_AfAaPI9F0_y_5Q3FXKrgGiM5CXMsIiBMisr9Ahp4eARgTQ&oe=64886A40&_nc_sid=8721cf
514,2023-05-24 17:46:00+00:00,versace,Sidecar,Donatella Versace and Dua Lipa’s shared vision of an absolute modern elegance for “La Vacanza.”  Now in-store and at Versace.com.  @donatella_versace @dualipa #VersaceLaVacanza,VersaceLaVacanza,130145,284,https://scontent-lga3-2.cdninstagram.com/v/t51.2885-15/348483236_9797180286966653_2538738415480382855_n.jpg?stp=dst-jpg_e35_p1080x1080&_nc_ht=scontent-lga3-2.cdninstagram.com&_nc_cat=105&_nc_ohc=YMhWC1WDMZMAX_-YrE_&edm=AP_V10EBAAAA&ccb=7-5&oh=00_AfCNoQr7rWkt0P6xhlYWY00fzdrJLRht9DGYsa_g4kMu_A&oe=64894D1B&_nc_sid=8721cf
515,2023-05-24 07:20:59+00:00,versace,Sidecar,“La Vacanza” by Donatella Versace and Dua Lipa.  The collection is available now in-store and at Versace.com.  @donatella_versace @dualipa #VersaceLaVacanza,VersaceLaVacanza,310627,662,https://instagram.fbkk29-4.fna.fbcdn.net/v/t51.2885-15/348986091_2547707988703415_6543452915659071280_n.jpg?stp=dst-jpg_e35_p1080x1080&_nc_ht=instagram.fbkk29-4.fna.fbcdn.net&_nc_cat=111&_nc_ohc=iBOzvI0u0joAX9S_rNs&edm=AP_V10EBAAAA&ccb=7-5&oh=00_AfCfw93x-XWvU4UVOvuO2GgvU7lUTlAi8w146-R3A-cBjw&oe=64890456&_nc_sid=8721cf
516,2023-05-24 00:37:17+00:00,versace,Sidecar,The Butterfly & Ladybugs print for Donatella Versace and Dua Lipa’s co-designed “La Vacanza” women’s collection.  The collection is available now in-store and at Versace.com.  @donatella_versace @dualipa #VersaceLaVacanza,VersaceLaVacanza,76189,242,https://instagram.fvie2-1.fna.fbcdn.net/v/t51.2885-15/348324680_1651541565355017_6381868470386074404_n.jpg?stp=dst-jpg_e35_p1080x1080&_nc_ht=instagram.fvie2-1.fna.fbcdn.net&_nc_cat=109&_nc_ohc=CjjWtLZ6tLsAX9IBI3Y&edm=AP_V10EBAAAA&ccb=7-5&oh=00_AfDGJnsvHrkPttY4n8JAR7qk3EkV4-tTbNSLNBoism21Cw&oe=64895A6C&_nc_sid=8721cf
517,2023-04-25 11:30:15+00:00,leeoliveira,Sidecar,"Techniques and materials. @hermes presents its new creations for the home in Milan. The aesthetics of the creations for the home are inspired by the authenticity of their shapes and the innate strength of their minimalism.  This is the very essence of design, drawing inspiration from materials and expressed through expert know-how to create durable, contemporary objects that grow more beautiful with the passing years.",,76,3,https://instagram.fcrl2-1.fna.fbcdn.net/v/t51.2885-15/342934114_910401283565893_7343738905827763573_n.jpg?stp=dst-jpg_e35_p1080x1080&_nc_ht=instagram.fcrl2-1.fna.fbcdn.net&_nc_cat=101&_nc_ohc=euYlPuuw3EcAX_eggcp&edm=AP_V10EBAAAA&ccb=7-5&oh=00_AfDoDzdeiPTU7EcQ_qBRZXV2WY_k--MfXCkGciUU6dQlOw&oe=6487FFF4&_nc_sid=8721cf
518,2023-06-09 15:00:10+00:00,dudalina,Sidecar,"Conheça a sua nova camisa preferida. Com um xadrez space dyed, cor atemporal e detalhes impecáveis, ela será destaque aonde for. Ainda pensando no presente do Dia dos Namorados? Achou o presente ideal!  Visite nossas lojas e confira todas as opções incríveis que vão surpreender o seu amor.  Ref: 53.04.2578, 53.04.2557, 53.04.2869, 53.04.2874  #Dudalina #Inverno2023 #Camisa #Camisaria #OutonoInverno","Dudalina, Inverno2023, Camisa, Camisaria, OutonoInverno",157,5,https://scontent-atl3-2.cdninstagram.com/v/t39.30808-6/350485981_257970493442843_1528233265558246075_n.png?stp=dst-jpg_e15_fr_p1080x1080&_nc_ht=scontent-atl3-2.cdninstagram.com&_nc_cat=111&_nc_ohc=KgFaYAbjftkAX_-0n3p&edm=AP_V10EAAAAA&ccb=7-5&oh=00_AfAkg_d5xNNXkH0LUD8sfIixDYTSYtZ8A3-Ko_N-0urkBw&oe=64892BF1&_nc_sid=8721cf
519,2023-02-28 05:21:07+00:00,zendaya,Sidecar,Been learning how to stop and smell the roses (even handmade @maisonvalentino ones) last night was one of those very special moments. @sagawards💕,,3910922,7083,https://scontent-jnb1-1.cdninstagram.com/v/t51.2885-15/333365603_960237031635235_564675699598654306_n.jpg?stp=dst-jpg_e15&_nc_ht=scontent-jnb1-1.cdninstagram.com&_nc_cat=1&_nc_ohc=UguacXtkq6gAX9s5KWj&edm=AP_V10EBAAAA&ccb=7-5&oh=00_AfDOc4FcZx6k7KX8fqCzXc4LLb35jm1E9AFj3zC1ucX4hA&oe=6484D3AF&_nc_sid=8721cf
520,2023-05-22 16:01:50+00:00,nyfw,Sidecar,Birds of feather flock together 👯‍♂️ #StreetStyle outside of #PrivatePolicy #FW23 show. #StreetsOfNYFW,"StreetStyle, PrivatePolicy, FW23, StreetsOfNYFW",839,14,https://scontent-nrt1-1.cdninstagram.com/v/t51.2885-15/347851730_6180119795414593_832629013338872176_n.webp?stp=dst-jpg_e35&_nc_ht=scontent-nrt1-1.cdninstagram.com&_nc_cat=101&_nc_ohc=Xe2mdcF6Kh8AX8hMNA0&edm=AP_V10EBAAAA&ccb=7-5&oh=00_AfAHF5gRMQiiqjGWEEbTg5D5rthDAOtiPu1XGxVkoNcC1Q&oe=64881A95&_nc_sid=8721cf
521,2023-05-15 16:04:57+00:00,nyfw,Sidecar,Moments from #WillyChavaria #FW23,"WillyChavaria, FW23",558,5,https://instagram.ftol1-1.fna.fbcdn.net/v/t51.2885-15/346680221_265039669229834_3131255611501190701_n.webp?stp=dst-jpg_e35&_nc_ht=instagram.ftol1-1.fna.fbcdn.net&_nc_cat=102&_nc_ohc=a_nM8aZ5SYcAX9Wm6yW&edm=AP_V10EBAAAA&ccb=7-5&oh=00_AfB6stqQNGX-RjU7PpUNc00sLuFjuA24oWYN90wu3yRlxA&oe=6487D18F&_nc_sid=8721cf
522,2023-05-11 16:01:11+00:00,nyfw,Sidecar,Still thinking about #CarolinaHerrera #AW23 💗,"CarolinaHerrera, AW23",1921,9,https://scontent-vie1-1.cdninstagram.com/v/t51.2885-15/346001333_631087292207806_1742966096459921179_n.webp?stp=dst-jpg_e35&_nc_ht=scontent-vie1-1.cdninstagram.com&_nc_cat=110&_nc_ohc=wpPboz0WWzcAX8__FxW&edm=AP_V10EBAAAA&ccb=7-5&oh=00_AfDVZc4KpVIqGJh4YuhPMD_M-6JnGs7MsbEr2B4JdSuKJA&oe=64885C51&_nc_sid=8721cf
523,2023-05-20 15:55:14+00:00,nyfw,Sidecar,"Welcome to the House of #Macgraw. @macgrawlove presents their 7th season at #AAFW. The #SS24 collection is posh, poised and playful. We're so here for it.","Macgraw., AAFW., SS24",1137,32,https://scontent-dfw5-2.cdninstagram.com/v/t51.2885-15/347560444_746888277127796_1218283788566357957_n.jpg?stp=dst-jpg_e35_s1080x1080&_nc_ht=scontent-dfw5-2.cdninstagram.com&_nc_cat=108&_nc_ohc=Z4yw-Xw9etgAX-ug5oU&edm=AP_V10EBAAAA&ccb=7-5&oh=00_AfCl3xum0JCwlBZ2KPqATy4RGrI8Sj1-_lX1FmnWQ-2DFg&oe=648874E8&_nc_sid=8721cf
524,2023-06-06 19:54:35+00:00,taylorswift,Sidecar,"Chicago that was sooooo epic. Playing 3 nights at Soldier Field and getting to sing ‘You All Over Me’ with @marenmorris who I adore. You guys were so much fun to play for, I love you 🥰 See you 🔜 Detroit!   📷: @iammoustache / @gettyimages",,4492716,0,https://scontent-sjc3-1.cdninstagram.com/v/t51.2885-15/351449917_1650537578731854_7681849896356788215_n.jpg?stp=dst-jpg_e35_s1080x1080&_nc_ht=scontent-sjc3-1.cdninstagram.com&_nc_cat=1&_nc_ohc=1VTFONdxeVcAX_BYOBF&edm=AP_V10EBAAAA&ccb=7-5&oh=00_AfC53iu9py5DF5dCloFUcFnb4J8jAcsMyNjpQuAglw2MtQ&oe=6487BFCD&_nc_sid=8721cf
525,2023-03-21 21:28:08+00:00,wheresmydriver,Sidecar,"Designer #JeremyScott has left #Moschino after an unusually long run as creative director for the brand. Shown here are my photographs of Mr. Scott at shows in Los Angeles and New York, backstage and on the runway, and models, starlets and influencers wearing Moschino.","JeremyScott, Moschino",75,1,https://scontent-fra5-1.cdninstagram.com/v/t51.2885-15/337176369_749561666619302_8170136133265532602_n.jpg?stp=dst-jpg_e35_s1080x1080&_nc_ht=scontent-fra5-1.cdninstagram.com&_nc_cat=102&_nc_ohc=WVadU4ok_jwAX9vQZjw&edm=AP_V10EBAAAA&ccb=7-5&oh=00_AfBjqbmrl8OUjsxEXZJLWQewyBd08G07Gx5S-e7M19yccw&oe=6487E195&_nc_sid=8721cf
526,2023-05-13 17:02:40+00:00,nyfw,Sidecar,Another look at #ThomBrowne #AW23,"ThomBrowne, AW23",1144,13,https://instagram.fsdu6-1.fna.fbcdn.net/v/t51.2885-15/346816165_1274854996783322_4011664211725251622_n.webp?stp=dst-jpg_e35&_nc_ht=instagram.fsdu6-1.fna.fbcdn.net&_nc_cat=102&_nc_ohc=eMoeLJTJNuYAX8vnCRW&edm=AP_V10EBAAAA&ccb=7-5&oh=00_AfAxbEsV1l8fkhd1XMj5cxbXxyoFgDgFdlyTpcfjyzrcqw&oe=64881CC1&_nc_sid=8721cf
527,2023-06-09 09:27:27+00:00,facehunter,Sidecar,"#SaoPaulo 🇧🇷 street encounters ☀️  1,2 & 10: Inara “I have Lebanese origins, my name means ‘ray of light’ in Arabic, I used to work in advertising and my dog is called pretty baby II, she’s 17 years old.” 3-4: Merveille @merveillekelekelekelekelelele , poet & artist: “It’s my first time in Brazil, I’m making a three-months art residency. I love exploring cities and observing people. #SP feels like a warmer version of Paris, less dense and filled with good people.” 5: Andréia @_deiamato documentary researcher: “I've been traveling around Brazil and listening, studying and living experiences rooted in traditional, decolonial, regenerative knowledge and linked to good living. I’m guided by the construction of subjectivities and imaginaries of futures that contain multiplicities of human and more-than-human worlds, and I have been spreading ideas from the margins to the center in my work as a researcher and curator in innovation, communication and content projects. And I try to put them in my personal life. I am in a process of transition to a less urban life and closer to the forest, guided by care and respect for life. I intend to act in the preservation and recovery of degraded spaces and in the collective construction of ways of life that reintegrate us to our organicity and to times other than the one that the clock shows, seeking ways of existing that are less exploratory and standardizing, creating monocultures. I dream of walking barefoot on the soft earth and sleeping at night with the singing of crickets and cicadas.” 6: Hiram @hiramlatorre painter  7: Silvio: “ I found a place nearby where I got this tunique made for me, with the word God written on it.” 8: Nicole @nicolegullane, film director and art director: “I want to make films that touch people in some way.” 9: Eduardo @educalunga7   #brasileiros #brasileiras #brasileirao #brasileira #streetstyle #style #estilo #styleinspiration #stylefashion #streetphotography #people #SP #Brasil #Brazil #FacehunterSP","SaoPaulo, SP, brasileiros, brasileiras, brasileirao, brasileira, streetstyle, style, estilo, styleinspiration, stylefashion, streetphotography, people, Brasil, Brazil, FacehunterSP",888,25,https://scontent-arn2-1.cdninstagram.com/v/t51.2885-15/352244657_1013262710052845_4190921400996815466_n.jpg?stp=dst-jpg_e35_p1080x1080&_nc_ht=scontent-arn2-1.cdninstagram.com&_nc_cat=105&_nc_ohc=ZZdh6ZvjbpUAX9P65SR&edm=AP_V10EBAAAA&ccb=7-5&oh=00_AfAvBfhg_4ptelUKfMBC4fY1-_P49AIkTVzvdoGal11ngQ&oe=648873E6&_nc_sid=8721cf
528,2023-05-26 14:46:05+00:00,wheresmydriver,Sidecar,"Cannes Streetstyle Awards  Cannes has awards for everything else during Film Week  so I established the #CannesStreetstyleAwards for 2023  Best Overall Perfect for strolls down the Croisette, this look is sophisticated and eye-catching, especially with the matching shoes. You can actually buy  this complete look at the D&G boutique at the Nice airport.   Best “Spot you in a Crowd” Look Cannes gets very crowded so it helps to pop out from the crowd. I photographed this woman almost everyday around Hotel  Martinez  Best “Beach Café” Look Cannes was a fishing village for almost 2,000 years, so her fishing net handbag was a subtle hat tip to the town.   Best “Quiet Luxury” Look When you know you know. You can almost lip read “Fire up the G550”  Best “Matchy Matchy” Look That Actually Works Drive or die with Chanel on this one. I think the new Barbie movie makes these looks younger and fun. The Mary Jane’s ($1,700) are right off the 2023 runway.  Best “Out of My Way” Look The whole vibe is “make way.” This woman could walk right into any board room or secret military installation without saying a word.  Best “She Knows the Assignment” Look I wouldn’t pose her this way,  but you have to get in the Daily Mail some how.  Best Packable Look She’s a former Miss Universe El Salvador who can pack a weeks worth of looks in a handbag. A show stopper in 2 ounces.  Best Eva Peron Look Best use of a partner as an accessory (don’t come at me), if you’re taking over a Country.  Best Where’s My Driver Look You can tell she’s from the US, ready to car jack a limo to get to the red carpet in time.",CannesStreetstyleAwards,28,0,https://instagram.fclo1-4.fna.fbcdn.net/v/t51.2885-15/349116474_759951895933403_789308676655719735_n.jpg?stp=dst-jpg_e35_s1080x1080&_nc_ht=instagram.fclo1-4.fna.fbcdn.net&_nc_cat=111&_nc_ohc=SOWuW3NTPMgAX81tptS&edm=AP_V10EBAAAA&ccb=7-5&oh=00_AfC2-RKuz17gx4kbv-RdFnmfMB_Io9gu96ZfCSe5MioUgg&oe=6488B33C&_nc_sid=8721cf
529,2023-06-07 01:00:32+00:00,prabalgurung,Sidecar,My favorite @michelleyeoh_official look designed with @joycrettton @joseramosdesign for @ambornchinese - a heavenly look for Guanyin glimmering in gold. Watch this episode and all episodes of #AmericanBornChinese now on @disneyplus,AmericanBornChinese,1886,6,https://scontent-mad1-1.cdninstagram.com/v/t51.2885-15/352207536_962546848323612_601977752750672272_n.jpg?stp=dst-jpg_e35_p1080x1080&_nc_ht=scontent-mad1-1.cdninstagram.com&_nc_cat=100&_nc_ohc=MfURXhdWm0AAX8snbPk&edm=AP_V10EBAAAA&ccb=7-5&oh=00_AfAC3qCY9fiU4ksfeQjE0_TwFAX0Bezij_yF8PI7gF3duA&oe=64880915&_nc_sid=8721cf
530,2023-05-09 15:57:16+00:00,nyfw,Sidecar,Dreaming of #Adeam #FW23   📸: @gettyimages,"Adeam, FW23",2619,29,https://scontent-lax3-1.cdninstagram.com/v/t51.2885-15/345798219_955059695494066_5989226989721270302_n.webp?stp=dst-jpg_e35&_nc_ht=scontent-lax3-1.cdninstagram.com&_nc_cat=110&_nc_ohc=DDsAJo8EknkAX_PhzFX&edm=AP_V10EBAAAA&ccb=7-5&oh=00_AfAUh8t0K0xsaocBEvDeRnSY38MLnrv9pJpxU7wvLB57-Q&oe=64877CF3&_nc_sid=8721cf
531,2023-04-16 15:33:14+00:00,wheresmydriver,Sidecar,"Raissa Gerrona (chief brand officer at Revolve) along with Revolve cofounders Michael Mente and  Mike Karanikolas celebrated 20 years of influencer innovation in 2023. When I started shooting fashion events, designers didn’t even let “bloggers” into fashion shows. That has changed.",,15,1,https://instagram.flfw1-1.fna.fbcdn.net/v/t51.2885-15/341178228_137704325795204_9062140803347487027_n.jpg?stp=dst-jpg_e35_s1080x1080&_nc_ht=instagram.flfw1-1.fna.fbcdn.net&_nc_cat=108&_nc_ohc=Q1WoSgrUltoAX8SkF40&edm=AP_V10EBAAAA&ccb=7-5&oh=00_AfCTU_Tta5VeGfeSc1DsEhnVnFc2e3yMie-glYFxc_Rqsg&oe=6487C5AD&_nc_sid=8721cf
532,2023-06-06 12:17:48+00:00,watchingnewyork,Sidecar,There’s something “shady” about these New Yorkers  #streetfashion #fashion #street #NYC  #nycfashion #spring #springfashion #fashiontrends #newyorkcity #style #streetstyle #vintage #thrift #sunglasses #shades,"streetfashion, fashion, street, NYC, nycfashion, spring, springfashion, fashiontrends, newyorkcity, style, streetstyle, vintage, thrift, sunglasses, shades",25063,134,https://scontent-ord5-2.cdninstagram.com/v/t51.2885-15/351237315_778683457140734_6299654311489446894_n.jpg?stp=dst-jpg_e35_p1080x1080&_nc_ht=scontent-ord5-2.cdninstagram.com&_nc_cat=102&_nc_ohc=xTDoJaNw8cgAX88tv-y&edm=AP_V10EBAAAA&ccb=7-5&oh=00_AfAwYiveDX4s2N3z10to67wKKDOBLe2RWJYcPxXAiC59gw&oe=64890C54&_nc_sid=8721cf
533,2023-05-28 14:35:36+00:00,watchingnewyork,Sidecar,May Archives  #streetfashion #fashion #street #NYC  #nycfashion #winter #winterfashion #fashiontrends #fallfashion #newyorkcity #style #streetstyle #vintage #thrift,"streetfashion, fashion, street, NYC, nycfashion, winter, winterfashion, fashiontrends, fallfashion, newyorkcity, style, streetstyle, vintage, thrift",33901,137,https://scontent-ord5-1.cdninstagram.com/v/t51.2885-15/349131021_780557260135055_688977921587322274_n.jpg?stp=dst-jpg_e35_p1080x1080&_nc_ht=scontent-ord5-1.cdninstagram.com&_nc_cat=111&_nc_ohc=SlhLM6pAYxkAX_1mfEF&edm=AP_V10EBAAAA&ccb=7-5&oh=00_AfD-5hxuAfFNFXcVdxDbT2tSu269MZQaqzBtUut0lyGUvQ&oe=6488A27E&_nc_sid=8721cf
534,2023-06-05 12:18:33+00:00,watchingnewyork,Sidecar,Recent favorites  #streetfashion #fashion #street #NYC  #nycfashion #spring #springfashion #fashiontrends #newyorkcity #style #streetstyle #vintage #thrift,"streetfashion, fashion, street, NYC, nycfashion, spring, springfashion, fashiontrends, newyorkcity, style, streetstyle, vintage, thrift",22451,96,https://scontent-lhr8-1.cdninstagram.com/v/t51.2885-15/351164198_6430408576981247_5282536289407373562_n.jpg?stp=dst-jpg_e35_p1080x1080&_nc_ht=scontent-lhr8-1.cdninstagram.com&_nc_cat=111&_nc_ohc=GFKy7b8nNFQAX9zdpo7&edm=AP_V10EBAAAA&ccb=7-5&oh=00_AfCPBEh_4gSak8teiDDd2lXCwWIo-6wm4ajpjAoHXVttJQ&oe=64895122&_nc_sid=8721cf
535,2023-04-24 02:01:52+00:00,leeoliveira,Sidecar,"The @loewe chairs exhibition presented during Salone del Mobile in Milan sees handcrafted chairs reimagined by artisans through the act of weaving and embellishment. Antique and newly crafted stick chairs and paper loom chairs are woven with leather, raffia or metallic fibres, transforming everyday objects into one of a kind items.",,224,13,https://instagram.fvlc7-1.fna.fbcdn.net/v/t51.2885-15/342540061_919157442645076_8952804731048364104_n.jpg?stp=dst-jpg_e35_p1080x1080&_nc_ht=instagram.fvlc7-1.fna.fbcdn.net&_nc_cat=104&_nc_ohc=CG3h685wLwcAX-5yX5F&edm=AP_V10EBAAAA&ccb=7-5&oh=00_AfDUpsDrpS40wHMj1SMwCoBa3Rwy3c-cCNHnpAJrDl2pZQ&oe=648929A9&_nc_sid=8721cf
536,2023-05-30 12:47:45+00:00,watchingnewyork,Sidecar,"Happy birthday to @darnellbernard33 a true New York King! If you see this dude in the street, stop and say hello, he has that power that gives you happiness. Some of my favorite looks from over the last few years.   #streetfashion #fashion #street #NYC  #nycfashion #spring #springfashion #fashiontrends #newyorkcity #style #streetstyle #vintage #thrift","streetfashion, fashion, street, NYC, nycfashion, spring, springfashion, fashiontrends, newyorkcity, style, streetstyle, vintage, thrift",32099,301,https://instagram.fbkk3-5.fna.fbcdn.net/v/t51.2885-15/350568329_2133015763555739_7460571021303458560_n.jpg?stp=dst-jpg_e35_p1080x1080&_nc_ht=instagram.fbkk3-5.fna.fbcdn.net&_nc_cat=111&_nc_ohc=jIYTr5dxKkUAX8Epu23&edm=AP_V10EBAAAA&ccb=7-5&oh=00_AfCu-sIauBXLstWUSbi1B7PfGGDFHjOeS4e9ou-Ca8BgfQ&oe=6488CFF4&_nc_sid=8721cf
537,2023-04-26 07:25:36+00:00,facehunter,Sidecar,"#Baghdad 🇮🇶 Burj Abboud, 1955, by #RifatChadirji (1926-2020) and Abdullah Ihsan Kamil (1919-1984)  This Bauhaus-influenced tower represents the symbol of Baghdad intense modernisation and westernisation in the 1950s. It was back then the first high-rise in town.  While the #AbboudBuilding includes some vernacular features such as archways, screens, and courtyards in response to the hot environment, it remains mainly a project borrowing to the “International Style”, built at a time when Chadirji was employed by the monarchy -mandated under British rule.  It’s really in the 1960s, in a post-monarchy republic, that the “father of  #Iraqi modernism” will fully express his unique style that he called “international regionalism”. The idea was to “combine ancient Iraqi heritage with modern art and architecture, to develop an Iraqi aesthetic, that was not only unique to Iraq, but also influence the development of a pan-Arab visual language”.  With nearly 100 buildings, Chadirji contributed greatly to define the aesthetics of his country’s public space, especially through the 1970s. By 1970 Chadirji had offices throughout the Middle East, one of them was employing a young #ZahaHadid.  In 1978, at the peak of his career, he was wrongfully sentenced to life in prison, but was eventually released after 20 months by Saddam Hussein, who was seeking Iraq’s best architect to oversee the preparation of Baghdad for an international conference in 1982.  In 1983 Chadirji eventually fled Baghdad for teaching at Harvard before relocating in the UK where he would spend the rest of his life.  The Burj Abboud survived miraculously six fires, in 1985, 1989, 1996, 1998, 2005 (2x). It is nowadays partly unused.   #brutalism #brutalistarchitecture #VisitIraq #Travel #travelphotography #travelgram #traveler #travelling #traveling #instatravel #travelawesome #archi #archidaily #archilover #archiporn #arch #archlovers #archilovers #BaghdadArchitecture #baghdad_iraq #iraq_baghdad #FacehunterIraq","Baghdad, RifatChadirji, AbboudBuilding, Iraqi, ZahaHadid., brutalism, brutalistarchitecture, VisitIraq, Travel, travelphotography, travelgram, traveler, travelling, traveling, instatravel, travelawesome, archi, archidaily, archilover, archiporn, arch, archlovers, archilovers, BaghdadArchitecture, baghdad_iraq, iraq_baghdad, FacehunterIraq",1332,19,https://scontent-iad3-2.cdninstagram.com/v/t51.2885-15/343286381_781370750172162_3983606476102582188_n.jpg?stp=dst-jpg_e35_p1080x1080&_nc_ht=scontent-iad3-2.cdninstagram.com&_nc_cat=106&_nc_ohc=WxVay0dlw4UAX-9aad7&edm=AP_V10EBAAAA&ccb=7-5&oh=00_AfCRpdwR18FMw5mpIn_W3qI697cd26n5v7YNETaqAPuFjA&oe=64889B99&_nc_sid=8721cf
538,2023-05-30 12:46:53+00:00,watchingnewyork,Sidecar,Watching Disney. Had an absolute blast. First time on a plane and first time in Disney. Was with the fam but had to take a couple shots of these drippy Disney duds.   #streetfashion #fashion #street #NYC  #nycfashion #spring #springfashion #disneyworld #disney #fashiontrends #newyorkcity #style #streetstyle #vintage #thrift,"streetfashion, fashion, street, NYC, nycfashion, spring, springfashion, disneyworld, disney, fashiontrends, newyorkcity, style, streetstyle, vintage, thrift",31340,177,https://instagram.fotp3-3.fna.fbcdn.net/v/t51.2885-15/350108364_23972148082384802_1895098250744860122_n.jpg?stp=dst-jpg_e35_p1080x1080&_nc_ht=instagram.fotp3-3.fna.fbcdn.net&_nc_cat=102&_nc_ohc=1dMU0jOBS5oAX_oPeZF&edm=AP_V10EBAAAA&ccb=7-5&oh=00_AfBR2D1rK_4xn81d0zpslcD7ObK_XpunpnTQbczZdv6VRA&oe=6488CB37&_nc_sid=8721cf
539,2023-05-24 11:27:08+00:00,watchingnewyork,Sidecar,Recent favorites. Donald on the cover in honor of being in Disney world today!   #streetfashion #fashion #street #NYC  #nycfashion #winter #winterfashion #fashiontrends #fallfashion #newyorkcity #style #streetstyle #vintage #thrift,"streetfashion, fashion, street, NYC, nycfashion, winter, winterfashion, fashiontrends, fallfashion, newyorkcity, style, streetstyle, vintage, thrift",78620,266,https://instagram.fwzy2-1.fna.fbcdn.net/v/t51.2885-15/348589575_200059729617476_1392860536872839326_n.jpg?stp=dst-jpg_e35_p1080x1080&_nc_ht=instagram.fwzy2-1.fna.fbcdn.net&_nc_cat=108&_nc_ohc=Nl_AynB_gq4AX8xt8Kw&edm=AP_V10EBAAAA&ccb=7-5&oh=00_AfAvP_Las6_3YZwDUQ-yelo7givLILZ7lmqYwWljO9e-oQ&oe=64883BB2&_nc_sid=8721cf
540,2023-05-25 20:06:05+00:00,versace,Sidecar,Guests at the “La Vacanza” fashion show.   Sarah Lysander Bashir Arab-Sanchez Peggy Gou Amina Muaddi Simon Jacquemus Gilda Ambrosio Marc Forne Devon Carlson Jeremy O’Harris Ivan Olita  The collection is available now at Versace.com via the link in bio.   @donatella_versace @dualipa  #VersaceLaVacanza,VersaceLaVacanza,84690,203,https://scontent-atl3-2.cdninstagram.com/v/t51.2885-15/349058349_925093558708349_1675388559089114880_n.jpg?stp=dst-jpg_e35_p1080x1080&_nc_ht=scontent-atl3-2.cdninstagram.com&_nc_cat=105&_nc_ohc=wL4rXJDvgxIAX-epncM&edm=AP_V10EBAAAA&ccb=7-5&oh=00_AfBBoTpkqAYhy0kkw6jpD8qH0MLwnCiUaq6fkNsgueXHvA&oe=648819DD&_nc_sid=8721cf
541,2023-04-15 16:25:08+00:00,facehunter,Sidecar,"#Baghdad chic ‎ ‎✨جميلات بغداد ✨  Meeting many special people through the vibrant cultural life of #Iraq’s capital. So eye-opening and hopeful to listen to their perspectives:   1-2: Fatima @fatomglam influencer 3-4: Zahraa @zahraed99 junior doctor “I love the acceptance in Baghdad, regardless of your believes, your religion, your language. One of the things that changed the most in the last years is that it’s much safer. I feel safe walking in the street as a girl. For me being Iraqi is like being a super hero, we survived many things in the past years.” 5: Reem @reem_alghazal industrial design student  6: Salwa @salawi.7 interior design “I also paint, write Arabic calligraphy in seven types, design my own clothes and am learning to play the piano. My dream is to become the Zaha Hadid of interior design.” 7: Tabarak @tt.abarak painter 8: Ayoush @_ayosh99 fashion design student  9: Janat @janatmajeed artist 10: Arwa @arwa.q.alrawi gallerist, executive director of a cultural heritage preservation organisation “This year, it is much more happening in the Baghdad cultural scene.”   #streetstyle #style #iraqistyle #streetfashion #iraqiwoman #iraqiwomen #baghdadiraq #Baghdadi #IraqiYouth #NewIraq #baghdad_iraq #iraqfashionpost #iraqiartists #iraqi_beauty #iraq_baghdad #iraqigirl #iraqigirls #iraqicreatives #baghdad❤️ #FacehunterIraq","Baghdad, Iraq’s, streetstyle, style, iraqistyle, streetfashion, iraqiwoman, iraqiwomen, baghdadiraq, Baghdadi, IraqiYouth, NewIraq, baghdad_iraq, iraqfashionpost, iraqiartists, iraqi_beauty, iraq_baghdad, iraqigirl, iraqigirls, iraqicreatives, baghdad❤️, FacehunterIraq",3516,97,https://instagram.fvgo3-2.fna.fbcdn.net/v/t51.2885-15/341148378_233353865907389_783221661086787095_n.jpg?stp=dst-jpg_e35_p1080x1080&_nc_ht=instagram.fvgo3-2.fna.fbcdn.net&_nc_cat=105&_nc_ohc=nUg3ySqHv6YAX9Uk_ey&edm=AP_V10EBAAAA&ccb=7-5&oh=00_AfBCutzqklvUG5eKQQWfFx1mgSjeCMwzwkDi4QCQ9PfWcQ&oe=6488756E&_nc_sid=8721cf
542,2023-02-26 17:16:48+00:00,facehunter,Sidecar,"#Tenerife 🇮🇨 Did you know that the #CanaryIslands were developed on the basis of a genocide?  Before the 15th century Castilian conquest and #colonisation, the islands -located off the coast of present-day Morocco- were inhabited by the Guanches (ⵉⴳⵡⴰⵏⵛⵉⵢⵏ) who were genetically and culturally related to the #Amazigh.  They were descendants of tribes who migrated from North Africa at least 2,000 to 3,000 years ago to develop their own civilisation on the #Canarias. They can be considered the only #AmazighPeople not to have been islamised.   Due to their incredible resistance, brutal fightings with the Spaniards lasted for over a century, but the Guanches people were eventually either killed, raped, enslaved or assimilated. The Canary were hispanized without leaving much space for syncretic culture - as it is often the case in Latin America, for instance. The Guanches’ language, spirituality and culture were forever erased. 💔💔💔  Anyways, thanks for coping with my “architecture post” hacked by some important history context. 🤓  So yeah, here are some 20th-21st architectural gems encountered on the largest and most populous island of the Canary Islands:  1-2: Edificio Cristianmar (residential building), 1960s 3-4: Auditorio de Tenerife Adán Martín (auditorium), designed by architect Santiago Calatrava, built between 1997-2003 5-9: Facultad de Bellas Artes (Universidad La Laguna), designed by Juan Antonio González Pérez, Urbano Yanes Tuña and Constanze Sixt, inaugurated in 2014 10: La iglesia del Santísimo Redentor (church), designed by Menis Arquitectos, built between 2005-2008  #SpanishColonisation #Conquista #arquitectura #archi #archidaily #archilover #modernism #Macaronesia #Espana #Spain #SantaCruzTenerife #LaLagunaTenerife","Tenerife, CanaryIslands, colonisation,, Amazigh., Canarias., AmazighPeople, SpanishColonisation, Conquista, arquitectura, archi, archidaily, archilover, modernism, Macaronesia, Espana, Spain, SantaCruzTenerife, LaLagunaTenerife",4739,80,https://scontent-atl3-2.cdninstagram.com/v/t51.2885-15/333283717_6313872391996849_695963342626919914_n.jpg?stp=dst-jpg_e35_p1080x1080&_nc_ht=scontent-atl3-2.cdninstagram.com&_nc_cat=101&_nc_ohc=uj59aU46eRQAX9UJA7f&edm=AP_V10EBAAAA&ccb=7-5&oh=00_AfCCa1Cms9HkwUZ_zdCkVlYGHtTmmKIH-mWRXoFytZy5WA&oe=6487E9EE&_nc_sid=8721cf
543,2023-05-21 12:45:59+00:00,watchingnewyork,Sidecar,From the May archives  #streetfashion #fashion #street #NYC  #nycfashion #winter #winterfashion #fashiontrends #fallfashion #newyorkcity #style #streetstyle #vintage #thrift,"streetfashion, fashion, street, NYC, nycfashion, winter, winterfashion, fashiontrends, fallfashion, newyorkcity, style, streetstyle, vintage, thrift",42590,156,https://scontent-ord5-2.cdninstagram.com/v/t51.2885-15/348693684_1028059594848818_4942407216822929429_n.jpg?stp=dst-jpg_e35_p1080x1080&_nc_ht=scontent-ord5-2.cdninstagram.com&_nc_cat=102&_nc_ohc=04wu5lma9uUAX-b5D5h&edm=AP_V10EBAAAA&ccb=7-5&oh=00_AfBPjU6KKE3gQ6TgD2JO8If2l86QD76pd2xAKm7OD3ET3w&oe=6489695F&_nc_sid=8721cf
544,2023-03-13 19:51:48+00:00,facehunter,Sidecar,"Eerie vibe in #Varosha, a ghost town turned leisure park   In August 1974, the popular Cypriot beach resort was invaded by the Turkish Army (in the context of the #CyprusProblem). Fearing a massacre, the entire #GreekCypriot population fled the town a few hours earlier.  Emilia (picture 2) was one of them, she now lives in Nicosia: “I was two months pregnant and had three young sons, suddenly we heard that the Turkish Army was attacking by the land and by the sea. Everyone was panicking. We didn’t have time to pack anything, I just took my jewellery. I was a millionaire and within a few minutes I became a refugee, we lost everything. I have nothing against Turkish Cypriots we are just people, the problem is politics.”  The army immediately fenced off the whole area and left it nearly untouched and reclaimed by the nature until this day. 🚧🚧🚧  In October 2020, the #NorthCyprus authorities reopened some streets to visitors. Can’t even imagine what the  Greek Cypriots who have been allowed to visit their town for the first time in 46 years might have felt.  The whole experience is quite weird as the #ghosttown is now equipped like a park. Bikes can be rented and one bar has opened on the beach. I’ve seen many people having a ‘good day out’, taking selfies in front of war leftovers…  According to a U.N. resolution from 1984, only the original inhabitants, who were forced out, could resettle in the town.  In the last few years, the Government of Northern Cyprus has been pushing to normalise the occupation of Varosha ( #Maraş in Turkish) and announced it would open it to settlement. It would imply that if a Greek Cypriot wants to get his building/land back, he would have no other choice than rent a plot to the North Cyprus authorities.  #Famagusta #Mağusa #Gazimağusa #Βαρώσια #ghosttown #DarkTourism #Κύπρος #Kıbrıs #travel #traveler #travelling #traveling #travelers #travels #traveller #traveldeeper #travel#CyprusDispute #CyprusIssue #FacehunterCyprus","Varosha,, CyprusProblem)., GreekCypriot, NorthCyprus, ghosttown, Maraş, Famagusta, Mağusa, Gazimağusa, Βαρώσια, DarkTourism, Κύπρος, Kıbrıs, travel, traveler, travelling, traveling, travelers, travels, traveller, traveldeeper, CyprusDispute, CyprusIssue, FacehunterCyprus",597,3,https://scontent-lhr8-2.cdninstagram.com/v/t51.2885-15/335780895_637942218142757_4197320133119003912_n.jpg?stp=dst-jpg_e35_p1080x1080&_nc_ht=scontent-lhr8-2.cdninstagram.com&_nc_cat=105&_nc_ohc=XQbITSCez2QAX_vupMs&edm=AP_V10EBAAAA&ccb=7-5&oh=00_AfBiBN8I-FjpeM9rARrW-2k9IkwCAg7zg4nfbeu50Uq3dg&oe=64886BC2&_nc_sid=8721cf
545,2023-03-04 16:36:48+00:00,facehunter,Sidecar,"Curves in #Cyprus 🤍🔶🔺🟡🔺🔶🤍  1 & 9: Apostle Peter and St. Helen the Martyr Chapel, #Paphos by Michail Georgiou 2-3: Eleftheria Square, #Nicosia by Zaha Hadid Architects, 2005-2021 4: Lala Musta Pasha Mosque, #Famagusta, built between 1298 and 1400 as a Catholic cathedral, it was converted into a mosque in 1571 5: staircase, Nicosia 6: Nicosia Central Park Residence (serviced apartments), 2019, Moshe Zur and Vafeiades & Vafeiades  7: private house, #Kyrenia (#Girne) 8: residential building, Kyrenia  just for context…  - two-thirds of the island (the South) is governed by the internationally recognised Republic of Cyprus 🇨🇾. This territory is mainly populated by Greek Cypriots, who speak Greek and tend to be Christian Orthodox. - one-third of the island (the North-East) is under de facto control of the self-proclaimed and unrecognised Turkish Republic of Northern Cyprus (only Turkey recognises it). It is mainly populated by Turkish Cypriots and Turks who speak Turkish and who tend to be Muslim.  Cyprus was divided in 1974 when Turkey invaded it to support Turkish Cypriots in response to a military coup sponsored by the Greek Army aiming at putting in power a pro-Enosis government, whose ultimate aim was the annexation of the island by Greece.  #architecture #Λευκωσία #Lefkosía #Lefkoşa #Κύπρος #cypruslife #cyprusisland #travel #travelphotography #traveler #traveler #traveling #travelling #travellife #instatravel #arch #archlovers #archidaily #archiporn #FacehunterCyprus","Cyprus, Paphos, Nicosia, Famagusta,, Kyrenia, Girne), architecture, Λευκωσία, Lefkosía, Lefkoşa, Κύπρος, cypruslife, cyprusisland, travel, travelphotography, traveler, traveling, travelling, travellife, instatravel, arch, archlovers, archidaily, archiporn, FacehunterCyprus",2088,29,https://scontent-sea1-1.cdninstagram.com/v/t51.2885-15/330996697_892414085328968_1900398677533760034_n.jpg?stp=dst-jpg_e35_p1080x1080&_nc_ht=scontent-sea1-1.cdninstagram.com&_nc_cat=108&_nc_ohc=11_fshV-dvsAX81pFA3&edm=AP_V10EBAAAA&ccb=7-5&oh=00_AfB2GnR5qGfQLhqO26IntOMlKNZ3WVMikNsVt0GDJyRGpg&oe=6487F747&_nc_sid=8721cf
546,2023-04-12 17:30:09+00:00,facehunter,Sidecar,"#Baghdad - #Iraqi #modernist #architecture ❤️🤍🖤  Roaming around such a major city, that despite how famous it is, I had no idea how it would look like before stepping here. What a feeling!  One type of aesthetics clearly dominates the #urbanscape: contemporary oriental shapes - they are everywhere.  Amazed by how Iraqi modernists worked on abstracting the heritage elements in so many ways.  Baghdad is filled with modernist and #brutalist buildings from the 1960s to 1980s inspired by #IslamicArchitecture (shapes reminiscent of Islamic arches) and occasionally by the volume of ziggurats, these massive Mesopotamian terraced structures.  It’s an old but modern city. More construction took place in Baghdad during the second half of the 20th century than at any time since its foundation in the 8th Century.  After centuries of Ottoman and then British rule; and after deposing its British-backed monarchy in 1958, post-colonial #Iraq -with a growing westernised elite- faced an important question in its urban planning: How would it build a modern nation without sacrificing its national identity?   1: Ministry of Agriculture  2: Al-Mansur neighbourhood  3: Al-Salihiya residential complex, 1984 4: Al-Wathba Square, mural representing Hafidh al-Droubi’s “Watermelon Sellers” (1969) 5: Ministry of Foreign Affairs 6: Central Post, Telegraph and Telephone Administration, 1972 by #RifatChadirji 7: Baghdad Waters Directorate by #HishamMunir & Nasir Al-Asadi, 1978 8: Baghdad City Hall by Hisham Munir & Nasir Al-Asadi, 1975 9: Al-Bataween neighbourhood  10: Ministry of Industry and Minerals by Fadhil Ajina  #facades #brutalism #brutalistarchitecture #archi #baghdadarchitecture #archidaily #architexture #archilovers #baittarkib #visitbaghdad #visitiraq #travel #travelphotography #traveler #travelling #instatravel #traveling #travels #travelholic #FacehunterIraq @traveltoiraq","Baghdad, Iraqi, modernist, architecture, urbanscape:, brutalist, IslamicArchitecture, Iraq, RifatChadirji, HishamMunir, facades, brutalism, brutalistarchitecture, archi, baghdadarchitecture, archidaily, architexture, archilovers, baittarkib, visitbaghdad, visitiraq, travel, travelphotography, traveler, travelling, instatravel, traveling, travels, travelholic, FacehunterIraq",1995,69,https://instagram.fbrs5-1.fna.fbcdn.net/v/t51.2885-15/340816584_1844044585954622_329252549778704850_n.jpg?stp=dst-jpg_e35_p1080x1080&_nc_ht=instagram.fbrs5-1.fna.fbcdn.net&_nc_cat=102&_nc_ohc=uug6j51tLNYAX8DoAAx&edm=AP_V10EBAAAA&ccb=7-5&oh=00_AfD9lARAcM0ipNvIW1OcVQq9HH2LAblzpxcZk0-xQOJ81A&oe=6488A230&_nc_sid=8721cf
547,2023-04-16 07:57:02+00:00,parisiensinparis,Sidecar,Bromance 🇫🇷❤️  #ShotOnIphone#Paris#Parisian#Parisien#Effortless#Style#EffortlessChic#Natural#Fashion#Denim#DenimMania#ParisianStyle#LeParisien#LaParisienne#ParisFashionWeek#PFW,"ShotOnIphone, Paris, Parisian, Parisien, Effortless, Style, EffortlessChic, Natural, Fashion, Denim, DenimMania, ParisianStyle, LeParisien, LaParisienne, ParisFashionWeek, PFW",26239,82,https://instagram.fjed4-6.fna.fbcdn.net/v/t51.2885-15/329781585_760592875506249_6333261994837962406_n.jpg?stp=dst-jpg_e35_p1080x1080&_nc_ht=instagram.fjed4-6.fna.fbcdn.net&_nc_cat=109&_nc_ohc=2v0QiYdo5zUAX_XGsh9&edm=AP_V10EBAAAA&ccb=7-5&oh=00_AfBzcdZ-sMWcWhQxHoq7TTWRnUx7dRSTurv8_V6-WsgbaA&oe=64881CE8&_nc_sid=8721cf
548,2023-02-25 15:59:21+00:00,facehunter,Sidecar,"#Milano 🇮🇹 Veni, vidi, streetstyli - laid over in #Milan during #fashionweek and met…   1-2: Martino @martinocarrera, fashion writer 3-4: Venita @venitaraquel, model 5: Khrystyna @krisshyn, model 6: Anna @annaanne_ahn, model  #streetstyle #style #styleinspiration #stylefashion #styleinspo #mensfashion #mensstyle #modelstyle #MilanStyle #MilanFashion #MilanFashionWeek #Italia #Italy #FacehunterMilan","Milano, Milan, fashionweek, streetstyle, style, styleinspiration, stylefashion, styleinspo, mensfashion, mensstyle, modelstyle, MilanStyle, MilanFashion, MilanFashionWeek, Italia, Italy, FacehunterMilan",812,27,https://instagram.fosu2-1.fna.fbcdn.net/v/t51.2885-15/332897496_509942947881816_57155165877093126_n.jpg?stp=dst-jpg_e35_p1080x1080&_nc_ht=instagram.fosu2-1.fna.fbcdn.net&_nc_cat=100&_nc_ohc=rw-MfsepX1gAX-Z3U7t&edm=AP_V10EBAAAA&ccb=7-5&oh=00_AfDjcI68NxrrqBc0mVymcVLDFsmc0_CBcEaSvRIXpBbPGw&oe=64884C7A&_nc_sid=8721cf
549,2023-03-01 05:11:54+00:00,harrystyles,Sidecar,"Love On Tour. Gold Coast. February, 2023.",,4658051,39562,https://instagram.fyei6-4.fna.fbcdn.net/v/t51.2885-15/333595855_935783934096333_6312724834633292071_n.jpg?stp=dst-jpg_e35_s1080x1080&_nc_ht=instagram.fyei6-4.fna.fbcdn.net&_nc_cat=109&_nc_ohc=ttCvedtRjZQAX8EuQ8z&edm=AP_V10EBAAAA&ccb=7-5&oh=00_AfDmDguvwd0IZTEQh0TCgCrmoEG0OjIuCLA9Euxv6Q-jqA&oe=6488ABAD&_nc_sid=8721cf
550,2023-04-16 07:03:45+00:00,parisiensinparis,Sidecar,🇫🇷  #ShotOnIphone#Paris#Parisian#Parisien#Effortless#Style#EffortlessChic#Natural#Fashion#Denim#DenimMania#ParisianStyle#LeParisien#LaParisienne#ParisFashionWeek#PFW,"ShotOnIphone, Paris, Parisian, Parisien, Effortless, Style, EffortlessChic, Natural, Fashion, Denim, DenimMania, ParisianStyle, LeParisien, LaParisienne, ParisFashionWeek, PFW",7610,40,https://instagram.fmnl30-3.fna.fbcdn.net/v/t51.2885-15/329767981_624278209080485_5883322540426573740_n.jpg?stp=dst-jpg_e35_p1080x1080&_nc_ht=instagram.fmnl30-3.fna.fbcdn.net&_nc_cat=105&_nc_ohc=RXX6LRrdFIEAX8FeN8C&edm=AP_V10EBAAAA&ccb=7-5&oh=00_AfClPslQ39yhaQ_wiM-wMbnUmr7STgsn6D5AjyuyJtLAOw&oe=64891080&_nc_sid=8721cf
551,2023-04-24 14:08:42+00:00,facehunter,Sidecar,"#Baghdad 🇮🇶 🚴🏽‍♀️ 🎨 Marina @marina_zayed started to ride her #bicycle through the capital of #Iraq in 2016, as an #artproject (during @tarkib_baghdad Festival). Her pictures went viral and inspired many people - men and women - to join her for rides in the city. Marina still organises group bike rides.  “The idea came to me when I first moved out of Baghdad and saw bike rentals. My husband suggested to take a ride and I said I don’t know how to ride a bike. He told me you did it before [as a kid] and it is something you don’t forget. I went on it and it felt so amazing, because it was something I couldn’t do for years. I was told off doing it [as a woman] and when I tried again I felt free and didn’t like the feeling at the same time because I was so proud of myself. I was telling myself, it’s just a bike, I shouldn’t be proud. I didn’t like that my country took that little enjoyment that I had when I was little. I was remembering my grandfather telling me not to, I didn’t understand why, but I followed. It was not even my bike, it was my cousin’s bike, I didn’t have a bike in my life.  The feeling I had that moment, made me want to ride a bike in Baghdad and I thought what’s going to happen. It’s just because people stopped doing things and maybe we should do it again. I bought a bike and brought it all over Baghdad. I remember the first time it was intense, I was so scared. I could hear my heart beats. It felt so amazing. I remember at a checkpoint, I was riding my bike and I was so scared. They wouldn’t tell me off because it’s not illegal but in my head it was something I shouldn’t do. I was riding and I saw him and I was trying to return, I didn’t want him to say anything. What he did, he opened the barrier and let me pass.”  #womenempowerment #womenartists #womanartist #womanpower #artist #baghdadi #baghdad_iraq #baghdadiraq #iraqiartist #iraqipainting #iraqiartists #iraqbaghdad #performanceart #FacehunterIraq","Baghdad, bicycle, Iraq, artproject, womenempowerment, womenartists, womanartist, womanpower, artist, baghdadi, baghdad_iraq, baghdadiraq, iraqiartist, iraqipainting, iraqiartists, iraqbaghdad, performanceart, FacehunterIraq",1409,46,https://instagram.fsyq2-1.fna.fbcdn.net/v/t51.2885-15/342732965_1253389522241428_566301607484340900_n.jpg?stp=dst-jpg_e35_p1080x1080&_nc_ht=instagram.fsyq2-1.fna.fbcdn.net&_nc_cat=104&_nc_ohc=TnsWFz9O_EAAX8mipBO&edm=AP_V10EBAAAA&ccb=7-5&oh=00_AfDGhGq85WkoLrHjgnCwBK4FbztzFkYLB2-AsdkQlVSipw&oe=6488B4B8&_nc_sid=8721cf
552,2023-04-13 13:40:05+00:00,parisiensinparis,Sidecar,🇫🇷🔥💕🌸☀️🕊️  #ShotOnIphone#Paris#Parisian#Parisien#Effortless#Style#EffortlessChic#Natural#Fashion#Denim#DenimMania#ParisianStyle#LeParisien#LaParisienne#ParisFashionWeek#PFW,"ShotOnIphone, Paris, Parisian, Parisien, Effortless, Style, EffortlessChic, Natural, Fashion, Denim, DenimMania, ParisianStyle, LeParisien, LaParisienne, ParisFashionWeek, PFW",4974,8,https://scontent-mad1-1.cdninstagram.com/v/t51.2885-15/340847699_3457075004508701_8277357707862845253_n.jpg?stp=dst-jpg_e35_p1080x1080&_nc_ht=scontent-mad1-1.cdninstagram.com&_nc_cat=105&_nc_ohc=jhnfDMu2-LQAX9onHYJ&edm=AP_V10EBAAAA&ccb=7-5&oh=00_AfCL_gy1m-YzWJfs1bwcDA45SrkKkOhMOLjVtkajS5rCjg&oe=6488B714&_nc_sid=8721cf
553,2023-03-03 18:00:48+00:00,facehunter,Sidecar,"#Nicosia 🧡 looking for hope in the last divided capital.  💞Will love save #Cyprus?💞  “#TurkishCypriots and #GreekCypriots couldn’t meet with each other for decades. But since the checkpoints opened in 2003, people started to fall in love with each other and they were some bi-communal couples. It happens to me as well. A decade ago, it was still something marginal. But now, it has become something more common, it’s part of our daily life, especially for the people of Nicosia.   Unification of the island is our dream, it’s still a long way, it should happen. But first it’s important that we become part of our personal lives, social circles and romantic relationships. Love will save the world!?!  I understand why people think that after many years, a peaceful (but separated) coexistence would be more manageable. But I don’t think Cyprus is big enough for that, especially with bigger problems that we are facing. We have ecosystems being destroyed, we have global warming, we have diminishing resources, we have crisis and violence all around the world, Cyprus is a small small place and it can become an example for a peaceful unification and more democratic ways of living. I guess it’s attainable. It’s just that people got used to think it’s impossible after many years, but it’s not.“ @berandjemal   For nearly a half-century (since 1974), the Republic of Cyprus (🇨🇾) and its capital Nicosia have been split in two and separated by a UN-patrolled buffer zone.  While here, I heard as many opinions on the #CyprusProblem as people. Nevertheless, there is a new generation of #Cypriots hoping that Greeks and Turks can come together. 🕊️  1. Μιχάλης (Michalis)  2-3. Alya @taurrusx  4. Κάμπος (Kampos) 5. Mehmetemin @memoland11  6. Arzu @arzugenc8 7. Tayfun @tyfnadem 8. Bethel 9. Father Irinarochos (or something similar) 10. Beran @berandjemal  #CyprusDispute #CyprusQuestion #CyprusConflict #Λευκωσία #Lefkosía #Lefkoşa #Κύπρος #Streetstyle #style #cypruslife #cyprusisland #travel #travelphotography #traveler #traveler #traveling #travelling #travellife #instatravel #FacehunterCyprus","Nicosia, Cyprus?💞, TurkishCypriots, GreekCypriots, CyprusProblem, Cypriots, CyprusDispute, CyprusQuestion, CyprusConflict, Λευκωσία, Lefkosía, Lefkoşa, Κύπρος, Streetstyle, style, cypruslife, cyprusisland, travel, travelphotography, traveler, traveling, travelling, travellife, instatravel, FacehunterCyprus",752,11,https://scontent-lcy1-2.cdninstagram.com/v/t51.2885-15/329037655_579695640765058_5475678598758976643_n.jpg?stp=dst-jpg_e35_p1080x1080&_nc_ht=scontent-lcy1-2.cdninstagram.com&_nc_cat=110&_nc_ohc=5rNuUgSy98AAX8YSAO6&edm=AP_V10EBAAAA&ccb=7-5&oh=00_AfDaIbJpjyZX7A4w6tGl0gyc_ggc1ZxG7hcDXBTDn3hqjQ&oe=6488169E&_nc_sid=8721cf
554,2023-02-14 16:23:20+00:00,harrystyles,Sidecar,"Brits, February 2023.",,4166577,27485,https://scontent-hou1-1.cdninstagram.com/v/t51.2885-15/330831416_923261705365256_6957374921790199515_n.jpg?stp=dst-jpg_e35_s1080x1080&_nc_ht=scontent-hou1-1.cdninstagram.com&_nc_cat=108&_nc_ohc=c7G3_vgH84EAX_njaih&edm=AP_V10EBAAAA&ccb=7-5&oh=00_AfB1CHe4cq3FpgHn6PESq7S4jeP1UJIcy5w4KPDoKQRA_g&oe=64893B60&_nc_sid=8721cf
555,2023-04-22 16:31:21+00:00,facehunter,Sidecar,"Old #Baghdad 🇮🇶 reminiscent of the 1920s to 1960s’ #Iraqi cultural boom.  In their glory, #AlRasheed and #Mutanabi streets used to be home to Baghdad’s intelectual scene and nightlife, with one of the world’s oldest book markets, cinemas (photo 1: Al Zawraa, built in 1936, was one of Iraq’s first cinemas), theatres, and cafés where writers, artists, politicians, intellectuals and students would gather.  After nearly half a century of neglect under Saddam Hussein - who saw the area as a symbol of past rulers and the monarchy - and later during the war,  the historic hub is recently going through a cultural renaissance. Thanks to a better safety situation, many Iraqis from all generations, are being drawn to this spot, to buy books, celebrate their cultural heritage or just hang out. Feels so good to be here! ❤️❤️❤️  #OldBaghdad #Mutanabbi #mutanabistreet #Iraq #baghdad_iraq #iraq🇮🇶 #iraqesque #iraqtravel #traveliraq #travel #travelling #travelphotography #traveler #traveling #instatravel #Baghdadis #Baghdadistyle #visitiraq #travelawesome #travelholic #travellife #travels #travelingram #travellife #travelpics #facehunteriraq","Baghdad, Iraqi, AlRasheed, Mutanabi, OldBaghdad, Mutanabbi, mutanabistreet, Iraq, baghdad_iraq, iraq🇮🇶, iraqesque, iraqtravel, traveliraq, travel, travelling, travelphotography, traveler, traveling, instatravel, Baghdadis, Baghdadistyle, visitiraq, travelawesome, travelholic, travellife, travels, travelingram, travelpics, facehunteriraq",2719,42,https://instagram.fogx1-2.fna.fbcdn.net/v/t51.2885-15/342564210_917998422590204_8172894169801431224_n.jpg?stp=dst-jpg_e35_p1080x1080&_nc_ht=instagram.fogx1-2.fna.fbcdn.net&_nc_cat=108&_nc_ohc=_HDI_3gJBXEAX-IabCe&edm=AP_V10EBAAAA&ccb=7-5&oh=00_AfAFTXyM9PK8DcamRE5XHHC45QhIRPYwqC7fSGOXIPyq3g&oe=648960C9&_nc_sid=8721cf
556,2023-02-07 03:26:37+00:00,harrystyles,Sidecar,"Grammys, February 2023.",,6415828,83042,https://instagram.fmct2-3.fna.fbcdn.net/v/t51.2885-15/329528529_919845002696238_4780023479283138772_n.jpg?stp=dst-jpg_e35_s1080x1080&_nc_ht=instagram.fmct2-3.fna.fbcdn.net&_nc_cat=106&_nc_ohc=JvnAlBEjxREAX8xhaz4&edm=AP_V10EBAAAA&ccb=7-5&oh=00_AfB_k51vERcT2r6TTwyxW4oRf8cQKVmMuVV7-RQkHnum0w&oe=6488C335&_nc_sid=8721cf
557,2023-02-02 21:33:23+00:00,harrystyles,Sidecar,"Love On Tour. Palm Springs II. February, 2023.",,4481353,29151,https://instagram.fiev13-1.fna.fbcdn.net/v/t51.2885-15/322789049_557520476403237_3545184810901170217_n.jpg?stp=dst-jpg_e35_s1080x1080&_nc_ht=instagram.fiev13-1.fna.fbcdn.net&_nc_cat=109&_nc_ohc=eKg7uVSKylEAX8K1Vfc&edm=AP_V10EBAAAA&ccb=7-5&oh=00_AfC23O7TJgOKPV1Kz9Mcb1eXeNYbYk_HQeSBKRe3yCf-tQ&oe=648961CA&_nc_sid=8721cf
558,2023-06-03 12:32:25+00:00,watchingnewyork,Sidecar,June Archives  #streetfashion #fashion #street #NYC  #nycfashion #spring #springfashion #fashiontrends #newyorkcity #style #streetstyle #vintage #thrift,"streetfashion, fashion, street, NYC, nycfashion, spring, springfashion, fashiontrends, newyorkcity, style, streetstyle, vintage, thrift",36482,166,https://instagram.fbcn5-2.fna.fbcdn.net/v/t51.2885-15/350812183_952265869350717_2111246756424932271_n.jpg?stp=dst-jpg_e35_p1080x1080&_nc_ht=instagram.fbcn5-2.fna.fbcdn.net&_nc_cat=109&_nc_ohc=3TBbl9xfckAAX-GvkVT&edm=AP_V10EBAAAA&ccb=7-5&oh=00_AfCJogl4ATuImPMl9V-B6br71wFaXjC17tXrp7EatdbJKw&oe=64877EA6&_nc_sid=8721cf
559,2022-05-11 19:21:31+00:00,oldprada,Sidecar,SS 2011   Karen Elson by Sam Taylorwood Vogue Italia Mar. 2011  #oldprada #prada #miuccialover #SS2011 #karenelson #samtaylorwood #color #drama #mood #dresses #praduh #iconic #inspo #love #seasontoremember #vogueitalia #fashion #editorial #panosyiapanis,"oldprada, prada, miuccialover, SS2011, karenelson, samtaylorwood, color, drama, mood, dresses, praduh, iconic, inspo, love, seasontoremember, vogueitalia, fashion, editorial, panosyiapanis",125,0,https://instagram.fhex1-1.fna.fbcdn.net/v/t51.2885-15/280707603_3190727587913007_8987088593202137386_n.jpg?stp=dst-jpg_e35_s1080x1080&_nc_ht=instagram.fhex1-1.fna.fbcdn.net&_nc_cat=103&_nc_ohc=Z1XSscP3tKUAX_65Z3A&edm=AP_V10EBAAAA&ccb=7-5&oh=00_AfCmXgXzmmexyI-ebrhL_xn46XSaMIxWdmYybRmWQ4j8Dw&oe=648943A8&_nc_sid=8721cf
560,2023-04-07 16:10:00+00:00,parisfashionweek,Sidecar,"“Logical and functional as clothing, yet fully at tuned to the elegance of contemporary lifestyles.”  Discover the Womenswear Fall/Winter 2023-2024 collection entitled “knit-ware” from @cfcl_official by tapping the link in bio.  #parisfashionweek #pfw #cfcl","parisfashionweek, pfw, cfcl",1842,16,https://instagram.fbcn7-2.fna.fbcdn.net/v/t51.2885-15/339665132_141557598872100_4007222346941034243_n.jpg?stp=dst-jpg_e35_p1080x1080&_nc_ht=instagram.fbcn7-2.fna.fbcdn.net&_nc_cat=100&_nc_ohc=IRlg11wmncUAX_Jj-Pp&edm=AP_V10EBAAAA&ccb=7-5&oh=00_AfD8Wxy7pwsLLLY5ZgAV8KGyYDtkhP0t5tt6CZLA7fDhjA&oe=6488F9DB&_nc_sid=8721cf
561,2023-04-11 16:14:24+00:00,parisfashionweek,Sidecar,Our photographer @samirnovotny captured some specials moments during our last Womenswear Fall/Winter 2023-2024 Paris Fashion Week®.  Get an access to all the collections by tapping the link in bio!  #parisfashionweek #pfw #samirnovotny,"parisfashionweek, pfw, samirnovotny",3531,21,https://scontent-lga3-1.cdninstagram.com/v/t51.2885-15/340516795_6010959328958046_6103610972102549478_n.jpg?stp=dst-jpg_e35_p1080x1080&_nc_ht=scontent-lga3-1.cdninstagram.com&_nc_cat=106&_nc_ohc=snaI7xIJ4UIAX_6dSfF&edm=AP_V10EBAAAA&ccb=7-5&oh=00_AfDvWbdhm8lWFYfYMZTINY-hUVG4-vA3qv4nUjz-0d1fvA&oe=64877D37&_nc_sid=8721cf
562,2023-05-28 11:44:06+00:00,prada,Sidecar,"Anushka Sharma and Storm Reid in Prada while attending the 76th Cannes film festival.  Anushka Sharma wore a cherry pink double satin top with train detail and pants embellished with black sequin embroidery, while attending the L'Oreal - Light on Women Award during the 76th Cannes film festival.  Storm Reid wore gold colored sequined gown with neckline on the back embellished by the detail of the bow train and gold brushed leather sandals, while attending the amfAR Cannes Gala, during the 76th Cannes film festival.  #PradaPeople @anushkasharma @stormreid @festivaldecannes #Cannes2023","PradaPeople, Cannes2023",32677,199,https://instagram.fosu2-1.fna.fbcdn.net/v/t51.2885-15/350092512_229643513129455_2091716109804962502_n.jpg?stp=dst-jpg_e35_p1080x1080&_nc_ht=instagram.fosu2-1.fna.fbcdn.net&_nc_cat=107&_nc_ohc=1Z6dMYo-qL8AX9MAE2s&edm=AP_V10EBAAAA&ccb=7-5&oh=00_AfAF1V6JhaNt929GM1Mcn9sRQtJOLz_Jei-jNkSjnu12WQ&oe=6487FC7A&_nc_sid=8721cf
563,2022-05-11 19:21:14+00:00,oldprada,Sidecar,SS 2011   Karen Elson by Sam Taylorwood Vogue Italia Mar. 2011  #oldprada #prada #miuccialover #SS2011 #karenelson #samtaylorwood #color #drama #mood #dresses #praduh #iconic #inspo #love #seasontoremember #vogueitalia #fashion #editorial #panosyiapanis,"oldprada, prada, miuccialover, SS2011, karenelson, samtaylorwood, color, drama, mood, dresses, praduh, iconic, inspo, love, seasontoremember, vogueitalia, fashion, editorial, panosyiapanis",288,0,https://scontent-hou1-1.cdninstagram.com/v/t51.2885-15/280460088_1415199008908241_8641790540837963792_n.jpg?stp=dst-jpg_e35_p1080x1080&_nc_ht=scontent-hou1-1.cdninstagram.com&_nc_cat=105&_nc_ohc=Cfs1mBPCCxMAX8HF8xG&edm=AP_V10EBAAAA&ccb=7-5&oh=00_AfACyubVn1WtwcJrkjK5H8-PSzz1RYMcd4JXQrbN5_eFRw&oe=6487B868&_nc_sid=8721cf
564,2022-05-11 19:21:46+00:00,oldprada,Sidecar,SS 2011   Karen Elson by Sam Taylorwood Vogue Italia Mar. 2011  #oldprada #prada #miuccialover #SS2011 #karenelson #samtaylorwood #color #drama #mood #dresses #praduh #iconic #inspo #love #seasontoremember #vogueitalia #fashion #editorial #panosyiapanis,"oldprada, prada, miuccialover, SS2011, karenelson, samtaylorwood, color, drama, mood, dresses, praduh, iconic, inspo, love, seasontoremember, vogueitalia, fashion, editorial, panosyiapanis",259,0,https://instagram.fpwq4-1.fna.fbcdn.net/v/t51.2885-15/280548388_3239168702987813_7481389277567000447_n.jpg?stp=dst-jpg_e35_s1080x1080&_nc_ht=instagram.fpwq4-1.fna.fbcdn.net&_nc_cat=105&_nc_ohc=_aJNwNt5Wl0AX8vP3wt&edm=AP_V10EBAAAA&ccb=7-5&oh=00_AfA_xATJsxLuPcVN-pgH7rsZOA2ffXcToakWc1CJgWTjnw&oe=6488E83A&_nc_sid=8721cf
565,2023-03-29 16:10:28+00:00,parisfashionweek,Sidecar,The talented @linebrusegan brings us into the streets of @off____white show during the last Womenswear Fall/Winter 2023-2024 Paris Fashion Week®.  Tap the link in bio to access all the collections on our platform!  #parisfashionweek #pfw #linebrusegan,"parisfashionweek, pfw, linebrusegan",2716,32,https://instagram.fods2-1.fna.fbcdn.net/v/t51.2885-15/338615390_768708804494968_8103740959296171668_n.jpg?stp=dst-jpg_e35_p1080x1080&_nc_ht=instagram.fods2-1.fna.fbcdn.net&_nc_cat=104&_nc_ohc=FzURnyUSaXcAX-YDond&edm=AP_V10EBAAAA&ccb=7-5&oh=00_AfCjGKlzq1d0rSe87aduCrkoWBUJRRmxGBU0Vl0aez8oew&oe=6488BCBC&_nc_sid=8721cf
566,2023-05-28 16:03:13+00:00,prada,Sidecar,"Alexa Chung and Alice Rohrwacher in Prada while attending the 76th Cannes film festival.  Alexa Chung wore a fuchsia nylon crêpe dress with draping and wide train, Crystal-embellished bag and black satin décolleté while while attending the ‘Killers Of The Flower Moon’ premiere, during the 76th Cannes film festival.  Alice Rohrwacher wore a white poplin top with wide built-up sleeves paired with an inky blue tec satin paneled skirt, while attending the ‘La Chimera’ premiere during the 76th Annual Cannes film festival.  #PradaPeople @alexachung #AliceRohrwacher  @festivaldecannes #Cannes2023","PradaPeople, AliceRohrwacher, Cannes2023",15068,73,https://instagram.fbgi1-1.fna.fbcdn.net/v/t51.2885-15/349152161_6030533500379129_8231483295686198873_n.jpg?stp=dst-jpg_e35_p1080x1080&_nc_ht=instagram.fbgi1-1.fna.fbcdn.net&_nc_cat=105&_nc_ohc=Xje1cfoH4poAX-EzwxH&edm=AP_V10EBAAAA&ccb=7-5&oh=00_AfDwjRC1BhfISYpprHeo5kKO-3q7Aa-CO8fQq5EUN3iUBA&oe=6487C0E7&_nc_sid=8721cf
567,2023-03-24 17:10:31+00:00,parisfashionweek,Sidecar,"""For Fall Winter wardrobe at Weinsanto we have a range from daywear classics and workwear to escapism couture extravaganzas"" @weinsanto is inspired by cultural icons like SATC and @badgalriri.  The full Womenswear Fall/Winter 2023-2024 show is available on our platform. Link in bio!  #parisfashionweek #pfw #weinsanto","parisfashionweek, pfw, weinsanto",3718,25,https://instagram.fbcn12-1.fna.fbcdn.net/v/t51.2885-15/328960552_664949372102684_1109122482059642992_n.jpg?stp=dst-jpg_e35_p1080x1080&_nc_ht=instagram.fbcn12-1.fna.fbcdn.net&_nc_cat=108&_nc_ohc=sTr9DEDs8wwAX_rUfW-&edm=AP_V10EBAAAA&ccb=7-5&oh=00_AfCpbHDMf_rPfgwV4PVIjx1SxksrmP_MB6KUxYgdEjynXw&oe=64885761&_nc_sid=8721cf
568,2022-05-09 18:00:47+00:00,oldprada,Sidecar,SS 2002  (Vogue Italia Mar. 2002 “Variation on Gold” by Glen Luchford)  #oldprada #miuccialover #editorial #glenluchford #prada #fashion #icons #mood #color #SS2002 #vintageprada #love #inspo #vogueitalia #francasozzani #inspired #jacquardfabric #chic #tuttoprada #amo #gorge #obsessed #annacockburn,"oldprada, miuccialover, editorial, glenluchford, prada, fashion, icons, mood, color, SS2002, vintageprada, love, inspo, vogueitalia, francasozzani, inspired, jacquardfabric, chic, tuttoprada, amo, gorge, obsessed, annacockburn",881,3,https://instagram.fesb4-2.fna.fbcdn.net/v/t51.2885-15/280501555_726281488500866_9025316233271110112_n.jpg?stp=dst-jpg_e35_s1080x1080&_nc_ht=instagram.fesb4-2.fna.fbcdn.net&_nc_cat=102&_nc_ohc=GS1eBDNAhXUAX9VyDbU&edm=AP_V10EBAAAA&ccb=7-5&oh=00_AfCK6h5BLWoGbwY4TTeR-6VpQMBZBvHIuWaHOcTcNUodcw&oe=64895CB4&_nc_sid=8721cf
569,2023-05-29 07:35:12+00:00,prada,Sidecar,"Anaïs Demoustier in Prada while attending the 76th Cannes film festival.  Anaïs Demoustier wore a Prada Champagne colored organza gown, with neckline trimmed with grosgrain ribbon embroidered with pearls and crystals and embellished with jais embroidery and micro-crystal fringes  Anaïs Demoustier wore a Prada black patent leather dress embellished with hand-painted gold shades, while attending the opening ceremony of the 76th Cannes film festival.  #PradaPeople #AnaïsDemoustier  @festivaldecannes #Cannes2023","PradaPeople, AnaïsDemoustier, Cannes2023",18469,57,https://instagram.fbcn12-1.fna.fbcdn.net/v/t51.2885-15/350430409_794923562343967_2753926829520836913_n.jpg?stp=dst-jpg_e35_p1080x1080&_nc_ht=instagram.fbcn12-1.fna.fbcdn.net&_nc_cat=107&_nc_ohc=MKB2HfMK71UAX9O6_b2&edm=AP_V10EBAAAA&ccb=7-5&oh=00_AfBPYNvwO2xFhgIj4DRMvynijZ7ogX14tdfy0-whAut9EQ&oe=6487A4B8&_nc_sid=8721cf
570,2023-03-26 16:00:00+00:00,parisfashionweek,Sidecar,“He expresses his attachment to his Moroccan roots through his sense of lines and volumes inspired by traditional Moroccan clothing.”  @benjaminbenmoyal defines contemporary silhouettes mix with his craft.  Discover the Womenswear Fall/Winter 2023-2024 collection by tapping the link in bio.  #parisfashionweek #pfw #benjaminbenmoyal,"parisfashionweek, pfw, benjaminbenmoyal",2756,23,https://scontent-mxp1-1.cdninstagram.com/v/t51.2885-15/337681290_766407681437583_1180878220373320732_n.jpg?stp=dst-jpg_e35_p1080x1080&_nc_ht=scontent-mxp1-1.cdninstagram.com&_nc_cat=103&_nc_ohc=XWjD5ryI_1YAX-bz8eo&edm=AP_V10EBAAAA&ccb=7-5&oh=00_AfAuruQ_OJohq0X6U1gklEfsEOH10hhGMc4eJGf2xQdlHQ&oe=648803AF&_nc_sid=8721cf
571,2023-04-02 16:25:00+00:00,parisfashionweek,Sidecar,"“You can be a sweet dream or a beautiful nightmare”.   The designers’s duo @patric_heavenly6 and Bryn Taubensee, behind @vaquera.nyc, mark a strong return with this Womenswear Fall/Winter 2023-2024 Paris Fashion Week®.  Discover the full collection on our platform. Link in bio!  #parisfashionweek #pfw #vaquera","parisfashionweek, pfw, vaquera",2183,24,https://instagram.fpos1-2.fna.fbcdn.net/v/t51.2885-15/339093706_1465310717542822_8043101836568896236_n.jpg?stp=dst-jpg_e35_p1080x1080&_nc_ht=instagram.fpos1-2.fna.fbcdn.net&_nc_cat=110&_nc_ohc=nIMfU53_QjgAX97ZFmk&edm=AP_V10EBAAAA&ccb=7-5&oh=00_AfA-M_09Ha3_BGYEJASxFnPQKyVhIN_CpoxH8FqjnI1kGg&oe=64883CEF&_nc_sid=8721cf
572,2023-03-20 16:57:43+00:00,parisfashionweek,Sidecar,"“Details are forgotten and recalled again, bringing thoughts back to a time or place or person.” @niccolopasqualetti proposes an androgynous landscape through the reinterpretation of his traditional wardrobe.  Tap the link in bio to discover the full lookbook.  #parisfashionweek #pfw #niccolopasqualetti","parisfashionweek, pfw, niccolopasqualetti",1707,24,https://instagram.fiev13-1.fna.fbcdn.net/v/t51.2885-15/337449656_169585372598412_8652824834398170625_n.jpg?stp=dst-jpg_e35_p1080x1080&_nc_ht=instagram.fiev13-1.fna.fbcdn.net&_nc_cat=100&_nc_ohc=KErCPjrShLwAX9Ozrrh&edm=AP_V10EBAAAA&ccb=7-5&oh=00_AfB2eoAYBAhSAzsawZ2-J2baNAgoTW0MO0PWHNuC9LgiVw&oe=6487D972&_nc_sid=8721cf
573,2023-05-05 12:36:20+00:00,facehunter,Sidecar,"Iraqi-Swedish #artist Sara @saraalmosaibijasas recently had an exhibition (Heal 3.0) and performance @thegallery.iq in #Baghdad  I had the chance to have a coffee with her and chat about identity, art, traumas and moving to Iraq.  ""I grew up in Sweden and I came to #Iraq looking for two things: to explore the art scene & to find the piece of my identity that I've always been missing.  I'm not done yet with my quest. I will always be feeling this. When I'm here, I'm not completely home, it feels like home but it is so far away from home. At home, in Sweden, I feel like at home, but there is something missing.  My art show started out as a meditative means for healing my traumas and therapy.  There is a momentum right now in Iraq, things are changing and people feel hope and want to come back to their roots. I have several friends from the diaspora who are considering moving back.  I actually want to move here. I'm trying to arrange that for September.  In Sweden, the streets are clean, life is comfortable, I value that there is a safe system but are they the most important things in my life? The social life, the warmth, the social closeness to my people, my heritage and my language are way more important to me.”  #IraqiArtist #IraqiDiaspora #IraqiWoman #CreativeIraq #Back2TheRoots #IraqiArt #FacehunterIraq 🇮🇶","artist, Baghdad, Iraq, IraqiArtist, IraqiDiaspora, IraqiWoman, CreativeIraq, Back2TheRoots, IraqiArt, FacehunterIraq",710,18,https://instagram.fslp1-1.fna.fbcdn.net/v/t51.2885-15/344802368_1282576745667078_2740560833370933757_n.jpg?stp=dst-jpg_e35_p1080x1080&_nc_ht=instagram.fslp1-1.fna.fbcdn.net&_nc_cat=106&_nc_ohc=e3igVTPEb88AX_Su-u1&edm=AP_V10EBAAAA&ccb=7-5&oh=00_AfB-vw1oAhWU0iKLJhZNxa3tgUV6IzChVLvYGBd4KS8oKw&oe=648798B0&_nc_sid=8721cf
574,2023-03-22 17:10:00+00:00,parisfashionweek,Sidecar,"“In A/W23, Rui attempts to create an enclosed private experience by describing the texture of the ""shell.“  Discover the full Womenswear Fall/Winter 2023-2024 Collection from @ruiofficial.me on our platform. Link in bio!  #parisfashionweek #pfw #rui","parisfashionweek, pfw, rui",1586,15,https://scontent-msp1-1.cdninstagram.com/v/t51.2885-15/337093870_518597547140437_2350489861968850552_n.jpg?stp=dst-jpg_e35_s1080x1080&_nc_ht=scontent-msp1-1.cdninstagram.com&_nc_cat=101&_nc_ohc=-zMHTvRqWf4AX-HdMvk&edm=AP_V10EBAAAA&ccb=7-5&oh=00_AfDhNIhbLTUrTaN8tk3uyDnS2RqlS-wokWCxRK56aDlprA&oe=64880602&_nc_sid=8721cf
575,2022-05-09 18:01:14+00:00,oldprada,Sidecar,SS 2002  (Vogue Italia Mar. 2002 “Variation on Gold” by Glen Luchford)  #oldprada #miuccialover #editorial #glenluchford #prada #fashion #icons #mood #color #SS2002 #vintageprada #love #inspo #vogueitalia #francasozzani #inspired #jacquardfabric #chic #tuttoprada #amo #gorge #obsessed #annacockburn,"oldprada, miuccialover, editorial, glenluchford, prada, fashion, icons, mood, color, SS2002, vintageprada, love, inspo, vogueitalia, francasozzani, inspired, jacquardfabric, chic, tuttoprada, amo, gorge, obsessed, annacockburn",374,0,https://scontent-waw1-1.cdninstagram.com/v/t51.2885-15/280143692_2788730974755497_926623491778851413_n.jpg?stp=dst-jpg_e35_s1080x1080&_nc_ht=scontent-waw1-1.cdninstagram.com&_nc_cat=105&_nc_ohc=QfW-T_ip7cIAX8vKvlc&edm=AP_V10EBAAAA&ccb=7-5&oh=00_AfDTPCpEfVJIFGFqX2HFjvqqNRn2qAMf_PYkq1NYRD3m4Q&oe=64880B2E&_nc_sid=8721cf
576,2023-05-19 13:43:03+00:00,cameramodafashiontrust,Sidecar,We are thrilled to present the Co-Presidents and members of the international committee of the CNMI Fashion Trust Grant 2023.  Their invaluable experience will allow three up to four independent brands based in Italy to receive our support.,,464,1,https://scontent-lga3-1.cdninstagram.com/v/t51.2885-15/347443811_763001571990486_2848783638939621615_n.jpg?stp=dst-jpg_e35_s1080x1080&_nc_ht=scontent-lga3-1.cdninstagram.com&_nc_cat=106&_nc_ohc=g69Fb2TyugoAX_kVDTs&edm=AP_V10EBAAAA&ccb=7-5&oh=00_AfBlFV4z5aC4kkX3IpmeLDJyOPAfABjc3IaFTcys1hNQ2g&oe=64884DDB&_nc_sid=8721cf
577,2022-05-09 18:01:03+00:00,oldprada,Sidecar,SS 2002  (Vogue Italia Mar. 2002 “Variation on Gold” by Glen Luchford)  #oldprada #miuccialover #editorial #glenluchford #prada #fashion #icons #mood #color #SS2002 #vintageprada #love #inspo #vogueitalia #francasozzani #inspired #jacquardfabric #chic #tuttoprada #amo #gorge #obsessed #annacockburn,"oldprada, miuccialover, editorial, glenluchford, prada, fashion, icons, mood, color, SS2002, vintageprada, love, inspo, vogueitalia, francasozzani, inspired, jacquardfabric, chic, tuttoprada, amo, gorge, obsessed, annacockburn",136,0,https://z-p4-instagram.fhan7-1.fna.fbcdn.net/v/t51.2885-15/280143688_1634700653560415_8975058288423981972_n.jpg?stp=dst-jpg_e35_s1080x1080&_nc_ht=z-p4-instagram.fhan7-1.fna.fbcdn.net&_nc_cat=111&_nc_ohc=fBgKl2nl3NAAX8R4hA_&edm=AP_V10EBAAAA&ccb=7-5&oh=00_AfDMrW_EQtAOXnJKuZzB51f-kal8VhcmqCtGG_Je71Hs2Q&oe=6488A9ED&_nc_sid=8721cf
578,2022-06-28 22:29:16+00:00,zendaya,Sidecar,@vogueitalia ♥️,,4314715,8273,https://instagram.fgdl5-3.fna.fbcdn.net/v/t51.2885-15/291323735_3244222852514484_7292192980481607988_n.jpg?stp=dst-jpg_e35_p1080x1080&_nc_ht=instagram.fgdl5-3.fna.fbcdn.net&_nc_cat=100&_nc_ohc=RIB1pkplxpQAX_gWndk&edm=AP_V10EBAAAA&ccb=7-5&oh=00_AfAHGXgnaj7jsgbdn7lF_jdCbEwqhcfg2uaZDzhHpnraWQ&oe=64879D99&_nc_sid=8721cf
579,2023-06-02 14:00:10+00:00,prada,Sidecar,The Prada Caffè is a space designed to add a new dimension to the brand and offer customers a unique and engaging experience using time-tested Prada codes.  Discover more via link in bio.  #PradaCaffe #Prada,"PradaCaffe, Prada",64023,177,https://scontent-mia3-1.cdninstagram.com/v/t51.2885-15/350859850_788700916111636_8531634087974422731_n.jpg?stp=dst-jpg_e35&_nc_ht=scontent-mia3-1.cdninstagram.com&_nc_cat=104&_nc_ohc=EtRdOW0pTRsAX_EDevB&edm=AP_V10EBAAAA&ccb=7-5&oh=00_AfDT0YuF5EdMx_gphWYKTTFwhmUnkMocCjleaCa2dZxHDw&oe=6487ED8B&_nc_sid=8721cf
580,2022-06-28 18:30:06+00:00,zendaya,Sidecar,@vogueitalia,,5090976,10618,https://scontent-syd2-1.cdninstagram.com/v/t51.2885-15/290773253_1022613655057723_6598488678603350349_n.jpg?stp=dst-jpg_e35_p1080x1080&_nc_ht=scontent-syd2-1.cdninstagram.com&_nc_cat=1&_nc_ohc=YfQIEeCDh4oAX8PlBIQ&edm=AP_V10EBAAAA&ccb=7-5&oh=00_AfBS23XJ6-sEbyLnitUKQTWHEHgneXyLO37sLjPkciMYtg&oe=64887841&_nc_sid=8721cf
581,2022-03-03 18:51:47+00:00,zendaya,Sidecar,Future Human,,9528960,18429,https://scontent-fra3-1.cdninstagram.com/v/t51.2885-15/275142150_1028681978031964_2461395304678323432_n.jpg?stp=dst-jpg_e35_p1080x1080&_nc_ht=scontent-fra3-1.cdninstagram.com&_nc_cat=104&_nc_ohc=Scqm9CqCecYAX9vvcK-&edm=AP_V10EBAAAA&ccb=7-5&oh=00_AfCMIaDHlpAcnG2x_xrI5mCIsF5ZMVbS5LWC1k7Xnp14QA&oe=6488FE59&_nc_sid=8721cf
582,2022-05-23 16:59:38+00:00,zendaya,Sidecar,"A great honor. Thank you @TIME for this acknowledgment, and to Denis for his kind words. This means the world to me♥️ #TIME",TIME,5970056,14355,https://instagram.fcai19-6.fna.fbcdn.net/v/t51.2885-15/283105786_379003030847167_4960490841086846370_n.jpg?stp=dst-jpg_e35_p1080x1080&_nc_ht=instagram.fcai19-6.fna.fbcdn.net&_nc_cat=107&_nc_ohc=l5_ncq6kGOcAX9rok1O&edm=AP_V10EBAAAA&ccb=7-5&oh=00_AfDpKSNNwmkuBhAznY8bBQAgEgsvdmJGYGWKIaGY2KJlzQ&oe=6487F025&_nc_sid=8721cf
583,2023-05-29 16:00:12+00:00,prada,Sidecar,"As part of an ongoing partnership between Prada and Red Bull, Prada Linea Rossa has joined Red Bull Rio Conquest, a renowned street skate competition challenging athletes as well as young talents, for the first time in Rio de Janeiro, Brazil. Discover more via link in bio.  #PradaLineaRossa #Redbull #RedbullRioConquest","PradaLineaRossa, Redbull, RedbullRioConquest",42797,481,https://instagram.fist6-2.fna.fbcdn.net/v/t51.2885-15/350236217_787126106119696_7682824061459277632_n.jpg?stp=dst-jpg_e35&_nc_ht=instagram.fist6-2.fna.fbcdn.net&_nc_cat=104&_nc_ohc=JeEaq7fPc_EAX-x7n8f&edm=AP_V10EBAAAA&ccb=7-5&oh=00_AfDAtoEI5X2R6lyciPIXjc__y5PDN-V5GRPD-woW4vX-pA&oe=64885410&_nc_sid=8721cf
584,2022-03-29 15:39:42+00:00,zendaya,Sidecar,Vanity Fair 2022,,10633517,30201,https://instagram.fsaw2-1.fna.fbcdn.net/v/t51.2885-15/277471371_1024183864838065_6373062709110089981_n.jpg?stp=dst-jpg_e35_p1080x1080&_nc_ht=instagram.fsaw2-1.fna.fbcdn.net&_nc_cat=1&_nc_ohc=xcvnEF5GUfQAX8f9y2X&edm=AP_V10EBAAAA&ccb=7-5&oh=00_AfAdew4c8SR0J1zdd1cASfsSuXfaK2L6FGvOWgc3W-6HkA&oe=6487BE08&_nc_sid=8721cf
585,2022-03-03 16:10:17+00:00,zendaya,Sidecar,"One of my all time favorite shoots for @wmag Such a special collaboration, directed by Denis Villeneuve and shot by @jackdavisonphoto",,5917917,10095,https://instagram.fsaw2-2.fna.fbcdn.net/v/t51.2885-15/275075918_946321819356879_2427474049217466845_n.jpg?stp=dst-jpg_e35_p1080x1080&_nc_ht=instagram.fsaw2-2.fna.fbcdn.net&_nc_cat=103&_nc_ohc=5E8tDKZafoEAX_LMiPJ&edm=AP_V10EBAAAA&ccb=7-5&oh=00_AfDtyF77qwb6k_iuZk3GbyAYYPcNNZDs42dWux4d2ULgLQ&oe=64879FB2&_nc_sid=8721cf
586,2023-04-21 09:50:29+00:00,milanfashionweek,Sidecar,"@etro presents 'Woven Spectrum' a dreamy installation of soft visual artworks created by American artist @amyplincoln in collaboration with Creative Director @marcodevincenzo. Featuring at Etro Home Collection Boutique part of Milano Moda Design calendar.  ""We were especially interested in how colors can define an era, and how these particular colors go in and out of fashion"" - @amvplincoln about the creative flow behind the Woven Spectrum installation in collaboration with Etro's Creative Director @marcodevincenzo for #MilanDesignWeek.",MilanDesignWeek.,774,7,https://instagram.fbhx4-2.fna.fbcdn.net/v/t51.2885-15/342239447_767014774810033_6932296102731592217_n.jpg?stp=dst-jpg_e35_p1080x1080&_nc_ht=instagram.fbhx4-2.fna.fbcdn.net&_nc_cat=101&_nc_ohc=6Zz7LOoepA0AX_DsM9f&edm=AP_V10EBAAAA&ccb=7-5&oh=00_AfDCpP9j4yir0IOZQCKIxIfsXSzLbu359lgwnYnojMb0gg&oe=6488356F&_nc_sid=8721cf
587,2023-05-27 21:00:48+00:00,urbanoutfitters,Sidecar,It's almost lounge at the pool all day season. Dress accordingly–new arrivals at the link in bio.,,2541,6,https://instagram.frkh1-1.fna.fbcdn.net/v/t51.2885-15/349223804_484883650461788_7660856403035725289_n.jpg?stp=dst-jpg_e35_p1080x1080&_nc_ht=instagram.frkh1-1.fna.fbcdn.net&_nc_cat=108&_nc_ohc=qpth9RMEIxsAX_ekSx6&edm=AP_V10EBAAAA&ccb=7-5&oh=00_AfDkGahlMTHxUe0SGkndrBGOOUUe9ptMNNmoFM_z5e2zDg&oe=6488D4F9&_nc_sid=8721cf
588,2023-04-21 15:48:03+00:00,milanfashionweek,Sidecar,"On the occasion of #MilanDesignWeek and part of Milano Moda Design calendar, @giorgioarmani presents for the very first time at Palazzo Orsini, a selection of Armani/Casa furniture and furnishings.  A unique display creates a path from the hidden garden – accessed from the 17th century porticoed courtyard – through the frescoed rooms usually reserved for Haute Couture, unveiling the new designs one after the other. #MMD #MilanoModaDesign #ArmaniCasa #SalonedelMobile #GiorgioArmani","MilanDesignWeek, MMD, MilanoModaDesign, ArmaniCasa, SalonedelMobile, GiorgioArmani",1309,6,https://instagram.fist6-3.fna.fbcdn.net/v/t51.2885-15/342082171_734845361758986_4669782222974254661_n.jpg?stp=dst-jpg_e35_p1080x1080&_nc_ht=instagram.fist6-3.fna.fbcdn.net&_nc_cat=106&_nc_ohc=f3zqg4wUezMAX8JkrqY&edm=AP_V10EBAAAA&ccb=7-5&oh=00_AfCR_oMrMno6pMYrO9XdQ8e4YKmSjAnbDihDdqauycC82A&oe=64881CB7&_nc_sid=8721cf
589,2023-04-18 15:57:42+00:00,milanfashionweek,Sidecar,"@missoni unveils the 'MISSONI HOME COLLECTION 2023' during #MilanDesignWeek Milano Moda Design.  Unusual colours, innovative fabrics, iconic features and new symbols. The result is a stronger and playful identity where functionality and aesthetics follow on from simplification of the shape.  The fabric is the very soul of the Missoni brand. It is an emotional driver, compelling, and the main design feature of the furnishing range. The brand heritage lies in the heart and soul of the all-time classic designs. New lifeblood is generated also by innovative patterns. While colour and art are key factors, multiform textiles are the other distinctive feature. #Missoni","MilanDesignWeek, Missoni",844,9,https://instagram.fyto1-2.fna.fbcdn.net/v/t51.2885-15/342072761_1394049668053809_7826164856597197745_n.jpg?stp=dst-jpg_e35_p1080x1080&_nc_ht=instagram.fyto1-2.fna.fbcdn.net&_nc_cat=109&_nc_ohc=jUIFCRX9LtkAX9i2N4j&edm=AP_V10EBAAAA&ccb=7-5&oh=00_AfCgq7SpueMA2biE0S3SDED4eP8blh9z4MjVhuyKLPpUcg&oe=6488B123&_nc_sid=8721cf
590,2023-04-19 10:14:44+00:00,milanfashionweek,Sidecar,"Enter the timeless elegance and unbound creativity of Valentino Vintage, on the occasion of Milano Moda Design #MilanDesignWeek @maisonvalentino presents a unique second-hand initiative of the Maison, Valentino Vintage reframes its iconic design DNA and expands its universe through the many historical layers of the past.  The Madame Pauline store in Milan offers a new idea of vintage, one based on an eccentric and strong personality. The store conjures up images of a sitting room in a mid-20th-century apartment, creating the perfect setting for a unique timeless discovery.",MilanDesignWeek,5072,27,https://scontent-atl3-1.cdninstagram.com/v/t51.2885-15/341764896_1287375678855090_3162673459717846372_n.jpg?stp=dst-jpg_e35_p1080x1080&_nc_ht=scontent-atl3-1.cdninstagram.com&_nc_cat=106&_nc_ohc=rOIdz6WgwPkAX9h7vlx&edm=AP_V10EBAAAA&ccb=7-5&oh=00_AfAJQT_7OEgQBe9ZeE6YX6OfzkMogTvFpPYJtpviinPddw&oe=6488DD53&_nc_sid=8721cf
591,2023-05-26 18:17:30+00:00,urbanoutfitters,Sidecar,Did we get it right? #uohome,uohome,2004,18,https://instagram.fman2-1.fna.fbcdn.net/v/t51.2885-15/349232352_977801846726537_4208766821959604367_n.jpg?stp=dst-jpg_e35_s1080x1080&_nc_ht=instagram.fman2-1.fna.fbcdn.net&_nc_cat=105&_nc_ohc=INvSYHzPNV0AX-b1jRp&edm=AP_V10EBAAAA&ccb=7-5&oh=00_AfA-DvNe-zmVUjKiFXZX2DxGk5ao8mFuc8SueIPuGsPjow&oe=64877A21&_nc_sid=8721cf
592,2023-04-20 17:31:20+00:00,milanfashionweek,Sidecar,@roberto_cavalli presents the new Home Collection at Roberto Cavalli Boutique on the occasion of Milano Moda Design. #MilanDesignWeek #RobertoCavalli #MMD,"MilanDesignWeek, RobertoCavalli, MMD",1379,13,https://instagram.fman1-2.fna.fbcdn.net/v/t51.2885-15/342268057_215264704468891_4052147660221780623_n.jpg?stp=dst-jpg_e35_p1080x1080&_nc_ht=instagram.fman1-2.fna.fbcdn.net&_nc_cat=107&_nc_ohc=CpF3C4CdXgUAX9oQmkZ&edm=AP_V10EBAAAA&ccb=7-5&oh=00_AfAJhOlnzZENVPHBNU6MuE8RBocBYQiS3kn_qeoJcmx1lg&oe=64881399&_nc_sid=8721cf
593,2022-06-28 13:36:47+00:00,zendaya,Sidecar,"Such a dream shooting this cover, thank you so much @vogueitalia for having me✨  Shot by the incredible @elizavetaporodina",,4496011,10272,https://scontent-waw1-1.cdninstagram.com/v/t51.2885-15/290532311_3937327933158108_4166883257142838939_n.jpg?stp=dst-jpg_e35_p1080x1080&_nc_ht=scontent-waw1-1.cdninstagram.com&_nc_cat=1&_nc_ohc=SSyUYMW7P8kAX9Lb62h&edm=AP_V10EBAAAA&ccb=7-5&oh=00_AfAMmO5UFZE522VUMuqqq9YwCCN4947ouBqVeBcptqR5cg&oe=6488C8C1&_nc_sid=8721cf
594,2023-05-28 20:00:16+00:00,dudalina,Sidecar,"Seja qual for a ocasião, um look da DUDA é sempre uma escolha certeira. Por isso, trouxemos algumas inspirações com os lançamentos que acabaram de chegar em nosso site, para te ajudar a arrasar nas composições de inverno.  Arrasta pro lado para conferir todas elas e conte pra gente qual a sua favorita.  Ref: 53.03.2127, 91.01.2503, 91.01.2705, 66.02.0563, 66.02.0572, 91.01.2742, 53.01.0981, 01.06.0171  #Dudalina #Inverno2023 #OutonoInverno #Jaqueta #Camisa #tricot","Dudalina, Inverno2023, OutonoInverno, Jaqueta, Camisa, tricot",465,4,https://instagram.fnat16-1.fna.fbcdn.net/v/t39.30808-6/349491171_580527080730198_3100424812659972289_n.png?stp=dst-jpg_e15_fr_p1080x1080&_nc_ht=instagram.fnat16-1.fna.fbcdn.net&_nc_cat=106&_nc_ohc=SCnjBOE6UJYAX8u5FAz&edm=AP_V10EAAAAA&ccb=7-5&oh=00_AfDhyRx4_tfJonbA4gZjFYyBuV8hFgrtYzIDvMveIMqryQ&oe=648770E5&_nc_sid=8721cf
595,2023-04-19 07:41:42+00:00,milanfashionweek,Sidecar,"For #MilanDesignWeek - Milano Moda Design @trussardi Casa presents ""Design Wears Fashion"", a special project that creates a juxtaposition and interaction between two separate yet connected fields, with four special editions of the Trussardi Nebula armchairs reinterpreted through a combined lens of fashion and design.",MilanDesignWeek,1260,11,https://scontent-ord5-1.cdninstagram.com/v/t51.2885-15/341715591_955433888929473_1400650477260677143_n.jpg?stp=dst-jpg_e35_p1080x1080&_nc_ht=scontent-ord5-1.cdninstagram.com&_nc_cat=109&_nc_ohc=WdAlyo5vnUMAX94WkbW&edm=AP_V10EBAAAA&ccb=7-5&oh=00_AfAW05hHNvfR-JRsMPo0z3ExxFVwc53UK5gT5Q1SxBK8lg&oe=6487F6EE&_nc_sid=8721cf
596,2023-04-21 17:47:55+00:00,milanfashionweek,Sidecar,"@versace opens the doors of the latest 'VERSACE HOME' collection, in a space of great visual impact to present its new collection that combines fashion, luxury and living. #MilanoModaDesign #VersaceHome #Versace #MilanDesignWeek #SaloneDelMobile","MilanoModaDesign, VersaceHome, Versace, MilanDesignWeek, SaloneDelMobile",2115,11,https://instagram.fsyd10-2.fna.fbcdn.net/v/t51.2885-15/342227982_248971770934425_1029050883854594995_n.jpg?stp=dst-jpg_e35_p1080x1080&_nc_ht=instagram.fsyd10-2.fna.fbcdn.net&_nc_cat=109&_nc_ohc=CsHzuGof8R8AX-rcVVu&edm=AP_V10EBAAAA&ccb=7-5&oh=00_AfC0gXqSBYKl6PYvixi7rbWZlGxLvjB-Gzl6HfslENgSSA&oe=648944B6&_nc_sid=8721cf
597,2023-05-22 20:00:14+00:00,dudalina,Sidecar,"A qualidade que você conhece, com detalhes e padronagens atualizadas. Aposte nos lançamentos em camisaria para garantir o toque de sofisticação e modernidade que a sua rotina merece.  Acesse nosso site e confira todas as novidades de inverno que vão deixar seu guarda-roupa cheio de estilo e elegância. (link na bio)  Ref: 53.03.2104, 53.04.255, 53.01.0996, 53.04.2870, 53.01.0975  #Dudalina #Inverno2023 #Camisaria #CamisasMasculinas #camisadudalina","Dudalina, Inverno2023, Camisaria, CamisasMasculinas, camisadudalina",235,0,https://scontent-ist1-1.cdninstagram.com/v/t39.30808-6/348937115_128085230280437_2689061541087172050_n.png?stp=dst-jpg_e15_fr_p1080x1080&_nc_ht=scontent-ist1-1.cdninstagram.com&_nc_cat=105&_nc_ohc=9aVG991NrK0AX9LFzHV&edm=AP_V10EAAAAA&ccb=7-5&oh=00_AfDUgVJEZL0jK2ON3G1AqrSuUGfja2hUSkmrHnG3jwHQow&oe=6488FA36&_nc_sid=8721cf
598,2023-04-20 12:50:29+00:00,milanfashionweek,Sidecar,"@fendi and @fendicasaofficial celebrate Milano Moda Design #MilanDesignWeek by unveiling the new Home Collection under the artistic direction of @silviaventurinifendi at the flagship boutique in Piazza della Scala, Milan.",MilanDesignWeek,2227,14,https://instagram.fiev7-4.fna.fbcdn.net/v/t51.2885-15/342066952_563438615895771_6335744760825907577_n.jpg?stp=dst-jpg_e35_p1080x1080&_nc_ht=instagram.fiev7-4.fna.fbcdn.net&_nc_cat=103&_nc_ohc=KB4DJFPcdCUAX-xlUOE&edm=AP_V10EBAAAA&ccb=7-5&oh=00_AfC5mFpg_tWelJjS8BLsXi0qnRGPusHsWipyT5VFvi8TtA&oe=64878D33&_nc_sid=8721cf
599,2023-05-28 03:40:00+00:00,spfw,Sidecar,"Inspirado na infância do sertão piauiense e na simplicidade do trabalho manual de suas tias e avós @weidersilveiro trouxe um desfile suave e tocante para a passarela do #SPFW. O artista usou técnicas de fuxico e amarrações com tiras de malha para construir peças elegantes e contemporâneas, em uma cartela de cores enxuta, porém impactante. O artesanato é algo novo para Weider, que inclusive, pretende expandir esse segmento a fim de fortalecer e preservar os saberes ancestrais que a técnica carrega.   📸 @agfotosite   #spfw #spmdet #prefsp #ÉdaSuaVida #iguatemiSPFW #soudealgodao #moda #criatividade #empreendedorismo #modaearte #spfworigens #sousenacmoda #senacmoda #komplexotempo #diversidade #sustentabilidade #Localiza #LocalizaEmMovimento #PráVocêChegarLá #YPEnoSPFW #AndJustLikeThat #NasEscadasdaCarrie","SPFW., spfw, spmdet, prefsp, ÉdaSuaVida, iguatemiSPFW, soudealgodao, moda, criatividade, empreendedorismo, modaearte, spfworigens, sousenacmoda, senacmoda, komplexotempo, diversidade, sustentabilidade, Localiza, LocalizaEmMovimento, PráVocêChegarLá, YPEnoSPFW, AndJustLikeThat, NasEscadasdaCarrie",2578,45,https://scontent-cdg4-3.cdninstagram.com/v/t51.2885-15/349143688_1041082867275186_2317753352912156081_n.jpg?stp=dst-jpg_e35_p1080x1080&_nc_ht=scontent-cdg4-3.cdninstagram.com&_nc_cat=106&_nc_ohc=Z971g7lC_r4AX8nf2yj&edm=AP_V10EBAAAA&ccb=7-5&oh=00_AfDomYUmrlgKQX1sFf-yjaCqad9Io4yQ8AQQWiSO8K1VeA&oe=64880958&_nc_sid=8721cf
600,2023-05-19 21:00:10+00:00,dudalina,Sidecar,"Prepare-se para inverno com nossos lançamentos, jaquetas elegantes e atemporais, das mais leves às mais pesadas. Itens versáteis e com modelagens especiais para te acompanhar em todos seus momentos.  Acesse nosso site e garanta já seu favorito. (link na bio)   Ref: 66.01.0456, 66.02.0651, 66.01.0483, 66.01.0461, 66.01.0452  #Dudalina #Inverno2023 #Casacos #Jaquetas #outonoinverno","Dudalina, Inverno2023, Casacos, Jaquetas, outonoinverno",216,2,https://scontent-dfw5-1.cdninstagram.com/v/t39.30808-6/347618086_1305335820338325_5613372553216903986_n.png?stp=dst-jpg_e15_fr_p1080x1080&_nc_ht=scontent-dfw5-1.cdninstagram.com&_nc_cat=109&_nc_ohc=UCgUGjaVLFwAX-oKfvu&edm=AP_V10EAAAAA&ccb=7-5&oh=00_AfDhSVQcIJZfAl0oOzvGUs0BmKL7D5WKfvxM_XXgmf3vZw&oe=64893285&_nc_sid=8721cf
601,2023-05-31 14:35:35+00:00,urbanoutfitters,Sidecar,So which one is your mood? New needlepoint pillows from @furbishstudio at the link in bio. 🪡 #uohome,uohome,24351,75,https://instagram.fdet1-1.fna.fbcdn.net/v/t51.2885-15/350243108_148906661511175_634495509836177204_n.jpg?stp=dst-jpg_e35_p1080x1080&_nc_ht=instagram.fdet1-1.fna.fbcdn.net&_nc_cat=107&_nc_ohc=xW_mLJC3gqMAX8E29uH&edm=AP_V10EBAAAA&ccb=7-5&oh=00_AfBGk_NWtSj6ho-tmAulps83uXA-myXDzuyVKK580Z8ANw&oe=6488DD24&_nc_sid=8721cf
602,2023-05-31 00:58:41+00:00,whowhatwear,Sidecar,"In our world, the onset of long summer days signifies more opportunities to put together great outfits. With vacations, seasonal events, and warm weather almost upon us, we're looking to our editors for insights on the trends worth shopping for the season ahead. From a fresh way to wear color to the shoes every fashion insider is shopping, tap the link in our bio to see all the major editor-approved trends of summer 2023.  photos: @chanelofficial, @josefinehj, @jacquemus, @sofiarichiegrainge, getty images, @endlesslyloveclub",,2867,21,https://instagram.fcpq17-1.fna.fbcdn.net/v/t51.2885-15/350627528_214656847555538_2876507858257884243_n.jpg?stp=dst-jpg_e35&_nc_ht=instagram.fcpq17-1.fna.fbcdn.net&_nc_cat=102&_nc_ohc=S5Hv29772AsAX_8IMQd&edm=AP_V10EBAAAA&ccb=7-5&oh=00_AfCDY_Q7nYOMAIS_mKscVE30jsrcNw6Xi7jOyV3mX0VSqw&oe=6488440C&_nc_sid=8721cf
603,2023-05-25 20:00:09+00:00,dudalina,Sidecar,"Em um relacionamento sério com os tons terrosos. 💕 A estação mais fria está chegando e estamos cheios de novidades para aquecer você e o seu amor com muita elegância. Confira os lançamentos em nosso site ou lojas físicas e mantenha a sofisticação nesse inverno. (link na bio)  Ref: 53.03.2125, 66.01.0430, 01.06.0172, 91.01.2503  #Dudalina #Inverno2023 #OutonoInverno #jaqueta","Dudalina, Inverno2023, OutonoInverno, jaqueta",341,8,https://instagram.fcor9-1.fna.fbcdn.net/v/t39.30808-6/349342521_629162859229344_2770559263918614062_n.png?stp=dst-jpg_e15_fr_p1080x1080&_nc_ht=instagram.fcor9-1.fna.fbcdn.net&_nc_cat=100&_nc_ohc=LOj5s12ywagAX-wqOvl&edm=AP_V10EAAAAA&ccb=7-5&oh=00_AfDTN3hMPQJGcVJwHb7OEA9v4Ry2BmrcMeN35C9nDZ-ZqQ&oe=6487D382&_nc_sid=8721cf
604,2023-05-28 01:09:39+00:00,spfw,Sidecar,"Já passou no lounge da @oficialype?  Além de poder fazer fotos e vídeos incríveis, você também pode conhecer de perto os looks de uma collab Ypê,  A marca @martins__________ e a designer espanhola Paula Ulargui (@ulargui_escalona ).  A Blooming Collection é uma coleção de roupas simbióticas, com flores que nascem do tecido, inspirada no conceito do perfume que floresce nas roupas com o uso dos amaciantes Ypê.",,1011,12,https://instagram.fcgh19-1.fna.fbcdn.net/v/t51.2885-15/350235510_1586675051826911_7475893138595163244_n.jpg?stp=dst-jpg_e35_p1080x1080&_nc_ht=instagram.fcgh19-1.fna.fbcdn.net&_nc_cat=111&_nc_ohc=ONWweAVpafIAX9hNEfy&edm=AP_V10EBAAAA&ccb=7-5&oh=00_AfCTWxIHr-ogo1x3RO2QcljezOn7FOm31yh7aWJFsx503w&oe=64877A88&_nc_sid=8721cf
605,2023-05-28 02:37:40+00:00,spfw,Sidecar,Os cartões do @c6bank estão até nos backstages das marcas que desfilam em nossa passarela✨  Lindos e com muitos benefícios! #ÉdaSuaVida,ÉdaSuaVida,398,8,https://instagram.fcpt5-1.fna.fbcdn.net/v/t51.2885-15/349220278_5675593305875691_6722460112519880367_n.jpg?stp=dst-jpg_e35_p1080x1080&_nc_ht=instagram.fcpt5-1.fna.fbcdn.net&_nc_cat=103&_nc_ohc=3VBCpQqinXwAX_OqgFn&edm=AP_V10EBAAAA&ccb=7-5&oh=00_AfAI9UkIMKo2r_3Re_mbuhMjK-CpZGV6owuWiNjD97pfPQ&oe=6487F1E0&_nc_sid=8721cf
606,2023-05-28 00:10:21+00:00,spfw,Sidecar,"A @hbomaxbr trouxe um pouco de NY para o nosso festival! A famosa escadaria do prédio de Carrie Bradshaw, personagem das série Sexy and the City e And Just Like That é espaço certo para tirar fotos de looks com a hashtag #NasEscadariasdaCarrie",NasEscadariasdaCarrie,862,67,https://scontent-sjc3-1.cdninstagram.com/v/t51.2885-15/349070215_769308764730988_7244458183866871472_n.jpg?stp=dst-jpg_e35_p1080x1080&_nc_ht=scontent-sjc3-1.cdninstagram.com&_nc_cat=104&_nc_ohc=iof8i2XSHnwAX95YDCz&edm=AP_V10EBAAAA&ccb=7-5&oh=00_AfA4gsybfSu0fQpRP4tTj-Sn-OrdpJ__F8bIfVSOgwWJKQ&oe=64890DD6&_nc_sid=8721cf
607,2023-05-26 22:24:21+00:00,whowhatwear,Sidecar,"Oh to be Kendall Jenner in the South of France carrying the It bag of summer: a raffia tote. While Jenner's oversized Bottega Veneta is certainly a dream bag at $3k, there are plenty of ways to get the look on a budget. Shop some of our favorite (and more affordable) fashion editor-approved summer bags at the link in our bio. photos: backgrid, splash news",,52170,209,https://scontent-gig4-1.cdninstagram.com/v/t51.2885-15/349473524_550161110653424_4557042099945606559_n.jpg?stp=dst-jpg_e35_p1080x1080&_nc_ht=scontent-gig4-1.cdninstagram.com&_nc_cat=108&_nc_ohc=Z2HE-UNr8BUAX99jFCS&edm=AP_V10EBAAAA&ccb=7-5&oh=00_AfBqI-KN6it-Kpku8Y4czulTFp19g5y7jejdqDh21JF6QA&oe=6488C7C4&_nc_sid=8721cf
608,2023-05-26 21:00:09+00:00,dudalina,Sidecar,A jaqueta trendy da estação: Trucker de suede com pelúcia. Aposte na composição com jeans para um look casual sofisticado. Acesse nosso site e confira todos os lançamentos de inverno que vão te aquecer com muita elegância. (link na bio)  Ref: 66.01.0430  #Dudalina #Inverno2023 #Jaqueta #outonoinverno,"Dudalina, Inverno2023, Jaqueta, outonoinverno",483,10,https://scontent-mia3-1.cdninstagram.com/v/t39.30808-6/349486346_1002751237761988_4452103080732529620_n.png?stp=dst-jpg_e15_fr_p1080x1080&_nc_ht=scontent-mia3-1.cdninstagram.com&_nc_cat=104&_nc_ohc=MBUaOTURPYcAX-RUbM3&edm=AP_V10EAAAAA&ccb=7-5&oh=00_AfClkfvrfJnDoo5DxmQ6XuuNZxK_ZYbq5GVFp4MUCVRj6g&oe=6487CFC3&_nc_sid=8721cf
609,2023-05-28 23:40:02+00:00,whowhatwear,Sidecar,"If you thought the Y2K style movement was over, think again. It's simply evolving in a more refined direction, with romantic and edgy elements intersecting for a highly stylized approach to early 2000s-inspired dressing. Tap the link in our bio to learn about 7 brands spearheading the sartorial shift. #HighlyDocumented photos: @oliviarodrigo, @rosalia.vt, @sandyliang, @barbieferreira, @stxph.h, @linmick",HighlyDocumented,9598,30,https://instagram.fvdm1-1.fna.fbcdn.net/v/t51.2885-15/349229653_794010012282170_4202113677112780239_n.jpg?stp=dst-jpg_e35_p1080x1080&_nc_ht=instagram.fvdm1-1.fna.fbcdn.net&_nc_cat=102&_nc_ohc=Z4dNUYsQmPQAX_ZEP4w&edm=AP_V10EBAAAA&ccb=7-5&oh=00_AfCZkxuZVlZ1CW9PmpabsErho7Cd02xnQej_MjyIaT6-gw&oe=648957BB&_nc_sid=8721cf
610,2023-05-20 17:22:29+00:00,versace,Sidecar,"Donatella Versace and Dua Lipa request the pleasure of your company to be part of ""La Vacanza"".  Watch the co-designed women's collection debut on Tuesday, May 23rd in Cannes, South of France. The collection will be available in-store and at Versace.com immediately following the show.  #VersaceLaVacanza",VersaceLaVacanza,192271,586,https://scontent-ord5-2.cdninstagram.com/v/t39.30808-6/348422752_161659773543120_1292032492058620074_n.png?stp=dst-jpg_e15_fr_p1080x1080&_nc_ht=scontent-ord5-2.cdninstagram.com&_nc_cat=100&_nc_ohc=odXje-cnoUIAX8TyBav&edm=AP_V10EAAAAA&ccb=7-5&oh=00_AfAP8p-fGHhjPciCLHHdsxDOF9qq6vve06XSdWXdElxO1w&oe=64884F03&_nc_sid=8721cf
611,2022-08-15 13:38:45+00:00,oldprada,Sidecar,SS 2006  (Vogue Italia Mar. 2006 “Pale Shades” by Glen Luchford)   #oldprada #miuccialover #inspo #vibes #prada #vogueitalia #archive #fashion #2000s #tuttoprada #chic #moody #throwback #vintageprada #nicolettasantoro #fashionphotography #monday #glenluchford #doutzenkroes,"oldprada, miuccialover, inspo, vibes, prada, vogueitalia, archive, fashion, 2000s, tuttoprada, chic, moody, throwback, vintageprada, nicolettasantoro, fashionphotography, monday, glenluchford, doutzenkroes",236,2,https://scontent-jnb1-1.cdninstagram.com/v/t51.2885-15/299204212_5223722244360506_672754435732895671_n.jpg?stp=dst-jpg_e35_p1080x1080&_nc_ht=scontent-jnb1-1.cdninstagram.com&_nc_cat=102&_nc_ohc=mDPWRKVugp8AX99jbA8&edm=AP_V10EBAAAA&ccb=7-5&oh=00_AfCWfk2UctfByeR-N5kTPVHlFZjgIc70XNR_6HSpXUgtZg&oe=64894583&_nc_sid=8721cf
612,2023-04-20 10:39:31+00:00,milanfashionweek,Sidecar,Immerse yourself in the nuances of the Andes and discover 'Apacheta' The new installation by @loropiana during Milano Moda Design #MilanDesignWeek in collaboration with Argentinian artist and designer @Cristian.Mohaded . #LoroPiana #FuoriSalone #SaloneDelMobile #LoroPianalnteriors,"MilanDesignWeek, LoroPiana, FuoriSalone, SaloneDelMobile, LoroPianalnteriors",1684,16,https://z-p42-instagram.fsaw1-13.fna.fbcdn.net/v/t51.2885-15/342551953_913002056639286_7692964995082435045_n.jpg?stp=dst-jpg_e35_p1080x1080&_nc_ad=z-m&_nc_ht=z-p42-instagram.fsaw1-13.fna.fbcdn.net&_nc_cat=106&_nc_ohc=K9CZqrNm5LIAX_rH5mo&edm=AP_V10EBAAAA&ccb=7-5&oh=00_AfDFJxyLi1cA__lhKT0EpzKeupd05Zrm6NE35f6gypnMUg&oe=6487934C&_nc_sid=8721cf
613,2023-05-17 21:00:13+00:00,dudalina,Sidecar,"Chic, estilosa e versátil, nossas novas jaquetas são as novidades de inverno perfeitas para te deixar sempre pronto(a) para qualquer ocasião.  Acesse nosso site e confira todos os lançamentos disponíveis. (link na bio)  REF: 66.01.0506, 66.01.0504  #Dudalina #Inverno2023 #JaquetaCouro #outonoinverno","Dudalina, Inverno2023, JaquetaCouro, outonoinverno",607,13,https://scontent-dfw5-2.cdninstagram.com/v/t39.30808-6/346989675_3514043955474134_3997557370055728557_n.png?stp=dst-jpg_e15_fr_p1080x1080&_nc_ht=scontent-dfw5-2.cdninstagram.com&_nc_cat=102&_nc_ohc=91wIFuoZV78AX-q49Hh&edm=AP_V10EAAAAA&ccb=7-5&oh=00_AfAO5dcSbcrFNGV1gM2ExpUJHrLt_eabB-_jn2WYQ3m0_g&oe=6488C934&_nc_sid=8721cf
614,2023-05-28 01:41:57+00:00,spfw,Sidecar,"A goiana Cora Coralina foi a inspiração do também goiano Theo Alexandre para criar a coleção “Todas As Coras” que sua marca Thear apresentou no SPFW.  No design as estampas de colher de pau e grampos de cabelo remetem à simplicidade do tempo que Cora viveu. Os laises ornamentados, gripir e mangas 3/4 criam um contraste de sofisticação.  Um casting diverso coroado pela influenciadora @voizaurademari representou todas as faces da escritora cora Coralina, uma mulher ousada, à frente de seu tempo. “Vive dentro de mim a mulher do povo. Bem proletária. Bem linguaruda, desabusada, sem preconceitos, de casca-grossa, de chinelinha, e filharada”, escreveu. O desfile foi uma ode à liberdade feminina e sua emancipação de amarras que existem desde outras épocas.  #spfw #spfwn55 #spmdet #prefsp #ÉdaSuaVida #iguatemiSPFW #soudealgodao #moda #criatividade #empreendedorismo #modaearte #spfworigens #sousenacmoda #senacmoda #komplexotempo #diversidade #sustentabilidade #Localiza #LocalizaEmMovimento #PráVocêChegarLá #YPEnoSPFW #AndJustLikeThat #NasEscadasdaCarrie","spfw, spfwn55, spmdet, prefsp, ÉdaSuaVida, iguatemiSPFW, soudealgodao, moda, criatividade, empreendedorismo, modaearte, spfworigens, sousenacmoda, senacmoda, komplexotempo, diversidade, sustentabilidade, Localiza, LocalizaEmMovimento, PráVocêChegarLá, YPEnoSPFW, AndJustLikeThat, NasEscadasdaCarrie",3545,66,https://scontent-mia3-1.cdninstagram.com/v/t51.2885-15/349228585_3444355342471004_7593631782722139873_n.jpg?stp=dst-jpg_e35_p1080x1080&_nc_ht=scontent-mia3-1.cdninstagram.com&_nc_cat=108&_nc_ohc=2AGJMZjwir8AX_tRM0h&edm=AP_V10EBAAAA&ccb=7-5&oh=00_AfDhOQIcgFDa72s7-_erYbuGgVjL58pdt3M-umO2gyO8hg&oe=6488106A&_nc_sid=8721cf
615,2023-05-19 12:26:39+00:00,watchingnewyork,Sidecar,Recent favorites  #streetfashion #fashion #street #NYC  #nycfashion #winter #winterfashion #fashiontrends #fallfashion #newyorkcity #style #streetstyle #vintage #thrift,"streetfashion, fashion, street, NYC, nycfashion, winter, winterfashion, fashiontrends, fallfashion, newyorkcity, style, streetstyle, vintage, thrift",40523,159,https://instagram.fbom20-1.fna.fbcdn.net/v/t51.2885-15/347419845_707861244682173_4079585224833403967_n.jpg?stp=dst-jpg_e35_p1080x1080&_nc_ht=instagram.fbom20-1.fna.fbcdn.net&_nc_cat=109&_nc_ohc=wHgiaDf4F3MAX-8zA6k&edm=AP_V10EBAAAA&ccb=7-5&oh=00_AfC1CjdUBobdK7Xxm2pvkTxvDxRT3YO6M73Qxype-MDm7g&oe=6487ECED&_nc_sid=8721cf
616,2023-05-15 12:29:34+00:00,watchingnewyork,Sidecar,Recent favorites   #streetfashion #fashion #street #NYC  #nycfashion #winter #winterfashion #fashiontrends #fallfashion #newyorkcity #style #streetstyle #vintage #thrift,"streetfashion, fashion, street, NYC, nycfashion, winter, winterfashion, fashiontrends, fallfashion, newyorkcity, style, streetstyle, vintage, thrift",29681,174,https://scontent-lhr8-2.cdninstagram.com/v/t51.2885-15/346906909_609832814513477_5036084202142892431_n.jpg?stp=dst-jpg_e35_p1080x1080&_nc_ht=scontent-lhr8-2.cdninstagram.com&_nc_cat=105&_nc_ohc=mU3x1PKCBfIAX8HtPxE&edm=AP_V10EBAAAA&ccb=7-5&oh=00_AfCjJuT3Aoj9BU3oTtIA5Yq0xTqj2yeMfg01YncIkj5a8w&oe=64877FBB&_nc_sid=8721cf
617,2023-04-20 14:44:57+00:00,milanfashionweek,Sidecar,"@diesel Living returns to #MilanDesignWeek with a statement in the brand's attitude of fearlessness, irreverence and irony. A pop-up showroom @dieselliving x @morosofficial at Via della Spiga 26, is an audacious, 3-D expression of the Diesel lifestyle defined by a bold, surreal window takeover in iconic Diesel Red. #ForSuccessfulLiving #SaloneDelMobile2023 #MDW23 #DieselLivingMDW2023","MilanDesignWeek, ForSuccessfulLiving, SaloneDelMobile2023, MDW23, DieselLivingMDW2023",787,3,https://instagram.fcgp28-1.fna.fbcdn.net/v/t51.2885-15/342089794_536906951931395_8300870766806348362_n.jpg?stp=dst-jpg_e35_p1080x1080&_nc_ht=instagram.fcgp28-1.fna.fbcdn.net&_nc_cat=111&_nc_ohc=Msk5gz8BCdgAX_GLwep&edm=AP_V10EBAAAA&ccb=7-5&oh=00_AfCNaWxKZPravGvRSorWAeeAcGhFP3QnJuVUXTzEVyE0Rw&oe=6489387C&_nc_sid=8721cf
618,2023-02-22 17:29:57+00:00,facehunter,Sidecar,#Mauritania 🇲🇷 you took my heart. ❤️‍🔥 Have you been or would you consider visiting?  #Mauritanie #travel #travelphotography #travelphoto #traveler #travelgram #travelling #traveling #instatravel #travelholic #travels #travelers #nouakchott #atar #zouerate #Sahara #desert #FacehunterMauritania,"Mauritania, Mauritanie, travel, travelphotography, travelphoto, traveler, travelgram, travelling, traveling, instatravel, travelholic, travels, travelers, nouakchott, atar, zouerate, Sahara, desert, FacehunterMauritania",2725,94,https://scontent-iad3-2.cdninstagram.com/v/t51.2885-15/332338098_553591733411979_4985637620163842641_n.jpg?stp=dst-jpg_e35_p1080x1080&_nc_ht=scontent-iad3-2.cdninstagram.com&_nc_cat=103&_nc_ohc=8so10_l8od8AX_ZCcpF&edm=AP_V10EBAAAA&ccb=7-5&oh=00_AfCq1mSHVNE6ZZNKzYxITNIP6HOyP6NrGNvDvpYxhFNCPg&oe=64878F46&_nc_sid=8721cf
619,2021-06-17 17:08:28+00:00,oldprada,Sidecar,SS 2003  #oldprada #prada #miuccialover #embellishment #metal #hardware #borse #itsallinthedetails #praduh #accessories #lookbook #SS2003 #beading #colors #inspo #spaceage #stillrelevant #necklace #iconic #want #fashionarchives #pradavintage,"oldprada, prada, miuccialover, embellishment, metal, hardware, borse, itsallinthedetails, praduh, accessories, lookbook, SS2003, beading, colors, inspo, spaceage, stillrelevant, necklace, iconic, want, fashionarchives, pradavintage",785,0,https://scontent-ber1-1.cdninstagram.com/v/t51.2885-15/202083976_811189793096434_6756557793892375924_n.jpg?stp=dst-jpg_e35_s1080x1080&_nc_ht=scontent-ber1-1.cdninstagram.com&_nc_cat=110&_nc_ohc=nhIbaeljuHwAX8Viq0k&edm=AP_V10EBAAAA&ccb=7-5&oh=00_AfCVDnhj0IY-N5ZmRDRp9aox7cRtLPlHSVQXiU7r6cAdkw&oe=6488E03D&_nc_sid=8721cf
620,2023-05-13 13:27:39+00:00,watchingnewyork,Sidecar,May Archives  #streetfashion #fashion #street #NYC  #nycfashion #winter #winterfashion #fashiontrends #fallfashion #newyorkcity #style #streetstyle #vintage #thrift,"streetfashion, fashion, street, NYC, nycfashion, winter, winterfashion, fashiontrends, fallfashion, newyorkcity, style, streetstyle, vintage, thrift",47122,226,https://instagram.fman4-1.fna.fbcdn.net/v/t51.2885-15/346256862_625032622556258_35873080197426965_n.jpg?stp=dst-jpg_e35_p1080x1080&_nc_ht=instagram.fman4-1.fna.fbcdn.net&_nc_cat=102&_nc_ohc=nTX-3-9AwjoAX8fH9mh&edm=AP_V10EBAAAA&ccb=7-5&oh=00_AfDJ-os6EKZPPgcoXwxYrtNQXGHohnJ5eAHBBgm0lVpOQA&oe=64877F02&_nc_sid=8721cf
621,2023-05-10 15:00:08+00:00,versace,Sidecar,Atelier Versace Spring-Summer 2023  Look 7  Draped black mini dress with black lace embroidery intarsias and abstract bow cascading volume in custom-crushed organza chiffon and organza. Off-shoulder neckline in overstitched silk satin and lingerie details in lace on the cups.  Look 6  Draped neon fuchsia mini dress with nude lace embroidery intarsias and abstract bow cascading volume in custom-crushed organza chiffon and organza. Off-shoulder neckline in overstitched silk satin and lingerie details in lace on the cups.  Now at Versace.com via the link in bio.  #AtelierVersace,AtelierVersace,56649,146,https://scontent-mad2-1.cdninstagram.com/v/t39.30808-6/346065827_771485097821039_3069917628434649711_n.jpg?stp=dst-jpg_e15_fr_p1080x1080&_nc_ht=scontent-mad2-1.cdninstagram.com&_nc_cat=111&_nc_ohc=8JvxhlYy6TgAX_wlCVw&edm=AP_V10EAAAAA&ccb=7-5&oh=00_AfBha67fBaNsxliVWD0QYEIy5ZCu3AEOMt-XH7rv7PeFAg&oe=64881095&_nc_sid=8721cf
622,2023-05-09 12:30:23+00:00,watchingnewyork,Sidecar,Recent top shots   #streetfashion #fashion #street #NYC  #nycfashion #spring #springfashion #fashiontrends #fallfashion #newyorkcity #style #streetstyle #vintage #thrift,"streetfashion, fashion, street, NYC, nycfashion, spring, springfashion, fashiontrends, fallfashion, newyorkcity, style, streetstyle, vintage, thrift",36816,258,https://scontent-sea1-1.cdninstagram.com/v/t51.2885-15/345876217_782472603480447_5002845638523453595_n.jpg?stp=dst-jpg_e35_p1080x1080&_nc_ht=scontent-sea1-1.cdninstagram.com&_nc_cat=103&_nc_ohc=FoQPGjzWKDYAX-ylmOV&edm=AP_V10EBAAAA&ccb=7-5&oh=00_AfD_B_t9IIeCHrXM3KercxfoXnaeou9HifF_KoM-3yAuMQ&oe=6488C9C8&_nc_sid=8721cf
623,2023-02-12 09:52:30+00:00,facehunter,Sidecar,"#Chinguetti 🇲🇷 has always been battling for its own survival against the #Sahara.  In the Middle Age, it managed to become a major cultural, intellectual, religious and trading centre.  For many centuries, the territory of most of present-day #Mauritania was commonly known in the Arab world as Bilad Shinqit, ""the land of Chinguetti.""  🌙 the “City of Libraries”: in is heyday, it counted up to 30 libraries (for a population of 20,000 people) which housed thousands of Arabic manuscripts, the work of theologians, writers, jurists, philosophers, poets, mathematicians and scientists ranging from the golden age of the Almoravids in Andalusia in the 11th century to the 20th century. Five libraries still remain and I got to visit one: Al-Habot.  🌙 a center of science, religion and mathematics: Mauritanians and other North Western Saharan Islamic scholars have had a profound impact on Islamic culture. Scholars bearing the title al-Shinqiti used to suggest strong scholarly expertise.  🌙 a holy city: the city was a principal gathering place for pilgrims of the Maghreb, on their way to Mecca.  It eventually became known as a holy city in itself, especially for pilgrims who couldn’t make the long journey to the Arabic Peninsula.  🌙 a massive trading-center: desert caravans transporting gold, salt, dates, ivory and… enslaved people across the Sahara were the source of Chinguetti's economic prosperity, with as many as 30,000 camels gathering here at the same time. Historians believe that the spread of Islam is intertwined with the development of the trans-Saharan trade as the religion established common values and a sense of trust among traders.  By the middle of the 19th century, most trans-Saharan commercial arteries dried up, replaced by maritime routes.  ""A #desert is a place without expectation.""  #architecture #SaharaArchitecture #DesertArchitecture #sandstorm #sandstorms #desertification #deserttown #desertcity #desertlife #Saharatown #travel #travelphotography #traveler #travelling #travellife #instatravel #travelpics #travels #travelphoto #Mauritanie #WestAfrica #NorthAfrica FacehunterMautitania","Chinguetti, Sahara., Mauritania, desert, architecture, SaharaArchitecture, DesertArchitecture, sandstorm, sandstorms, desertification, deserttown, desertcity, desertlife, Saharatown, travel, travelphotography, traveler, travelling, travellife, instatravel, travelpics, travels, travelphoto, Mauritanie, WestAfrica, NorthAfrica",2190,46,https://scontent-dus1-1.cdninstagram.com/v/t51.2885-15/330275718_502042922003792_924517984349642836_n.jpg?stp=dst-jpg_e35_p1080x1080&_nc_ht=scontent-dus1-1.cdninstagram.com&_nc_cat=108&_nc_ohc=rmrlrhuh9GYAX_8bCEf&edm=AP_V10EBAAAA&ccb=7-5&oh=00_AfA01l1G0f2VQqEfD9zQv71tYrg2MAd8Vzv0Rpr8utPH5A&oe=64888AF7&_nc_sid=8721cf
624,2023-01-21 15:39:59+00:00,facehunter,Sidecar,"ⴰⴳⴰⴷⵉⵔ 🇲🇦 After being destroyed by a massive earthquake in 1960,  #Agadir became “accidentally” one of the pioneer cities (with Rabat) of #brutalism in #Morocco.  Many of the #architects involved in the #reconstruction of the city belonged to the GAMMA (Groupe des Architectes Modernes Marocains). Most of them were actually Frenchmen who were born or who grew up in Morocco and who were connected to both cultures.  Pics 1-4: “Bâtiment A” by Henri Tastemain (1922-2012). 183 meters long, 2 floors with retail and cafés, 1 office floor & 2 residential floors  Pics 5-6: “Hôtel de Ville” (City Hall) by Emile Duhon, who took his inspiration from a fortified communal granary (agadir) that gave its name to the city.  Pic 7: “La Poste centrale” by Jean-François Zevaco (1916-2003)  Pic 8: Fatima @fatimazahra1224: “Agadir lost its identity twice, the first time because of the earthquake and the second time because of such an intense touristic development. Until the 90s, Agadir was still a small family destination with wild beach areas.”  #archi #archidaily #brutalistarchitecture #brutalist_architecture #brutalist #archi #archilovers #archiporn #archigram #archilover #Modernism #Modernist #modernistarchitecture #Maroc #AlMagrib #NorthAfrica #FacehunterMorocco #🇲🇦","Agadir, brutalism, Morocco., architects, reconstruction, archi, archidaily, brutalistarchitecture, brutalist_architecture, brutalist, archilovers, archiporn, archigram, archilover, Modernism, Modernist, modernistarchitecture, Maroc, AlMagrib, NorthAfrica, FacehunterMorocco, 🇲🇦",741,17,https://instagram.fsac1-2.fna.fbcdn.net/v/t51.2885-15/326913556_172401868833331_3894744079593498408_n.jpg?stp=dst-jpg_e35_p1080x1080&_nc_ht=instagram.fsac1-2.fna.fbcdn.net&_nc_cat=107&_nc_ohc=74P9-8jIBNcAX9og5Cu&edm=AP_V10EBAAAA&ccb=7-5&oh=00_AfDcxFh6ps4R09Q0Md9xL73nUWRB08ljJvztOh6W_8-Uqg&oe=6488529C&_nc_sid=8721cf
625,2023-05-05 12:19:19+00:00,watchingnewyork,Sidecar,Early Spring blazer inspiration   #streetfashion #fashion #street #NYC  #nycfashion #spring #springfashion #fashiontrends #fallfashion #newyorkcity #style #streetstyle #vintage #thrift,"streetfashion, fashion, street, NYC, nycfashion, spring, springfashion, fashiontrends, fallfashion, newyorkcity, style, streetstyle, vintage, thrift",42229,314,https://instagram.frkv3-1.fna.fbcdn.net/v/t51.2885-15/344753508_198080849713390_1654676254797819659_n.jpg?stp=dst-jpg_e35_p1080x1080&_nc_ht=instagram.frkv3-1.fna.fbcdn.net&_nc_cat=110&_nc_ohc=lBA2Q1xRBioAX-drhfy&edm=AP_V10EBAAAA&ccb=7-5&oh=00_AfCuF38TxDxn1XfiyuWdWA_vSnXOKbD0tvaoBxNKC2UgTw&oe=64878AE3&_nc_sid=8721cf
626,2023-02-07 11:57:08+00:00,facehunter,Sidecar,"#Mauritania 🇲🇷 riding the #IronTrain for 20 hours makes you feel slightly delirious… 🌙🪐✨🌞💨  Still trying to process the level of surrealism of sleeping, dreaming and having tea on top of 22,000 tons of iron ore in motion in the middle of the #Sahara.  It is as well a special experience because this 704km-long #railway played an essentiel role in Mauritania’s history.  To exploit a humongous iron ore deposit in the deep desert, a European conglomerate (MiFerMa) created in the 1950s a city from scratch (#Zouerat) and built this #railtrack to carry the raw mineral to the port of Nouadhibou, from where it is exported.  It provided the income for Mauritania's economic development and rapid urbanisation during the first two decades of its independence (1960s-1970s). In 1966, after only three years of operations, iron mining contributed to 28 % of the GDP and accounted for 92% of the value of all exports.  During the Western Sahara War in the 1970s the line became a target of the Polisario Front who partly destroyed it, pushing eventually Mauritania to drop its territorial claim on Western Sahara in 1979. The rail track nowadays briefly crosses the territory of the partially recognized state of the Sahrawi Arab Democratic Republic (SADR).  The #DesertTrain plays as well the role of a lifeline for many people and remote desert communities who need to travel to visit family or search for work. There is one passenger carriage at the very end of the world’s longest (2-3km) and heaviest train, but most people ride it atop the iron ore.  Big up to my partner-in-adventure @ivonayw for joining me 🫶🏻  #train_nerds #trainride #trainrides #trainadventures #adventure #adventuretime #adventuretravel #travel #traveler #traveling #Mauritanie #FacehunterMauritania","Mauritania, IronTrain, Sahara., railway, Zouerat), railtrack, DesertTrain, train_nerds, trainride, trainrides, trainadventures, adventure, adventuretime, adventuretravel, travel, traveler, traveling, Mauritanie, FacehunterMauritania",3569,133,https://scontent-atl3-2.cdninstagram.com/v/t51.2885-15/329635414_120102054319637_815703531276509836_n.jpg?stp=dst-jpg_e35_p1080x1080&_nc_ht=scontent-atl3-2.cdninstagram.com&_nc_cat=105&_nc_ohc=ijf9ndnvKukAX-w6-Av&edm=AP_V10EBAAAA&ccb=7-5&oh=00_AfAiavMVXD4DXwjEUzdzTTvVA5ra0mvUORv_PhAMt2hoLg&oe=64886701&_nc_sid=8721cf
627,2023-01-12 14:03:05+00:00,facehunter,Sidecar,ⵜⴰⵖⴰⵣⵓⵜ 🇲🇦 “I was born to be a creative person. I give coffee sack bags a second life. I started my brand because making clothes is the only thing I’m good at.” @mohamedyouno   #Taghazout #Maroc #AlMagrib #Morocco #NorthAfrica #streetstyle #mensfashion #mensstyle #style #styles #styleinspiration #stylefashion #styleinspo #creativity #FacehunterMorocco,"Taghazout, Maroc, AlMagrib, Morocco, NorthAfrica, streetstyle, mensfashion, mensstyle, style, styles, styleinspiration, stylefashion, styleinspo, creativity, FacehunterMorocco",1139,25,https://scontent-mad1-1.cdninstagram.com/v/t51.2885-15/325184706_145586458299015_8868874167788903471_n.jpg?stp=dst-jpg_e35_p1080x1080&_nc_ht=scontent-mad1-1.cdninstagram.com&_nc_cat=103&_nc_ohc=8ady5ZH0W7YAX-1ggds&edm=AP_V10EBAAAA&ccb=7-5&oh=00_AfD4lscbVH9mENryAheTZr9IHy9JLmV8tMW0Ij5ILSr8iA&oe=6488CF2F&_nc_sid=8721cf
628,2023-02-18 16:38:00+00:00,facehunter,Sidecar,"Inspiring women of #Mauritania 🇲🇷❤️💚💛  During my trip in the Northwestern African country, I had the opportunity to meet with members of the new generation of creative and entrepreneurial women.   You can find interviews with some of them in my Mauritania Highlights.  1 & 10: Aziza @azizasega, fashion entrepreneur 2 & 3: Kadiata @niukud, fashion designer 4 & 5: Hawa @hikariyayaba, communication manager 6: Wenibik @wenibikgueye, music artist 7: De Aïchetou @dankobera, jeweller  8: Betty @candeved, communication & marketing manager 9: Baba, works at a guesthouse  #streetstyle #style #styleinspiration #stylish #styleinspo #muslimfashion #muslimstyle #Mauritanie #Mauritanian #MauritanianWoman #Mauritanienne #Nouakchott #nouakchottcity #NKC #NKTT #FacehunterMauritania","Mauritania, streetstyle, style, styleinspiration, stylish, styleinspo, muslimfashion, muslimstyle, Mauritanie, Mauritanian, MauritanianWoman, Mauritanienne, Nouakchott, nouakchottcity, NKC, NKTT, FacehunterMauritania",721,17,https://instagram.fhre1-1.fna.fbcdn.net/v/t51.2885-15/331704644_136206699084885_7256860232306914208_n.jpg?stp=dst-jpg_e35_p1080x1080&_nc_ht=instagram.fhre1-1.fna.fbcdn.net&_nc_cat=109&_nc_ohc=Ka0enrhoCyAAX8LagPG&edm=AP_V10EBAAAA&ccb=7-5&oh=00_AfC8SU3G1RgL8pBQbJ2ObGLDv6e4w0wRsIK661hT3JyTPg&oe=6489015D&_nc_sid=8721cf
629,2023-02-01 11:27:06+00:00,facehunter,Sidecar,"#Mauritania 🇲🇷 - #Haouli swag 🌙loving how every #MauritanianMan is styling his #turban in a unique way and adjusting it according to the weather conditions.  While more and more #Mauritanians live in urban centres and their lifestyles are evolving a lot, the haouli remains essential to deal with the harshness of the #desert - considering that 90% of the country is located in the #Sahara. The 3-4-meter-long piece of fabric does an amazing job at protecting its wearers from sun, wind and sand.  [Save your lungs, don’t smoke.]  pic 1,2 & 10: Ibrahim, Chinguetti pic 3: Mohamed, Ouadane pic 4: Abdou, Nouakchott  pic 5: Papa, Atar pic 6: Ahmed, Chinguetti pic 7: Abdullahi, Atar pic 8: Mesala, Aoujeft pic 9: Mahjoub, Atar  #streetstyle #style #styleinspiration #stylefashion #styleinspo #mensfashion #mensstyle #Mauritanian #MauritanianMen #Mauritanien #Mauritaniens #Mauritanie #FacehunterMauritania","Mauritania, Haouli, MauritanianMan, turban, Mauritanians, desert, Sahara., streetstyle, style, styleinspiration, stylefashion, styleinspo, mensfashion, mensstyle, Mauritanian, MauritanianMen, Mauritanien, Mauritaniens, Mauritanie, FacehunterMauritania",1433,62,https://instagram.fluk1-1.fna.fbcdn.net/v/t51.2885-15/328433384_222825486794257_3600353629282614824_n.jpg?stp=dst-jpg_e35_p1080x1080&_nc_ht=instagram.fluk1-1.fna.fbcdn.net&_nc_cat=101&_nc_ohc=T2JMz1TKDIQAX-PdjoP&edm=AP_V10EBAAAA&ccb=7-5&oh=00_AfDZfq_vuUZizQ-Bz1RNunyxC8pErcMbcXQOygq_LDW-bQ&oe=64895DEF&_nc_sid=8721cf
630,2023-04-30 15:12:17+00:00,watchingnewyork,Sidecar,April Archives   #streetfashion #fashion #street #NYC  #nycfashion #spring #springfashion #fashiontrends #fallfashion #newyorkcity #style #streetstyle #vintage #thrift,"streetfashion, fashion, street, NYC, nycfashion, spring, springfashion, fashiontrends, fallfashion, newyorkcity, style, streetstyle, vintage, thrift",29709,122,https://instagram.fudj1-1.fna.fbcdn.net/v/t51.2885-15/344046322_781838299910511_5148600256710982502_n.jpg?stp=dst-jpg_e35_p1080x1080&_nc_ht=instagram.fudj1-1.fna.fbcdn.net&_nc_cat=103&_nc_ohc=pHLgpxmwU_EAX_m_9pJ&edm=AP_V10EBAAAA&ccb=7-5&oh=00_AfDvZmRQiz8FNZmprWdVIXRxKmEEo9O4MFqp8exaLomKAA&oe=6487CC94&_nc_sid=8721cf
631,2023-02-09 11:14:13+00:00,facehunter,Sidecar,#Nouakchott 🇲🇷 Jopo Mamadou   #NKT #Mauritanie #Mauritania #NKTT #streetphotography #streetstyle #style #styleinspiration #styleinspo #mensfashion #mensstyle #Mauritanian #Mauritanien #FacehunterMauritania,"Nouakchott, NKT, Mauritanie, Mauritania, NKTT, streetphotography, streetstyle, style, styleinspiration, styleinspo, mensfashion, mensstyle, Mauritanian, Mauritanien, FacehunterMauritania",790,32,https://scontent-hou1-1.cdninstagram.com/v/t51.2885-15/329417776_173371678747681_1993804600051752327_n.jpg?stp=dst-jpg_e35_p1080x1080&_nc_ht=scontent-hou1-1.cdninstagram.com&_nc_cat=101&_nc_ohc=0e3NC9kM1jMAX80J_f5&edm=AP_V10EBAAAA&ccb=7-5&oh=00_AfC38iAJ1HRdlG22OTq_NuQAtGLR8rxvkUR43CC1LFgxgQ&oe=648948C7&_nc_sid=8721cf
632,2023-05-20 21:00:09+00:00,dudalina,Sidecar,"Toda a praticidade e atemporalidade de uma composição all jeans, peças curingas, para seu máximo conforto e estilo.  Neste Dia do Jeans inspire-se conosco, acesse nosso site e confira todos os lançamentos que vão rechear seu closet de sofisticação e versatilidade. (link na bio)  Ref: 53.05.0362, 91.01.2742, 91.01.2660, 53.05.0352, 91.01.2699, 53.05.0367  #Dudalina #Inverno2023 #AllJeans #diadojeans","Dudalina, Inverno2023, AllJeans, diadojeans",507,5,https://instagram.fgzt3-1.fna.fbcdn.net/v/t39.30808-6/347827394_2634932589989381_1161192612118087329_n.png?stp=dst-jpg_e15_fr_p1080x1080&_nc_ht=instagram.fgzt3-1.fna.fbcdn.net&_nc_cat=105&_nc_ohc=nFRVm1LY8_cAX_lC0lG&edm=AP_V10EAAAAA&ccb=7-5&oh=00_AfDL3xebp7mujuIcLaAXxL99NPIokdPtJqkIZAdbD0BwQQ&oe=6488AE16&_nc_sid=8721cf
633,2023-02-06 13:20:06+00:00,facehunter,Sidecar,"#Ouadane 🇲🇷 Zaïda @zaida_vasque is the owner of the most high-in-demand guesthouse in the oasis town that prospered during the trans-Saharan trade era.   ""When I opened my guesthouse 20 years ago, I was the first Black female #entrepreneur in the whole #Adrar region.  People shouldn't limitate themselves because they are Black and they think they can't achieve what they want. Moving on in life is a personal choice, you shouldn't care at what others have to say.  I didn't study much but I was open to general culture. You need to be brave to make things possible. If a white man is saying he's better than us, we need to prove him wrong. To change things, we need to talk and change our way of thinking.""  #Melahfa #streetstyle  #style #styleinspo #MauritanianStyle #Mauritanie #Mauritania #Mauritanian #MauritanianEntrepreneur #Wadan #Sahara #FacehunterMauritania","Ouadane, entrepreneur, Adrar, Melahfa, streetstyle, style, styleinspo, MauritanianStyle, Mauritanie, Mauritania, Mauritanian, MauritanianEntrepreneur, Wadan, Sahara, FacehunterMauritania",464,8,https://scontent-iad3-2.cdninstagram.com/v/t51.2885-15/328877453_589170992677899_3096262701469990484_n.jpg?stp=dst-jpg_e35_p1080x1080&_nc_ht=scontent-iad3-2.cdninstagram.com&_nc_cat=103&_nc_ohc=FDLBzfl0ObkAX-Etofj&edm=AP_V10EBAAAA&ccb=7-5&oh=00_AfCw6n6AF1vROEd5bzzAB_2MyTv_aun8zp-dlkkWLv88IA&oe=64890C5F&_nc_sid=8721cf
634,2023-05-27 14:00:11+00:00,prada,Sidecar,"Anthony Chen, Anais Demoustier, Kore-Eda Hirokazu and Julia Ducournau in Prada while attending the ‘Kering Women in Motion Award’ during the 76th Cannes film festival.   Anthony Chen wore a kid mohair tuxedo, white poplin shirt, silk tie and black brushed shoes.    Anais Demoustier wore a  black cady dress with jeweled straps that embellished the deep back neckline.   Kore-Eda Hirokazu wore a navy blue kid mohair tuxedo with black satin lapels, navy blue popeline shirt and black brushed shoes.  Julia Ducournau wore an embroidered rhinestone mesh dress with black silk slip and absinthe-colored silk sandals with crystals.   #PradaPeople @antchen #AnaisDemoustier #KoreEdaHirokazu #JuliaDucournau  @festivaldecannes #Cannes2023","PradaPeople, AnaisDemoustier, KoreEdaHirokazu, JuliaDucournau, Cannes2023",14369,40,https://instagram.fteq3-3.fna.fbcdn.net/v/t51.2885-15/350090604_1485584638916115_3319720041089264078_n.jpg?stp=dst-jpg_e35&_nc_ht=instagram.fteq3-3.fna.fbcdn.net&_nc_cat=103&_nc_ohc=K4-toKg2HPIAX-BcCGE&edm=AP_V10EBAAAA&ccb=7-5&oh=00_AfANW06al2mjEeAvSv_F_bmwnmE1eiKatp44lbOFumdILg&oe=648869C2&_nc_sid=8721cf
635,2023-05-14 05:43:46+00:00,prabalgurung,Sidecar,"A Golden Night. Oh, what a night!   Seeing so many of us celebrating and rooting for each other with so much love, respect, and reverence was emotional. For decades we have either downplayed or have never been given any platform to share our incredible stories. We fought for it, demanded it and eventually, when they felt a little ""generous"", they gave us the crumbs. We saw that and built Gold House. We made our table a decision-making and celebratory one. We created a community that rooted and showed up for each other. We took the trauma, pain of invisibility and turned it into action. The result is there for you all to see.   What astounds me is that it's just the 2nd annual #GoldGala and less than four years of Gold House's existence, and the impact is quantifiable and inspiring thanks to the incredible leadership of @BingChen and JeremyNTran.  You had to be there to witness the collective love of and from the community and beyond. To see the entire cast of Joy Luck Club celebrated was very emotional. The impactful joy that Gold House brings could be felt throughout–titans of every industry, from entertainment to business to technology to politics to social justice, attended. Allies from other communities equally rejoicing in our celebration felt like I was finally in a dream I had dreamt all these years. A table and space so diverse that my life's "" stronger in colour"" mantra finally manifested into a reality. It was palpable not just to me but to everyone out there. Celebration with intention creates change, and the entire Gold House team created a substantive, celebratory gala that I will forever remember.  As Instyle rightfully said, ""You may not have realised it, but last week was host to not one but two major Galas."" The Met Gala and Gold Gala.""  Luckily I had the privilege to attend both and walked away from them feeling inspired and energised because witnessing the body of work of all these creatives, artists, entrepreneurs etc., celebrated and in attendance was inspiring and humbling.   I realise now I have miles to go before I sleep.",GoldGala,1764,10,https://instagram.fbir1-1.fna.fbcdn.net/v/t51.2885-15/346450892_253831390508097_5704130522348557368_n.jpg?stp=dst-jpg_e35&_nc_ht=instagram.fbir1-1.fna.fbcdn.net&_nc_cat=109&_nc_ohc=onRpKZhq_ncAX8PK3MY&edm=AP_V10EBAAAA&ccb=7-5&oh=00_AfAY6vEXprNX3ANPrmYslJI-CqOi0ieTjy3sw0oWvEo-yA&oe=6487AEEC&_nc_sid=8721cf
636,2023-05-25 19:00:09+00:00,prada,Sidecar,"Ben Whishaw and Jasmine Jobson in Prada while attending the BAFTA Television Awards 2023 in London.  Ben Whishaw, winner of the Leading Actor award for ""This Is Going To Hurt"", wore a wool and mohair tuxedo paired with a white stretch poplin smoking shirt and brushed oxford shoes.  Jasmine Jobson wore a blue and white satin dress, paired with a gold brushed leather Prada Cleo bag and sandals.   #PradaPeople @benwhishaw @jasminejobson @bafta #BAFTATVAwards","PradaPeople, BAFTATVAwards",12541,34,https://instagram.fclj1-2.fna.fbcdn.net/v/t51.2885-15/349226249_1835697193478447_8595828804565496199_n.jpg?stp=dst-jpg_e35&_nc_ht=instagram.fclj1-2.fna.fbcdn.net&_nc_cat=111&_nc_ohc=8ele7ED4vZEAX9TyS1z&edm=AP_V10EBAAAA&ccb=7-5&oh=00_AfCNNaNHQISdWXF5R9zAQy9j8u3xt-gNZgqUiEnKseqEGw&oe=6487A55C&_nc_sid=8721cf
637,2022-12-15 09:43:32+00:00,harrystyles,Sidecar,"Love On Tour. São Paulo III. December, 2022.",,4147912,22310,https://scontent-lga3-1.cdninstagram.com/v/t51.2885-15/319012934_506649764893090_4922179940714855480_n.jpg?stp=dst-jpg_e35_p1080x1080&_nc_ht=scontent-lga3-1.cdninstagram.com&_nc_cat=110&_nc_ohc=pZlUtbfsGY0AX8QE6xd&edm=AP_V10EBAAAA&ccb=7-5&oh=00_AfAkwH_2jtJ5OLilo-FDjA3rBVZ-qFgTKZSvbGmXiYjOOw&oe=6488DF3A&_nc_sid=8721cf
638,2023-05-25 15:00:10+00:00,prada,Sidecar,Jasmine Trinca in Prada total looks for the David di Donatello awards ceremony in Rome.  #PradaPeople #JasmineTrinca  @premidavid #David68,"PradaPeople, JasmineTrinca, David68",14242,54,https://instagram.fthe15-1.fna.fbcdn.net/v/t51.2885-15/348744091_569813868645024_1420771236881754088_n.jpg?stp=dst-jpg_e35&_nc_ht=instagram.fthe15-1.fna.fbcdn.net&_nc_cat=100&_nc_ohc=k0ZhNCPC9RAAX-JFQs7&edm=AP_V10EBAAAA&ccb=7-5&oh=00_AfAbG73UPdvTlHsu_O56MVIwx0k_wIMq-r2T4dpTdbFZwg&oe=64880400&_nc_sid=8721cf
639,2022-12-13 22:11:04+00:00,harrystyles,Sidecar,"Fine Line is three years old today.  Thank you to everyone who listened, and everyone who helped me make it.   Pink and blue forever.",,4433321,44984,https://instagram.fmct1-4.fna.fbcdn.net/v/t51.2885-15/319880881_834681054504472_6299884948868228209_n.jpg?stp=dst-jpg_e35&_nc_ht=instagram.fmct1-4.fna.fbcdn.net&_nc_cat=104&_nc_ohc=4IsY6T3n2sIAX8LCX8P&edm=AP_V10EBAAAA&ccb=7-5&oh=00_AfAzn2zAK0aR8rPdA0P8XbHjXGl7fgxdg6VS630PIh2fEA&oe=64881813&_nc_sid=8721cf
640,2023-03-10 17:04:40+00:00,parisfashionweek,Sidecar,Throwback to the backstage of @alphonsemaitrepierre and @estermanas captured on @iulia_matei’s camera.  Visit our platform to watch all the shows by tapping the link in bio!  #parisfashionweek #pfw #iuliamatei,"parisfashionweek, pfw, iuliamatei",2679,25,https://instagram.fiom2-1.fna.fbcdn.net/v/t51.2885-15/334502433_511344821158858_4921894896974590905_n.jpg?stp=dst-jpg_e35_p1080x1080&_nc_ht=instagram.fiom2-1.fna.fbcdn.net&_nc_cat=110&_nc_ohc=br8o93RBoTEAX8SLQjz&edm=AP_V10EBAAAA&ccb=7-5&oh=00_AfDzHGaFmMvcX_WBfQ-6l_HaIGrtjMk-ywy9OR45S4wjZw&oe=6487AEC0&_nc_sid=8721cf
641,2023-05-25 12:25:15+00:00,prada,Sidecar,"A first of its kind.  adidas Football for Prada presents specially engineered boots thatcombine the sophisticated codes of Prada and the high-performance football technologies unique to adidas, reimagining top styles Predator. Accuracy, Copa Pure, and X Crazyfast.  Discover more via link in bio.  #adidasforPrada #Prada #adidasfootball","adidasforPrada, Prada, adidasfootball",27420,88,https://instagram.fruh4-2.fna.fbcdn.net/v/t51.2885-15/348592751_234074349252553_4806663021897471225_n.jpg?stp=dst-jpg_e35&_nc_ht=instagram.fruh4-2.fna.fbcdn.net&_nc_cat=101&_nc_ohc=_l0I0y1rBuQAX9UZk9m&edm=AP_V10EBAAAA&ccb=7-5&oh=00_AfDlr7FguFs-tKxEfFDdEw8qLOmz7pFRSdlPXcTH3oeLWg&oe=6488185D&_nc_sid=8721cf
642,2023-03-14 17:38:06+00:00,parisfashionweek,Sidecar,"@stephane_ashpool, founder of Pigalle, is appointed as the Artistic Director and Senior Designer w/ Le Coq Sportif to dress the athletes of the French teams for the Summer Olympics and Paralympics in Paris in 2024.  #HorizonParis2024 @paris2024 #Paris2024  #EquipedeFrance @equipefra #Olympics2024 @olympics #Paralympics2024 #lecoqsportif @lecoqsportif #UneSeuleEquipe","HorizonParis2024, Paris2024, EquipedeFrance, Olympics2024, Paralympics2024, lecoqsportif, UneSeuleEquipe",1320,17,https://scontent-mad1-1.cdninstagram.com/v/t51.2885-15/335881320_554848763127642_1233297832499416678_n.jpg?stp=dst-jpg_e35_p1080x1080&_nc_ht=scontent-mad1-1.cdninstagram.com&_nc_cat=106&_nc_ohc=Je369gzooA0AX8U--xj&edm=AP_V10EBAAAA&ccb=7-5&oh=00_AfDnhnJElE-bXSiPdogqq1YHB5HrlR0C7FsJC83XXXRBmw&oe=64894E51&_nc_sid=8721cf
643,2022-12-04 17:10:40+00:00,harrystyles,Sidecar,"Love On Tour. Buenos Aires I. December, 2022.",,3714902,28791,https://scontent-pnq1-2.cdninstagram.com/v/t51.2885-15/317469924_689184792715488_6915214985616065506_n.jpg?stp=dst-jpg_e35_s1080x1080&_nc_ht=scontent-pnq1-2.cdninstagram.com&_nc_cat=100&_nc_ohc=u9fcFyvGPYUAX-ujCN9&edm=AP_V10EBAAAA&ccb=7-5&oh=00_AfCIAw-0gUJuHpC88Z1kpG87NtVsoskRDjiO0-B09Ylc8w&oe=6487971A&_nc_sid=8721cf
644,2023-05-26 10:10:33+00:00,prada,Sidecar,"Scarlett Johansson, face of the current #PradaGalleria handbag campaign, wore Prada while attending the 76th Cannes film festival.  Scarlett Johansson wore a petal pink and white scuba fabric dress embellished with a micro embroidery of beads and rhinestones paired with silver-colored brushed sandals, while attending the ‘Asteroid City’ premiere, during the 76th Cannes film Festival.  Scarlett Johansson wore a multi-striped drill custom Prada dress from Spring / Summer 2011 collection and Black satin sandals, while attending the ‘Asteroid City’ photocall, during the 76th Cannes film Festival.  Scarlett Johansson wore a fern green satin mini dress paired with a white jersey top, silver brushed leather clutch and white brushed leather sandals, while attending the Warner Brothers Discovery Party, during the 76th Cannes film festival.  #PradaPeople #ScarlettJohansson  @festivaldecannes #Cannes2023","PradaGalleria, PradaPeople, ScarlettJohansson, Cannes2023",53214,185,https://scontent-lga3-1.cdninstagram.com/v/t51.2885-15/349042672_793420602070166_8299124579113564397_n.jpg?stp=dst-jpg_e35_p1080x1080&_nc_ht=scontent-lga3-1.cdninstagram.com&_nc_cat=102&_nc_ohc=CeDQZyKZoQwAX9AgXtx&edm=AP_V10EBAAAA&ccb=7-5&oh=00_AfCZkseI33nRfMCBmERO_f10x5ObcnTvt2kYqzU51lpUrg&oe=6487FF5C&_nc_sid=8721cf
645,2023-05-13 20:49:14+00:00,prabalgurung,Sidecar,"As a co-founder and board member of @goldhouseco this weekend’s #goldgala was inspiring and impactful. It kicked off with letters from the @whitehouse and rest as they say is history ( next two posts you will get a glimpse of it).  Thank you, @POTUS and @VP @KamalaHarris for recognizing @GoldHouseCo’s leadership in changing how the Asian Pacific diaspora is seen, invested in, and championed. Gold House has led cultural change across our community with measurably impactful work that brings profound joy to all who touch it. They were instrumental in the success of films from Crazy Rich Asians to Parasite to Everything Everywhere All At Once through both success and celebration (helping ensure a successful opening, the first to award the cast at the inaugural Gold Gala, and were critical to the awards campaign that’s since made history!). Further, they help founders build their own houses for econmic change with the largest top Asian Pacific founder network and definitive fund, Gold House Ventures, whose investors are the most influential Asian founders of the last decade.   I was particularly excited for my dear friends Agnes Chu and Nina Yang Bongiovi to announce the new Gold House Creative Equity Fund, a $10 million studio-inspired fund that will help filmmakers make soundtracks and musicians hit the runway across multiple creative categories, accelerators, investments, and mainstream promotion.   From Gold Gala: “We have reshaped public opinion by consulting on more than 100 Asian Pacific-led films and series from casting to storylines to product placement; invested in the next generation of talent, and ensured the debut success of more than two dozen Asian Pacific-led creative projects. Further, we have invested an additional $10 million in 68 companies and placed 30 diverse Board Directors to help shatter the glass ceiling.”   To the entire team of Goldhouse esp @jeremyntran @bingchen congratulations!!!",goldgala,8756,34,https://scontent-cdg4-3.cdninstagram.com/v/t51.2885-15/346440993_145181178445432_1963303994922796855_n.jpg?stp=dst-jpg_e35_s1080x1080&_nc_ht=scontent-cdg4-3.cdninstagram.com&_nc_cat=104&_nc_ohc=-Ictcr_j8g0AX9v6Jvr&edm=AP_V10EBAAAA&ccb=7-5&oh=00_AfCdcepl7Nx9dMqeFQleuzuVPdt7Jzf7tZ7gSPlrEppUZQ&oe=64881158&_nc_sid=8721cf
646,2022-02-07 01:16:00+00:00,zendaya,Sidecar,"In an interview I was asked about Rue’s journey this season, I guess this is what I hope we hold onto and are left with in the end…  Episode 5 tonight",,9660689,22249,https://instagram.fosu2-1.fna.fbcdn.net/v/t51.2885-15/273451679_424368449477844_5153220748903621845_n.jpg?stp=dst-jpg_e35_s1080x1080&_nc_ht=instagram.fosu2-1.fna.fbcdn.net&_nc_cat=100&_nc_ohc=WvrIxdWQavYAX-bOj3m&edm=AP_V10EBAAAA&ccb=7-5&oh=00_AfBSJvOUFVqPcsFQf290rJ525KDkFJSjFnnWygTzeDiGXA&oe=6488A7E1&_nc_sid=8721cf
647,2023-05-28 14:50:50+00:00,spfw,Sidecar,"Atenção à programação de hoje, último dia de SPFW! ♥️  #spfw #spmdet #prefsp #ÉdaSuaVida #iguatemiSPFW #soudealgodao #moda #criatividade #empreendedorismo #modaearte #spfworigens #sousenacmoda #senacmoda #komplexotempo #diversidade #sustentabilidade #Localiza #LocalizaEmMovimento #PráVocêChegarLá #YPEnoSPFW #AndJustLikeThat #NasEscadasdaCarrie","spfw, spmdet, prefsp, ÉdaSuaVida, iguatemiSPFW, soudealgodao, moda, criatividade, empreendedorismo, modaearte, spfworigens, sousenacmoda, senacmoda, komplexotempo, diversidade, sustentabilidade, Localiza, LocalizaEmMovimento, PráVocêChegarLá, YPEnoSPFW, AndJustLikeThat, NasEscadasdaCarrie",666,14,https://scontent-cdg4-1.cdninstagram.com/v/t51.2885-15/350238034_2127023844159389_9062334758844065653_n.jpg?stp=dst-jpg_e35_p1080x1080&_nc_ht=scontent-cdg4-1.cdninstagram.com&_nc_cat=105&_nc_ohc=y_mEp0AP6fMAX-K-hoh&edm=AP_V10EBAAAA&ccb=7-5&oh=00_AfBcuJHjk26QPipR1h_mcq4O_vZZlvQ5G-HGT1sjRIzwOw&oe=6487C615&_nc_sid=8721cf
648,2022-02-16 20:08:32+00:00,zendaya,Sidecar,New @maisonvalentino campaign 🎀 #ValentinoRendezVous,ValentinoRendezVous,12058900,24938,https://instagram.fdmm3-2.fna.fbcdn.net/v/t51.2885-15/273961947_483999979994695_3670279172077009312_n.jpg?stp=dst-jpg_e35_p1080x1080&_nc_ht=instagram.fdmm3-2.fna.fbcdn.net&_nc_cat=107&_nc_ohc=khCXpLFCSxIAX_DJkho&edm=AP_V10EBAAAA&ccb=7-5&oh=00_AfAjwTccmU00d2kaCKf8xCfG0tizRerwk_eevuR1sZsT7g&oe=6489334D&_nc_sid=8721cf
649,2023-05-24 14:01:06+00:00,urbanoutfitters,Sidecar,@Dickies for every mood and occassion this summer. Online now at UO–link in bio.,,1917,2,https://instagram.flim37-1.fna.fbcdn.net/v/t51.2885-15/348488209_653231493312950_6529493754126022235_n.jpg?stp=dst-jpg_e35_p1080x1080&_nc_ht=instagram.flim37-1.fna.fbcdn.net&_nc_cat=102&_nc_ohc=y4DO6Vp8vEgAX9WNAv_&edm=AP_V10EBAAAA&ccb=7-5&oh=00_AfCIhOQ69o16bN7jzMjpCQxVz5AmdiRzgVOYPueX3frzQA&oe=648963D3&_nc_sid=8721cf
650,2023-04-21 08:08:17+00:00,milanfashionweek,Sidecar,"@louisvuitton presents the latest additions to the Objets Nomades collection of inventive and functional furniture and design objects part of Milano Moda Design calendar.  For this year’s Milan Design Week, Louis Vuitton unveiled the new Objets Nomades within a specially designed space in the historic Palazzo Serbelloni.",,4130,18,https://instagram.fsyd4-1.fna.fbcdn.net/v/t51.2885-15/342519545_221432347169856_7492252975820310569_n.jpg?stp=dst-jpg_e35_p1080x1080&_nc_ht=instagram.fsyd4-1.fna.fbcdn.net&_nc_cat=100&_nc_ohc=oFr5PljDfycAX8QwpUr&edm=AP_V10EBAAAA&ccb=7-5&oh=00_AfBCGMGf1OeDFaTT-m8Fsz4TjkvyBFkQcVyaW0FQzXh5IQ&oe=64896790&_nc_sid=8721cf
651,2023-05-07 12:19:24+00:00,watchingnewyork,Sidecar,"May archives   This has nothing to do with Street fashion but you know what movie is tremendous, “Ghost” (1990)  From the moment it starts until it ends it’s just 👏👏👏  #streetfashion #fashion #street #NYC  #nycfashion #spring #springfashion #fashiontrends #fallfashion #newyorkcity #style #streetstyle #vintage #thrift","streetfashion, fashion, street, NYC, nycfashion, spring, springfashion, fashiontrends, fallfashion, newyorkcity, style, streetstyle, vintage, thrift",45642,219,https://instagram.fmux2-1.fna.fbcdn.net/v/t51.2885-15/345481605_636961221807854_8334327156341139017_n.jpg?stp=dst-jpg_e35_p1080x1080&_nc_ht=instagram.fmux2-1.fna.fbcdn.net&_nc_cat=102&_nc_ohc=Tpjo3wNplSQAX8DDoUF&edm=AP_V10EBAAAA&ccb=7-5&oh=00_AfB6Omit7Ol8ZkEIlwvpyOdWjjPPQ-0il9U_J5u2nkerWA&oe=6487F719&_nc_sid=8721cf
652,2022-02-15 05:20:25+00:00,zendaya,Sidecar,🥺   @thecut @micaiahcarter,,13825519,19950,https://z-p42-instagram.flim3-2.fna.fbcdn.net/v/t51.2885-15/273945751_487303546325156_6870829501918364054_n.jpg?stp=dst-jpg_e35_s1080x1080&_nc_ad=z-m&_nc_ht=z-p42-instagram.flim3-2.fna.fbcdn.net&_nc_cat=108&_nc_ohc=G6HH-4MszUUAX8waVJV&edm=AP_V10EBAAAA&ccb=7-5&oh=00_AfCZronMutQ5rHRQqZFalearfLvUxWGmidthvdv8n_xc1g&oe=64884D9B&_nc_sid=8721cf
653,2023-05-23 14:01:30+00:00,urbanoutfitters,Sidecar,You enjoying the weather in UO. #uocommunity  📸: @fitsbyd_ @ellenduguid @trinityalyce + @uo_pittsburgh @gillsinspo @georgwhite @xxnnhii,uocommunity,4765,22,https://instagram.fbkk6-1.fna.fbcdn.net/v/t51.2885-15/348713316_1204354053610280_3573269878753932230_n.jpg?stp=dst-jpg_e35&_nc_ht=instagram.fbkk6-1.fna.fbcdn.net&_nc_cat=108&_nc_ohc=LqWUA6sKIBEAX8FvJB3&edm=AP_V10EBAAAA&ccb=7-5&oh=00_AfC-GnnximVTYFDAWMC5bLUO6v-3GatrMaJqp9vgs6TVbg&oe=6487E0F2&_nc_sid=8721cf
654,2023-02-18 17:23:50+00:00,leeoliveira,Sidecar,"@fashionweek The #StreetsAtNYFW is the gift that keeps on giving. Spotted #JuliaFox, @best.dressed, and more.","StreetsAtNYFW, JuliaFox,",801,15,https://instagram.fgua5-1.fna.fbcdn.net/v/t51.2885-15/331697497_563048675765042_8735210345109280039_n.jpg?stp=dst-jpg_e35_p1080x1080&_nc_ht=instagram.fgua5-1.fna.fbcdn.net&_nc_cat=102&_nc_ohc=xult1h77gcQAX-tcZH2&edm=AP_V10EBAAAA&ccb=7-5&oh=00_AfAbAZD1qNvUCWt7d3ENACk5MqoMcq4-XvhNr6PE9aMsZQ&oe=648804EB&_nc_sid=8721cf
655,2023-03-17 22:15:20+00:00,leeoliveira,Sidecar,"One trend in street style photography is imperfection photography, where photographers focus on capturing the unedited, raw and candid moments of the subjects.  Imperfection photography focuses on capturing the authenticity and natural beauty of the moment, rather than trying to perfect or enhance the images.",,441,27,https://scontent-sof1-2.cdninstagram.com/v/t51.2885-15/336255710_669643034920387_8557759109470387009_n.jpg?stp=dst-jpg_e35_p1080x1080&_nc_ht=scontent-sof1-2.cdninstagram.com&_nc_cat=107&_nc_ohc=-wLI59OU2p4AX8qdQUX&edm=AP_V10EBAAAA&ccb=7-5&oh=00_AfDgeibuQHfeheYKUYy3K4VGJQ1SgQZ-siB2CpN-Gny0qg&oe=6488FF55&_nc_sid=8721cf
656,2023-03-18 15:04:35+00:00,parisiensinparis,Sidecar,Cosy morning ride   #ShotOnIphone#Paris#Parisian#Parisien#Effortless#Style#EffortlessChic#Natural#Fashion#Denim#DenimMania#ParisianStyle#LeParisien#LaParisienne#Maje#ParisFashionWeek#PFW,"ShotOnIphone, Paris, Parisian, Parisien, Effortless, Style, EffortlessChic, Natural, Fashion, Denim, DenimMania, ParisianStyle, LeParisien, LaParisienne, Maje, ParisFashionWeek, PFW",4261,3,https://scontent-ord5-2.cdninstagram.com/v/t51.2885-15/336098471_505125395146255_2885116275203758981_n.jpg?stp=dst-jpg_e35_s1080x1080&_nc_ht=scontent-ord5-2.cdninstagram.com&_nc_cat=107&_nc_ohc=5FokDUYsAPcAX9Bfxev&edm=AP_V10EBAAAA&ccb=7-5&oh=00_AfB4wk28zo9bq596flMX6MaHW_FYzgkVsBXIG_M_47f0cg&oe=648885D7&_nc_sid=8721cf
657,2023-04-16 14:55:30+00:00,wheresmydriver,Sidecar,So #Revolve threw a party at #Coachella...even Lewis Hamilton showed up (in denim) and supermodels and singers and actresses and influencers. You get the picture... #revolvefestival,"Revolve, Coachella...even, revolvefestival",116,5,https://scontent-mad2-1.cdninstagram.com/v/t51.2885-15/341190975_592613719483643_603475285176960499_n.jpg?stp=dst-jpg_e35_s1080x1080&_nc_ht=scontent-mad2-1.cdninstagram.com&_nc_cat=111&_nc_ohc=zX24jHCxm4MAX91_219&edm=AP_V10EBAAAA&ccb=7-5&oh=00_AfBO_XP9R-G6buMrfd4iQf-dHWzc5h4c2iH_ZdaZSrJDIw&oe=64887F25&_nc_sid=8721cf
658,2023-05-27 17:47:02+00:00,spfw,Sidecar,"“Quantos eus cabem dentro da minha própria pele? Quando a pele se renova, após uma vivência incrível ou arrasadora, o que sobra?” Estas são as perguntas que norteiam a coleção PELES que @renatabuzzo___.___ apresenta ao SPFW. A coleção traz texturas em formatos esféricos, cilíndricos e curvilíneos e é toda na paleta de tons de pele, desde o marrom escuro até o branco pálido. As formas são motivadas pelas experiências de transformação pessoal, e vivência de situações difíceis às cicatrizes que se formam e deformam a pele.   #spfw #spmdet #prefsp #ÉdaSuaVida #iguatemiSPFW #soudealgodao #moda #criatividade #empreendedorismo #modaearte #spfworigens #sousenacmoda #senacmoda #komplexotempo #diversidade #sustentabilidade #Localiza #LocalizaEmMovimento #PráVocêChegarLá #YPEnoSPFW #AndJustLikeThat #NasEscadasdaCarrie","spfw, spmdet, prefsp, ÉdaSuaVida, iguatemiSPFW, soudealgodao, moda, criatividade, empreendedorismo, modaearte, spfworigens, sousenacmoda, senacmoda, komplexotempo, diversidade, sustentabilidade, Localiza, LocalizaEmMovimento, PráVocêChegarLá, YPEnoSPFW, AndJustLikeThat, NasEscadasdaCarrie",3097,52,https://instagram.fblq5-1.fna.fbcdn.net/v/t51.2885-15/349231397_202942129345734_6304338318531870667_n.jpg?stp=dst-jpg_e35_p1080x1080&_nc_ht=instagram.fblq5-1.fna.fbcdn.net&_nc_cat=106&_nc_ohc=jNW6524KZ_EAX_ibrTr&edm=AP_V10EBAAAA&ccb=7-5&oh=00_AfCU8DAcn40oBW3ytuyYyIFMMgngv57ZjZZr7ZRNPx4cKQ&oe=64877542&_nc_sid=8721cf
659,2023-05-30 21:01:33+00:00,urbanoutfitters,Sidecar,@obeyclothing has done it again with new graphic tees and polos to wear all summer long. Link in bio.,,1392,2,https://instagram.fumu2-2.fna.fbcdn.net/v/t51.2885-15/350349952_503662558555997_3802149391396527386_n.jpg?stp=dst-jpg_e35_p1080x1080&_nc_ht=instagram.fumu2-2.fna.fbcdn.net&_nc_cat=105&_nc_ohc=pOUg1Ho1mT8AX8ZWT_f&edm=AP_V10EBAAAA&ccb=7-5&oh=00_AfCzYBirw7nLwxWRx1vvMvmnKFl4yhHuNM76HyQHBhYOYg&oe=64883C58&_nc_sid=8721cf
660,2023-05-27 21:53:58+00:00,spfw,Sidecar,"Rafa Silvério fez seu primeiro mergulho na praia com esta coleção de sua marca @silveriobrand E foi um bom mergulho, entrelaçando cidade e praia, passeando entre a alfaiataria desestruturada dos centros urbanos a uma praia ousada e vibrante.  O verão da Silvério é mais sóbrio e urbano, arquitetônico, mas essa incursão pelo beachwear trouxe cores iluminadas que servem como focos de luz e de sensualidade, rejuvenescendo e trazendo uma novidade para o repertório da marca.  O desfile teve uma trilha ao vivo e cenas de um mar revolto no telão de fundo, que explica o tipo de praia que Rafael imagina: um mar lindo e fresco, mas revolto e profundo.  #spfw #spmdet #prefsp #ÉdaSuaVida #iguatemiSPFW #soudealgodao #moda #criatividade #empreendedorismo #modaearte #spfworigens #sousenacmoda #senacmoda #komplexotempo #diversidade #sustentabilidade #Localiza #LocalizaEmMovimento #PráVocêChegarLá #YPEnoSPFW #AndJustLikeThat #NasEscadasdaCarrie","spfw, spmdet, prefsp, ÉdaSuaVida, iguatemiSPFW, soudealgodao, moda, criatividade, empreendedorismo, modaearte, spfworigens, sousenacmoda, senacmoda, komplexotempo, diversidade, sustentabilidade, Localiza, LocalizaEmMovimento, PráVocêChegarLá, YPEnoSPFW, AndJustLikeThat, NasEscadasdaCarrie",3555,35,https://scontent-iad3-1.cdninstagram.com/v/t51.2885-15/349235637_627487089044395_6743113750984201054_n.jpg?stp=dst-jpg_e35_p1080x1080&_nc_ht=scontent-iad3-1.cdninstagram.com&_nc_cat=107&_nc_ohc=-Y5D1nJlfV8AX9vawgD&edm=AP_V10EBAAAA&ccb=7-5&oh=00_AfBFeXiXYdNrr8yXpBWhJMTzTh7wtxqGon8cUMHUY7eqmg&oe=6488659B&_nc_sid=8721cf
661,2023-05-25 19:29:00+00:00,urbanoutfitters,Sidecar,You're SO ready for summer. #uocommunity  📸: @puza_ishere @caitlynwarakomski @gbrinkly @sarahxu21 @sarah_novio,uocommunity,1873,12,https://instagram.fath4-2.fna.fbcdn.net/v/t51.2885-15/348985989_1932481573780822_614953599366978385_n.jpg?stp=dst-jpg_e35_p1080x1080&_nc_ht=instagram.fath4-2.fna.fbcdn.net&_nc_cat=110&_nc_ohc=31ep7OLfNsIAX8PS6nn&edm=AP_V10EBAAAA&ccb=7-5&oh=00_AfBxQ9PV8pd2Iclk8kDZlhMI4zukupF55eu-C7aXu3WsNA&oe=6488C57E&_nc_sid=8721cf
662,2023-05-02 20:08:07+00:00,versace,Sidecar,"Donatella Versace's custom Atelier Versace gown for the Met Gala 2023.  Over 700 hours of craft by Atelier Versace created Donatella Versace's Met Gala gown. Chandelier, Swarovski crystal, stones, paillette, and handmade organza flower embellishments were each hand embroidered onto a delicate nude illusion tulle in a degradé pattern that mimicks that of tweed—a material synonymous with Karl Lagerfeld and the House of Chanel.  @donatella_versace #AtelierVersace #MetGala #MetGala2023","AtelierVersace, MetGala, MetGala2023",218237,430,https://scontent-lga3-2.cdninstagram.com/v/t51.2885-15/344231514_226514559986697_476424443098665780_n.jpg?stp=dst-jpg_e35_p1080x1080&_nc_ht=scontent-lga3-2.cdninstagram.com&_nc_cat=109&_nc_ohc=CYTeVc3V6ZwAX-EXBKM&edm=AP_V10EBAAAA&ccb=7-5&oh=00_AfCSVA7WFSL03EYZ_J4jdJVQKXGtZgXjxUrSiRosmm3K7w&oe=6487F9E8&_nc_sid=8721cf
663,2023-05-27 12:00:00+00:00,spfw,Sidecar,"Planta que cresce em roupa? Foi isso mesmo que vimos no desfile da marca @martins__________  em uma colaboração com a designer espanhola Paula Ulargui (@ulargui_escalona ) e a @oficialype   Paula tem um projeto incrível que tem chamado atenção de marcas do mundo inteiro. Foi seu trabalho do último ano da faculdade e que tem rendido reflexões sobre nossa relação com a natureza e da própria indústria da moda com o meio ambiente.  A roupa é feita com um material de fibras naturais que proporcionam o ambiente perfeito pra planta crescer dentro do tecido, com os nutrientes certos. Alguns tecidos são mais fáceis de implementar as sementes, outros exigem mais técnica.  E o mais surpreendente é que Paula mostrou que isso é possível: plantas crescendo em roupas. E que o cuidado é fundamental para que elas durem e você possa continuar usando. Isso também traz muitas reflexões acerca da nossa relação com a “Fico feliz que um projeto tão pessoal pra mim tem se transformado numa nova maneira da gente conectar com a natureza. O projeto tem recebido uma repercussão enorme e tenho trabalhado em colab com diversas marcas pelo mundo. E fiquei muito contente de vir para o Brasil trabalhar com a equipe do Tom e da Ypê”, finaliza Paula.   Vocês usariam? 🌿🌿🌿  #spfw #spmdet #prefsp #ÉdaSuaVida #iguatemiSPFW #soudealgodao #moda #criatividade #empreendedorismo #modaearte #spfworigens #sousenacmoda #senacmoda #komplexotempo #diversidade #sustentabilidade #Localiza #LocalizaEmMovimento #PráVocêChegarLá #YPEnoSPFW #AndJustLikeThat #NasEscadasdaCarrie","spfw, spmdet, prefsp, ÉdaSuaVida, iguatemiSPFW, soudealgodao, moda, criatividade, empreendedorismo, modaearte, spfworigens, sousenacmoda, senacmoda, komplexotempo, diversidade, sustentabilidade, Localiza, LocalizaEmMovimento, PráVocêChegarLá, YPEnoSPFW, AndJustLikeThat, NasEscadasdaCarrie",14184,102,https://instagram.fbru2-1.fna.fbcdn.net/v/t51.2885-15/349469661_905297463897097_6687503905757193868_n.jpg?stp=dst-jpg_e35_p1080x1080&_nc_ht=instagram.fbru2-1.fna.fbcdn.net&_nc_cat=101&_nc_ohc=ruNuSR0TWEMAX9uV2pE&edm=AP_V10EBAAAA&ccb=7-5&oh=00_AfD9QqxH6cRqYixdKYfET_i2pNJIrxK0cdFRnLD5cO8WSg&oe=6488049D&_nc_sid=8721cf
664,2023-05-26 08:15:05+00:00,prada,Sidecar,"Storm Reid and Daryl McCormack in Prada while attending the Chopard Trophy, during the 76th Cannes film festival.   Storm Reid wore a technical fabric floral print dress embellished with all-over embroidery in multicolored sequins and three-dimensional crystals. Black satin sandals.  Daryl McCormack wore a single-breasted wool and mohair suit with silk faille lapel and covered buttons, white poplin shirt and black faille tie. Black patent shoes.   #PradaPeople @stormreid #DarylMcCormack  @festivaldecannes #Cannes2023","PradaPeople, DarylMcCormack, Cannes2023",12476,34,https://scontent-iad3-2.cdninstagram.com/v/t51.2885-15/349031299_9274018812639303_104086559150546335_n.jpg?stp=dst-jpg_e35_p1080x1080&_nc_ht=scontent-iad3-2.cdninstagram.com&_nc_cat=103&_nc_ohc=rD3tfY_T1_AAX9EtvFO&edm=AP_V10EBAAAA&ccb=7-5&oh=00_AfDnAEvgFWXVQ-qc34uKal4Pr_J3cCN0UMlwrDHNU2ljSw&oe=64877F67&_nc_sid=8721cf
665,2023-05-27 11:00:00+00:00,spfw,Sidecar,Programação de hoje. Acompanhe tudo pelas nossas redes e assista aos desfiles na íntegra no nosso canal do YouTube.   #spfw #spmdet #prefsp #ÉdaSuaVida #iguatemiSPFW #soudealgodao #moda #criatividade #empreendedorismo #modaearte #spfworigens #sousenacmoda #senacmoda #komplexotempo #diversidade #sustentabilidade #Localiza #LocalizaEmMovimento #PráVocêChegarLá #YPEnoSPFW #AndJustLikeThat #NasEscadasdaCarrie,"spfw, spmdet, prefsp, ÉdaSuaVida, iguatemiSPFW, soudealgodao, moda, criatividade, empreendedorismo, modaearte, spfworigens, sousenacmoda, senacmoda, komplexotempo, diversidade, sustentabilidade, Localiza, LocalizaEmMovimento, PráVocêChegarLá, YPEnoSPFW, AndJustLikeThat, NasEscadasdaCarrie",1864,26,https://instagram.ftpe4-1.fna.fbcdn.net/v/t51.2885-15/348329200_212953664865727_4935726707602803482_n.jpg?stp=dst-jpg_e35_p1080x1080&_nc_ht=instagram.ftpe4-1.fna.fbcdn.net&_nc_cat=107&_nc_ohc=lsYoklntu1EAX9ETPmh&edm=AP_V10EBAAAA&ccb=7-5&oh=00_AfCcLWSkuQ9__KyIVrFLveJzzWTRP2v3v1TpIVltmaxDkw&oe=6488D68C&_nc_sid=8721cf
666,2023-05-27 20:50:35+00:00,spfw,Sidecar,"A @localiza fez um desfile lindo em nossa passarela✨   O desfile faz parte de um super projeto que iniciamos lá em novembro de 2022, e agora chegamos ao resultado final: os novos uniformes da empresa, assinados pela estilista @bru.cacique, vencedora do concurso Moda & Movimento.   #LocalizaModaEMovimento",LocalizaModaEMovimento,10073,97,https://scontent-lax3-2.cdninstagram.com/v/t51.2885-15/349472403_747303923799467_7558103910441808940_n.jpg?stp=dst-jpg_e35_p1080x1080&_nc_ht=scontent-lax3-2.cdninstagram.com&_nc_cat=111&_nc_ohc=7o5Cv80fN9YAX8_q0Ma&edm=AP_V10EBAAAA&ccb=7-5&oh=00_AfAghY7holgaPuHWo8wcTxC6qrtP9AOTt57Cj_IXtibKEw&oe=6488118A&_nc_sid=8721cf
667,2023-05-02 11:00:07+00:00,versace,Sidecar,"Anne Hathaway's custom Atelier Versace gown for the Met Gala 2023.  Atelier Versace used over 15 meters of fabric and 450 hours to handcraft Anne Hathway's custom gown for this year's Met Gala. Embellishments were custom made for the occassion, combining pearls used throughout Karl Lagerfeld's Chanel collections with Versace signatures including Medusa Safety Pins.  @annehathaway #AtelierVersace #MetGala #MetGala2023","AtelierVersace, MetGala, MetGala2023",938672,1642,https://scontent-atl3-2.cdninstagram.com/v/t39.30808-6/344467429_6214365075294047_7119326799770186046_n.jpg?stp=dst-jpg_e35_p1080x1080_sh0.08&_nc_ht=scontent-atl3-2.cdninstagram.com&_nc_cat=111&_nc_ohc=E2iI0yts_TYAX8j-LUJ&edm=AP_V10EAAAAA&ccb=7-5&oh=00_AfAAlrftjIBK3X-OBzfl-tVmLiKgd4HErUwJAqAwOIX0aQ&oe=64879991&_nc_sid=8721cf
668,2023-05-26 17:55:50+00:00,whowhatwear,Sidecar,"Small buy, big impact. As the fashion crowd continues to resurface every late '90s to early 2000s accessory imaginable, stretchy headbands have come back in a big way. Effortless and affordable, it's the easiest It girl-approved look to copy. Tap our link for more inspo around the trend. #HighlyDocumented photos: @nicolaannepeltzbeckham, @lauraharrier, @bellahadid, @bettinalooney, @hoskelsa",HighlyDocumented,22745,35,https://scontent-sjc3-1.cdninstagram.com/v/t51.2885-15/349701388_614304570640154_4269842014258572071_n.jpg?stp=dst-jpg_e35&_nc_ht=scontent-sjc3-1.cdninstagram.com&_nc_cat=102&_nc_ohc=zGGVZb0cRzgAX_rWM6_&edm=AP_V10EBAAAA&ccb=7-5&oh=00_AfCgvr2rULJieMfMIR-sMNOaO8Ue8dG01dkYaF7Wh4wLjQ&oe=64879386&_nc_sid=8721cf
669,2023-04-29 08:00:00+00:00,versace,Sidecar,Versace Eyewear Spring-Summer 2023  Now at Versace.com via the link in bio  #VersaceSunglasses #VersaceEyewear,"VersaceSunglasses, VersaceEyewear",123446,360,https://instagram.fiev21-1.fna.fbcdn.net/v/t51.2885-15/343792488_244928991358202_7794317872277529774_n.jpg?stp=dst-jpg_e35_p1080x1080&_nc_ht=instagram.fiev21-1.fna.fbcdn.net&_nc_cat=102&_nc_ohc=PAC4if9uC_kAX_U3RCU&edm=AP_V10EBAAAA&ccb=7-5&oh=00_AfA-9h6blv3M6E-wz_bdzaD6aD7T9Dm2vXUKfgK4njrUJw&oe=6487E819&_nc_sid=8721cf
670,2023-03-24 09:39:46+00:00,parisiensinparis,Sidecar,"There’s chic and then there’s chic 🇫🇷😍 also, Paris has a shearling and cognac trend going on!   #LoroPiana #LoroPianaBaleBag #ShotOnIphone#Paris#Parisian#Parisien#Effortless#Style#EffortlessChic#Natural#Fashion#Denim#DenimMania#ParisianStyle#LeParisien#LaParisienne#ParisFashionWeek#PFW","LoroPiana, LoroPianaBaleBag, ShotOnIphone, Paris, Parisian, Parisien, Effortless, Style, EffortlessChic, Natural, Fashion, Denim, DenimMania, ParisianStyle, LeParisien, LaParisienne, ParisFashionWeek, PFW",11907,45,https://instagram.fist6-2.fna.fbcdn.net/v/t51.2885-15/337314851_168237686048248_9213156134658869574_n.jpg?stp=dst-jpg_e35_p1080x1080&_nc_ht=instagram.fist6-2.fna.fbcdn.net&_nc_cat=104&_nc_ohc=cIhd-aETZTMAX8skFzX&edm=AP_V10EBAAAA&ccb=7-5&oh=00_AfAyPH1G7FDWmhS82-fyTKZzgRV0uwXDLSI6pK0vVPZUOQ&oe=648843F2&_nc_sid=8721cf
671,2023-05-24 17:30:11+00:00,whowhatwear,Sidecar,"There’s one thing that connects the @jonasbrothers now more than ever before: being fathers. “The reason who I am today is because of my kids. Whether that is figuring out how to get home sooner or thinking about them when we’re writing, it’s ever present. They are your children. They are the most important thing in your life,” says @kevinjonas, who notes that most of lyrics from #TheAlbum are based on fatherhood and brotherhood. Read more from our May cover story at the link in bio.  photographer: @rebekahcampbell stylist: @mjonf at @thewallgroup grooming: @kumicraig using @lamer at @thewallgroup manicure: @michinail using Boy de Chanel at @artdeptagency art director: @bonatalia executive talent director: @jbake21 editor: @thatgirlyusra video director: @stephrmro director of photography: @emmapenrose video editor: @collinhughart camera operator: @zachkry sound mixer: drummond dominguez-kincannon",TheAlbum,12214,54,https://scontent-mad1-1.cdninstagram.com/v/t51.2885-15/348486453_1388756348637533_465412936904486586_n.jpg?stp=dst-jpg_e15&_nc_ht=scontent-mad1-1.cdninstagram.com&_nc_cat=105&_nc_ohc=esYECYG99NYAX_egdmi&edm=AP_V10EBAAAA&ccb=7-5&oh=00_AfA48-XtnOWQwhPksfzxswa_tOkslBAgkCG2f-2JfprksQ&oe=648515BB&_nc_sid=8721cf
672,2023-05-24 16:01:39+00:00,whowhatwear,Sidecar,"It was a different social media era back in 2005 when the @jonasbrothers officially formed as a band. “We started off with MySpace being a thing. We had 100 followers on MySpace, and we were like, ‘We did it, guys. We can retire. We made it,’” says @joejonas, who has since moved on and become somewhat of a TikTok star, sharing content with nearly 6 million followers. As for the band’s future? According to Joe, “If we’re still making music and pursuing doing what we love in another 20 years, I mean, pinch me—that’s just awesome.” Read more at the link in our bio.  photographer: @rebekahcampbell stylist: @mjonf at @thewallgroup grooming: @kumicraig using @lamer at @thewallgroup manicure: @michinail using Boy de Chanel at @artdeptagency art director: @bonatalia executive talent director: @jbake21 editor: @thatgirlyusra video director: @stephrmro director of photography: @emmapenrose video editor: @collinhughart camera operator: @zachkry sound mixer: drummond dominguez-kincannon",,34533,104,https://scontent-dfw5-2.cdninstagram.com/v/t51.2885-15/349030034_1411809809619648_3365147370355011523_n.jpg?stp=dst-jpg_e35_p1080x1080&_nc_ht=scontent-dfw5-2.cdninstagram.com&_nc_cat=100&_nc_ohc=annHavBOhG4AX85bqoY&edm=AP_V10EBAAAA&ccb=7-5&oh=00_AfAFT2KY0SP4_f_LFPNfn0JEeh_PkYgpvRsvx0lrI-eIVA&oe=6488B897&_nc_sid=8721cf
673,2023-04-26 12:16:15+00:00,watchingnewyork,Sidecar,Streets are heating up! Recent favorites   #streetfashion #fashion #street #NYC  #nycfashion #spring #springfashion #fashiontrends #fallfashion #newyorkcity #style #streetstyle #vintage #thrift,"streetfashion, fashion, street, NYC, nycfashion, spring, springfashion, fashiontrends, fallfashion, newyorkcity, style, streetstyle, vintage, thrift",34589,279,https://instagram.fagc1-2.fna.fbcdn.net/v/t51.2885-15/343392757_924299885576675_8551111122894230823_n.jpg?stp=dst-jpg_e35_p1080x1080&_nc_ht=instagram.fagc1-2.fna.fbcdn.net&_nc_cat=111&_nc_ohc=NjWgeKxFD8kAX-juhmc&edm=AP_V10EBAAAA&ccb=7-5&oh=00_AfDzgP3ssMwtF9Rwd0vMvZuFa_gJ_3fiURh35yMcuok_HA&oe=6487EC30&_nc_sid=8721cf
674,2023-05-19 08:28:03+00:00,datewithversace,Sidecar,@Ester_Exposito shines at #Cannes2023 wearing #AtelierVersace Spring/Summer 2023 dress!   @versace @donatella_versace,"Cannes2023, AtelierVersace",2886,9,https://scontent-atl3-2.cdninstagram.com/v/t51.2885-15/347484379_580472757523177_7103424371218576334_n.jpg?stp=dst-jpg_e35_p1080x1080&_nc_ht=scontent-atl3-2.cdninstagram.com&_nc_cat=101&_nc_ohc=7vcpFDrwsS0AX9KPFKk&edm=AP_V10EBAAAA&ccb=7-5&oh=00_AfAs7R5Xn9-fYOYvg3IDrxfcf8UdMFvVeduvj9-en3eWnA&oe=64885905&_nc_sid=8721cf
675,2023-04-23 13:31:58+00:00,watchingnewyork,Sidecar,April Archives   #streetfashion #fashion #street #NYC  #nycfashion #winter #winterfashion #fashiontrends #fallfashion #newyorkcity #style #streetstyle #vintage #thrift #puppy #dog,"streetfashion, fashion, street, NYC, nycfashion, winter, winterfashion, fashiontrends, fallfashion, newyorkcity, style, streetstyle, vintage, thrift, puppy, dog",36308,137,https://instagram.fbhx1-2.fna.fbcdn.net/v/t51.2885-15/343273531_756412879448109_2052108993632209685_n.jpg?stp=dst-jpg_e35_p1080x1080&_nc_ht=instagram.fbhx1-2.fna.fbcdn.net&_nc_cat=109&_nc_ohc=budNSlMNn5kAX-yuQX3&edm=AP_V10EBAAAA&ccb=7-5&oh=00_AfAvduaZy0dDkHVDpkUHZQ-Z1vqT4xM19lW5QYSOer4xiQ&oe=6487878F&_nc_sid=8721cf
676,2023-05-24 02:24:20+00:00,whowhatwear,Sidecar,"RIP to the overfilled, perfectly arched ""Instagram brow."" As makeup trends have evolved toward a more natural look, we've seen fluffy, brushed-up (verging on unruly) brows dominate the runway and our FYP, and experimental bleached and skinny '90s brows are becoming more mainstream. For more 2023 eyebrow trends and expert predictions, head to the link in bio. photos: @kendalljenner @badgalriri @dualipa @lauraelizabethklein",,16271,107,https://instagram.famm10-1.fna.fbcdn.net/v/t51.2885-15/348334202_563825769167625_6760792122443673227_n.jpg?stp=dst-jpg_e35_p1080x1080&_nc_ht=instagram.famm10-1.fna.fbcdn.net&_nc_cat=109&_nc_ohc=i6zEg3nW-DwAX_BTAZm&edm=AP_V10EBAAAA&ccb=7-5&oh=00_AfBvSlgBOjo4OZad2ydvf297dlKijCSJPomXowaUDQOWMw&oe=6487B3ED&_nc_sid=8721cf
677,2023-04-19 12:26:45+00:00,watchingnewyork,Sidecar,Is it hot? Is it cold? 🤷‍♂️ recent top shots   #thewildestpartner #streetfashion #fashion #street #NYC  #nycfashion #winter #winterfashion #fashiontrends #fallfashion #newyorkcity #style #streetstyle #vintage #thrift,"thewildestpartner, streetfashion, fashion, street, NYC, nycfashion, winter, winterfashion, fashiontrends, fallfashion, newyorkcity, style, streetstyle, vintage, thrift",32624,287,https://instagram.fesb5-1.fna.fbcdn.net/v/t51.2885-15/342081181_1264733481084092_4320044504064137938_n.jpg?stp=dst-jpg_e35_p1080x1080&_nc_ht=instagram.fesb5-1.fna.fbcdn.net&_nc_cat=108&_nc_ohc=VAEDYhqd0eEAX-gG_lW&edm=AP_V10EBAAAA&ccb=7-5&oh=00_AfB1N158zw9zefyzQhajAu5VarmfO86fMCb-WrfOMXWOTw&oe=6488350C&_nc_sid=8721cf
678,2023-04-12 12:18:00+00:00,watchingnewyork,Sidecar,Some of my favorite trios from this Winter    #streetfashion #fashion #street #NYC  #nycfashion #winter #winterfashion #fashiontrends #fallfashion #newyorkcity #style #streetstyle #vintage #thrift,"streetfashion, fashion, street, NYC, nycfashion, winter, winterfashion, fashiontrends, fallfashion, newyorkcity, style, streetstyle, vintage, thrift",30136,160,https://instagram.ffnc1-1.fna.fbcdn.net/v/t51.2885-15/340492493_765970201819952_4332872399434506525_n.jpg?stp=dst-jpg_e35_p1080x1080&_nc_ht=instagram.ffnc1-1.fna.fbcdn.net&_nc_cat=108&_nc_ohc=sOrxBTyYJswAX_TAFDj&edm=AP_V10EBAAAA&ccb=7-5&oh=00_AfACLGRv6Hp4ernNQ5dJV4fbhrtsQgGw02rOiyC3AYSxcw&oe=648797AA&_nc_sid=8721cf
679,2023-05-02 02:12:09+00:00,nyfw,Sidecar,"Showstopping. #JanelleMonae, #TeyannaTaylor, #OliviaRodrigo, #BellaRamsey, #SoraChoi, and #AlexanderSkarsgard wear #ThomBrowne at the #MetGala.  📸: @gettyimages","JanelleMonae,, TeyannaTaylor,, OliviaRodrigo,, BellaRamsey,, SoraChoi,, AlexanderSkarsgard, ThomBrowne, MetGala.",18767,70,https://scontent-lhr8-2.cdninstagram.com/v/t51.2885-15/344343514_228107529816016_3025588043210510780_n.jpg?stp=dst-jpg_e35_p1080x1080&_nc_ht=scontent-lhr8-2.cdninstagram.com&_nc_cat=104&_nc_ohc=sD04Xo0pAC0AX-_ZVRx&edm=AP_V10EBAAAA&ccb=7-5&oh=00_AfC6wdHnYEQwIRJX7f5_YtIaxo5XqSCzDQnUvtZYnqI2dQ&oe=64881631&_nc_sid=8721cf
680,2023-04-07 12:36:19+00:00,watchingnewyork,Sidecar,"FRIDAY! Wear something great, be nice and eat all the good foods!   #streetfashion #fashion #street #NYC  #nycfashion #winter #winterfashion #fashiontrends #fallfashion #newyorkcity #style #streetstyle #vintage #thrift","streetfashion, fashion, street, NYC, nycfashion, winter, winterfashion, fashiontrends, fallfashion, newyorkcity, style, streetstyle, vintage, thrift",32320,159,https://scontent-cdg4-1.cdninstagram.com/v/t51.2885-15/339871106_202017035888249_3093976617792275014_n.jpg?stp=dst-jpg_e35_p1080x1080&_nc_ht=scontent-cdg4-1.cdninstagram.com&_nc_cat=105&_nc_ohc=Nq-lNgFflKYAX9gKH--&edm=AP_V10EBAAAA&ccb=7-5&oh=00_AfC1zEl7wXdacOvExOatSRittVgNwNbMKCYnQuZq25zZ-A&oe=6487F84C&_nc_sid=8721cf
681,2022-01-09 23:17:34+00:00,zendaya,Sidecar,A reminder before tonight…,,9229231,20272,https://instagram.fyto1-1.fna.fbcdn.net/v/t51.2885-15/271475204_613498956623824_4944855806707090371_n.jpg?stp=dst-jpg_e35_p1080x1080&_nc_ht=instagram.fyto1-1.fna.fbcdn.net&_nc_cat=104&_nc_ohc=XWr7xt0S_qsAX_CI97b&edm=AP_V10EBAAAA&ccb=7-5&oh=00_AfARxyC8gpiGe-M2ocTCepD_KgcCc5M6WVxAno1gEaDKOw&oe=64883CA2&_nc_sid=8721cf
682,2023-05-23 11:59:21+00:00,adidasfootball,Sidecar,"Two iconic brands, three iconic boots, three heroic players.  Sign-up now for the adidas Football for Prada via link in bio, the adidas CONFIRMED app and prada stores.  #adidasforPrada #Prada #adidasfootball","adidasforPrada, Prada, adidasfootball",331719,649,https://instagram.fotp3-1.fna.fbcdn.net/v/t51.2885-15/348490295_205673772335656_8677019616498974919_n.jpg?stp=dst-jpg_e35_p1080x1080&_nc_ht=instagram.fotp3-1.fna.fbcdn.net&_nc_cat=104&_nc_ohc=SlMkw1rRyW0AX_ze9A8&edm=AP_V10EBAAAA&ccb=7-5&oh=00_AfBNfD5HkfiD-JbzaeHEd19cY4u1vzkUactutPbs3mhGjA&oe=6487B0AC&_nc_sid=8721cf
683,2022-01-13 19:47:35+00:00,zendaya,Sidecar,"This news just breaks my heart. To speak about her as if she’s not with us feels strange as she is so incredibly full of life. There’s not a time I saw her without her iconic red lips and full teased hair, a true rockstar through and through. Ronnie, being able to know you has been one of the greatest honors of my life. Thank you for sharing your life with me, I could listen to your stories for hours and hours. Thank you for your unmeasured talent, your unwavering love for performing, your strength, resilience and your grace. There is absolutely nothing that could dim the light you cast. I admire you so much and am so grateful for the bond we share. You are a magical force of greatness and the world of music will never be the same. I wish everyone got to experience you the way I did. We celebrate your beautiful life and give you all the flowers you so rightfully deserve. Rest in great power Ronnie. I hope to make you proud.",,4861471,4847,https://scontent-atl3-2.cdninstagram.com/v/t51.2885-15/271697505_976569379949521_2673782517481725994_n.jpg?stp=dst-jpg_e35_p1080x1080&_nc_ht=scontent-atl3-2.cdninstagram.com&_nc_cat=101&_nc_ohc=nKBtujYqQDIAX-OYRe6&edm=AP_V10EBAAAA&ccb=7-5&oh=00_AfDLAiXe2YP7Je2YF5hvO1yhU4kdj_S6g5M5-_HS6ffR5w&oe=64888BDE&_nc_sid=8721cf
684,2023-04-09 12:30:00+00:00,watchingnewyork,Sidecar,Easter colors for today. Hope you find all your eggs!!! ❤️🧡💛💚💙💜🐰🐣  #streetfashion #fashion #street #NYC  #nycfashion #winter #winterfashion #fashiontrends #fallfashion #newyorkcity #style #streetstyle #vintage #thrift #easter #pastels,"streetfashion, fashion, street, NYC, nycfashion, winter, winterfashion, fashiontrends, fallfashion, newyorkcity, style, streetstyle, vintage, thrift, easter, pastels",26252,174,https://instagram.ftlv24-1.fna.fbcdn.net/v/t51.2885-15/340302244_3486716658317000_978022882156198988_n.jpg?stp=dst-jpg_e35_p1080x1080&_nc_ht=instagram.ftlv24-1.fna.fbcdn.net&_nc_cat=108&_nc_ohc=pc6zeotpQKQAX-L2YDt&edm=AP_V10EBAAAA&ccb=7-5&oh=00_AfD859fQloLW-doYYK6Z2k5pSXartNWFRABvqEiEST6pCw&oe=64895F7B&_nc_sid=8721cf
685,2023-05-04 16:02:21+00:00,nyfw,Sidecar,Archive browsing & 2000’s nostalgia is in full swing. #TommyHilfiger said his #SS04 collection was “about color and fun.  Photos courtesy of @gettyimages,"TommyHilfiger, SS04",1188,17,https://instagram.fver1-1.fna.fbcdn.net/v/t51.2885-15/344774214_1234613217442920_5970463790033318727_n.webp?stp=dst-jpg_e35&_nc_ht=instagram.fver1-1.fna.fbcdn.net&_nc_cat=100&_nc_ohc=CyIbi3cIPiUAX8lktwY&edm=AP_V10EBAAAA&ccb=7-5&oh=00_AfDLYZUaoTtztZkxVaGjH79Cp76hIbUlznXDbyt2tK3KCw&oe=64890EEA&_nc_sid=8721cf
686,2023-05-24 19:38:14+00:00,whowhatwear,Sidecar,"How do you define boundaries when your family is your work? It may have taken almost 20 years to get here, but @nickjonas, the youngest of the @jonasbrothers, praises the current stage of their sibling journey above all. “We’re brothers at the end of the day, and we also work together. It’s a lot to unpack on a daily basis, but we found a good balance, and I think that’s because, with time, age, and maturity, you find a way for it to all make sense and enjoy the ride. Life is too short to not enjoy it, and the one that we’re on is pretty incredible,” he says. Read more at the link in our bio.  photographer: @rebekahcampbell stylist: @mjonf at @thewallgroup grooming: @kumicraig using @lamer at @thewallgroup manicure: @michinail using Boy de Chanel at @artdeptagency art director: @bonatalia executive talent director: @jbake21 editor: @thatgirlyusra video director: @stephrmro director of photography: @emmapenrose video editor: @collinhughart camera operator: @zachkry sound mixer: drummond dominguez-kincannon",,97585,246,https://scontent-ord5-2.cdninstagram.com/v/t51.2885-15/348680664_1640205016445333_6874959173859528674_n.jpg?stp=dst-jpg_e35_p1080x1080&_nc_ht=scontent-ord5-2.cdninstagram.com&_nc_cat=105&_nc_ohc=kRMZ_8SdQ0cAX_PsRql&edm=AP_V10EBAAAA&ccb=7-5&oh=00_AfBMKqYVYgow5tJJUVcYve4RI41xKy2CLzLJbmz9wCsIrQ&oe=6487E62B&_nc_sid=8721cf
687,2023-05-02 15:00:02+00:00,nyfw,Sidecar,"#FashionAlliance designers did not come to play at this year's #MetGala. Jack & Lazaro of #ProenzaSchouler, #PrabalGurung, Kate & Laura Mulleavy of #Rodarte, #SergioHudson, and Joseph Altuzarra of #Altuzarra showed up and showed out.  📸: @gettyimages","FashionAlliance, MetGala., ProenzaSchouler,, PrabalGurung,, Rodarte,, SergioHudson,, Altuzarra",1432,14,https://scontent-sjc3-1.cdninstagram.com/v/t51.2885-15/344360476_261261639674242_9001015286220065868_n.jpg?stp=dst-jpg_e35_p1080x1080&_nc_ht=scontent-sjc3-1.cdninstagram.com&_nc_cat=110&_nc_ohc=gOU9KlYpzp0AX9vghAB&edm=AP_V10EBAAAA&ccb=7-5&oh=00_AfA--11Jwipy5_RwwPI3zMtO11vVZ6JO0UZzbOTGfAs0Cg&oe=648799E9&_nc_sid=8721cf
688,2023-05-01 22:53:25+00:00,nyfw,Sidecar,"Showstopping. #RitaOra, #QuintaBrunson, #AnokYai, and #QuannahChasinghorse wear #PrabalGurung at the #MetGala.   📸: @gettyimages","RitaOra,, QuintaBrunson,, AnokYai,, QuannahChasinghorse, PrabalGurung, MetGala.",13725,61,https://scontent-atl3-1.cdninstagram.com/v/t51.2885-15/343967092_217166117721960_8467950519397023140_n.jpg?stp=dst-jpg_e35_s1080x1080&_nc_ht=scontent-atl3-1.cdninstagram.com&_nc_cat=100&_nc_ohc=YHSM1O8dzAgAX-MtvXu&edm=AP_V10EBAAAA&ccb=7-5&oh=00_AfB6IK3WrNFBzHIJP6xdgXuk0hUre5W-48eS7IJQnwOvPQ&oe=64892D21&_nc_sid=8721cf
689,2023-05-02 02:04:42+00:00,fashionweek,Sidecar,"Star walkin’ ✨With creative direction by @nicolaformichetti, #LilNasX is otherworldly in silver, pearls, and diamonds arriving at the #MetGala. Photos by @gettyimages.","LilNasX, MetGala.",33947,309,https://instagram.fakx3-1.fna.fbcdn.net/v/t51.2885-15/344580747_199906056207051_7727222883520557858_n.jpg?stp=dst-jpg_e35_p1080x1080&_nc_ht=instagram.fakx3-1.fna.fbcdn.net&_nc_cat=103&_nc_ohc=GHt9Tfysti4AX_3ftae&edm=AP_V10EBAAAA&ccb=7-5&oh=00_AfBnbdsNUmkEBubtgW66LVBTqQ0CiXnT-gXWqtWmY0julQ&oe=6488FEF0&_nc_sid=8721cf
690,2023-01-10 15:21:34+00:00,facehunter,Sidecar,Casa chic 🎩🇲🇦 #DanielBuren x Sofia @sofiaelarabii  “D’une Arche aux Autres”  #danielburenart #danielbureninstallation #art #contemporaryart @bakchic_thelabel #streetstyle #Casablanca #Morocco #Maroc #AlMagrib #Maghreb #NorthAfrica #kaftan #moroccanstyle #moroccancaftan #FacehunterMorocco,"DanielBuren, danielburenart, danielbureninstallation, art, contemporaryart, streetstyle, Casablanca, Morocco, Maroc, AlMagrib, Maghreb, NorthAfrica, kaftan, moroccanstyle, moroccancaftan, FacehunterMorocco",688,15,https://scontent-lga3-2.cdninstagram.com/v/t51.2885-15/324556775_671998304653125_5310284594378154924_n.jpg?stp=dst-jpg_e35_p1080x1080&_nc_ht=scontent-lga3-2.cdninstagram.com&_nc_cat=109&_nc_ohc=RMFsJK2B7IEAX8wI4lc&edm=AP_V10EBAAAA&ccb=7-5&oh=00_AfD5nzMfY8ib5Ccf2o572rPnx0irK09IUwcSZLBuyTsc_A&oe=6488E64B&_nc_sid=8721cf
691,2023-05-25 00:26:46+00:00,urbanoutfitters,Sidecar,Take us out someplace nice tonight. #uocommunity  📸: @mollydalton @jennxevans @juliettedhrl @meganhelengrayx @tumii.o @allisonnjocelyn,uocommunity,1820,18,https://instagram.fyaw1-1.fna.fbcdn.net/v/t51.2885-15/348681129_3035082619956535_1823559255367900396_n.jpg?stp=dst-jpg_e35_p1080x1080&_nc_ht=instagram.fyaw1-1.fna.fbcdn.net&_nc_cat=107&_nc_ohc=XFO4Z_BwoMAAX-6H9Q5&edm=AP_V10EBAAAA&ccb=7-5&oh=00_AfDF8ExNhVb3WR2xN7xZ1lm3Rw6c96xedb9ZyvYeJaMTBg&oe=64882989&_nc_sid=8721cf
692,2023-03-06 20:02:00+00:00,parisfashionweek,Sidecar,@claireguillon continues to cover the #pfw!  The shows of the Womenswear Paris Fashion Week® Fall/Winter 2023-2024 are available on the official platform. Click in bio!  Who do you recognize?,pfw!,16633,77,https://scontent-dfw5-2.cdninstagram.com/v/t51.2885-15/330112895_499065378899420_5209413248048580750_n.jpg?stp=dst-jpg_e35_p1080x1080&_nc_ht=scontent-dfw5-2.cdninstagram.com&_nc_cat=108&_nc_ohc=yglv12lzxV8AX_PZCDo&edm=AP_V10EBAAAA&ccb=7-5&oh=00_AfCm28uCN57fODj_IrZBnwj5Y-FPJikbKnStoect-JQCCA&oe=6487E543&_nc_sid=8721cf
693,2022-12-12 09:39:08+00:00,facehunter,Sidecar,"Because #Geneva 🇨🇭 is more than a financial hub and a worldwide center for diplomacy… I guess…🖤💛❤️  1-2: Danielle, actress @d.allisson  3-4: Naina, dancer @naina_zts 5-6: Charles, French teacher & photographer @carloscosta_fotos 7-8 Yvonne, plays in a Gugen music band: @aaaaaalllllliiiiiicccccceeeeee  9: Hedi, flea market and antique dealer @sky_skurtizen  10: Monsieur Darbellay  #Genève #Streetstyle #streetsnap #streetfashion #selfexpression #style #individualstyle #styleinspiration #styleinspo #stylefashion #styleoftheday #stylepost #stylegram #mensfashion #mensfashion #Geneva #Genf #GVA #GenevaStyle #Genevois #Plainpalais #Suisse #Romandie #Romands #Schweiz #Svizzera #Svizra #Switzerland #SwissStyle #FacehunterCH","Geneva, Genève, Streetstyle, streetsnap, streetfashion, selfexpression, style, individualstyle, styleinspiration, styleinspo, stylefashion, styleoftheday, stylepost, stylegram, mensfashion, Genf, GVA, GenevaStyle, Genevois, Plainpalais, Suisse, Romandie, Romands, Schweiz, Svizzera, Svizra, Switzerland, SwissStyle, FacehunterCH",2168,43,https://scontent-ord5-1.cdninstagram.com/v/t51.2885-15/319021498_538705868154860_336716902873826051_n.jpg?stp=dst-jpg_e35_p1080x1080&_nc_ht=scontent-ord5-1.cdninstagram.com&_nc_cat=108&_nc_ohc=gMMLFyqp6_4AX89d0cn&edm=AP_V10EBAAAA&ccb=7-5&oh=00_AfABSk15NVaghPTwRvEVDDvh3wTADaPcLolVzpthc7Ifew&oe=6487C8C6&_nc_sid=8721cf
694,2023-05-03 22:12:17+00:00,nyfw,Sidecar,Dazzling duo ✨ #MindyKhaling stuns in #Simkhai at the #MetGala.,"MindyKhaling, Simkhai, MetGala.",1248,14,https://scontent-lhr8-1.cdninstagram.com/v/t51.2885-15/344525298_1011879840218649_2028883154152272631_n.webp?stp=dst-jpg_e35&_nc_ht=scontent-lhr8-1.cdninstagram.com&_nc_cat=109&_nc_ohc=3lyRg9SmGLcAX84OtAZ&edm=AP_V10EBAAAA&ccb=7-5&oh=00_AfDFqj70RDh9xK5ZcnGgCbR4Ehg3t9YDCubGPLTZusr2OQ&oe=648833A1&_nc_sid=8721cf
695,2023-05-21 23:29:44+00:00,urbanoutfitters,Sidecar,This season's top players (new sports graphics) at the link in bio.,,2003,15,https://instagram.fhfa2-2.fna.fbcdn.net/v/t51.2885-15/347823121_656633173127978_7977810924624590273_n.jpg?stp=dst-jpg_e35_p1080x1080&_nc_ht=instagram.fhfa2-2.fna.fbcdn.net&_nc_cat=102&_nc_ohc=--qha_2WfDoAX_z3mTd&edm=AP_V10EBAAAA&ccb=7-5&oh=00_AfCohhh3y3T-Nyhv7wa32R8S2-sJPj4E3CVrDE9qFhHtyw&oe=6488825B&_nc_sid=8721cf
696,2022-12-06 14:50:57+00:00,facehunter,Sidecar,"I’m continuing my exploration of innovation and creativity to celebrate @ballantines latest limited edition, created in partnership with visual artist @demsky__.    This week, immersing into the world of Berlin-based Brazilian artist @RafaellaBraga whose studio I visited in the Treptow neighborhood.   “When I create a painting and see myself through it, I know that I’m being true to myself in a way that I can’t translate in words.   I don’t want to change the world because it sounds a bit superficial. I just hope that I can make some difference in the people who connect with my work, that people can see the truth in themselves.”   Rafaella’s explorative artform encapsulates how the future is yours to shape!    Enjoy #Ballantines Responsibly! #BallantinesxJDemsky #StayTrue #ad","Ballantines, BallantinesxJDemsky, StayTrue, ad",236,10,https://scontent-vie1-1.cdninstagram.com/v/t51.2885-15/318350570_1462832350906818_5262703617482674135_n.jpg?stp=dst-jpg_e35_p1080x1080&_nc_ht=scontent-vie1-1.cdninstagram.com&_nc_cat=106&_nc_ohc=wb9Desznqu0AX8pH8YX&edm=AP_V10EBAAAA&ccb=7-5&oh=00_AfBUsNk6GbaAMg5f7CN8FUU7BwZ4byUnQc1PDD-OjYvtXQ&oe=6487ABAD&_nc_sid=8721cf
697,2023-06-04 12:00:11+00:00,prada,Sidecar,Patterns the stand in for summer are rethought and reiterated.  Discover more via link in bio.  #Prada,Prada,21109,79,https://instagram.fath4-2.fna.fbcdn.net/v/t51.2885-15/351290119_210106518514649_4823329350579969426_n.jpg?stp=dst-jpg_e35&_nc_ht=instagram.fath4-2.fna.fbcdn.net&_nc_cat=105&_nc_ohc=skOD4twZ70AAX96GEwz&edm=AP_V10EBAAAA&ccb=7-5&oh=00_AfC3MWucbPpZYXXNah3YNWLHn62eRTnH9uMNbE0Eqgt-gQ&oe=6488A10A&_nc_sid=8721cf
698,2023-05-02 15:41:10+00:00,versace,Sidecar,"Simu Liu's custom Atelier Versace suit for the Met Gala 2023.  The custom Atelier Versace design took over 120 hours to complete, with a Grain de Poudre wool blazer featuring intricate hand-finished silk satin plissé inserts to the front.  @simuliu #AtelierVersace #MetGala #MetGala2023","AtelierVersace, MetGala, MetGala2023",27456,81,https://instagram.fhyd2-2.fna.fbcdn.net/v/t51.2885-15/344606506_190788713851851_2673405181037881530_n.jpg?stp=dst-jpg_e35_p1080x1080&_nc_ht=instagram.fhyd2-2.fna.fbcdn.net&_nc_cat=103&_nc_ohc=HYzgltHd34IAX_CKwfl&edm=AP_V10EBAAAA&ccb=7-5&oh=00_AfBtNgFWt50fgH5Qc3HdPkL0qH2FTUX4L9Boc9fIFLy6DQ&oe=6487720B&_nc_sid=8721cf
699,2023-03-13 10:22:19+00:00,milanfashionweek,Sidecar,"Oscars night moments with looks from Italian Designers, in the pictures:  -Nicole Kidman in custom Armani  -Lady Gaga in Versace  -Jessica Chastain in Gucci  -Florence Pugh in Maison Valentino and Andrew Garfield in Fendi  -Halle Bailey in Dolce & Gabbana  -Salma Hayek in Gucci and Pedro Pascal in Zegna  -Zoe Saldana in Fendi  -Winnie Harlow in Armani  #CNMIMembers #Oscars2023 #Oscars","CNMIMembers, Oscars2023, Oscars",2367,16,https://instagram.fhuy2-1.fna.fbcdn.net/v/t51.2885-15/334765247_3258220751157516_4089111781203862517_n.jpg?stp=dst-jpg_e35_p1080x1080&_nc_ht=instagram.fhuy2-1.fna.fbcdn.net&_nc_cat=100&_nc_ohc=cd2Upkl5wygAX-W8SGI&edm=AP_V10EBAAAA&ccb=7-5&oh=00_AfAIdAmojSSM07E13rf9q4fOEG0sw882mPlYzgeGM1RapA&oe=64885F03&_nc_sid=8721cf
700,2023-03-21 08:26:47+00:00,milanfashionweek,Sidecar,"Camera Nazionale della Moda Italiana announces the new edition of #MilanoModaGraduate an event created in 2015 with the aim of celebrating and promoting the excellence of Italian fashion schools.  The Milano Moda Graduate 2023 fashion show will be held during Milan Fashion Week in September. The selected designers will present capsule collections and outfits created during the tutorship period curated by CNMI, in front of a prestigious parterre and an international jury awarding the prizes. The event includes a Fashion Design section and one created together with YKK, the event's main partner.   Institutions or universities can submit their candidates by April 10, undergraduates or graduates who graduated less than 1 year ago from three-year and master's fashion design courses.  Read the full article on CameraModa.it",MilanoModaGraduate,1672,25,https://instagram.fman1-2.fna.fbcdn.net/v/t51.2885-15/337352026_755669889555146_1761518072467403442_n.jpg?stp=dst-jpg_e35_p1080x1080&_nc_ht=instagram.fman1-2.fna.fbcdn.net&_nc_cat=102&_nc_ohc=f13Wj7NTKtgAX-xGh0Z&edm=AP_V10EBAAAA&ccb=7-5&oh=00_AfBfHtRLHQ66Fpc5brL8uyf9EkfhB90VVaJRZ52uzvSskA&oe=6488AB4C&_nc_sid=8721cf
701,2023-03-06 11:44:59+00:00,milanfashionweek,Sidecar,"@maisonvalentino presents the Fall/Winter 2023-24 collection, Creative Director Pierpaolo Piccioli takes black tie at its face value, a figure of speech for a collection centered on garments drawn from the everyday. Conjectures and cultural capital are reversed: symbol of male power, emblem of orthodoxy and restriction, our preconceptions about the tie become theoretical architecture for a collection that plays with rules, emancipating meaning. Its ideological conception is questioned, eventually contradicted and completely redefined.  The conscious journey of Maison Valentino continues in its constant commitment to greater environmental awareness also on the occasion of the Valentino Black Tie Fall/Winter 2023 fashion show.   The guests of the show are hosted on wooden benches that will be entirely reused by the Maison for its future events and projects, with a view to supporting the reuse of resources. The carpet is totally recycled following the event by its Italian supplier, equally attentive to the environmental impact and characterized by eco-conscious ethics. The brand will donate part of the textile materials used for the fashion show to the association with the aim of promoting the circular economy. #CNMIMembers #ValentinoBlackTie #MaisonValentino","CNMIMembers, ValentinoBlackTie, MaisonValentino",4900,43,https://instagram.fopo5-2.fna.fbcdn.net/v/t51.2885-15/333855710_581645480654359_59083640063167336_n.jpg?stp=dst-jpg_e35_p1080x1080&_nc_ht=instagram.fopo5-2.fna.fbcdn.net&_nc_cat=107&_nc_ohc=AJ4A3x4fpA8AX-ZQFsr&edm=AP_V10EBAAAA&ccb=7-5&oh=00_AfCGksPkRnO53M5rLLrlGHuiS2Aj3ishoPU5_bc7ZrBtsA&oe=6488CA50&_nc_sid=8721cf
702,2023-03-09 10:42:39+00:00,milanfashionweek,Sidecar,The streets at #MFW !  Shot by @thomrazzano,MFW,3541,26,https://scontent-fra5-1.cdninstagram.com/v/t51.2885-15/334378696_197281306256304_6736338619935468662_n.jpg?stp=dst-jpg_e35_p1080x1080&_nc_ht=scontent-fra5-1.cdninstagram.com&_nc_cat=100&_nc_ohc=Xjdag3KIy6oAX-hn68s&edm=AP_V10EBAAAA&ccb=7-5&oh=00_AfBRkEi0OKeYqsaRUOGlzU4YP3-jPPDtz35tzzj04d2Lfw&oe=6487FD57&_nc_sid=8721cf
703,2023-03-10 15:48:10+00:00,milanfashionweek,Sidecar,"@versace unveils the new #VersaceFW23 in Los Angeles. ""For me, Los Angeles is a natural home for us because we share the DNA of energy, power, creativity, and imagination. Together at this show we share those values around the globe”. - Donatella Versace  #CNMIMembers","VersaceFW23, CNMIMembers",10701,66,https://instagram.fraj1-1.fna.fbcdn.net/v/t51.2885-15/334256989_159373096595734_5427281747912120205_n.jpg?stp=dst-jpg_e35_p1080x1080&_nc_ht=instagram.fraj1-1.fna.fbcdn.net&_nc_cat=110&_nc_ohc=DXt8vduG6HgAX_v7fwl&edm=AP_V10EBAAAA&ccb=7-5&oh=00_AfCU586WCimGupEUlOJyo1lI6KqdsOj5BiAra_1eZLFqdA&oe=648819B1&_nc_sid=8721cf
704,2022-11-28 13:08:55+00:00,facehunter,Sidecar,"To celebrate @ballantines latest limited edition Finest bottle, created in partnership with visual artist @demsky__ I am exploring different approaches to innovation.  Nzinga B. Mboup @nzingabm is a Dakar-based bio-climatic architect who believes that the future of architecture should revert to ancestral construction techniques.  ""Some of the oldest buildings or structures in this world are actually built with Earth. There is a reason why these buildings are still here, they were built with intimate knowledge of the material technology.""  Enjoy Ballantine's Responsibly! #BallantinesxDemsky #StayTrue #ad","BallantinesxDemsky, StayTrue, ad",245,6,https://scontent-mxp2-1.cdninstagram.com/v/t51.2885-15/317549713_695954332127260_3483027297242875725_n.jpg?stp=dst-jpg_e35_p1080x1080&_nc_ht=scontent-mxp2-1.cdninstagram.com&_nc_cat=104&_nc_ohc=uE8WXOXe10cAX8lp9bj&edm=AP_V10EBAAAA&ccb=7-5&oh=00_AfBIkAk2fowLyjIR0VOhTr-8iiqrPSfsDSF1cS1TlOmCQQ&oe=648863A3&_nc_sid=8721cf
705,2023-05-08 21:22:17+00:00,nyfw,Sidecar,"Happy #AAPIHeritageMonth! #NYFW designers represented this past weekend at the 2nd annual @Goldhouseco Gold Gala. The event honors Asian Pacific communities across multiple disciplines. ⁠ ⁠ Attendees included #KimShui, #PrabalGurung, #KeHuyQuan in #ThomBrowne, #SandraOh in Prabal Gurung, #StephanieShepherd in #Altuzarra, and more. ⁠","AAPIHeritageMonth!, NYFW, KimShui,, PrabalGurung,, KeHuyQuan, ThomBrowne,, SandraOh, StephanieShepherd, Altuzarra,",1014,16,https://instagram.fltn3-1.fna.fbcdn.net/v/t51.2885-15/345815342_191445637153089_6931178160429258658_n.jpg?stp=dst-jpg_e35_p1080x1080&_nc_ht=instagram.fltn3-1.fna.fbcdn.net&_nc_cat=109&_nc_ohc=IAvTUb_Cs7EAX87Y0GE&edm=AP_V10EBAAAA&ccb=7-5&oh=00_AfA702hFjAj5tqPstO7gnqw6CRqxrjMzZOHLHowSgQmpFQ&oe=64895D21&_nc_sid=8721cf
706,2023-01-06 15:15:01+00:00,facehunter,Sidecar,"#Casablanca 🇲🇦 was one of the most important #architectural laboratories in the 20th Century and it still shows. Can’t remember last time I’ve seen as many unique expressions of #modernism. There are literally not two identical #buildings in #Morocco‘s economic capital.  After almost entirely destroying Casablanca and killing 7,000 people in 1907, France decided to build a “ville nouvelle” (new city) for its large European population and a “ville indigène” (Indigineous city) to house Moroccans.  During its rule of Morocco (1912-1956), France invited European architects to use Casa as their canva. It turned into what has been considered “a model of a modernist city”. State-of-the-art innovations were plentiful but essentially dedicated to European settlers.  #Maroc #Morocco #AlMagrib #Maghreb #NorthAfrica #colonisation #colonialarchitecture #modernisme #archi #archidaily #archilover #architect #archilovers #archiporn #brutalism #brutalistarchitecture #FacehunterMorocco","Casablanca, architectural, modernism., buildings, Morocco‘s, Maroc, Morocco, AlMagrib, Maghreb, NorthAfrica, colonisation, colonialarchitecture, modernisme, archi, archidaily, archilover, architect, archilovers, archiporn, brutalism, brutalistarchitecture, FacehunterMorocco",1854,32,https://scontent-dus1-1.cdninstagram.com/v/t51.2885-15/323821280_929104701411791_4005630033423557899_n.jpg?stp=dst-jpg_e35_p1080x1080&_nc_ht=scontent-dus1-1.cdninstagram.com&_nc_cat=111&_nc_ohc=oVWlaK12uBoAX8MwTjy&edm=AP_V10EBAAAA&ccb=7-5&oh=00_AfC0xBJqz2c8bKikq7mu8TF4DRkov1bEVEZwcjurMDF_fw&oe=64886438&_nc_sid=8721cf
707,2022-12-12 20:01:33+00:00,taylorswift,Sidecar,"Had the honor of speaking to Martin McDonagh about his brilliant film The Banshees of Inisherin. This is one you HAVE to go see in theaters, so full of heart and wit and darkness and humor. Check out showtimes and go support this incredible film 🎥 ♥️ @variety @banshees_movie @mschwartzphoto",,3278330,0,https://instagram.fath3-4.fna.fbcdn.net/v/t51.2885-15/318146302_836059417727508_3490733711901902472_n.jpg?stp=dst-jpg_e35&_nc_ht=instagram.fath3-4.fna.fbcdn.net&_nc_cat=1&_nc_ohc=G0UDhhEaFboAX-UKTaj&edm=AP_V10EBAAAA&ccb=7-5&oh=00_AfDAfs41gm5mhPKaQoo0aPhtDevMn1eKkDW-XqSBWhHdqQ&oe=6488CA70&_nc_sid=8721cf
708,2022-10-22 11:45:04+00:00,facehunter,Sidecar,"For my first time in post-Brexit #London 🐣 I’ve been capturing some #streetstyle at the iconic Central Saint Martins (#CSM) art school. 🌈🐠🪁  1. Rowan, Fine Art, @rowanparker18  2-4. Neema @neemakayitesi  5. Maria, Fine Art, @mari.calli  6. Leo, Performance Design, @leomonira 7. Seoyun @seenseo  8. Paritos, Fashion promotion and communication, @222paritos  9. Alyssa, Fine Art, @aoka_s.qianzi   #LondonStyle #LondonStreetstyle #England #UK #style #styleinspo #styleinspiration #stylefashion #styleoftheday #styles #menstyle #menfashion #menwithstyle #mensfashion #womenfashion #girlstyle #stylish #stylishlook #artstudent #artstudents #FacehunterLondon","London, streetstyle, CSM), LondonStyle, LondonStreetstyle, England, UK, style, styleinspo, styleinspiration, stylefashion, styleoftheday, styles, menstyle, menfashion, menwithstyle, mensfashion, womenfashion, girlstyle, stylish, stylishlook, artstudent, artstudents, FacehunterLondon",1064,32,https://scontent-bos5-1.cdninstagram.com/v/t51.2885-15/312154301_438508761545611_6197539082228800708_n.jpg?stp=dst-jpg_e35_p1080x1080&_nc_ht=scontent-bos5-1.cdninstagram.com&_nc_cat=107&_nc_ohc=ybqBzWjSdxIAX_Dc2Ro&edm=AP_V10EBAAAA&ccb=7-5&oh=00_AfDX7wnNlVTwrqwqopyaR6GPpu_EVJdpzyg_xGpD09EHMw&oe=648922EF&_nc_sid=8721cf
709,2023-01-11 11:00:08+00:00,leeoliveira,Sidecar,"Piazza Carlo Stuparich, Milan",,218,9,https://scontent-msp1-1.cdninstagram.com/v/t51.2885-15/324392617_164011902633400_1100562934404040569_n.jpg?stp=dst-jpg_e35_p1080x1080&_nc_ht=scontent-msp1-1.cdninstagram.com&_nc_cat=104&_nc_ohc=yik3dwHnwFAAX8BOx-x&edm=AP_V10EBAAAA&ccb=7-5&oh=00_AfB9XkROSHXHweA85XHHl-VjJSTYJxZGxJtqWwU7IeVOvw&oe=6487E48F&_nc_sid=8721cf
710,2023-01-08 16:25:17+00:00,facehunter,Sidecar,#Casablanca 🇲🇦 Mohammed Karim owns a clothing store in the #Habous neighbourhood.  #Hubous #Maroc #Morocco #AlMagrib Maghreb #NorthAfrica #streetstyle #mensstyle #mensfashion #mensclothing #FacehunterMorocco,"Casablanca, Habous, Hubous, Maroc, Morocco, AlMagrib, NorthAfrica, streetstyle, mensstyle, mensfashion, mensclothing, FacehunterMorocco",622,8,https://scontent-hou1-1.cdninstagram.com/v/t51.2885-15/324238886_888733602576767_3961996646488511728_n.jpg?stp=dst-jpg_e35_p1080x1080&_nc_ht=scontent-hou1-1.cdninstagram.com&_nc_cat=111&_nc_ohc=ICRf-L1wEZEAX_VkQc4&edm=AP_V10EBAAAA&ccb=7-5&oh=00_AfA0TsxX2XsUTjMICvBEm1Vw5G4ARBloJXPEEsCvMxe2vw&oe=64893EE9&_nc_sid=8721cf
711,2022-10-26 08:00:41+00:00,facehunter,Sidecar,Some more street swag made in #London 🪡❤️‍🔥  1-2: Michael @fujiwara_nakatomi  3-4: Maja @majadarlington  5: Noah @noahdayan 6-7: Franzine @franzinepermejo  8: Oscar @omhlondon  9: Hannah @hannieratz  10: Paul  #streetstyle #LondonStyle #LondonStreetstyle #England #UK #style #styleinspo #styleinspiration #stylefashion #styleoftheday #styles #menstyle #menfashion #menwithstyle #mensfashion #womenfashion #girlstyle #stylish #stylishlook #England #UK #FacehunterLondon #🇬🇧,"London, streetstyle, LondonStyle, LondonStreetstyle, England, UK, style, styleinspo, styleinspiration, stylefashion, styleoftheday, styles, menstyle, menfashion, menwithstyle, mensfashion, womenfashion, girlstyle, stylish, stylishlook, FacehunterLondon, 🇬🇧",1082,35,https://scontent-sjc3-1.cdninstagram.com/v/t51.2885-15/313202252_146043147857547_3784263062107890696_n.jpg?stp=dst-jpg_e35_p1080x1080&_nc_ht=scontent-sjc3-1.cdninstagram.com&_nc_cat=103&_nc_ohc=eq_g3h2c4XQAX-K1dii&edm=AP_V10EBAAAA&ccb=7-5&oh=00_AfA2u7x5pDxroSDfL4AkEN17lMwANZYQwo4AGLhGwn_3Zw&oe=64891645&_nc_sid=8721cf
712,2023-03-13 09:36:02+00:00,milanfashionweek,Sidecar,"Moments at the 95th Academy Awards with looks from Italian Designers, in the pictures:  -Jamie Lee Curtis in Dolce & Gabbana and Brendan Fraser in Armani.  -Margot Robbie in Armani  -Ariana de Bose in Versace  -Riz Ahmed in Prada  -Angela Bassett in Moschino  -Emily Blunt in Maison Valentino  -Ashley Graham in Alberta Ferretti  #CNMIMembers #Oscars2023 #Oscars","CNMIMembers, Oscars2023, Oscars",3281,31,https://instagram.flhr10-2.fna.fbcdn.net/v/t51.2885-15/334865698_917469306372817_7054764734401436830_n.jpg?stp=dst-jpg_e35_p1080x1080&_nc_ht=instagram.flhr10-2.fna.fbcdn.net&_nc_cat=101&_nc_ohc=8wF9JnRRMaQAX-ok-nD&edm=AP_V10EBAAAA&ccb=7-5&oh=00_AfAG7ruRaGfu6905Rep3sX1t80iTpSM-FyfkPQmJNwUA6g&oe=64886BF8&_nc_sid=8721cf
713,2023-03-20 10:51:38+00:00,milanfashionweek,Sidecar,Monday mood with another round of the streets at #MFW !  Shot by @thomrazzano,MFW,3513,31,https://scontent-sea1-1.cdninstagram.com/v/t51.2885-15/337001262_191881630219065_2407025801873245311_n.jpg?stp=dst-jpg_e35_p1080x1080&_nc_ht=scontent-sea1-1.cdninstagram.com&_nc_cat=109&_nc_ohc=pIaoqHlXc-oAX-4E4kK&edm=AP_V10EBAAAA&ccb=7-5&oh=00_AfAM__xY6mMdEk26Kl2XcVyTqC8RzM-TjRTUYxOTzcToJw&oe=648810B2&_nc_sid=8721cf
714,2023-04-18 13:32:15+00:00,milanfashionweek,Sidecar,"On the occasion of Milano Moda Design during #MilanDesignWeek  @dolcegabbana presents the two new creativity of the Home Collection, DG Logo and Oro 24k, which join the four themes already available, Carretto Siciliano, Blu Mediterraneo, Leopardo and Zebra: a tribute to excellent craftsmanship , Italian design and the authentic codes of the brand's DNA, identified and reinterpreted to become an integral part of the form and function of each furnishing proposal.   With its expressive power and unmistakable lines, the DG Logo signs Dolce&Gabbana creations and today characterizes one of the new themes of the Home Collection. A graphic sign of great character, which thanks to the two famous initials is a perfect synthesis of the history and identity of the brand.   The 24k Gold theme pays homage to the opulence of the Baroque and its eccentric and refined shapes, which come to life in the precious fabrics and in the smooth or hammered surfaces of the furnishings of the new line. In particular, the wavy effect that embellishes some furnishing elements owes its uniqueness to an extraordinary manual workmanship, which has its roots in the great Italian tradition of high craftsmanship.  #DGCasa #DolceGabbana #MilanoModaDesign #MMD #MilanDesignWeek","MilanDesignWeek, DGCasa, DolceGabbana, MilanoModaDesign, MMD",1142,11,https://scontent-atl3-2.cdninstagram.com/v/t51.2885-15/341385281_941392497276508_2757553259351780588_n.jpg?stp=dst-jpg_e35_p1080x1080&_nc_ht=scontent-atl3-2.cdninstagram.com&_nc_cat=104&_nc_ohc=Tl5Aukc02psAX_dNJfB&edm=AP_V10EBAAAA&ccb=7-5&oh=00_AfBQn5acOVDKGSGsBw6K5FHcE1l7rNDmtdIkEyg1nW8LtA&oe=6487B5A5&_nc_sid=8721cf
715,2022-11-25 10:44:15+00:00,facehunter,Sidecar,"#Nantes 🇫🇷 L’Arbre à Basket 🏀🌳🏀   Quite clever 💡French architecture firm a/LTA has designed a multi-hoop “basketball tree”, to give kids of all ages and sizes a chance to enjoy #BBall   #France #basket #basketball🏀 #basketballs #basketballneverstops #basketballtraining #basketballplayer #bballislife  #BasketballTree #basketballcourt #basketballcourts #outdoorsport #sport #urbandesign #urban","Nantes, BBall, France, basket, basketball🏀, basketballs, basketballneverstops, basketballtraining, basketballplayer, bballislife, BasketballTree, basketballcourt, basketballcourts, outdoorsport, sport, urbandesign, urban",537,8,https://scontent-lga3-2.cdninstagram.com/v/t51.2885-15/317003027_1855040924855224_4565519757915050966_n.jpg?stp=dst-jpg_e35_p1080x1080&_nc_ht=scontent-lga3-2.cdninstagram.com&_nc_cat=104&_nc_ohc=lAlzSW5id98AX-gVnRu&edm=AP_V10EBAAAA&ccb=7-5&oh=00_AfCdd4Cy_i7x4gSgMqmR1xch3g87q9LY0xnRSJiA5fz1zA&oe=64884D79&_nc_sid=8721cf
716,2023-03-31 06:55:30+00:00,parisiensinparis,Sidecar,Parisienne 🇫🇷❤️  #ShotOnIphone#Paris#Parisian#Parisien#Effortless#Style#EffortlessChic#Natural#Fashion#Denim#DenimMania#ParisianStyle#LeParisien#LaParisienne#ParisFashionWeek#PFW,"ShotOnIphone, Paris, Parisian, Parisien, Effortless, Style, EffortlessChic, Natural, Fashion, Denim, DenimMania, ParisianStyle, LeParisien, LaParisienne, ParisFashionWeek, PFW",7182,17,https://scontent-iad3-2.cdninstagram.com/v/t51.2885-15/338599451_1443005886438971_1298093342878173927_n.jpg?stp=dst-jpg_e35_p1080x1080&_nc_ht=scontent-iad3-2.cdninstagram.com&_nc_cat=111&_nc_ohc=0ZS17JBhAFAAX9DGU9b&edm=AP_V10EBAAAA&ccb=7-5&oh=00_AfCB7U5ki8TmJaA1cZ70FNTKLysmWCNH50dSNQOJ6pxBHg&oe=64887FBE&_nc_sid=8721cf
717,2022-12-04 09:37:23+00:00,facehunter,Sidecar,#Berlin 🇩🇪 die Poesie grauer Tage / the poetry of grey days 🐿️  Luisa @luisamerz : costume designer Jam @synced_love : bartender  #streetstyle #BerlinStyle #BerlinStreetstyle #StyleInBerlin #styleinspiration #styleinspo #style #styles #stylefashion #stylediary #styleoftheday #stylepost #stylegram #menstyle #menwithstyle #mensfashion #Berlim #Germany #Deutschland,"Berlin, streetstyle, BerlinStyle, BerlinStreetstyle, StyleInBerlin, styleinspiration, styleinspo, style, styles, stylefashion, stylediary, styleoftheday, stylepost, stylegram, menstyle, menwithstyle, mensfashion, Berlim, Germany, Deutschland",1880,22,https://scontent-vie1-1.cdninstagram.com/v/t51.2885-15/317982683_196040806253937_1726097650101523812_n.jpg?stp=dst-jpg_e35_p1080x1080&_nc_ht=scontent-vie1-1.cdninstagram.com&_nc_cat=109&_nc_ohc=nhRRJ6jSn04AX9vuOIL&edm=AP_V10EBAAAA&ccb=7-5&oh=00_AfBteulK4UMC47Wo36Jv-dy569lW3fKRvTxcacJOU1YNBg&oe=6487AF28&_nc_sid=8721cf
718,2023-05-03 12:15:11+00:00,watchingnewyork,Sidecar,Recent Top Shots  #streetfashion #fashion #street #NYC  #nycfashion #spring #springfashion #fashiontrends #fallfashion #newyorkcity #style #streetstyle #vintage #thrift,"streetfashion, fashion, street, NYC, nycfashion, spring, springfashion, fashiontrends, fallfashion, newyorkcity, style, streetstyle, vintage, thrift",27608,193,https://scontent-iad3-1.cdninstagram.com/v/t51.2885-15/344370088_589816306248646_4840047005094478500_n.jpg?stp=dst-jpg_e35_p1080x1080&_nc_ht=scontent-iad3-1.cdninstagram.com&_nc_cat=110&_nc_ohc=tyQJFFEV8HsAX9eC9lE&edm=AP_V10EBAAAA&ccb=7-5&oh=00_AfDq2E_uKPyccVOH2gOu7UheHXOe3bgJ5FFU9GeOA2KwPw&oe=6487C185&_nc_sid=8721cf
719,2023-05-25 08:42:47+00:00,adidasfootball,Sidecar,"We celebrate the fundamentals of our respective DNAs: performance footwear constructed with luxury materials and meticulous craftsmanship.  adidas Football for Prada available from 14:00 CET on prada.com, and select Prada stores.  #adidasforPrada #Prada #adidasfootball","adidasforPrada, Prada, adidasfootball",166938,271,https://instagram.fkhh1-1.fna.fbcdn.net/v/t51.2885-15/349052629_249319544348486_6538830183756672651_n.jpg?stp=dst-jpg_e35_p1080x1080&_nc_ht=instagram.fkhh1-1.fna.fbcdn.net&_nc_cat=102&_nc_ohc=j7AXLKyRQKYAX8u5UHl&edm=AP_V10EBAAAA&ccb=7-5&oh=00_AfB6j7rpe-7wNKkv13Bf54so5o7BlTh_v574JOdP1yEFFw&oe=64881275&_nc_sid=8721cf
720,2022-10-21 12:06:44+00:00,taylorswift,Sidecar,"The Anti-Hero video is HERE, which I wrote and directed. Watch my nightmare scenarios and intrusive thoughts play out in real time, with some help from the excellent @birbigs, @bejohnce, and @maryelizabethellis who fabulously portray… get ready for it… my grown sons and daughter in law? Anyway. Forever grateful to my incredible DP @the_rinayang and our amazing crew. 🌌🤩",,3556687,0,https://scontent-nrt1-1.cdninstagram.com/v/t51.2885-15/312411915_670005774690423_7175750716961763710_n.jpg?stp=dst-jpg_e35_s1080x1080&_nc_ht=scontent-nrt1-1.cdninstagram.com&_nc_cat=1&_nc_ohc=jM8v4PVABzUAX9aBm6j&edm=AP_V10EBAAAA&ccb=7-5&oh=00_AfDuHhe-FJZdc37bnP7oWptDG_FCjVIfZzTB5HfOT4s4Mw&oe=64880F99&_nc_sid=8721cf
721,2022-10-21 04:01:01+00:00,taylorswift,Sidecar,"Midnights is a wild ride of an album and I couldn’t be happier that my co pilot on this adventure was @jackantonoff. He’s my friend for life (presumptuous I know but I stand by it) and we’ve been making music together for nearly a decade HOWEVER… this is our first album we’ve done with just the two of us as main collaborators. We’d been toying with ideas and had written a few things we loved, but Midnights actually really coalesced and flowed out of us when our partners (both actors) did a film together in Panama. Jack and I found ourselves back in New York, alone, recording every night, staying up late and exploring old memories and midnights past. We were so lucky to also work with our brilliant collaborators @sam_dew, @sounwave, Lana Del Rey, @jahaansweet, @keanubeats, William Bowery, and @zoeisabellakravitz. @sharp_stick was our excellent engineer. The wonderful and wise @bethgarrabrant took the album photographs. Midnights is a collage of intensity, highs and lows and ebbs and flows. Life can be dark, starry, cloudy, terrifying, electrifying, hot, cold, romantic or lonely. Just like Midnights. Which is out now",,4668966,0,https://instagram.ftpe4-1.fna.fbcdn.net/v/t51.2885-15/312045454_815145449688291_242275587590817864_n.jpg?stp=dst-jpg_e35_s1080x1080&_nc_ht=instagram.ftpe4-1.fna.fbcdn.net&_nc_cat=103&_nc_ohc=Rh-hry3KzPAAX9emjc1&edm=AP_V10EBAAAA&ccb=7-5&oh=00_AfCGyQY-lqXEvtk-wc2OcAv6NcDWI60VSkZHddyYDYykzg&oe=64895C0E&_nc_sid=8721cf
722,2022-11-01 12:21:58+00:00,taylorswift,Sidecar,"I’m enchanted to announce my next tour: Taylor Swift | The Eras Tour, a journey through the musical eras of my career (past and present!) The first leg of the tour will be in stadiums across the US, with international dates to be announced as soon as we can! Feeling like the luckiest person alive because I get to take these brilliant artists out on tour with me: @paramore, @radvxz, @phoebebridgers, @girlinred, @whereismuna, @haimtheband, @gracieabrams, @gayle and @owennmusic. I can’t WAIT to see your gorgeous faces out there. It’s been a long time coming 🥰",,5977526,0,https://instagram.fpry2-1.fna.fbcdn.net/v/t51.2885-15/313795804_164892469513644_1555920367285675788_n.jpg?stp=dst-jpg_e35&_nc_ht=instagram.fpry2-1.fna.fbcdn.net&_nc_cat=1&_nc_ohc=NNEjNmyBqqUAX-e3e_w&edm=AP_V10EBAAAA&ccb=7-5&oh=00_AfCm0-MEdHAoJndbOjskWfSH46OtmABNvQat81RuTbw_7Q&oe=6487D341&_nc_sid=8721cf
723,2023-05-09 15:00:08+00:00,versace,Sidecar,"Atelier Versace Spring-Summer 2023  Look 16  Column dress ""crystalized knit"" in transparent tulle base with all-over mini crystal construction in net, mini fringe, crystal thread, crystalized knit, and an interplay of Barocco motifs. Spontaneous shoulder is finished in asymmetric draping.  Look 8  Lace-up front mini dress in bright pink silk satin with embroidered lace intarsia. Bust cups finished in overstitch. Cinched and draped waist above hand pleated skirt with overall look inspired by lingerie and exposed undergarments.  Look 14  Silk tulle dress in degradé black and pink, with micro-draped structure flowing to the natural lines of the body and secured with sinuous chain. Black latex gloves.  Now at Versace.com via the link in bio.  #AtelierVersace",AtelierVersace,72969,197,https://scontent-hou1-1.cdninstagram.com/v/t39.30808-6/345450924_758686102602698_4116353070026108352_n.jpg?stp=dst-jpg_e15_fr_p1080x1080&_nc_ht=scontent-hou1-1.cdninstagram.com&_nc_cat=102&_nc_ohc=mcCi8-iTEkEAX-qn-wC&edm=AP_V10EAAAAA&ccb=7-5&oh=00_AfANhXRUPsG4b3uI4AQzMhYTrrrtHA_4dfFkMouginHtew&oe=6488ABCD&_nc_sid=8721cf
724,2022-10-21 07:01:32+00:00,taylorswift,Sidecar,"Surprise! I think of Midnights as a complete concept album, with those 13 songs forming a full picture of the intensities of that mystifying, mad hour. However! There were other songs we wrote on our journey to find that magic 13. I’m calling them 3am tracks. Lately I’ve been loving the feeling of sharing more of our creative process with you, like we do with From The Vault tracks. So it’s 3am and I’m giving them to you now. 🌌",,5084480,0,https://instagram.fagc1-1.fna.fbcdn.net/v/t51.2885-15/312074348_118394124380728_3941793934194933754_n.jpg?stp=dst-jpg_e35_s1080x1080&_nc_ht=instagram.fagc1-1.fna.fbcdn.net&_nc_cat=1&_nc_ohc=PGUVGGdU7qUAX9Tl2jY&edm=AP_V10EBAAAA&ccb=7-5&oh=00_AfC-8xLSGT8kCwrLHi2i-zMvYLCoaUVxIxg7zwm_iXG1sA&oe=64880E76&_nc_sid=8721cf
725,2023-05-16 22:00:10+00:00,dudalina,Sidecar,"Na Duda, acreditamos que moda e responsabilidade andam de mãos dadas e que cada um de nós é um agente transformador na construção do futuro.  Para isso, tomamos atitudes diárias para um mundo melhor, arraste para o lado e algumas de nossas iniciativas que visam contribuir com uma moda mais ética, humana e sustentável.  #Dudalina #ProjetosSociais #ProjetosAmbientais #66anos #Institucional","Dudalina, ProjetosSociais, ProjetosAmbientais, 66anos, Institucional",167,3,https://scontent-iad3-1.cdninstagram.com/v/t39.30808-6/346969409_1250489415618292_5550972796868186643_n.png?stp=dst-jpg_e15_fr_p1080x1080&_nc_ht=scontent-iad3-1.cdninstagram.com&_nc_cat=104&_nc_ohc=Gspx668idVkAX-u4Hp7&edm=AP_V10EAAAAA&ccb=7-5&oh=00_AfB09tkenVG2lJN6bqROGDzP1t_p3vxT16a5Nx16SEf_Fg&oe=6487D114&_nc_sid=8721cf
726,2022-10-25 04:08:33+00:00,taylorswift,Sidecar,"Bejeweled video is out NOW! Directed by this tired tacky wench. Got to make this with my best friends @haimtheband, greatest of greats @lauradern, icon of burlesque and glamour @ditavonteese, genius and actual dame @patmcgrathreal and my partner in Midnights mayhem @jackantonoff. Love you guys so much. Stay sparkly out there. 😘",,3977768,0,https://instagram.fesb10-5.fna.fbcdn.net/v/t51.2885-15/312439661_422303653435839_8327603588279997249_n.jpg?stp=dst-jpg_e35_s1080x1080&_nc_ht=instagram.fesb10-5.fna.fbcdn.net&_nc_cat=1&_nc_ohc=hXSFLKZeeDQAX_h21sr&edm=AP_V10EBAAAA&ccb=7-5&oh=00_AfBVRjYJ4QjX5Ca78OUDhb6nQFD_ikIFOK1n0-qHtuZlJA&oe=64885822&_nc_sid=8721cf
727,2023-05-17 16:56:54+00:00,dudalina,Sidecar,"Há mais de seis décadas produzindo com qualidade para quem gosta de se vestir com personalidade e elegância em todas as situações. Para quem quer deixar sua marca independente do dress-code sugerido.  E independente da Flor de Lis bordada, carregamos do lado esquerdo do peito o amor pela camisaria, e a honra de te vestir com excelência há 66 anos.  #Dudalina #AniversarioDudalina #66anos #Institucional","Dudalina, AniversarioDudalina, 66anos, Institucional",321,13,https://instagram.fsyd10-1.fna.fbcdn.net/v/t39.30808-6/347153611_1973087649693493_3043481224387984048_n.png?stp=dst-jpg_e15_fr_p1080x1080&_nc_ht=instagram.fsyd10-1.fna.fbcdn.net&_nc_cat=101&_nc_ohc=vAfnTiMysAgAX98Njsi&edm=AP_V10EAAAAA&ccb=7-5&oh=00_AfBg4lOV_F-joIqgJ0SVGFMXIm0e2Xji2fSrfztfo6CV3A&oe=64895B95&_nc_sid=8721cf
728,2022-11-15 15:14:39+00:00,facehunter,Sidecar,"I’m back on a dimension-defying collaboration with @Ballantines.  🟦🟢🔺🔶🟨 As the renowned Scotch whisky maker has invited visual artist @demsky__ to bring his retro-futuristic style to its 2023 limited-edition Finest bottle. Whether it’s exploring new perspectives or experimenting, Ballantine’s and J. Demsky have come together to show that the future is yours to shape. I will be sharing with you, over the next weeks, how it’s inspired me. 🟦🟢🔺🔶🟨 Let’s start with L’Aubette, an avant-guard café/dancing/cinéma that used to be the cultural life hotspot in the 1930s Strasbourg (🇫🇷). 🟦🟢🔺🔶🟨 This one-of-a-kind place is not randomly nicknamed ""the Sistine Chapel of abstract art"". The way its creators challenged the conventions of architecture ONE century ago is truly mind-blowing! 🟦🟢🔺🔶🟨  The pioneer of Dutch De Stijl movement, Theo van Doesburg and two Zurich Dada artists Sophie Taeuber-Arp and Jean Arp were commissioned in the 1920s to design and decorate this leisure centre located in an 18th Century building. 🟦🟢🔺🔶🟨 Enjoy Ballantine’s Responsibly! #BallantinesxJDemsky #StayTrue #ad","BallantinesxJDemsky, StayTrue, ad",326,7,https://scontent-lga3-2.cdninstagram.com/v/t51.2885-15/315319649_1196721000945280_758779232837813680_n.jpg?stp=dst-jpg_e35_p1080x1080&_nc_ht=scontent-lga3-2.cdninstagram.com&_nc_cat=104&_nc_ohc=YtLsu0dSnj0AX-DP_hw&edm=AP_V10EBAAAA&ccb=7-5&oh=00_AfCprWvBqsjvtRuBqLRdTka8SFgaqjf7494M5uE1wE2cnA&oe=64894B47&_nc_sid=8721cf
729,2023-05-12 05:00:28+00:00,prabalgurung,Sidecar,Draped to Perfection⁠ ⁠ @_iiishmagish wears an Atelier Prabal Gurung black satin-back crepe sari gown embellished with thousands of hand embroidered crystals and pearls with silk chiffon train to the 2023 Met Gala⁠ ⁠ Photo credits @billykiddstudio @germanlarkin,,3114,4,https://scontent-atl3-1.cdninstagram.com/v/t51.2885-15/346178923_633438378292759_7572155315435589578_n.jpg?stp=dst-jpg_e35_p1080x1080&_nc_ht=scontent-atl3-1.cdninstagram.com&_nc_cat=107&_nc_ohc=0SfceRlaW-8AX_hRa-x&edm=AP_V10EBAAAA&ccb=7-5&oh=00_AfA9Xpl_3GwhIEl_Wde0_kabfGq1ah0aLfVvky4HI1Pdig&oe=648917EA&_nc_sid=8721cf
730,2023-05-12 03:55:56+00:00,prabalgurung,Sidecar,Iridescent Isha ⁠ ⁠ @_iiishmagish wears an Atelier Prabal Gurung black satin-back crepe sari gown embellished with thousands of hand embroidered crystals and pearls with silk chiffon train to the 2023 Met Gala⁠ ⁠ @dmjatia wears an Atelier Prabal Gurung jade green duchesse satin sculptural draped skirt with black duchesse satin halter to the 2023 Met Gala⁠,,319,4,https://scontent-hou1-1.cdninstagram.com/v/t51.2885-15/345872854_259250766597296_4003780612162941837_n.jpg?stp=dst-jpg_e35&_nc_ht=scontent-hou1-1.cdninstagram.com&_nc_cat=108&_nc_ohc=pEzhLI4-07gAX9X3DgJ&edm=AP_V10EBAAAA&ccb=7-5&oh=00_AfBsAYxxb0OCa190HBEq0eVVyazcJvNKbuYmC4YxAEHx5w&oe=64896041&_nc_sid=8721cf
731,2023-01-25 09:17:32+00:00,facehunter,Sidecar,"ⴷⴷⴰⵅⵍⴰ 🇪🇭 #Dakhla, where the Atlantic meets the #Sahara, is at the heart of Morocco's colonial startegy to anchor its presence in the disputed territory of #WesternSahara.  While all Moroccan public services function in Dakhla as they would in any other part of Morocco proper, international laws consider that (most of) WS is occupied by Morocco.  In the last decades, Morocco has invested millions to transform a modest and remote, fishing village into a major Saharan economic and tourism hub.  The new eldorado (?) attracts many Moroccans and sub-Saharian people looking for opportunities. The city counts nowadays over 100,000 inhabitants. Recently, Dakhla has also emerged as a popular destination for kite-surfers. Is the growing number of Western tourists helping to erase appearances of an ongoing geopolitical dispute?  The Kingdom will keep investing on mega-projects, such as the creation of the ""biggest port in Morocco"" when completed in 2030 and a leisure port to attract cruise ships and connect Dakhla to the nearby Canary Islands by ferry.  These heavy developments geopardise more than ever the chances of self-determination for the #Sahrawi people (the ethnic group native to the western part of the Sahara).  #dakhlacity #dakhlah #dakhlaspirit #dakhlah #occupation #colonisation #colonialism #SaharaOccidental #NorthAfrica #AfriqueduNord #westernsaharaconflict","Dakhla,, Sahara,, WesternSahara., Sahrawi, dakhlacity, dakhlah, dakhlaspirit, occupation, colonisation, colonialism, SaharaOccidental, NorthAfrica, AfriqueduNord, westernsaharaconflict",1075,84,https://instagram.feoh1-1.fna.fbcdn.net/v/t51.2885-15/326829069_1223853511550048_9032966075960946251_n.jpg?stp=dst-jpg_e35_p1080x1080&_nc_ht=instagram.feoh1-1.fna.fbcdn.net&_nc_cat=108&_nc_ohc=8cNhMzH0XYEAX-GVgbd&edm=AP_V10EBAAAA&ccb=7-5&oh=00_AfDW5_nvImkT9QRJXRw8jc3hIBctABnb-IVn2YReSm9nag&oe=64880863&_nc_sid=8721cf
732,2023-05-12 03:56:25+00:00,prabalgurung,Sidecar,Iridescent Isha ⁠ ⁠ @_iiishmagish wears an Atelier Prabal Gurung black satin-back crepe sari gown embellished with thousands of hand embroidered crystals and pearls with silk chiffon train to the 2023 Met Gala⁠ ⁠ @dmjatia wears an Atelier Prabal Gurung jade green duchesse satin sculptural draped skirt with black duchesse satin halter to the 2023 Met Gala⁠,,242,4,https://scontent-gru1-2.cdninstagram.com/v/t51.2885-15/345879585_1294062947858084_5444301880699084513_n.jpg?stp=dst-jpg_e35&_nc_ht=scontent-gru1-2.cdninstagram.com&_nc_cat=108&_nc_ohc=cbU2UYUzMPYAX8n4K8V&edm=AP_V10EBAAAA&ccb=7-5&oh=00_AfBmBuHo_FPWuJ3UHNShad8HL_QSaUtapCOUUHYRoDGeNA&oe=6488D006&_nc_sid=8721cf
733,2023-05-12 12:50:18+00:00,prabalgurung,Sidecar,A memorable evening at the 2022 Met Gala alongside glamorous women who embody femininity with a bite.⁠ ⁠ Photo credit @wwd,,305,3,https://instagram.fsti6-1.fna.fbcdn.net/v/t51.2885-15/346078976_262218172921400_2527298188576119441_n.jpg?stp=dst-jpg_e35&_nc_ht=instagram.fsti6-1.fna.fbcdn.net&_nc_cat=108&_nc_ohc=V4niSSRFLKcAX9qT5UZ&edm=AP_V10EBAAAA&ccb=7-5&oh=00_AfCeG2aZLMrESQWh4iKYxRWelY4hdNVY1G_xASBRIQvENg&oe=64884392&_nc_sid=8721cf
734,2023-05-12 03:56:10+00:00,prabalgurung,Sidecar,Iridescent Isha ⁠ ⁠ @_iiishmagish wears an Atelier Prabal Gurung black satin-back crepe sari gown embellished with thousands of hand embroidered crystals and pearls with silk chiffon train to the 2023 Met Gala⁠ ⁠ @dmjatia wears an Atelier Prabal Gurung jade green duchesse satin sculptural draped skirt with black duchesse satin halter to the 2023 Met Gala⁠,,200,3,https://scontent-atl3-2.cdninstagram.com/v/t51.2885-15/346241723_271638788547173_3860144897495902189_n.jpg?stp=dst-jpg_e35&_nc_ht=scontent-atl3-2.cdninstagram.com&_nc_cat=105&_nc_ohc=fRO9AbwK45wAX-Pmot6&edm=AP_V10EBAAAA&ccb=7-5&oh=00_AfDQ9OHa1X4GecYcDIUyGwpdR9Ppsulk7elbimk_sYBjBw&oe=64887FAB&_nc_sid=8721cf
735,2023-05-12 12:30:17+00:00,prabalgurung,Sidecar,A memorable evening at the 2022 Met Gala alongside glamorous women who embody femininity with a bite.⁠ ⁠ Photo credit @wwd,,1922,6,https://instagram.fagc3-2.fna.fbcdn.net/v/t51.2885-15/345886163_255428227044402_789890612763233199_n.jpg?stp=dst-jpg_e35&_nc_ht=instagram.fagc3-2.fna.fbcdn.net&_nc_cat=106&_nc_ohc=ORp6qkvT_fcAX9GSuyE&edm=AP_V10EBAAAA&ccb=7-5&oh=00_AfBj6OIMoep_ip76hVEC4CrLm95FAt3fPDJaZiZ6_7G_Mw&oe=6488C12F&_nc_sid=8721cf
736,2023-05-12 04:40:18+00:00,prabalgurung,Sidecar,Mignight Beauty ⁠ ⁠ @_iiishmagish wears an Atelier Prabal Gurung black satin-back crepe sari gown embellished with thousands of hand embroidered crystals and pearls with silk chiffon train to the 2023 Met Gala⁠ ⁠ @dmjatia wears an Atelier Prabal Gurung jade green duchesse satin sculptural draped skirt with black duchesse satin halter to the 2023 Met Gala⁠,,1121,4,https://instagram.fpbh1-1.fna.fbcdn.net/v/t51.2885-15/346322520_937819287457601_6478803423839605971_n.jpg?stp=dst-jpg_e35&_nc_ht=instagram.fpbh1-1.fna.fbcdn.net&_nc_cat=105&_nc_ohc=Z-cHYrDME3wAX8nfldZ&edm=AP_V10EBAAAA&ccb=7-5&oh=00_AfCIKY3AlP-y-RJJnd6wcdf_8f2EP_6RLCGye8PPVgM00w&oe=6488AB34&_nc_sid=8721cf
737,2023-05-12 12:20:19+00:00,prabalgurung,Sidecar,A memorable evening at the 2022 Met Gala alongside glamorous women who embody femininity with a bite.⁠ ⁠ Photo credit @wwd,,214,1,https://instagram.fcpt5-1.fna.fbcdn.net/v/t51.2885-15/346257625_1314565769271043_4730432818747105990_n.jpg?stp=dst-jpg_e35&_nc_ht=instagram.fcpt5-1.fna.fbcdn.net&_nc_cat=107&_nc_ohc=d1CSyH6BviUAX_cZBL5&edm=AP_V10EBAAAA&ccb=7-5&oh=00_AfAWxW95c--rF9jWM0STKRFOUuA4jqNcDgvl362zyNuZvQ&oe=6488B026&_nc_sid=8721cf
738,2023-05-12 12:10:13+00:00,prabalgurung,Sidecar,A memorable evening at the 2022 Met Gala alongside glamorous women who embody femininity with a bite.⁠ ⁠ Photo credit @wwd,,218,0,https://scontent-sjc3-1.cdninstagram.com/v/t51.2885-15/345974119_1361433097759877_5344259358993526221_n.jpg?stp=dst-jpg_e35&_nc_ht=scontent-sjc3-1.cdninstagram.com&_nc_cat=105&_nc_ohc=mMWGQFVSNbAAX8SrYO2&edm=AP_V10EBAAAA&ccb=7-5&oh=00_AfBVjo9d3Wj73sFgyABY2PZXcvWrZ6I08XeRx-Vhid8glg&oe=64885A99&_nc_sid=8721cf
739,2023-05-12 12:00:52+00:00,prabalgurung,Sidecar,A memorable evening at the 2022 Met Gala alongside glamorous women who embody femininity with a bite.⁠ ⁠ Photo credit @wwd,,820,3,https://scontent-dfw5-2.cdninstagram.com/v/t51.2885-15/346416155_601959205214042_31436923138444156_n.jpg?stp=dst-jpg_e35&_nc_ht=scontent-dfw5-2.cdninstagram.com&_nc_cat=102&_nc_ohc=HdjFjzFIfjAAX8BaaGD&edm=AP_V10EBAAAA&ccb=7-5&oh=00_AfDWCGjLVYiLkl6G6Dv-9siB7bJbJEb7OknuVFNlFwdzdw&oe=6487BBEC&_nc_sid=8721cf
740,2023-05-12 06:00:34+00:00,prabalgurung,Sidecar,Glowing & Glamorous⁠ ⁠ @_iiishmagish wears an Atelier Prabal Gurung black satin-back crepe sari gown embellished with thousands of hand embroidered crystals and pearls with silk chiffon train to the 2023 Met Gala⁠ ⁠ Photo credits @billykiddstudio @germanlarkin,,812,1,https://scontent-bcn1-1.cdninstagram.com/v/t51.2885-15/346065184_753287936288667_1817444982534322172_n.jpg?stp=dst-jpg_e35_p1080x1080&_nc_ht=scontent-bcn1-1.cdninstagram.com&_nc_cat=103&_nc_ohc=ZqsFQXLzdhsAX8U6XD6&edm=AP_V10EBAAAA&ccb=7-5&oh=00_AfC-CwRys_bCRJFJY7aRfNAtDE5W7Vm3b3Fb1lII3nPeOw&oe=6488826C&_nc_sid=8721cf
741,2023-05-01 19:13:41+00:00,imgfocus,Sidecar,"@christopherjohnrogers April 29th, 2023 produced by @imgfocus #imgfocus show direction: @christinachanel hair: @jawaraw makeup: @raoulalejandre for @maccosmetics nails: @jinsoon casting: @rickymichiels sound design: @skypewilliams pr: @loftcreativegrouppr florals: @lovemenotfloral lighting: @imcdlighting audio: @adiworldwide venue: Agger Fish / @agger_marc shoes created exclusively for the collection by @louboutinworld",imgfocus,786,14,https://scontent-dus1-1.cdninstagram.com/v/t51.2885-15/344351556_2023427581464039_4381447595574188365_n.jpg?stp=dst-jpg_e35_p1080x1080&_nc_ht=scontent-dus1-1.cdninstagram.com&_nc_cat=103&_nc_ohc=0hWLmgajHfUAX9fqQIY&edm=AP_V10EBAAAA&ccb=7-5&oh=00_AfCAC3O24GLGZirc8ivQrga6XlyeMi4wTDTf3I-MNVrWvg&oe=6488F2BC&_nc_sid=8721cf
742,2023-04-19 17:21:29+00:00,nyfw,Sidecar,This is what we mean when we say we want flowers 💐 #Rodarte #AW23    📸: @thestreetsensei,"Rodarte, AW23",1088,15,https://instagram.fagc1-2.fna.fbcdn.net/v/t51.2885-15/341757224_910528296901944_1373640095580897120_n.webp?stp=dst-jpg_e35&_nc_ht=instagram.fagc1-2.fna.fbcdn.net&_nc_cat=100&_nc_ohc=Szej5RUaTRwAX9Ob7Y4&edm=AP_V10EBAAAA&ccb=7-5&oh=00_AfC5Y3PHun4gYmXL4PbLGXpBuayra7ML19hQDNcsN0Gl1w&oe=64893FB3&_nc_sid=8721cf
743,2023-03-21 12:36:39+00:00,watchingnewyork,Sidecar,Monday honor roll  #streetfashion #fashion #street #NYC  #nycfashion #winter #winterfashion #fashiontrends #fallfashion #newyorkcity #style #streetstyle #vintage #thrift,"streetfashion, fashion, street, NYC, nycfashion, winter, winterfashion, fashiontrends, fallfashion, newyorkcity, style, streetstyle, vintage, thrift",31962,167,https://instagram.fbhx1-1.fna.fbcdn.net/v/t51.2885-15/336980818_596339439199321_6285523106245156200_n.jpg?stp=dst-jpg_e35_p1080x1080&_nc_ht=instagram.fbhx1-1.fna.fbcdn.net&_nc_cat=101&_nc_ohc=nLnwkXW_WX4AX_m0nHX&edm=AP_V10EBAAAA&ccb=7-5&oh=00_AfCWOkM-3Kg1kr1Rt4-TfrRFJMsd10nkh7Dp34V8xZKkcA&oe=6487CC3B&_nc_sid=8721cf
744,2023-05-12 12:40:16+00:00,prabalgurung,Sidecar,A memorable evening at the 2022 Met Gala alongside glamorous women who embody femininity with a bite.⁠ ⁠ Photo credit @wwd,,294,0,https://scontent-ord5-2.cdninstagram.com/v/t51.2885-15/345924535_1016930916383803_3224950796267802989_n.jpg?stp=dst-jpg_e35&_nc_ht=scontent-ord5-2.cdninstagram.com&_nc_cat=107&_nc_ohc=hSwunB2pPbkAX8hVjED&edm=AP_V10EBAAAA&ccb=7-5&oh=00_AfC1FaZgmI6u_Mg6jYxx_S-TnSEWm3xJEYsynsaCwFZ_Sw&oe=64879F5B&_nc_sid=8721cf
745,2023-05-26 14:01:03+00:00,urbanoutfitters,Sidecar,Online now: new outdoor-ready staples from @manastash_hq and @thisiskardo. Link in bio to shop. #uomens,uomens,1391,2,https://scontent-waw1-1.cdninstagram.com/v/t51.2885-15/348868578_1904079559954865_1697424546828543563_n.jpg?stp=dst-jpg_e35_p1080x1080&_nc_ht=scontent-waw1-1.cdninstagram.com&_nc_cat=105&_nc_ohc=Xg_QoiC5MTkAX-oP_Jk&edm=AP_V10EBAAAA&ccb=7-5&oh=00_AfBIGgaytWACO_-sm4Kq9FuLXPqwYBcCbHXzewIoNCca1w&oe=64894745&_nc_sid=8721cf
746,2023-04-24 16:33:07+00:00,nyfw,Sidecar,Casual slay front row at #ChristianCowan #AW23   📸: @mljmedia,"ChristianCowan, AW23",1915,16,https://scontent-ord5-2.cdninstagram.com/v/t51.2885-15/342905035_771343571122450_4817125378552731216_n.webp?stp=dst-jpg_e35&_nc_ht=scontent-ord5-2.cdninstagram.com&_nc_cat=110&_nc_ohc=lV9pW8kp3G0AX-AYrrU&edm=AP_V10EBAAAA&ccb=7-5&oh=00_AfAUpdfXhU7130GKobBoIkUHOdGfqxWMpNoDHs2QB_R2Ew&oe=6488BF26&_nc_sid=8721cf
747,2023-04-03 12:42:16+00:00,watchingnewyork,Sidecar,"My job is fully reliant on the people of New York, you all make it easy ❤️  #streetfashion #fashion #street #NYC  #nycfashion #winter #winterfashion #fashiontrends #fallfashion #newyorkcity #style #streetstyle #vintage #thrift","streetfashion, fashion, street, NYC, nycfashion, winter, winterfashion, fashiontrends, fallfashion, newyorkcity, style, streetstyle, vintage, thrift",31287,243,https://scontent-ord5-2.cdninstagram.com/v/t51.2885-15/338938680_1143985959614335_6625552219325252238_n.jpg?stp=dst-jpg_e35_p1080x1080&_nc_ht=scontent-ord5-2.cdninstagram.com&_nc_cat=107&_nc_ohc=d1Lm6o6xedcAX_8ylAF&edm=AP_V10EBAAAA&ccb=7-5&oh=00_AfD94yNWqw6mDdfM6uY-XKaSB8XzLG-Kg7yBJR-Ghzi3iA&oe=648929DA&_nc_sid=8721cf
748,2023-04-21 16:06:51+00:00,fashionweek,Sidecar,"Fly like a bird. From New York to Milan, Spring/Summer and Fall/Winter 2023 collections have entered a feather frenzy.   Photos courtesy of @gettyimages",,6170,54,https://instagram.fyhu2-1.fna.fbcdn.net/v/t51.2885-15/342722574_1384754582368678_4961619211547764489_n.jpg?stp=dst-jpg_e35_p1080x1080&_nc_ht=instagram.fyhu2-1.fna.fbcdn.net&_nc_cat=110&_nc_ohc=JYjNqtTGQbAAX8NxBAB&edm=AP_V10EBAAAA&ccb=7-5&oh=00_AfBemrmkbYO9NGyXz12IeEZjVEqRC085AHrxdrlQ9C2Qig&oe=64891BD5&_nc_sid=8721cf
749,2023-03-17 12:58:01+00:00,watchingnewyork,Sidecar,"Shades of green today 🍀💚 Happy St Patrick’s Day. . .  Apologies, some of these are a little older and I lost the tag 🤦‍♂️ #streetfashion #fashion #street #NYC  #nycfashion #winter #winterfashion #fashiontrends #fallfashion #newyorkcity #style #streetstyle #vintage #thrift","streetfashion, fashion, street, NYC, nycfashion, winter, winterfashion, fashiontrends, fallfashion, newyorkcity, style, streetstyle, vintage, thrift",64286,218,https://instagram.fyto2-1.fna.fbcdn.net/v/t51.2885-15/336027639_589869352812076_4232744482701550009_n.jpg?stp=dst-jpg_e35_p1080x1080&_nc_ht=instagram.fyto2-1.fna.fbcdn.net&_nc_cat=104&_nc_ohc=r0LYsv4WGw0AX_wp0l4&edm=AP_V10EBAAAA&ccb=7-5&oh=00_AfC1Ez45R8fZEZKAYlWhH34TJ0jx4j4aP2jcbv0TzwQGag&oe=64880132&_nc_sid=8721cf
750,2023-05-02 01:47:15+00:00,nyfw,Sidecar,Looks on looks. #KekePalmer and #LalaAnthony wear #SergioHudson at the #MetGala.   📸: @gettyimages,"KekePalmer, LalaAnthony, SergioHudson, MetGala.",1895,5,https://scontent-atl3-1.cdninstagram.com/v/t51.2885-15/343968959_715093153750668_2112805362260572346_n.jpg?stp=dst-jpg_e35_s1080x1080&_nc_ht=scontent-atl3-1.cdninstagram.com&_nc_cat=100&_nc_ohc=3-QbKnktRx8AX-fZz4S&edm=AP_V10EBAAAA&ccb=7-5&oh=00_AfCMvnO4UcJ-lUXsttwvKHnM8AKz99SWKog698xFKEo3VQ&oe=6487F98F&_nc_sid=8721cf
751,2023-04-25 15:48:49+00:00,nyfw,Sidecar,Rushing out of the house - but make it fashion. #ElenaVelez #RTW23  📸: @gettyimages,"ElenaVelez, RTW23",866,13,https://scontent-hel3-1.cdninstagram.com/v/t51.2885-15/343432460_771121827737706_6333427843965758376_n.webp?stp=dst-jpg_e35&_nc_ht=scontent-hel3-1.cdninstagram.com&_nc_cat=106&_nc_ohc=FR8prLeM9RMAX9TDMu4&edm=AP_V10EBAAAA&ccb=7-5&oh=00_AfAhl3NkrfefDgrwsK6BMKATNKby1-v52dCYSTVKzIoJ_Q&oe=6488D6D9&_nc_sid=8721cf
752,2021-04-13 18:38:42+00:00,oldprada,Sidecar,FW 2013 (SSAW Magazine AW 2013/14 by Frederik Heyman)  #oldprada #miuccialover #praduh #ssawmagazine #timothielens #katlinaas #inspiration #iconic #dreams #color #plaid #shoes #frederikhaymen #lottavolkova #wow #wanted,"oldprada, miuccialover, praduh, ssawmagazine, timothielens, katlinaas, inspiration, iconic, dreams, color, plaid, shoes, frederikhaymen, lottavolkova, wow, wanted",492,3,https://scontent-cdg4-2.cdninstagram.com/v/t51.2885-15/172985748_177438387550873_3015456769150223712_n.jpg?stp=dst-jpg_e35_s1080x1080&_nc_ht=scontent-cdg4-2.cdninstagram.com&_nc_cat=101&_nc_ohc=wd32zeoH7PoAX_fwAqj&edm=AP_V10EBAAAA&ccb=7-5&oh=00_AfAbQbaBiRYyXrkJU-5Z-F4wAe69jKbvtA5bvcS4jiODcQ&oe=64879C6C&_nc_sid=8721cf
753,2023-05-18 11:02:30+00:00,datewithversace,Sidecar,@Fedez in #VersaceFW23 at the premiere of #TheFerragnezLaSerie season 2🤍   The Ferragnez season 2 is streaming now on @primevideoit !   @giuliocasagrande_ @chiaraferragni   @versace @donatella_versace,"VersaceFW23, TheFerragnezLaSerie",9782,26,https://scontent-mia3-1.cdninstagram.com/v/t51.2885-15/347393748_771934357634244_6375020759694193529_n.jpg?stp=dst-jpg_e35_p1080x1080&_nc_ht=scontent-mia3-1.cdninstagram.com&_nc_cat=100&_nc_ohc=RGZvazqrX_QAX9fQSAu&edm=AP_V10EBAAAA&ccb=7-5&oh=00_AfCNnafOo0Rc6dtBecGqnp0oxqvV5uluWtokFXunoNycVQ&oe=6488D61F&_nc_sid=8721cf
754,2023-05-23 00:07:50+00:00,whowhatwear,Sidecar,The things I would do to have any of these looks in my closet... Happy birthday to the woman who wore them first! @naomi ✨ photos: getty images,,3504,12,https://instagram.fmad8-1.fna.fbcdn.net/v/t51.2885-15/348203678_1413465332751653_5152087639144977433_n.jpg?stp=dst-jpg_e35_p1080x1080&_nc_ht=instagram.fmad8-1.fna.fbcdn.net&_nc_cat=105&_nc_ohc=SygXJAWmjMAAX8BMus5&edm=AP_V10EBAAAA&ccb=7-5&oh=00_AfDZPG4y9bEbSWWAECbrMNW17meWpExjxwyHfPuIZjE2vQ&oe=6487BDB1&_nc_sid=8721cf
755,2021-04-13 18:39:02+00:00,oldprada,Sidecar,FW 2013 (SSAW Magazine AW 2013/14 by Frederik Heyman)  #oldprada #miuccialover #praduh #ssawmagazine #timothielens #katlinaas #inspiration #iconic #dreams #color #plaid #shoes #frederikhaymen #lottavolkova #wow #wanted,"oldprada, miuccialover, praduh, ssawmagazine, timothielens, katlinaas, inspiration, iconic, dreams, color, plaid, shoes, frederikhaymen, lottavolkova, wow, wanted",294,0,https://instagram.ftlv5-1.fna.fbcdn.net/v/t51.2885-15/173201203_4166575870078617_5501038927601619350_n.jpg?stp=dst-jpg_e35_s1080x1080&_nc_ht=instagram.ftlv5-1.fna.fbcdn.net&_nc_cat=109&_nc_ohc=IovaYGtGyz8AX_B_cj1&edm=AP_V10EBAAAA&ccb=7-5&oh=00_AfCnrJXw6cJDNg_Un-P757y2mtfYUsXJip_z8QfZsOQDbg&oe=64880444&_nc_sid=8721cf
756,2022-10-16 15:20:10+00:00,facehunter,Sidecar,"The #CuronianSpit 🇱🇹 a miraculous 98km-long sand dune peninsula connecting #Lithuania and Russia. Before coming here, I didn’t know that such a place could exist.  Depending if you are more into mythology or geology, the #sandspit was created by Neringa, a good-hearted giantess to protect her coastline from an evil dragon or by the combined action of the sea, wind and human activity over the last 5,000 years.  Nevertheless, the existence of this “ephemeral territory” is constantly under threat, it would take very little to have it vanish completely.  After intensive logging in the 17th and 18th centuries, the dunes began moving very fast and buried entire towns, including #Nida (#Nidden back then) the main settlement. From the 19th century onwards, tree planting, creation of a protective dune ridge along the seashore and limitation of public access have contributed to “stabilise” the Spit.   Nida, is the last Lithuanian town, just 3km before the Russian border. There is something quite odd about the contrast between such a peaceful-looking family-friendly holiday destination dotted with 19th century wooden fisherman’s houses and the tension of the war involving the big neighbour.   This coastal region has been the home of Baltic and Germanic cultures for many centuries. With its incorporation in the German Empire in the late 19th century, Nida became a Summer hotspot for German artists and intellectuals.  Have you been here or would you consider visiting?  #KuršiųNerija #Куршскаякоса #Baltic #Baltics #BalticState #BalticStates #Lietuva #BaltijosJūra #FacehunterLT","CuronianSpit, Lithuania, sandspit, Nida, Nidden, KuršiųNerija, Куршскаякоса, Baltic, Baltics, BalticState, BalticStates, Lietuva, BaltijosJūra, FacehunterLT",965,31,https://scontent-lga3-2.cdninstagram.com/v/t51.2885-15/311850736_1271336386983997_2655785772138077318_n.jpg?stp=dst-jpg_e35_p1080x1080&_nc_ht=scontent-lga3-2.cdninstagram.com&_nc_cat=101&_nc_ohc=HZh8sy9NVcAAX9H5xCS&edm=AP_V10EBAAAA&ccb=7-5&oh=00_AfAPtdmqs7CAyV1SVWc1ui-cWUHMoe_0uXHMIz1DcL87mQ&oe=648862E7&_nc_sid=8721cf
757,2021-05-06 20:46:47+00:00,oldprada,Sidecar,SS 2005  #oldprada #miuccialover #stillobsessed #colors #inspo #stevenmeisel #karenelson #elisecrombez #dianadondoe #beauty #vintageprada #SS2005 #hats #accessories #details,"oldprada, miuccialover, stillobsessed, colors, inspo, stevenmeisel, karenelson, elisecrombez, dianadondoe, beauty, vintageprada, SS2005, hats, accessories, details",2144,28,https://instagram.fhyd2-2.fna.fbcdn.net/v/t51.2885-15/182742003_4147081158689517_2299863078781076633_n.jpg?stp=dst-jpg_e35_p1080x1080&_nc_ht=instagram.fhyd2-2.fna.fbcdn.net&_nc_cat=109&_nc_ohc=8ETXV3-W7xIAX8ISzC2&edm=AP_V10EBAAAA&ccb=7-5&oh=00_AfBlHgXdQNZLdMvjPy0dTq7UctciGDAVeZFgiOhEEsflIw&oe=6488DB84&_nc_sid=8721cf
758,2021-03-10 17:11:28+00:00,oldprada,Sidecar,FW 1998  #oldprada #miuccialover #itsallinthedetails #accessories #shoe #colorblock #icons #pradavintage #FW1998 #raymondmeier #praduh #aldopozzi #stilllife,"oldprada, miuccialover, itsallinthedetails, accessories, shoe, colorblock, icons, pradavintage, FW1998, raymondmeier, praduh, aldopozzi, stilllife",544,3,https://scontent-mia3-2.cdninstagram.com/v/t51.2885-15/158403054_3800156816716087_2176150255486768506_n.jpg?stp=dst-jpg_e35&_nc_ht=scontent-mia3-2.cdninstagram.com&_nc_cat=107&_nc_ohc=aMpoUeQmlQgAX_53F6F&edm=AP_V10EBAAAA&ccb=7-5&oh=00_AfDekpy6CJexE4uuKtHAWGoX6H6eYUkPlUbT9SuqHvRIvg&oe=6487F17E&_nc_sid=8721cf
759,2023-05-23 19:32:37+00:00,whowhatwear,Sidecar,"If the Met Gala is our Super Bowl, #CannesFilmFestival is our Olympics. Between @lilyrose_depp in archival Chanel and Jennifer Lawrence taking our breath away in a custom @dior couture gown, we've got a lot to talk about. Head to the link in our bio to see more looks from the Cannes carpet. photos: getty images",CannesFilmFestival,7542,36,https://instagram.flko7-1.fna.fbcdn.net/v/t51.2885-15/348729204_3137154446582014_7270718013411764299_n.jpg?stp=dst-jpg_e35_p1080x1080&_nc_ht=instagram.flko7-1.fna.fbcdn.net&_nc_cat=110&_nc_ohc=Ed8vxeZx0JAAX--2MHg&edm=AP_V10EBAAAA&ccb=7-5&oh=00_AfASIChqhsRM0359rN3CAe98GlsaMGtCWHxQOgssRK7aqg&oe=6487E771&_nc_sid=8721cf
760,2022-10-11 14:29:21+00:00,facehunter,Sidecar,"#Accra 🇬🇭 post-independence #architecture 🏗️  When #Ghana gained independence from Britain in 1957, first president, Kwame Nkrumah used the modernist architectural language to express the Ghanaian identity and project its new aspirations.  Inheriting a state with very few home-grown architects and planners, Nkrumah, the “socialist scientist”, created alliances with “Eastern Bloc” states and hired talents from Poland, Bulgaria, Yugoslavia, East Germany and Soviet Union to build the new Ghana.  Poland occupied a central role in this, 26 Polish architects worked at the Ghana National Construction Corporation (GNCC) during the 1960s, on projects in the capital. For instance, the Labadi neighbourhood in #Accra was planned based on the post-war remodelling of a Warsaw district (Powiśle).   In short span of time, tons of civic buildings were commissioned by the government : schools, libraries, universities and hospitals. The East European architects often tried to adapt the international #modernist style to Ghanian culture and tropical climate. Some called this sub-genre: #TropicalModernism.  The “architecture of independence” shows the contradictions and challenges in Ghana’s nation building and independence process.  Photo 1 & 2: The Villagio Vista, @ahmmarchitects, 2011  Photo 3 & 4: Independance Square/Black Star Square, National Construction Corporation, 1961  Photo 5 & 6: Nubuke Foundation, Baerbel Mueller & Juergen Strohmayer, 2020  Photo 7: Ghanaian Post Office, 1960s?  Photo 8: Ghana International Trade Fair Centre, Vic Adegbite, Jacek Chyrosz and Stanisław Rymaszewski, 1964-1967  #WestAfrica #archi #archidaily #archiporn #archinerds #architecturephotography #archilover #archilovers #archilove #ContemporaryArchitecture #FacehunterGhana","Accra, architecture, Ghana, modernist, TropicalModernism., WestAfrica, archi, archidaily, archiporn, archinerds, architecturephotography, archilover, archilovers, archilove, ContemporaryArchitecture, FacehunterGhana",772,3,https://instagram.fpos10-1.fna.fbcdn.net/v/t51.2885-15/311433545_1727379804309892_7853015487354506907_n.jpg?stp=dst-jpg_e35_p1080x1080&_nc_ht=instagram.fpos10-1.fna.fbcdn.net&_nc_cat=104&_nc_ohc=4cO-bbCvPjgAX_lXkUE&edm=AP_V10EBAAAA&ccb=7-5&oh=00_AfCaiCbUJ3IeTP7HUPHWlw7ky-Pn9JuT6EcOx7y4jrJj9g&oe=6488EDFC&_nc_sid=8721cf
761,2021-05-06 20:47:40+00:00,oldprada,Sidecar,SS 2005  #oldprada #miuccialover #stillobsessed #colors #inspo #stevenmeisel #karenelson #elisecrombez #dianadondoe #beauty #vintageprada #SS2005 #hats #scarpe #accessories #embroidery,"oldprada, miuccialover, stillobsessed, colors, inspo, stevenmeisel, karenelson, elisecrombez, dianadondoe, beauty, vintageprada, SS2005, hats, scarpe, accessories, embroidery",1147,13,https://instagram.fosu2-1.fna.fbcdn.net/v/t51.2885-15/182551934_904586616775893_3954300222606856330_n.jpg?stp=dst-jpg_e35_p1080x1080&_nc_ht=instagram.fosu2-1.fna.fbcdn.net&_nc_cat=109&_nc_ohc=JECJ0VIRkLUAX-Sskbg&edm=AP_V10EBAAAA&ccb=7-5&oh=00_AfCVdwTd8ZilD-cbihA_pM165K9QSm-2qAPgkmURrUKXEQ&oe=6487F756&_nc_sid=8721cf
762,2021-05-06 20:47:15+00:00,oldprada,Sidecar,SS 2005  #oldprada #miuccialover #stillobsessed #colors #inspo #stevenmeisel #karenelson #elisecrombez #dianadondoe #beauty #vintageprada #SS2005 #hats #scarpe #accessories,"oldprada, miuccialover, stillobsessed, colors, inspo, stevenmeisel, karenelson, elisecrombez, dianadondoe, beauty, vintageprada, SS2005, hats, scarpe, accessories",1502,15,https://instagram.fpiu1-1.fna.fbcdn.net/v/t51.2885-15/182187322_777944389750097_4561825777881345793_n.jpg?stp=dst-jpg_e35_p1080x1080&_nc_ht=instagram.fpiu1-1.fna.fbcdn.net&_nc_cat=105&_nc_ohc=7prtfibbo1MAX8jfvY5&edm=AP_V10EBAAAA&ccb=7-5&oh=00_AfCsm4XH6rfXIclVn3WIdxq5X8lgW8F-sB4NvlXQrSHzcQ&oe=6488DB65&_nc_sid=8721cf
763,2021-03-10 17:11:36+00:00,oldprada,Sidecar,FW 1998  #oldprada #miuccialover #itsallinthedetails #accessories #shoe #colorblock #icons #pradavintage #FW1998 #raymondmeier #praduh #aldopozzi #stilllife,"oldprada, miuccialover, itsallinthedetails, accessories, shoe, colorblock, icons, pradavintage, FW1998, raymondmeier, praduh, aldopozzi, stilllife",801,5,https://instagram.fist6-1.fna.fbcdn.net/v/t51.2885-15/158467630_914119156058081_1533039752992817032_n.jpg?stp=dst-jpg_e35&_nc_ht=instagram.fist6-1.fna.fbcdn.net&_nc_cat=105&_nc_ohc=0p6KXzrQoFYAX_8JJEv&edm=AP_V10EBAAAA&ccb=7-5&oh=00_AfDZMcWpoEKu_5c85H0gnXz_KJ2lFecWGrfGZs_uu5lkhA&oe=648817D0&_nc_sid=8721cf
764,2023-05-02 20:00:10+00:00,dudalina,Sidecar,"Se a sua mãe ama camisas, nós garantimos que temos o presente perfeito para ela! ❤️ Modelos sofisticados e cheios de versatilidade, para todos os gostos e estilos.  Aproveite e ganhe um pingente de cristal na compra de uma camisa da coleção Dudalina e Swarovski ou nas compras a partir de R$800,00.*  Acesse nosso site e escolha a sua peça favorita.(link na bio)  Ref.: 53.01.1205, 53.01.1075, 53.01.1015 _  *Nas compras a partir de R$ 800,00 ou de uma das referências participantes: 53.01.1203, 53.01.1204, 53.01.1205, 53.01.1206. Ação válida de 28/04 a 14/05 ou enquanto durarem os estoques. Não cumulativa com outras ações. Certificado de autorização SRE/ME N. ° 02.026543/2023.  #Dudalina #DiaDasMaes #Camisaria #CamisaDudalina #presente","Dudalina, DiaDasMaes, Camisaria, CamisaDudalina, presente",667,9,https://scontent-mia3-1.cdninstagram.com/v/t39.30808-6/344004659_1836136643447196_4923620462444408594_n.png?stp=dst-jpg_e15_fr_p1080x1080&_nc_ht=scontent-mia3-1.cdninstagram.com&_nc_cat=100&_nc_ohc=AexP5FIhCqoAX93G5jb&edm=AP_V10EAAAAA&ccb=7-5&oh=00_AfBg4nJXh616a9kiwF8cewkYX6APH7MGGymrzpREJKu-cQ&oe=6488EC15&_nc_sid=8721cf
765,2021-04-13 18:39:13+00:00,oldprada,Sidecar,FW 2013 (SSAW Magazine AW 2013/14 by Frederik Heyman)  #oldprada #miuccialover #praduh #ssawmagazine #timothielens #katlinaas #inspiration #iconic #dreams #color #plaid #shoes #frederikhaymen #lottavolkova #wow #wanted,"oldprada, miuccialover, praduh, ssawmagazine, timothielens, katlinaas, inspiration, iconic, dreams, color, plaid, shoes, frederikhaymen, lottavolkova, wow, wanted",575,2,https://instagram.fmci2-1.fna.fbcdn.net/v/t51.2885-15/171689090_313939846747444_6831776906417570507_n.jpg?stp=dst-jpg_e35_s1080x1080&_nc_ht=instagram.fmci2-1.fna.fbcdn.net&_nc_cat=104&_nc_ohc=9jeRm4n0MuAAX8FYbZe&edm=AP_V10EBAAAA&ccb=7-5&oh=00_AfCgH6q9552dFy274d7T2qRMMNXHNqJueQUJal1zzHUz4g&oe=64891181&_nc_sid=8721cf
766,2023-05-17 10:33:38+00:00,datewithversace,Sidecar,"Anne, Atelier Versace, Bulgari and Venice🤍   Styled by @erinwalshstyle   @versace @donatella_versace",,21955,42,https://instagram.fosu2-2.fna.fbcdn.net/v/t51.2885-15/347250793_787711372881836_3893167586026494414_n.jpg?stp=dst-jpg_e35_p1080x1080&_nc_ht=instagram.fosu2-2.fna.fbcdn.net&_nc_cat=108&_nc_ohc=6YqAN8ZX0L8AX8z0Iv7&edm=AP_V10EBAAAA&ccb=7-5&oh=00_AfCxMguaGZA8gS_2_8iZ6Bhb9Zl2OxzDeozmITyc-NsT5w&oe=64892D8B&_nc_sid=8721cf
767,2023-05-17 10:57:54+00:00,datewithversace,Sidecar,Versace ICON   @AnneHathaway attended an event for @Bulgari 's Mediterranea High Jewelry collection wearing #AtelierVersace Spring/Summer 2023 gown!   Styled by @erinwalshstyle   @versace @donatella_versace,AtelierVersace,15118,43,https://instagram.fbud10-1.fna.fbcdn.net/v/t51.2885-15/347068210_1296856604543640_31545187600181228_n.jpg?stp=dst-jpg_e35_p1080x1080&_nc_ht=instagram.fbud10-1.fna.fbcdn.net&_nc_cat=100&_nc_ohc=9buurn9ZsNMAX9oGKbR&edm=AP_V10EBAAAA&ccb=7-5&oh=00_AfCz5oCUbbdTgn-PmMClNf5sdlK4W-1uJvAgnt0Ryf_2sA&oe=6488FA87&_nc_sid=8721cf
768,2023-02-28 10:51:32+00:00,milanfashionweek,Sidecar,"@laurabiagiottiofficial unveiled the new collection for the Fall/Winter 23-24 by @lavinia_biagiotti through a digital presentation at #MFW , re-watch it now on milanofashionweek.cameramoda.it",MFW,2255,15,https://scontent-bos5-1.cdninstagram.com/v/t51.2885-15/333205005_688740076266797_1208073574708319364_n.jpg?stp=dst-jpg_e35_p1080x1080&_nc_ht=scontent-bos5-1.cdninstagram.com&_nc_cat=105&_nc_ohc=ySw7FPLKLqkAX9pqB6i&edm=AP_V10EBAAAA&ccb=7-5&oh=00_AfA6k1I5hRbMRQoqIQcdEopAKv5MvJzzh3b2HABIzrascw&oe=6487C441&_nc_sid=8721cf
769,2023-03-15 12:20:32+00:00,watchingnewyork,Sidecar,Recent favorites . .  #streetfashion #fashion #street #NYC  #nycfashion #winter #winterfashion #fashiontrends #fallfashion #newyorkcity #style #streetstyle #vintage #thrift,"streetfashion, fashion, street, NYC, nycfashion, winter, winterfashion, fashiontrends, fallfashion, newyorkcity, style, streetstyle, vintage, thrift",26962,179,https://scontent-cdg4-2.cdninstagram.com/v/t51.2885-15/335926461_193439999976552_5741167990929519777_n.jpg?stp=dst-jpg_e35_p1080x1080&_nc_ht=scontent-cdg4-2.cdninstagram.com&_nc_cat=100&_nc_ohc=hq7KRTmKrBEAX-BiQd8&edm=AP_V10EBAAAA&ccb=7-5&oh=00_AfDY7s7goViGsKPaK7p2Op5Ga-8ax-_JNfl_tm7VaxiYsA&oe=64888572&_nc_sid=8721cf
770,2023-05-13 11:05:24+00:00,datewithversace,Sidecar,Tanya Dziahileva was 15 years old when she opened Versace Spring 2007 Show and 16 years old while opening Versace Spring 2008 show!! #00sVersace @tanyad_real   @versace @donatella_versace,00sVersace,2913,26,https://instagram.fbog3-1.fna.fbcdn.net/v/t51.2885-15/346195559_237560742292400_737621238888204228_n.jpg?stp=dst-jpg_e15&_nc_ht=instagram.fbog3-1.fna.fbcdn.net&_nc_cat=108&_nc_ohc=WKPxZO30fZYAX_8X6Yr&edm=AP_V10EBAAAA&ccb=7-5&oh=00_AfCHKHVMSgWM66znWkOh4Y1XsjvFaBHmaxk5m2iOMFkPNQ&oe=6484FFEE&_nc_sid=8721cf
771,2023-04-21 12:35:16+00:00,watchingnewyork,Sidecar,Let’s go sports! Love seeing people repping their teams 🏀⚾️🏈🏉🎳🏓🏒   #streetfashion #fashion #street #NYC  #nycfashion #winter #winterfashion #fashiontrends #fallfashion #newyorkcity #style #streetstyle #vintage #thrift,"streetfashion, fashion, street, NYC, nycfashion, winter, winterfashion, fashiontrends, fallfashion, newyorkcity, style, streetstyle, vintage, thrift",56076,261,https://instagram.fdub4-2.fna.fbcdn.net/v/t51.2885-15/342524591_918009409318787_8438360348566835565_n.jpg?stp=dst-jpg_e35_p1080x1080&_nc_ht=instagram.fdub4-2.fna.fbcdn.net&_nc_cat=111&_nc_ohc=ej8nzmwVP-oAX_D1zzr&edm=AP_V10EBAAAA&ccb=7-5&oh=00_AfAW6qf9-miODa04-2vZmd19ibLPyVlWDcfCR5mScC0Fvg&oe=64888A7B&_nc_sid=8721cf
772,2023-04-27 17:00:12+00:00,dudalina,Sidecar,"Neste Dia das Mães, a Duda vai te ajudar a encontrar o presente perfeito, com uma curadoria de peças pensadas para todos os estilos de mães.  Confira todas as opções disponíveis em nosso site e escolha o que mais combina com a sua mãe. (link na bio)  Ref.: 53.02.1296, 53.01.1015, 66.02.0653, 91.01.2659, 53.01.1075, 91.01.2511  #Dudalina #DiaDasMaes #AmorQueAtravessaGeracoes #PresenteDiaDasMaes #gift #MaesDudalina #Camisaria #camisadudalina","Dudalina, DiaDasMaes, AmorQueAtravessaGeracoes, PresenteDiaDasMaes, gift, MaesDudalina, Camisaria, camisadudalina",1174,29,https://instagram.fslu1-1.fna.fbcdn.net/v/t39.30808-6/343516594_3392590351055888_4694940375056533452_n.png?stp=dst-jpg_e15_fr_p1080x1080&_nc_ht=instagram.fslu1-1.fna.fbcdn.net&_nc_cat=108&_nc_ohc=-c7Ba2kiiQoAX-M9VJ6&edm=AP_V10EAAAAA&ccb=7-5&oh=00_AfCHnIkoXct6KbDGWD4UovSjIg-d3VH2YJTnPMAquwgZTw&oe=64878F4D&_nc_sid=8721cf
773,2023-05-12 03:55:19+00:00,prabalgurung,Sidecar,Iridescent Isha ⁠ ⁠ @_iiishmagish wears an Atelier Prabal Gurung black satin-back crepe sari gown embellished with thousands of hand embroidered crystals and pearls with silk chiffon train to the 2023 Met Gala⁠ ⁠ @dmjatia wears an Atelier Prabal Gurung jade green duchesse satin sculptural draped skirt with black duchesse satin halter to the 2023 Met Gala⁠,,148,3,https://instagram.fjed6-1.fna.fbcdn.net/v/t51.2885-15/346003746_1883035588719966_7197754935722893732_n.jpg?stp=dst-jpg_e35&_nc_ht=instagram.fjed6-1.fna.fbcdn.net&_nc_cat=106&_nc_ohc=uz0p_aNBfz8AX9pnI79&edm=AP_V10EBAAAA&ccb=7-5&oh=00_AfDWJAPFh6iK0lrZmHl7vA9BJqXtbJ4aro3gYVVfa6podg&oe=6487B08F&_nc_sid=8721cf
774,2023-04-27 20:00:10+00:00,dudalina,Sidecar,"Uma nova coleção cápsula de camisas, que leva a nossa qualidade de sempre e os cristais inconfundíveis da Swarovski. Nos unimos à marca para trazer ainda mais nobreza e preciosismo ao que já é muito especial. Perfeitas joias para presentear quem você mais ama, ou para abrilhantar ainda mais os seus dias.  Acesse nosso site ou visite nossas lojas e confira todos os lançamentos. (link na bio)  Ref.: 53.01.1204, 53.01.1205  #Dudalina #DiaDasMaes #AmorQueAtravessaGeracoes #Presente #DudalinaeSwarovski #CamisaComSwarovski #camisadudalina #MaesDudalina","Dudalina, DiaDasMaes, AmorQueAtravessaGeracoes, Presente, DudalinaeSwarovski, CamisaComSwarovski, camisadudalina, MaesDudalina",5975,234,https://instagram.fabj7-1.fna.fbcdn.net/v/t39.30808-6/343330749_1428593254618766_6350090716934540090_n.png?stp=dst-jpg_e15_fr_p1080x1080&_nc_ht=instagram.fabj7-1.fna.fbcdn.net&_nc_cat=102&_nc_ohc=1_OFW8MvNdYAX8RHFqv&edm=AP_V10EAAAAA&ccb=7-5&oh=00_AfD5VpG2dIXa3nalbD3KF2HOsZAHmb853y_Kll-dCU8Z2A&oe=6487B730&_nc_sid=8721cf
775,2023-04-14 22:14:05+00:00,nyfw,Sidecar,#Honor's #SS24 Bridal & Bespoke Collections are inspired by luminosity. Each piece evokes divine femininity for the modern-day bride.  📸: Yelena Yemchuk Stylist: Leith Clark,"Honor's, SS24",3129,22,https://instagram.fccp4-1.fna.fbcdn.net/v/t51.2885-15/341146071_2428818617284924_3487879902466747448_n.jpg?stp=dst-jpg_e35_p1080x1080&_nc_ht=instagram.fccp4-1.fna.fbcdn.net&_nc_cat=104&_nc_ohc=l7m4PBoscM8AX-MzC0l&edm=AP_V10EBAAAA&ccb=7-5&oh=00_AfBUBc1re1dTgwgur10hMI9gEmeKkon9mk5uixfjCGYKjQ&oe=6488BE3F&_nc_sid=8721cf
776,2023-05-04 20:00:09+00:00,dudalina,Sidecar,"O amor por camisas atravessa gerações, de mãe para filha. Para esse Dia das Mães, retribua essa relação de amor com a nova camisa com detalhes em cristais Swarovski. Uma verdadeira joia, perfeita para quem você tanto ama.  Para deixar o seu presente ainda mais especial, você recebe um pingente de cristal na compra de uma camisa da coleção Dudalina e Swarovski ou em compras a partir de R$800,00.*  Ref.: 53.01.1206  #Dudalina #DiaDasMaes #AmorQueAtravessaGeracoes #Presentes #DudalinaeSwarovski  _  *Nas compras a partir de R$ 800,00 ou de uma das referências participantes: 53.01.1203, 53.01.1204, 53.01.1205, 53.01.1206. Ação válida de 28/04 a 14/05 ou enquanto durarem os estoques. Não cumulativa com outras ações. Certificado de autorização SRE/ME N. ° 02.026543/2023.","Dudalina, DiaDasMaes, AmorQueAtravessaGeracoes, Presentes, DudalinaeSwarovski",713,9,https://instagram.fpoz6-1.fna.fbcdn.net/v/t39.30808-6/344235488_1285441848716931_4657063291720465929_n.png?stp=dst-jpg_e15_fr_p1080x1080&_nc_ht=instagram.fpoz6-1.fna.fbcdn.net&_nc_cat=103&_nc_ohc=Q32_N7oVi_wAX_1FHlH&edm=AP_V10EAAAAA&ccb=7-5&oh=00_AfDpk23219rDdgHSUKAFDz3W3RujxRZsgBfJ_0GikhfODQ&oe=6487F448&_nc_sid=8721cf
777,2023-05-26 01:23:16+00:00,whowhatwear,Sidecar,"Me as I'm sending the ""on my way"" text. #WWWTB photos: getty images",WWWTB,19928,36,https://instagram.ftas8-1.fna.fbcdn.net/v/t51.2885-15/348733299_605211291576194_84309861211587882_n.jpg?stp=dst-jpg_e35_p1080x1080&_nc_ht=instagram.ftas8-1.fna.fbcdn.net&_nc_cat=102&_nc_ohc=1D8njLm9bBwAX95onpu&edm=AP_V10EBAAAA&ccb=7-5&oh=00_AfAsOCh9ivKfdOqehWd-S0P21IEgSi988sygSH5AKs-cSA&oe=64894E19&_nc_sid=8721cf
778,2023-05-12 21:00:12+00:00,dudalina,Sidecar,"Para surpreender aquela que compartilha e constrói memórias únicas com você! Escolha o presente ideal na Duda, para sua mãe ficar mais elegante e aproveitar cada minuto ao seu lado. Seja ela mais clássica ou mais moderna, encontre a peça perfeita em nossas lojas. Acesse o link da bio e encontre a unidade mais próxima a você.  Aproveite e ganhe um pingente de cristal na compra de uma camisa da coleção Dudalina e Swarovski ou nas compras acima de R$800,00.*  Ref.: 53.01.1203, 53.01.1204, 53.01.1205, 53.01.1206  _  *Nas compras acima de R$ 800,00 ou de uma das referências participantes: 53.01.1203, 53.01.1204, 53.01.1205, 53.01.1206. Ação válida de 28/04 a 14/05 ou enquanto durarem os estoques. Não cumulativa com outras ações. Certificado de autorização SRE/ME N. ° 02.026543/2023.  #Dudalina #DiaDasMaes #AmorQueAtravessaGeracoes #Presentes #DudalinaeSwarovski #MaesDudalina #Camisaria","Dudalina, DiaDasMaes, AmorQueAtravessaGeracoes, Presentes, DudalinaeSwarovski, MaesDudalina, Camisaria",172,3,https://instagram.flim35-1.fna.fbcdn.net/v/t39.30808-6/346615235_1394141708087833_1508644309328570652_n.png?stp=dst-jpg_e15_fr_p1080x1080&_nc_ht=instagram.flim35-1.fna.fbcdn.net&_nc_cat=101&_nc_ohc=SplfB2ZvtK0AX-LDz3h&edm=AP_V10EAAAAA&ccb=7-5&oh=00_AfCSpQvUuQVoMVaZVBiRmoXe39ttiYUsQaFnGDjWcR2k3Q&oe=64889E2D&_nc_sid=8721cf
779,2023-04-23 15:00:11+00:00,versace,Sidecar,"Versace Home at Salone Del Mobile  18 - 23 April   Fiera Milano, Rho  Further details at Versace.com via the link in bio  #VersaceHome",VersaceHome,29546,233,https://instagram.falc2-2.fna.fbcdn.net/v/t39.30808-6/342511322_6272456549478602_3459945340344331143_n.jpg?stp=dst-jpg_e15_fr_p1080x1080&_nc_ht=instagram.falc2-2.fna.fbcdn.net&_nc_cat=102&_nc_ohc=-hQCV9b1Yd4AX9LGPKE&edm=AP_V10EAAAAA&ccb=7-5&oh=00_AfA0PgirHZJrpV6fq2xR3-MMRCuKGEdQicgGoKhbbmGLlQ&oe=6488FC50&_nc_sid=8721cf
780,2023-05-07 20:00:08+00:00,dudalina,Sidecar,"A maioria das relações de afeto e amizade tem início com a figura materna, que expressa o amor de diversas formas e transborda em sorrisos e carinhos. E nada melhor do que presentear sua mãe com um presente encantador, escolhido especialmente para ela, como forma de transmitir todo o afeto que ela merece.  Venha surpreender com a Duda, acesse nosso site ou visite nossas lojas e escolha o presente perfeito para sua mãe. (link na bio)  Ref:. 53.03.2098, 91.01.2509  _  *Aproveite e ganhe um pingente de cristal na compra de uma camisa da coleção Dudalina e Swarovski (referências participantes: 53.01.1203, 53.01.1204, 53.01.1205, 53.01.1206) ou nas compras a partir de R$ 800,00. Ação válida de 28/04 a 14/05 ou enquanto durarem os estoques. Não cumulativa com outras ações. Certificado de autorização SRE/ME N. ° 02.026543/2023.  #Dudalina #DiaDasMaes #AmorQueAtravessaGeracoes #MaesDudalina #Camisaria #presentediadamaes","Dudalina, DiaDasMaes, AmorQueAtravessaGeracoes, MaesDudalina, Camisaria, presentediadamaes",501,13,https://scontent-ord5-1.cdninstagram.com/v/t39.30808-6/344552081_265306209199293_5880776836033620708_n.png?stp=dst-jpg_e15_fr_p1080x1080&_nc_ht=scontent-ord5-1.cdninstagram.com&_nc_cat=109&_nc_ohc=8s0YuqOJfrYAX8ZoPHf&edm=AP_V10EAAAAA&ccb=7-5&oh=00_AfDLbMbwc-y2cvwjZeSrcASOedPz3oQHSrKx99yrCiJ8AQ&oe=6487D366&_nc_sid=8721cf
781,2023-05-09 20:00:10+00:00,dudalina,Sidecar,"O presente perfeito para realçar os looks da sua mãe. ✨ A clássica camisa branca chegou repaginada na Duda, com muito estilo e brilho para essa temporada.  Encontre a Duda mais próxima pelo link da bio e garanta seus itens preferidos.  Ref: 53.01.1205  _  *Aproveite e ganhe um pingente de cristal na compra de uma camisa da coleção Dudalina e Swarovski (referências participantes: 53.01.1203, 53.01.1204, 53.01.1205, 53.01.1206) ou nas compras a partir de R$ 800,00. Ação válida de 28/04 a 14/05 ou enquanto durarem os estoques. Não cumulativa com outras ações. Certificado de autorização SRE/ME N. ° 02.026543/2023.  #Dudalina #DiaDasMaes #AmorQueAtravessaGeracoes #CamisaDudalina #Camisaria #DudalinaeSwarovski #maesdudalina","Dudalina, DiaDasMaes, AmorQueAtravessaGeracoes, CamisaDudalina, Camisaria, DudalinaeSwarovski, maesdudalina",307,21,https://scontent-yyz1-1.cdninstagram.com/v/t39.30808-6/344149386_1083367013066816_3650889119059425184_n.png?stp=dst-jpg_e15_fr_p1080x1080&_nc_ht=scontent-yyz1-1.cdninstagram.com&_nc_cat=108&_nc_ohc=FU01SL9JN50AX8vaImh&edm=AP_V10EAAAAA&ccb=7-5&oh=00_AfAj_k3Wv4XFaJck8hTpGTYUb3QY845Hj48cSWCTaheztw&oe=6488DAA6&_nc_sid=8721cf
782,2023-04-27 16:37:27+00:00,nyfw,Sidecar,Street style outside of #ProenzaSchouler's #RTW23 show could have been its own runway. #StreetsOfNYFW   📸: @leeoliveira,"ProenzaSchouler's, RTW23, StreetsOfNYFW",901,18,https://instagram.fvcp10-1.fna.fbcdn.net/v/t51.2885-15/343279487_228908989825864_4582090215251982382_n.webp?stp=dst-jpg_e35&_nc_ht=instagram.fvcp10-1.fna.fbcdn.net&_nc_cat=104&_nc_ohc=r6JaGh9zYqUAX80Ze4m&edm=AP_V10EBAAAA&ccb=7-5&oh=00_AfBb7B0eQ74EQQ4XLaANKweNy0-csiP2DCACEGpq56292A&oe=6487F72E&_nc_sid=8721cf
783,2023-03-06 22:39:08+00:00,wheresmydriver,Sidecar,"If you mix paparazzi, #streetstyle and flash—well, that’s a disaster waiting to happen.  But that’s not all: on the other side of Opera (where the Dundas show was being staged) was a warm up rally for shutting down the nation of France tomorrow. But it takes more than that to stop a fashion show.",streetstyle,40,1,https://scontent-dus1-1.cdninstagram.com/v/t51.2885-15/332781640_904488307545861_8211629296205451452_n.jpg?stp=dst-jpg_e35_s1080x1080&_nc_ht=scontent-dus1-1.cdninstagram.com&_nc_cat=109&_nc_ohc=-czEYh643gsAX9obK-8&edm=AP_V10EBAAAA&ccb=7-5&oh=00_AfDKoDeygkieoZt9wdzGGsfAQosH1homlKOMZUT8hNytkA&oe=648781B5&_nc_sid=8721cf
784,2023-03-05 12:48:04+00:00,wheresmydriver,Sidecar,Questions from the #Hermes show yesterday in Paris:   What do collectors call the fabric they wrap around the handles of Hermes #handbags?   Is #AimeeSong’s tailoring perfect or what?   Wouldn’t it be cool if the horse mounted police that were running over the #streetstyle photographers were using Hermes saddles (where the brand actually started)?,"Hermes, handbags?, AimeeSong’s, streetstyle",99,3,https://instagram.fktw1-1.fna.fbcdn.net/v/t51.2885-15/333898011_5955430824545859_3639473926784552120_n.jpg?stp=dst-jpg_e35_s1080x1080&_nc_ht=instagram.fktw1-1.fna.fbcdn.net&_nc_cat=103&_nc_ohc=9tQ0nMuSykUAX9W7Mrq&edm=AP_V10EBAAAA&ccb=7-5&oh=00_AfDmgzJaW94t_ezWuNbSOLqL2FxHeTSE7FjJ9Jc8ExrUAw&oe=64883F7E&_nc_sid=8721cf
785,2023-03-04 08:17:06+00:00,wheresmydriver,Sidecar,#giambatistavalli in Paris yesterday at MAM. #streetstyle,"giambatistavalli, streetstyle",43,0,https://scontent-iad3-2.cdninstagram.com/v/t51.2885-15/333981389_160466130172049_2606176544642147958_n.jpg?stp=dst-jpg_e35_p1080x1080&_nc_ht=scontent-iad3-2.cdninstagram.com&_nc_cat=105&_nc_ohc=5J4Ox3XtN-4AX_fu_Ek&edm=AP_V10EBAAAA&ccb=7-5&oh=00_AfBTKi78CfQy-rp74pfuGcoF2UX3FxLFyTopQZ2gP5jzBg&oe=64888AB0&_nc_sid=8721cf
786,2022-08-29 04:00:16+00:00,taylorswift,Sidecar,"Midnights, the stories of 13 sleepless nights scattered throughout my life, will be out October 21. Meet me at midnight.",,8194287,0,https://instagram.fmty4-1.fna.fbcdn.net/v/t51.2885-15/301811107_807287130697661_5229082658081904577_n.jpg?stp=dst-jpg_e35_s1080x1080&_nc_ht=instagram.fmty4-1.fna.fbcdn.net&_nc_cat=105&_nc_ohc=d2QcSkuQwlEAX8b58R5&edm=AP_V10EBAAAA&ccb=7-5&oh=00_AfArQdD7m0MoG2O73qxfiujo2p79aakVEmQV9DvlgpZ0LA&oe=6487B7BA&_nc_sid=8721cf
787,2023-03-03 09:08:46+00:00,wheresmydriver,Sidecar,"I totally agree that I too can be a model. Until then, I’ll just post what I saw at the Givenchy show in Paris yesterday. The Givenchy “shark lock” hardware is a distinctive touch dropped everywhere. And of course the “sleeved” Givenchy boot is equally distinctive.  (Serious Note: Anyone can walk into a leading modeling agency—without even one image—on an open call and they will take you seriously. You may not be right for their agency but they can direct you to one that might be interested. (This all free.) The brands, and society, set the standard for “high fashion” modeling and, yes, that standard can be significantly more diverse.",,180,7,https://instagram.fktw1-1.fna.fbcdn.net/v/t51.2885-15/334010804_1311315836429822_365210300104303069_n.jpg?stp=dst-jpg_e35_s1080x1080&_nc_ht=instagram.fktw1-1.fna.fbcdn.net&_nc_cat=102&_nc_ohc=wGPKJGGPaOUAX80KGOi&edm=AP_V10EBAAAA&ccb=7-5&oh=00_AfDbl0iIIMezUzhH3PJl5DtYH9xlOJRZ9IqT4pNrDjv8bg&oe=6487EF3F&_nc_sid=8721cf
788,2023-03-31 12:04:57+00:00,watchingnewyork,Sidecar,Recent top shots  #streetfashion #fashion #street #NYC  #nycfashion #winter #winterfashion #fashiontrends #fallfashion #newyorkcity #style #streetstyle #vintage #thrift,"streetfashion, fashion, street, NYC, nycfashion, winter, winterfashion, fashiontrends, fallfashion, newyorkcity, style, streetstyle, vintage, thrift",37253,285,https://instagram.fozh1-1.fna.fbcdn.net/v/t51.2885-15/338645192_216847591023648_2814473841978605661_n.jpg?stp=dst-jpg_e35_p1080x1080&_nc_ht=instagram.fozh1-1.fna.fbcdn.net&_nc_cat=100&_nc_ohc=CgiInrvJJ9QAX-0tI-x&edm=AP_V10EBAAAA&ccb=7-5&oh=00_AfAqcZ8eG7t1f9nKAeBmNFBCVgJw1B-BffvsP3mGd79pbA&oe=6487C5D1&_nc_sid=8721cf
789,2023-03-06 06:57:41+00:00,wheresmydriver,Sidecar,At #Lanvin yesterday in Paris. The “cat pencil” handle bag that Josephine has is the most. #streetstyle,"Lanvin, streetstyle",37,0,https://scontent-lcy1-1.cdninstagram.com/v/t51.2885-15/331005278_498685145813287_8442854868975591551_n.jpg?stp=dst-jpg_e35_s1080x1080&_nc_ht=scontent-lcy1-1.cdninstagram.com&_nc_cat=107&_nc_ohc=R561sZELuX8AX-7-qEd&edm=AP_V10EBAAAA&ccb=7-5&oh=00_AfCio-VKb7InvEUaEPFIfLUBPAaY9cl4BiwfUcUFfPqsYw&oe=64893CCF&_nc_sid=8721cf
790,2023-05-10 21:00:10+00:00,dudalina,Sidecar,"Desde cedo elas nos inspiram confiança! E para comemorar este Dia das Mães, nada melhor do que presenteá-la com uma peça que é a essência dessa confiança que temos como exemplo.  Encontre os modelos ideais para surpreender a sua mãe com um presente perfeito.  Aproveite e ganhe um pingente de cristal na compra de uma camisa da coleção Dudalina e Swarovski ou nas compras a partir de R$800,00.*  Encontre a Duda mais próxima pelo link da bio e garanta já seus itens preferidos.  Ref.: 53.01.1203, 53.01.1204, 53.01.1205 _  *Nas compras a partir de R$ 800,00 ou de uma das referências participantes: 53.01.1203, 53.01.1204, 53.01.1205, 53.01.1206. Ação válida de 28/04 a 14/05 ou enquanto durarem os estoques. Não cumulativa com outras ações. Certificado de autorização SRE/ME N. ° 02.026543/2023.  #Dudalina #DiaDasMaes #AmorQueAtravessaGeracoes #CamisaDudalina #Camisaria #DudalinaeSwarovski #maesdudalina","Dudalina, DiaDasMaes, AmorQueAtravessaGeracoes, CamisaDudalina, Camisaria, DudalinaeSwarovski, maesdudalina",282,13,https://scontent-atl3-2.cdninstagram.com/v/t39.30808-6/344829655_233540036029286_3922335149614674307_n.png?stp=dst-jpg_e15_fr_p1080x1080&_nc_ht=scontent-atl3-2.cdninstagram.com&_nc_cat=102&_nc_ohc=u9zjhmQHRUUAX9GFyQd&edm=AP_V10EAAAAA&ccb=7-5&oh=00_AfCusdccBOZ3j0u646LeI78a-h1NXUO16zZ6uC-dY7CQmA&oe=64891DA4&_nc_sid=8721cf
791,2023-03-01 23:16:40+00:00,wheresmydriver,Sidecar,"The situation at #PacoRabanne in Paris this afternoon: #camillacoelho is back, boots are getting really big, and that sure looks like #lisarinna. #streetstyle","PacoRabanne, camillacoelho, lisarinna., streetstyle",47,0,https://instagram.fpiu1-1.fna.fbcdn.net/v/t51.2885-15/334076600_1252966605656042_8489151945441423317_n.jpg?stp=dst-jpg_e35_s1080x1080&_nc_ht=instagram.fpiu1-1.fna.fbcdn.net&_nc_cat=102&_nc_ohc=KSEo2_XPczsAX-RyWPR&edm=AP_V10EBAAAA&ccb=7-5&oh=00_AfAA3npjZL-yF4XkdTBIW8ys2Tj7PP4y-KmCxOc_gWUAgA&oe=64883D03&_nc_sid=8721cf
792,2023-02-28 21:01:08+00:00,wheresmydriver,Sidecar,"What I saw at the Dior show this afternoon in Paris. Yes, that’s Elon Musk’s mom. That Paris Map Print will be big plus you can use it to find your hotel. It was Olivia Palermo’s birthday today. No, I don’t know the girl who was doing the splits at the end. #streetstyle",streetstyle,55,1,https://scontent-dfw5-1.cdninstagram.com/v/t51.2885-15/334038408_1369060170700846_2171146319004313253_n.jpg?stp=dst-jpg_e35_s1080x1080&_nc_ht=scontent-dfw5-1.cdninstagram.com&_nc_cat=110&_nc_ohc=ItcoG8-vqGAAX904O85&edm=AP_V10EBAAAA&ccb=7-5&oh=00_AfA02sl9hC8m5Tq3qYI11xov43SBnnq4HPdR1244BN4bbQ&oe=64889B9D&_nc_sid=8721cf
793,2023-02-28 22:32:50+00:00,wheresmydriver,Sidecar,"The most interesting person I shot today wasn't at a fashion show. It was #OliviaWilde wandering around Paris after chatting with her fans. Black velvet blazer over a crisp white shirt, long open cuffs. Wide leg denim jeans. Black boots. Humongous YSL bag. Yves Saint Laurent sunglasses. #streetstyle","OliviaWilde, streetstyle",141,1,https://scontent-man2-1.cdninstagram.com/v/t51.2885-15/333348612_219536593975656_6578870018478231972_n.jpg?stp=dst-jpg_e35_s1080x1080&_nc_ht=scontent-man2-1.cdninstagram.com&_nc_cat=100&_nc_ohc=Sza3wnG9QokAX_GgNu8&edm=AP_V10EBAAAA&ccb=7-5&oh=00_AfC5XqSAJevvXcLWp5X6N62F4BQ9Jq5rl2fVH1cIeDTrGg&oe=64891AD0&_nc_sid=8721cf
794,2023-03-24 12:13:13+00:00,watchingnewyork,Sidecar,“I’ll stop wearing black when they make a darker color.” — Wednesday Addams.  Dressed in black collection #streetfashion #fashion #street #NYC  #nycfashion #winter #winterfashion #fashiontrends #fallfashion #newyorkcity #style #streetstyle #vintage #thrift,"streetfashion, fashion, street, NYC, nycfashion, winter, winterfashion, fashiontrends, fallfashion, newyorkcity, style, streetstyle, vintage, thrift",61069,274,https://instagram.fsin15-2.fna.fbcdn.net/v/t51.2885-15/337777159_717461066749084_7955545338222995215_n.jpg?stp=dst-jpg_e35_p1080x1080&_nc_ht=instagram.fsin15-2.fna.fbcdn.net&_nc_cat=104&_nc_ohc=a8L5HBtfekkAX8nIWdD&edm=AP_V10EBAAAA&ccb=7-5&oh=00_AfAVCpjV7NO2oNGqCjYxIjLyeQIJWeWO1ULe73gNgLRKHw&oe=6487C1EE&_nc_sid=8721cf
795,2023-02-23 08:30:11+00:00,wheresmydriver,Sidecar,#streetstyle selects from the #Iceberg show which kicked off #milanfashionweek yesterday,"streetstyle, Iceberg, milanfashionweek",36,1,https://instagram.fvie1-1.fna.fbcdn.net/v/t51.2885-15/332656174_718519226454708_4439219091110169974_n.jpg?stp=dst-jpg_e35_s1080x1080&_nc_ht=instagram.fvie1-1.fna.fbcdn.net&_nc_cat=100&_nc_ohc=Z9MbBB9d668AX8ViBdI&edm=AP_V10EBAAAA&ccb=7-5&oh=00_AfDk4uNsy7nqEJ9L62e7emJYkzDzjTQWo_uNOiU_AsZcOg&oe=64881BF5&_nc_sid=8721cf
796,2023-02-23 20:45:46+00:00,wheresmydriver,Sidecar,"#Streetyle from today’s Prada show in Milan, starting with America’s sweetheart #jennywalton. Also #aimeesong, #elvani, #heartevangelista, #natalyosmann, #lilychee and #valentinaferragni","Streetyle, jennywalton., aimeesong,, elvani,, heartevangelista,, natalyosmann,, lilychee, valentinaferragni",123,0,https://scontent-lhr8-1.cdninstagram.com/v/t51.2885-15/332865489_159506473546830_9137731617213870434_n.jpg?stp=dst-jpg_e35_s1080x1080&_nc_ht=scontent-lhr8-1.cdninstagram.com&_nc_cat=106&_nc_ohc=ZR6YHR2i64wAX_n3Oo6&edm=AP_V10EBAAAA&ccb=7-5&oh=00_AfDW3wKDJ0M9j1F5sOJ5qrTMR_HEA9bSNvWIHhqdjn0Cag&oe=64881133&_nc_sid=8721cf
797,2023-02-26 10:48:18+00:00,wheresmydriver,Sidecar,Been posing #Dolce & Gabbana guests and models on the tram track for over a decade without anyone getting run over. After the show in Milan yesterday.,Dolce,49,2,https://scontent-lga3-1.cdninstagram.com/v/t51.2885-15/333028915_139323932090598_4951931922123994508_n.jpg?stp=dst-jpg_e35_s1080x1080&_nc_ht=scontent-lga3-1.cdninstagram.com&_nc_cat=106&_nc_ohc=MifyN9x85I8AX8_xcuE&edm=AP_V10EBAAAA&ccb=7-5&oh=00_AfDxfXyScueh5IW1W-tuww5bddhn3WqyMbAaCK4WL_Epkg&oe=648773E1&_nc_sid=8721cf
798,2023-02-28 21:21:27+00:00,wheresmydriver,Sidecar,Diverse diverse guest and model #beauty looks at #Dior today.,"beauty, Dior",95,2,https://instagram.fpoz6-1.fna.fbcdn.net/v/t51.2885-15/333680717_1358790611578247_2305937897154182974_n.jpg?stp=dst-jpg_e35_p1080x1080&_nc_ht=instagram.fpoz6-1.fna.fbcdn.net&_nc_cat=111&_nc_ohc=LUZQgYCdViIAX-JiTAe&edm=AP_V10EBAAAA&ccb=7-5&oh=00_AfA0VFCakKKCPPkzqtIip6Xo3LbduT1o_AJRM6e2witwcA&oe=6488DFD9&_nc_sid=8721cf
799,2023-02-25 07:16:27+00:00,wheresmydriver,Sidecar,The #streetstyle scene after the #Gucci show in Milan yesterday. #MFW,"streetstyle, Gucci, MFW",54,1,https://scontent-lga3-1.cdninstagram.com/v/t51.2885-15/332733917_1713423709073282_6572122057863169924_n.jpg?stp=dst-jpg_e35_s1080x1080&_nc_ht=scontent-lga3-1.cdninstagram.com&_nc_cat=102&_nc_ohc=DpPnTcnpDT0AX_XZ41-&edm=AP_V10EBAAAA&ccb=7-5&oh=00_AfDXHL_xmEfWkSkQMXKq3ukDvA3My9g3cvq77Ew424U5xQ&oe=6487ACC3&_nc_sid=8721cf
800,2023-02-24 21:48:34+00:00,wheresmydriver,Sidecar,#Streetstyle at #tods show in Milan that had beautiful leather garments on display… also had a ton of boy band fans.,"Streetstyle, tods",41,0,https://scontent-ord5-1.cdninstagram.com/v/t51.2885-15/332830492_570679931670126_4732845508665388180_n.jpg?stp=dst-jpg_e35_s1080x1080&_nc_ht=scontent-ord5-1.cdninstagram.com&_nc_cat=106&_nc_ohc=LOjSOwS86IgAX_RoKfP&edm=AP_V10EBAAAA&ccb=7-5&oh=00_AfBP8oIYvJNdqnSyLj5L6OTRnMbb2FJtSMx2cf0J5oVlGg&oe=648915D4&_nc_sid=8721cf
801,2023-04-16 13:02:18+00:00,watchingnewyork,Sidecar,April archives     #streetfashion #fashion #street #NYC  #nycfashion #winter #winterfashion #fashiontrends #fallfashion #newyorkcity #style #streetstyle #vintage #thrift,"streetfashion, fashion, street, NYC, nycfashion, winter, winterfashion, fashiontrends, fallfashion, newyorkcity, style, streetstyle, vintage, thrift",20110,103,https://scontent-ber1-1.cdninstagram.com/v/t51.2885-15/341180230_239852531947803_2584486549636306525_n.jpg?stp=dst-jpg_e35_p1080x1080&_nc_ht=scontent-ber1-1.cdninstagram.com&_nc_cat=103&_nc_ohc=UIU1xS-nY4wAX8y_455&edm=AP_V10EBAAAA&ccb=7-5&oh=00_AfD6YyafA-335umAeb5s_x0k1sTo_uKfHNkURZw_XAHTkQ&oe=6488EA2E&_nc_sid=8721cf
802,2023-02-24 23:02:23+00:00,wheresmydriver,Sidecar,#Streetstyle at today’s Sportmax show in Milan.,Streetstyle,47,1,https://instagram.fria4-2.fna.fbcdn.net/v/t51.2885-15/332517766_189860686996060_7392709896097110515_n.jpg?stp=dst-jpg_e35_s1080x1080&_nc_ht=instagram.fria4-2.fna.fbcdn.net&_nc_cat=104&_nc_ohc=6Nl7cp8fuL4AX90MW4e&edm=AP_V10EBAAAA&ccb=7-5&oh=00_AfAIhYUaPybVtruqb-oz3yiDmLIK8dFxSHTpmdKCAWIz4w&oe=6487DEF1&_nc_sid=8721cf
803,2023-02-25 21:44:07+00:00,wheresmydriver,Sidecar,"Notes on the #streetstyle at the Bally show in Milan today: the Bally light leather shirt and shorts is just the thing to get workers back in the office, I still don’t get the boy bands at these shows but DK waded into the crowd without hesitation, and #fridaaasen prompted me to reconsider the VS Angels.","streetstyle, fridaaasen",466,8,https://scontent-iev1-1.cdninstagram.com/v/t51.2885-15/332778040_3392836627701294_1350664277512999321_n.jpg?stp=dst-jpg_e35_s1080x1080&_nc_ht=scontent-iev1-1.cdninstagram.com&_nc_cat=106&_nc_ohc=1w7YSQkozdAAX_hSdwK&edm=AP_V10EBAAAA&ccb=7-5&oh=00_AfBkInSa76IU009G9R45WuoRhvADlXBDLjaNNU8C5wS_Bw&oe=64877F93&_nc_sid=8721cf
804,2023-02-04 15:38:32+00:00,facehunter,Sidecar,"💚💛❤️ #Architecture in #Nouakchott, the capital of #Mauritania 🇲🇷  🔺🔳🔶🔹🔸🔷🔳🔺 #SaharanModernism  Before becoming the capital of then newly independent Mauritania in 1960, #NKT was just a small fisherman’s town, located between the Atlantic Ocean and the #Sahara.  It counts now nearly 2 million beating hearts. Over the decades, multiple droughts forced subsistence farmers and nomadic people from across the country into #NKTT.   The original village was selected as the capital city for its central location meant to avoid the sensitive issue of whether it was built in an area dominated by the Arab-descended Moors or Subsaharan Africans.  Nouakchott means “Place of the Winds” in Amazigh language and it actually makes sense as the winds are pushing sand dunes into the city. Creating an important challenge for the capital’s future.  #Sahara #Sahel #Modernism #Modernist #DesertArchitecture #architecture #archi #archidaily #archilover #archilovers #archiporn #africanmodernism #africanbrutalism #Mauritanie #FacehunterMauritania","Architecture, Nouakchott,, Mauritania, SaharanModernism, NKT, Sahara., NKTT., Sahara, Sahel, Modernism, Modernist, DesertArchitecture, architecture, archi, archidaily, archilover, archilovers, archiporn, africanmodernism, africanbrutalism, Mauritanie, FacehunterMauritania",1129,26,https://scontent-ord5-1.cdninstagram.com/v/t51.2885-15/328701018_1241596120046730_8713637555726334187_n.jpg?stp=dst-jpg_e35_p1080x1080&_nc_ht=scontent-ord5-1.cdninstagram.com&_nc_cat=106&_nc_ohc=GBRTjlWQjKgAX-ehpCI&edm=AP_V10EBAAAA&ccb=7-5&oh=00_AfCLvJ8ymHNB-WiEjZoDg1QpugyvFt8GF_o5KYJkNQgQ3Q&oe=64894CD1&_nc_sid=8721cf
805,2022-12-09 18:09:32+00:00,wheresmydriver,Sidecar,"Celine's Winter 2023 show was held last night at the epicenter of Los Angeles: The Wiltern Theatre.  Lots of lush leather, a tweed jacket that went with everything and Celine handbags galore.  #emmachamberlain #avaphillippe #courteneycox #parisjackson #emmaroberts #thelindalindas #camillerowe","emmachamberlain, avaphillippe, courteneycox, parisjackson, emmaroberts, thelindalindas, camillerowe",96,1,https://scontent-atl3-1.cdninstagram.com/v/t51.2885-15/318778487_458864059746238_7432358880338166570_n.jpg?stp=dst-jpg_e35_s1080x1080&_nc_ht=scontent-atl3-1.cdninstagram.com&_nc_cat=110&_nc_ohc=RZN03SC3C2MAX84vjr5&edm=AP_V10EBAAAA&ccb=7-5&oh=00_AfDIsIcWlJ2qpSOz6mSneHhPYGe6jSYSXcVPgvYgjFiBnA&oe=64894804&_nc_sid=8721cf
806,2021-02-11 23:39:45+00:00,oldprada,Sidecar,SS 2011  #oldprada #prada #miuccialover #mens #SS2011 #colorobsessed #colorpalette #hopeful #springinspo #want #praduh #adriensahores #clementchabernaud #nicolasripoll #olivierrizzo #style #show #runway #shoes #denim #knitwear #dream #pantenvy,"oldprada, prada, miuccialover, mens, SS2011, colorobsessed, colorpalette, hopeful, springinspo, want, praduh, adriensahores, clementchabernaud, nicolasripoll, olivierrizzo, style, show, runway, shoes, denim, knitwear, dream, pantenvy",900,9,https://scontent-sjc3-1.cdninstagram.com/v/t51.2885-15/148376065_160418745891499_1488840718353966349_n.jpg?stp=dst-jpg_e35&_nc_ht=scontent-sjc3-1.cdninstagram.com&_nc_cat=107&_nc_ohc=hNhDq_dHUcEAX8d8XAX&edm=AP_V10EBAAAA&ccb=7-5&oh=00_AfCdyMyN98ajIkcls5Bzay82f3m12NS7DlzrgHRDv333Qg&oe=64856DE3&_nc_sid=8721cf
807,2023-04-14 12:05:03+00:00,watchingnewyork,Sidecar,Recent favorites     #streetfashion #fashion #street #NYC  #nycfashion #winter #winterfashion #fashiontrends #fallfashion #newyorkcity #style #streetstyle #vintage #thrift,"streetfashion, fashion, street, NYC, nycfashion, winter, winterfashion, fashiontrends, fallfashion, newyorkcity, style, streetstyle, vintage, thrift",49334,185,https://scontent-mia3-1.cdninstagram.com/v/t51.2885-15/340832526_3308045136113548_6078253145025245951_n.jpg?stp=dst-jpg_e35_p1080x1080&_nc_ht=scontent-mia3-1.cdninstagram.com&_nc_cat=104&_nc_ohc=7IeJ6E8HuPYAX-pzRZQ&edm=AP_V10EBAAAA&ccb=7-5&oh=00_AfAxI0avpgb9jKxw-AJB78GaDWZ2reSFDFPCCJ0Pj0eE0A&oe=64883C7E&_nc_sid=8721cf
808,2023-01-29 20:41:19+00:00,wheresmydriver,Sidecar,"#NadyaTolokonnikova a founder of #PussyRiot photographed at the #JeffreyDeitch gallery in Hollywood, with the group performing at a very high energy level. #GlorytoUkraine #SendJets","NadyaTolokonnikova, PussyRiot, JeffreyDeitch, GlorytoUkraine, SendJets",39,0,https://scontent-bcn1-1.cdninstagram.com/v/t51.2885-15/327845661_755998172526939_7244786580911936493_n.jpg?stp=dst-jpg_e35_s1080x1080&_nc_ht=scontent-bcn1-1.cdninstagram.com&_nc_cat=103&_nc_ohc=HisRm4sk-ZwAX8kSX9U&edm=AP_V10EBAAAA&ccb=7-5&oh=00_AfDnKsFmIzJq_ukgb7hkBeFUUmXlQOMs5VM4Ajz-DSdxwQ&oe=6488BFE9&_nc_sid=8721cf
809,2023-05-09 17:29:49+00:00,datewithversace,Sidecar,"5 years ago I have created 'Date With Versace' and my life has changed since.   Words can not describe my feelings about this page. It's more than an Instagram account, it became an integral part of my life. There were so many good and bad days, but all of them started with 'Date With Versace'.  What if... what if I didn't even started the DWV?  I don't even want to think about it.  5 years ago, I was a little girl - confused, with the big dreams and passion for the fashion and now I'm the part of this industry. Exactly this page helped me to understand that I want to work in Fashion.  Little me wouldn’t even believe the realness of the past 5 years. Still feels like a dream.  I'm so thankful to all the employees of Versace, who are always there to help and take care of me. Although some of them are no longer working in the brand, I want you to remember that you are always in my heart and I will never forget what you have done for me.  I'm happiest that my journey is inspirational for the young talents, who really want to work in this industry and do not know from where to start. My story is a sign that everything is possible.   I believe with all my heart that the best is yet to come!   And... This wouldn’t have been possible without your support. THANK YOU for your love!  Keti   @datewithversace @versace @donatella_versace #Versace #DateWithVersace #DonatellaVersace","Versace, DateWithVersace, DonatellaVersace",4801,124,https://instagram.fyei4-1.fna.fbcdn.net/v/t51.2885-15/345795620_288029320222156_128184390687098286_n.jpg?stp=dst-jpg_e15&_nc_ht=instagram.fyei4-1.fna.fbcdn.net&_nc_cat=104&_nc_ohc=QOA9DvKtvzcAX__qrjw&edm=AP_V10EBAAAA&ccb=7-5&oh=00_AfAN0_XRN5x8g64ef0x_weTWgozyKw19tr7v7Uq_Br1-Qw&oe=64855DF6&_nc_sid=8721cf
810,2021-02-11 23:40:02+00:00,oldprada,Sidecar,SS 2011  #oldprada #prada #miuccialover #mens #SS2011 #colorobsessed #colorpalette #hopeful #campaign #ads #willyvanderperre #clementchabernaud #kimdallarmi,"oldprada, prada, miuccialover, mens, SS2011, colorobsessed, colorpalette, hopeful, campaign, ads, willyvanderperre, clementchabernaud, kimdallarmi",710,7,https://instagram.fipn10-1.fna.fbcdn.net/v/t51.2885-15/148701561_257786805877431_4467269261615087676_n.jpg?stp=dst-jpg_e35_s1080x1080&_nc_ht=instagram.fipn10-1.fna.fbcdn.net&_nc_cat=103&_nc_ohc=obwJkEY3JusAX-XeSi0&edm=AP_V10EBAAAA&ccb=7-5&oh=00_AfD3or_gekTLwCLsWwRAGOughBKfWYcegC_PG_nRJ6QeFg&oe=648839A3&_nc_sid=8721cf
811,2021-01-08 17:15:10+00:00,oldprada,Sidecar,FW 2006 (Vogue Italia Oct. 2006 “a NON Conformist Style” by Steven Klein)  #oldprada #miuccialover #prada #editorial #throwback #vogueitalia #StevenKlein  #FW2006 #dream #unsogno #praduh #fur #fashion #vintageprada #researchofstyle #icons #amo #shoefantasy #iconicseason #Hawadiawara #Sigailcurrie #HonorineUwera #AtongArjok #Pattiwilson #FrancaSozzani #FrancaForever,"oldprada, miuccialover, prada, editorial, throwback, vogueitalia, StevenKlein, FW2006, dream, unsogno, praduh, fur, fashion, vintageprada, researchofstyle, icons, amo, shoefantasy, iconicseason, Hawadiawara, Sigailcurrie, HonorineUwera, AtongArjok, Pattiwilson, FrancaSozzani, FrancaForever",453,2,https://instagram.fagc3-1.fna.fbcdn.net/v/t51.2885-15/136679906_836405953815190_2557703706701433555_n.jpg?stp=dst-jpg_e35_p1080x1080&_nc_ht=instagram.fagc3-1.fna.fbcdn.net&_nc_cat=110&_nc_ohc=YJ0a-dL81B0AX-V8wUN&edm=AP_V10EBAAAA&ccb=7-5&oh=00_AfCiqw0RNULXzSdYTIGul9016lwcA010oYwPGy9peyBjSw&oe=6487FAC7&_nc_sid=8721cf
812,2021-01-14 22:33:30+00:00,oldprada,Sidecar,"SS 2009 (Vogue Italia Mar. 2009 “The glow, the charme” by Paolo Roversi)  #oldprada #miuccialover #prada #editorial #throwback #vogueitalia #Paoloroversi  #SS2009 #dream #unsogno #praduh #wrinkled #fashion #vintageprada #researchofstyle #icons #amo #shoefantasy #iconicseason #Guineverevanseenus #FrancaSozzani #FrancaForever","oldprada, miuccialover, prada, editorial, throwback, vogueitalia, Paoloroversi, SS2009, dream, unsogno, praduh, wrinkled, fashion, vintageprada, researchofstyle, icons, amo, shoefantasy, iconicseason, Guineverevanseenus, FrancaSozzani, FrancaForever",248,3,https://scontent-atl3-1.cdninstagram.com/v/t51.2885-15/139184741_967871370408742_3799555778888877838_n.jpg?stp=dst-jpg_e35_p1080x1080&_nc_ht=scontent-atl3-1.cdninstagram.com&_nc_cat=110&_nc_ohc=v1Aqgsmd5vIAX_Ojcoj&edm=AP_V10EBAAAA&ccb=7-5&oh=00_AfDHlyDMGaTnGEJb8j_zZlS16HaoDht7NolctIrC1jB3Ow&oe=648867BE&_nc_sid=8721cf
813,2023-03-03 21:54:32+00:00,wheresmydriver,Sidecar,"Influencers, editors and models on their way to work in the late afternoon sun at the Victoria Beckham show in Paris. #streetstyle",streetstyle,57,1,https://instagram.fala6-1.fna.fbcdn.net/v/t51.2885-15/330604358_1444128749324352_5997263449811949926_n.jpg?stp=dst-jpg_e35_s1080x1080&_nc_ht=instagram.fala6-1.fna.fbcdn.net&_nc_cat=100&_nc_ohc=eo2QF3-lyoMAX9tJeHi&edm=AP_V10EBAAAA&ccb=7-5&oh=00_AfAZlVu1ShTVb10CgyngnNAsdzpf-gGG3pwi5YKUtrjJ0w&oe=6487D812&_nc_sid=8721cf
814,2021-02-11 23:36:34+00:00,oldprada,Sidecar,SS 2011  #oldprada #prada #miuccialover #mens #SS2011 #colorobsessed #colorpalette #hopeful #springinspo #want #praduh #adriensahores #clementchabernaud #nicolasripoll #olivierrizzo #style #show #runway #shoes #denim #knitwear #dream #pantenvy,"oldprada, prada, miuccialover, mens, SS2011, colorobsessed, colorpalette, hopeful, springinspo, want, praduh, adriensahores, clementchabernaud, nicolasripoll, olivierrizzo, style, show, runway, shoes, denim, knitwear, dream, pantenvy",1561,26,https://scontent-lga3-1.cdninstagram.com/v/t51.2885-15/149482350_470008050674174_9121784505788074801_n.jpg?stp=dst-jpg_e35_s1080x1080&_nc_ht=scontent-lga3-1.cdninstagram.com&_nc_cat=102&_nc_ohc=tVo82DkAelcAX9Vwkpw&edm=AP_V10EBAAAA&ccb=7-5&oh=00_AfBv22cFcCwidGzJfZVkc7aDoxsVYfWkKuUjoHYK90UffA&oe=6487BDE3&_nc_sid=8721cf
815,2021-01-08 17:15:02+00:00,oldprada,Sidecar,FW 2006 (Vogue Italia Oct. 2006 “a NON Conformist Style” by Steven Klein)  #oldprada #miuccialover #prada #editorial #throwback #vogueitalia #StevenKlein  #FW2006 #dream #unsogno #praduh #fur #fashion #vintageprada #researchofstyle #icons #amo #shoefantasy #iconicseason #Hawadiawara #Sigailcurrie #HonorineUwera #AtongArjok #Pattiwilson #FrancaSozzani #FrancaForever,"oldprada, miuccialover, prada, editorial, throwback, vogueitalia, StevenKlein, FW2006, dream, unsogno, praduh, fur, fashion, vintageprada, researchofstyle, icons, amo, shoefantasy, iconicseason, Hawadiawara, Sigailcurrie, HonorineUwera, AtongArjok, Pattiwilson, FrancaSozzani, FrancaForever",423,3,https://instagram.fopo4-2.fna.fbcdn.net/v/t51.2885-15/135794635_412761829945796_8870751255857072735_n.jpg?stp=dst-jpg_e35_p1080x1080&_nc_ht=instagram.fopo4-2.fna.fbcdn.net&_nc_cat=108&_nc_ohc=SusOADtagUoAX9m3uaR&edm=AP_V10EBAAAA&ccb=7-5&oh=00_AfBBobweismTOz1al2rZP-9RxjS-Oama9lb_qCl5XOSOgg&oe=64878C6D&_nc_sid=8721cf
816,2021-01-08 17:14:51+00:00,oldprada,Sidecar,FW 2006 (Vogue Italia Oct. 2006 “a NON Conformist Style” by Steven Klein)  #oldprada #miuccialover #prada #editorial #throwback #vogueitalia #StevenKlein  #FW2006 #dream #unsogno #praduh #fur #fashion #vintageprada #researchofstyle #icons #amo #shoefantasy #iconicseason #Hawadiawara #Sigailcurrie #HonorineUwera #AtongArjok #Pattiwilson #FrancaSozzani #FrancaForever,"oldprada, miuccialover, prada, editorial, throwback, vogueitalia, StevenKlein, FW2006, dream, unsogno, praduh, fur, fashion, vintageprada, researchofstyle, icons, amo, shoefantasy, iconicseason, Hawadiawara, Sigailcurrie, HonorineUwera, AtongArjok, Pattiwilson, FrancaSozzani, FrancaForever",575,3,https://scontent-ord5-2.cdninstagram.com/v/t51.2885-15/135815715_432221644856059_820266990083413942_n.jpg?stp=dst-jpg_e35_p1080x1080&_nc_ht=scontent-ord5-2.cdninstagram.com&_nc_cat=107&_nc_ohc=62ZLS0Qyhk4AX-FV1ZH&edm=AP_V10EBAAAA&ccb=7-5&oh=00_AfCNn7xHpL2N7WD7waGv0l44NsRMI2dMh0ZpHaPY7Fd78w&oe=6488BEF6&_nc_sid=8721cf
817,2023-05-12 03:55:35+00:00,prabalgurung,Sidecar,Iridescent Isha ⁠ ⁠ @_iiishmagish wears an Atelier Prabal Gurung black satin-back crepe sari gown embellished with thousands of hand embroidered crystals and pearls with silk chiffon train to the 2023 Met Gala⁠ ⁠ @dmjatia wears an Atelier Prabal Gurung jade green duchesse satin sculptural draped skirt with black duchesse satin halter to the 2023 Met Gala⁠,,132,3,https://instagram.fyei1-1.fna.fbcdn.net/v/t51.2885-15/345747791_3592293971014694_3787092107866599730_n.jpg?stp=dst-jpg_e35&_nc_ht=instagram.fyei1-1.fna.fbcdn.net&_nc_cat=102&_nc_ohc=Gf2_K2nlEkgAX-QgkRC&edm=AP_V10EBAAAA&ccb=7-5&oh=00_AfCiktKb3thR-pTrYsJZkWPg24i7EGfETDeB_vXaZIK8JA&oe=648795DB&_nc_sid=8721cf
818,2021-01-14 22:33:04+00:00,oldprada,Sidecar,"SS 2009 (Vogue Italia Mar. 2009 “The glow, the charme” by Paolo Roversi)  #oldprada #miuccialover #prada #editorial #throwback #vogueitalia #Paoloroversi  #SS2009 #dream #unsogno #praduh #wrinkled #fashion #vintageprada #researchofstyle #icons #amo #shoefantasy #iconicseason #Guineverevanseenus #FrancaSozzani #FrancaForever","oldprada, miuccialover, prada, editorial, throwback, vogueitalia, Paoloroversi, SS2009, dream, unsogno, praduh, wrinkled, fashion, vintageprada, researchofstyle, icons, amo, shoefantasy, iconicseason, Guineverevanseenus, FrancaSozzani, FrancaForever",267,2,https://instagram.fbze1-2.fna.fbcdn.net/v/t51.2885-15/138583951_449717089811304_8082195311680263388_n.jpg?stp=dst-jpg_e35_p1080x1080&_nc_ht=instagram.fbze1-2.fna.fbcdn.net&_nc_cat=100&_nc_ohc=y6RKewVTULMAX_ffrI-&edm=AP_V10EBAAAA&ccb=7-5&oh=00_AfCFNMNu0zFDzUIoaT1masUd1XgBxeTwKRjcILuGsP0SBg&oe=6488EF5D&_nc_sid=8721cf
819,2021-01-14 22:33:14+00:00,oldprada,Sidecar,"SS 2009 (Vogue Italia Mar. 2009 “The glow, the charme” by Paolo Roversi)  #oldprada #miuccialover #prada #editorial #throwback #vogueitalia #Paoloroversi  #SS2009 #dream #unsogno #praduh #wrinkled #fashion #vintageprada #researchofstyle #icons #amo #shoefantasy #iconicseason #Guineverevanseenus #FrancaSozzani #FrancaForever","oldprada, miuccialover, prada, editorial, throwback, vogueitalia, Paoloroversi, SS2009, dream, unsogno, praduh, wrinkled, fashion, vintageprada, researchofstyle, icons, amo, shoefantasy, iconicseason, Guineverevanseenus, FrancaSozzani, FrancaForever",238,2,https://instagram.fbrs4-2.fna.fbcdn.net/v/t51.2885-15/138458876_403342464060538_8785113775641768842_n.jpg?stp=dst-jpg_e35_p1080x1080&_nc_ht=instagram.fbrs4-2.fna.fbcdn.net&_nc_cat=110&_nc_ohc=k2CGTEnCBygAX8SBW81&edm=AP_V10EBAAAA&ccb=7-5&oh=00_AfBUiL8L8NNzsrwBNaReS9XO29ja4KK2cdD_EjPk9-R7ng&oe=6487A666&_nc_sid=8721cf
820,2023-03-02 19:11:00+00:00,wheresmydriver,Sidecar,Something’s #offwhite #streetstyle #PFW today,"offwhite, streetstyle, PFW",35,0,https://instagram.fsaw1-11.fna.fbcdn.net/v/t51.2885-15/334041439_498881032428526_312870414949666767_n.jpg?stp=dst-jpg_e35_p1080x1080&_nc_ht=instagram.fsaw1-11.fna.fbcdn.net&_nc_cat=110&_nc_ohc=lnRJuwY9vmoAX_P812c&edm=AP_V10EBAAAA&ccb=7-5&oh=00_AfAOjl4AhlxaidlhE5tJ-ASVCj0Al6njAKQrJJHUZnE_Bg&oe=64878CC5&_nc_sid=8721cf
821,2022-02-21 01:08:13+00:00,zendaya,Sidecar,Baby Rexi…second to last episode tonight<3,,8761243,9924,https://scontent-atl3-1.cdninstagram.com/v/t51.2885-15/274331355_1261688304319234_9147397171970877366_n.jpg?stp=dst-jpg_e35_s1080x1080&_nc_ht=scontent-atl3-1.cdninstagram.com&_nc_cat=110&_nc_ohc=3fHHhUW_mwYAX-qD9q9&edm=AP_V10EBAAAA&ccb=7-5&oh=00_AfAoQREOJ2uqlIKbim_cl6nQz89_0-ejZYauXOPY3zuy_w&oe=6488BAE7&_nc_sid=8721cf
822,2021-01-03 17:37:20+00:00,oldprada,Sidecar,FW 1999 (Vogue Italia Sep. 1999 “In Posa” by Paolo Roversi)  #oldprada #miuccialover #prada #editorial #throwback #vogueitalia #paoloroversi #Malgosiabela #FW1999 #POSE #praduh #embellishments #fashion #vintageprada #researchofstyle #icons #francaforever #sogno #inspo #tuttoprada,"oldprada, miuccialover, prada, editorial, throwback, vogueitalia, paoloroversi, Malgosiabela, FW1999, POSE, praduh, embellishments, fashion, vintageprada, researchofstyle, icons, francaforever, sogno, inspo, tuttoprada",644,2,https://scontent-dfw5-2.cdninstagram.com/v/t51.2885-15/134763718_779770389275394_3429596681669057949_n.jpg?stp=dst-jpg_e35_s1080x1080&_nc_ht=scontent-dfw5-2.cdninstagram.com&_nc_cat=106&_nc_ohc=kPefPjrv5lUAX9q4NdF&edm=AP_V10EBAAAA&ccb=7-5&oh=00_AfCUff4Wk9iL02_RN177WW4lLMRkRthEpBvcpflrtX1PVQ&oe=6487D739&_nc_sid=8721cf
823,2021-01-03 17:37:09+00:00,oldprada,Sidecar,FW 1999 (Vogue Italia Sep. 1999 “In Posa” by Paolo Roversi)  #oldprada #miuccialover #prada #editorial #throwback #vogueitalia #paoloroversi #Malgosiabela #FW1999 #POSE #praduh #embellishments #fashion #vintageprada #researchofstyle #icons #francaforever #sogno #inspo #tuttoprada,"oldprada, miuccialover, prada, editorial, throwback, vogueitalia, paoloroversi, Malgosiabela, FW1999, POSE, praduh, embellishments, fashion, vintageprada, researchofstyle, icons, francaforever, sogno, inspo, tuttoprada",269,1,https://scontent-dus1-1.cdninstagram.com/v/t51.2885-15/135591278_437865690723687_6559303321499806228_n.jpg?stp=dst-jpg_e35_s1080x1080&_nc_ht=scontent-dus1-1.cdninstagram.com&_nc_cat=103&_nc_ohc=WcMwtN8-ReoAX_u5hEc&edm=AP_V10EBAAAA&ccb=7-5&oh=00_AfAHXX5NXR9rNTPrfD647aRvz0WhpB9gZBsAhY-b1bRwlw&oe=6488F58A&_nc_sid=8721cf
824,2023-03-27 12:03:00+00:00,watchingnewyork,Sidecar,Recent top shots   #streetfashion #fashion #street #NYC  #nycfashion #winter #winterfashion #fashiontrends #fallfashion #newyorkcity #style #streetstyle #vintage #thrift,"streetfashion, fashion, street, NYC, nycfashion, winter, winterfashion, fashiontrends, fallfashion, newyorkcity, style, streetstyle, vintage, thrift",37544,219,https://instagram.fosu2-2.fna.fbcdn.net/v/t51.2885-15/337906577_227301273135464_459803544637612746_n.jpg?stp=dst-jpg_e35_p1080x1080&_nc_ht=instagram.fosu2-2.fna.fbcdn.net&_nc_cat=108&_nc_ohc=h3x84swxzFsAX-xuz7B&edm=AP_V10EBAAAA&ccb=7-5&oh=00_AfCRyhAAIAYM8Ns6ffylmFLMqxCpI02_Mzh2Nod_i2CFrQ&oe=648886AA&_nc_sid=8721cf
825,2023-03-26 13:09:09+00:00,watchingnewyork,Sidecar,Party in the back. Some of my favorite looks from behind   #streetfashion #fashion #street #NYC  #nycfashion #winter #winterfashion #fashiontrends #fallfashion #newyorkcity #style #streetstyle #vintage #thrift,"streetfashion, fashion, street, NYC, nycfashion, winter, winterfashion, fashiontrends, fallfashion, newyorkcity, style, streetstyle, vintage, thrift",92098,377,https://scontent-bos5-1.cdninstagram.com/v/t51.2885-15/328776831_235729198864694_2953242128285253036_n.jpg?stp=dst-jpg_e35_p1080x1080&_nc_ht=scontent-bos5-1.cdninstagram.com&_nc_cat=102&_nc_ohc=PJ5xy8d0Gi4AX-li2xe&edm=AP_V10EBAAAA&ccb=7-5&oh=00_AfAxg4BLxf8VQB0dN_VFOgPX_lBknrbRJoMqrJDsjWIZkg&oe=64888D52&_nc_sid=8721cf
826,2023-05-18 10:56:17+00:00,datewithversace,Sidecar,"Dua Lipa for ""La Vacanza""  A first preview of the collection will be available tomorrow exclusively at Versace.com.  @dualipa @lorenzoposocco  @versace @donatella_versace",,3362,6,https://instagram.fmex1-1.fna.fbcdn.net/v/t51.2885-15/347417862_6284326058294630_8554466169965249579_n.jpg?stp=dst-jpg_e35_s1080x1080&_nc_ht=instagram.fmex1-1.fna.fbcdn.net&_nc_cat=102&_nc_ohc=nKlT3ts1bzMAX-CjRGT&edm=AP_V10EBAAAA&ccb=7-5&oh=00_AfCexEJr5siR9nsRMG9E-oNRFNktJkjIRF4-Q8mKot_sgA&oe=6488BF4B&_nc_sid=8721cf
827,2023-05-11 20:19:02+00:00,dudalina,Sidecar,"A clássica camisa branca é sempre uma boa pedida, ainda mais se for combinada com os excepcionais cristais Swarovski.  Uma verdadeira joia para potencializar ainda mais a brilho de sua mãe.  Surpreenda-a com um presente incrível e mostre todo seu amor e gratidão.  Encontre a loja mais próxima pelo link da bio e garanta já seu presente.  Ref: 53.01.1204  _  *Aproveite e ganhe um pingente de cristal na compra de uma camisa da coleção Dudalina e Swarovski (referências participantes: 53.01.1203, 53.01.1204, 53.01.1205, 53.01.1206) ou nas compras a partir de R$ 800,00. Ação válida de 28/04 a 14/05 ou enquanto durarem os estoques. Não cumulativa com outras ações. Certificado de autorização SRE/ME N. ° 02.026543/2023.  #Dudalina #DiaDasMaes #AmorQueAtravessaGeracoes #Presentes #DudalinaeSwarovski #MaesDudalina #camisaria","Dudalina, DiaDasMaes, AmorQueAtravessaGeracoes, Presentes, DudalinaeSwarovski, MaesDudalina, camisaria",1515,19,https://instagram.ftpa1-1.fna.fbcdn.net/v/t39.30808-6/346050882_1092226758432715_809963658055526795_n.png?stp=dst-jpg_e15_fr_p1080x1080&_nc_ht=instagram.ftpa1-1.fna.fbcdn.net&_nc_cat=107&_nc_ohc=qiA0pOZO42cAX8NGAMu&edm=AP_V10EAAAAA&ccb=7-5&oh=00_AfCAqtamu8sQDVVTeeiVoSDGekihJcuR2_xJkcoPVwwaYg&oe=6487FFEF&_nc_sid=8721cf
