post_id,commentUser,timestamp,likes,polarity,sentiment,keywords_comments
1,wilsonjunior5055,2023-06-05 12:27:24+00:00,0.0,0.2074,neutral,"['dm please', 'send dm', 'proposal', 'u', 'send']"
1,mariavmh,2023-06-04 16:46:40+00:00,0.0,-0.5351,negative,[]
1,mariavmh,2023-06-04 16:46:34+00:00,0.0,0.8857,positive,"['eyes smiling_face_with_heart', 'smiling_face_with_heart eyes', 'smiling_face_with_heart', 'eyes']"
1,stylemesoftly_,2023-06-04 15:44:54+00:00,0.0,0.2744,neutral,"['red_heart', 'red_heart red_heart']"
1,jillviv,2023-06-04 15:06:03+00:00,0.0,0.9805,positive,"['smiling_face_with_heart eyes', 'smiling_face_with_heart', 'eyes', 'glad', 'eyes smiling_face_with_heart']"
1,sevdalaland,2023-06-04 08:39:28+00:00,0.0,0.0278,neutral,"['fire', 'fire fire']"
1,grace.hanna92,2023-06-03 22:47:32+00:00,0.0,0.9732,positive,"['perfection', 'smiling_face_with_heart eyes', 'smiling_face_with_heart', 'eyes']"
1,vivi__1988,2023-06-03 22:47:21+00:00,0.0,0.9289,positive,"['best ever', 'ever', 'best', 'fire']"
1,samar.helou1,2023-06-03 22:47:06+00:00,0.0,0.9842,positive,"['gorgeous smiling_face_with_heart', 'gorgeous', 'smiling_face_with_heart eyes', 'smiling_face_with_heart', 'eyes']"
1,maria.boutros9,2023-06-03 22:46:31+00:00,0.0,0.9581,positive,"['usual', 'stunning', 'red_heart']"
2,scarlett.jones_95,2023-06-05 11:29:58+00:00,0.0,0.1726,neutral,"['sure', 'got', 'make', 'hey', 'want']"
2,tropichics,2023-05-08 01:29:45+00:00,0.0,0.9768,positive,"['colors', 'stunning']"
2,nabeelageorge,2023-04-23 10:33:41+00:00,0.0,-0.0778,neutral,"['though', 'address', 'home', 'get']"
2,madisonstyleblog,2023-04-16 11:01:27+00:00,0.0,0.9567,positive,"['pretty smiling_face_with_heart', 'pretty', 'smiling_face_with_heart eyes', 'smiling_face_with_heart', 'eyes']"
2,rolly.mag,2023-02-06 01:44:58+00:00,0.0,0.9662,positive,"['words', 'beautiful', 'red_heart']"
2,antgeorgopoulos,2023-02-01 09:11:56+00:00,0.0,0.0321,neutral,[]
3,stylesprinter,2023-06-03 01:45:35+00:00,0.0,0.9756,positive,"['fire', 'look fire', 'fire fire', 'look', 'love']"
3,gibz_photography,2023-05-30 14:43:44+00:00,0.0,0.728,positive,"['smiling_face_with_heart eyes', 'smiling_face_with_heart', 'eyes']"
3,annkurtoglyan,2023-05-30 13:42:55+00:00,0.0,0.9754,positive,"['mary', 'incredible', 'smiling_face_with_heart eyes', 'smiling_face_with_heart', 'eyes']"
3,ileniatoma_,2023-05-30 09:33:28+00:00,0.0,0.1436,neutral,['fire']
3,gabrielaaamedinaaa,2023-05-30 06:38:53+00:00,0.0,0.9789,positive,"['love look', 'look smiling_face_with_heart', 'look', 'love', 'smiling_face_with_heart eyes']"
3,valyamihei,2023-05-30 02:39:04+00:00,0.0,0.1141,neutral,['white_heart']
3,verivanovaa,2023-05-30 02:29:51+00:00,0.0,0.2019,neutral,"['red_heart', 'red_heart red_heart']"
3,zaharova_zoya_,2023-05-30 02:28:48+00:00,0.0,-0.4402,negative,['broken_heart']
3,sashasergeva,2023-05-30 02:27:17+00:00,0.0,0.9793,positive,"['love look', 'look', 'love']"
4,pellelannefors,2023-05-31 17:23:45+00:00,0.0,0.1317,neutral,"['ok_hand_medium_skin_tone', 'white_heart smiling_face_with_sunglasses', 'smiling_face_with_sunglasses', 'white_heart']"
4,talitakalloe,2023-04-27 13:46:38+00:00,0.0,0.7314,positive,"['dark_skin_tone', 'one kind', 'clapping_hands_medium dark_skin_tone', 'raising_hands_medium dark_skin_tone', 'raising_hands_medium']"
4,i.amivana,2023-04-16 11:09:17+00:00,0.0,-0.025,neutral,"['size wearing', 'denim', 'wearing', 'babe', 'size']"
4,bysiss,2023-04-03 08:03:22+00:00,0.0,0.3705,neutral,"['butterfly', 'two_hearts', 'butterfly butterfly', 'two_hearts two_hearts']"
4,joewest7114,2023-04-02 17:27:36+00:00,0.0,-0.0355,neutral,"['tulip collision', 'tulip', 'heart_exclamation', 'collision', 'heart_on_fire']"
4,fabio__montedoro,2023-03-29 19:34:51+00:00,0.0,0.4902,positive,"['nice', 'black_heart']"
4,lenalovefrank,2023-03-25 15:18:32+00:00,0.0,-0.0665,neutral,['fire']
4,riot_fox_,2023-03-20 19:39:58+00:00,0.0,0.9545,positive,"['love red_heart', 'love', 'red_heart']"
4,carolineebo,2023-03-11 12:17:48+00:00,0.0,-0.4753,negative,['obsessed']
5,burttled,2023-05-24 19:58:32+00:00,0.0,-0.3476,neutral,"['маша', 'broken_heart']"
5,cassaundrarose,2023-05-24 11:49:09+00:00,0.0,0.0639,neutral,"['heart_on_fire', 'heart_on_fire heart_on_fire']"
5,tatyanakochnova_official,2023-05-24 07:29:00+00:00,0.0,0.2687,neutral,"['perfect match', 'match', 'broken_heart', 'perfect']"
5,amooooreeee_,2023-05-24 07:15:06+00:00,0.0,0.9638,positive,"['red_heart', 'gorgeous red_heart', 'red_heart red_heart', 'gorgeous']"
5,myrluka,2023-05-24 07:10:01+00:00,0.0,0.8926,positive,"['come true', 'true', 'dreams', 'eyes fire', 'come']"
5,sweetmatchaicecreamira,2023-05-24 04:34:15+00:00,0.0,0.5911,positive,"['si belle', 'belle', 'si', 'red_heart smiling_face_with_heart', 'smiling_face_with_heart eyes']"
5,amalia_roumy,2023-05-24 02:58:50+00:00,0.0,0.9832,positive,"['much smiling_face_with_heart', 'love much', 'much', 'love', 'smiling_face_with_heart eyes']"
5,christellehawa,2023-05-24 02:58:22+00:00,0.0,0.9813,positive,"['hundred_points', 'wow', 'beautiful']"
5,noha_rached,2023-05-24 02:58:04+00:00,0.0,0.915,positive,"['classy fire', 'classy', 'elegant', 'fire']"
5,jane_elhajj,2023-05-24 02:57:42+00:00,0.0,0.9546,positive,"['suits', 'much red_heart', 'red', 'much', 'red_heart']"
6,ajgul_agayeva,2023-06-06 11:10:16+00:00,0.0,0.6738,positive,"['foto', 'smiling_face_with_heart eyes', 'smiling_face_with_heart', 'eyes']"
6,josephinebredsted,2023-06-06 07:03:45+00:00,0.0,0.719,positive,"['olive', 'smiling_face_with_heart eyes', 'smiling_face_with_heart', 'eyes', 'red_heart']"
7,sherylunardi,2023-05-24 01:04:07+00:00,0.0,0.0321,neutral,[]
7,masha_lobanovaa,2023-05-23 21:15:28+00:00,1.0,-0.0042,neutral,['red_heart']
7,sandra_soko,2023-05-23 19:14:23+00:00,0.0,0.868,positive,"['eyes smiling_face_with_heart', 'smiling_face_with_heart eyes', 'smiling_face_with_heart', 'eyes']"
7,lara_lepp,2023-05-23 03:10:06+00:00,0.0,0.7867,positive,"['smiling_face_with_heart eyes', 'smiling_face_with_heart', 'eyes', 'eyes smiling_face_with_heart']"
7,selflover_studio,2023-05-22 23:43:30+00:00,0.0,-0.1318,neutral,"['красота', 'raising_hands red_heart', 'red_heart fire', 'raising_hands', 'fire']"
7,pamarias,2023-05-22 23:36:00+00:00,1.0,0.9472,positive,"['stunning smiling_face_with_heart', 'stunning', 'smiling_face_with_heart eyes', 'smiling_face_with_heart', 'eyes']"
7,fela_montparnasse_felappi,2023-05-22 22:45:21+00:00,0.0,0.5739,positive,"['cannes', 'queen']"
7,gabrielaaamedinaaa,2023-05-22 21:26:07+00:00,0.0,0.1033,neutral,['red_heart']
7,pr_saymedia,2023-05-22 20:21:15+00:00,0.0,-0.042,neutral,"['direct', 'check']"
7,20.04th,2023-05-22 20:09:37+00:00,0.0,0.9874,positive,"['smiling_face_with_heart', 'smiling_face_with_heart eyes', 'eyes', 'eyes beautiful', 'omg smiling_face_with_heart']"
8,frederikeschut,2023-06-05 06:33:22+00:00,0.0,0.0205,neutral,"['zo', 'mooi', 'black_heart white_heart', 'black_heart', 'white_heart']"
8,_jeanettemadsen_,2023-06-04 06:05:34+00:00,0.0,0.1033,neutral,['red_heart']
8,maimoun_store,2023-06-04 01:54:01+00:00,0.0,0.347,neutral,"['ribbon', 'wow']"
8,sashashviderska,2023-06-03 17:41:10+00:00,0.0,0.728,positive,"['smiling_face_with_heart eyes', 'smiling_face_with_heart', 'eyes']"
8,erika_boldrin,2023-06-03 12:31:13+00:00,0.0,-0.0167,neutral,['chic']
8,joysworld_,2023-06-03 11:21:17+00:00,0.0,0.906,positive,"['perfect', 'smiling_face_with_heart eyes', 'smiling_face_with_heart', 'eyes']"
8,brunabear,2023-06-03 09:17:40+00:00,0.0,0.728,positive,"['smiling_face_with_heart eyes', 'smiling_face_with_heart', 'eyes']"
8,flavia.ippoliti,2023-06-03 07:01:01+00:00,0.0,0.0892,neutral,"['brown_heart', 'brown_heart brown_heart']"
8,rubyfranken,2023-06-03 06:26:51+00:00,0.0,0.2898,neutral,"['mooi red_heart', 'mooi', 'red_heart']"
8,___leipzigrotterdam,2023-06-02 22:40:42+00:00,0.0,0.0519,neutral,['black_heart']
9,handritian,2023-05-27 04:46:58+00:00,0.0,0.8577,positive,"['wow red_heart', 'wow', 'red_heart']"
9,natalyosmann,2023-05-25 22:21:55+00:00,0.0,0.8756,positive,"['clapping_hands', 'clapping_hands clapping_hands', 'eyes smiling_face_with_heart', 'smiling_face_with_heart eyes', 'smiling_face_with_heart']"
9,stellainwonderland,2023-05-23 14:29:48+00:00,0.0,0.5231,positive,"['crazy', 'red_heart']"
9,kirankkaur,2023-05-22 19:17:02+00:00,0.0,-0.2652,neutral,['literally']
9,grafinya.gorbunova,2023-05-22 10:32:35+00:00,0.0,0.146,neutral,"['take', 'picture', 'camera_with_flash']"
9,hayedehsabouni,2023-05-22 10:09:18+00:00,0.0,0.9713,positive,"['star struck', 'struck', 'star', 'struck star', 'clapping_hands']"
9,hayedehsabouni,2023-05-22 10:06:21+00:00,0.0,0.9736,positive,"['iran', 'country', 'proud', 'beating_heart', 'red_heart']"
9,o_kovaa,2023-05-22 09:40:19+00:00,0.0,0.728,positive,"['smiling_face_with_heart eyes', 'smiling_face_with_heart', 'eyes']"
9,yvonnetnt,2023-05-22 01:47:41+00:00,0.0,0.5938,positive,"['dizzy', 'smiling_face_with_heart eyes', 'smiling_face_with_heart', 'eyes']"
9,germanlarkin,2023-05-22 00:41:21+00:00,1.0,0.8189,positive,"['breath away', 'breath', 'away', 'took', 'sparkles']"
10,1djun_,2023-06-05 21:49:40+00:00,0.0,0.4711,neutral,"['green_heart', 'green_heart green_heart']"
10,vanessaroseblair,2023-06-02 18:05:27+00:00,0.0,0.677,positive,"['cloud', 'cloud cloud']"
10,marijnvanheijst,2023-06-02 15:09:50+00:00,0.0,0.8792,positive,"['eyes smiling_face_with_heart', 'smiling_face_with_heart eyes', 'smiling_face_with_heart', 'eyes', 'mom']"
10,whatgigiwears,2023-06-02 12:01:46+00:00,0.0,0.8402,positive,"['eyes smiling_face_with_heart', 'smiling_face_with_heart eyes', 'smiling_face_with_heart', 'eyes']"
10,flavia.ippoliti,2023-06-02 11:54:19+00:00,0.0,0.0494,neutral,"['black_heart', 'black_heart black_heart']"
10,saschabunge,2023-06-02 11:46:56+00:00,0.0,0.17,neutral,"['zo', 'chic', 'white_heart']"
10,fabio__montedoro,2023-06-02 10:07:40+00:00,0.0,0.9073,positive,"['gorgeous white_heart', 'gorgeous', 'white_heart']"
10,emmavloeimans,2023-06-02 10:04:33+00:00,0.0,0.728,positive,"['smiling_face_with_heart eyes', 'smiling_face_with_heart', 'eyes']"
10,bcarven75,2023-06-02 09:32:02+00:00,0.0,0.9617,positive,"['love', 'red_heart']"
10,lindatol_,2023-06-01 23:18:07+00:00,0.0,0.1033,neutral,['red_heart']
11,stylesprinter,2023-06-03 01:45:57+00:00,0.0,0.0806,neutral,"['fire', 'fire fire']"
11,efde7100,2023-05-29 13:56:50+00:00,0.0,-0.0681,neutral,"['chanel', 'hermes']"
11,zackanderson864,2023-05-29 10:19:32+00:00,0.0,-0.0195,neutral,"['thinking_face', 'real']"
11,nicolepoede_,2023-05-29 07:25:52+00:00,0.0,0.1146,neutral,"['white_heart', 'white_heart white_heart']"
11,lara_lepp,2023-05-28 23:55:55+00:00,0.0,0.7867,positive,"['smiling_face_with_heart eyes', 'smiling_face_with_heart', 'eyes', 'eyes smiling_face_with_heart']"
11,official_cat,2023-05-28 10:31:26+00:00,0.0,0.3535,neutral,"['look red_heart', 'look', 'red_heart']"
11,eleonora.yb,2023-05-28 03:28:43+00:00,0.0,-0.1101,neutral,[]
11,kristianlaliberte,2023-05-28 01:38:39+00:00,1.0,0.0278,neutral,"['fire', 'fire fire']"
11,julluce,2023-05-27 19:27:45+00:00,0.0,-0.1339,neutral,"['red_heart fire', 'fire', 'red_heart']"
11,k_s_salon,2023-05-27 16:12:04+00:00,0.0,0.0278,neutral,"['fire', 'fire fire']"
12,roosebregt,2023-06-03 07:57:43+00:00,0.0,0.7867,positive,"['smiling_face_with_heart eyes', 'smiling_face_with_heart', 'eyes', 'eyes smiling_face_with_heart']"
12,olssonjensen,2023-06-02 19:36:09+00:00,0.0,0.0487,neutral,"['thought_balloon', 'dream']"
12,8989cha,2023-06-02 18:35:13+00:00,0.0,-0.2388,neutral,['red_heart']
12,frederikeschut,2023-06-01 21:18:09+00:00,0.0,0.8825,positive,"['white_heart', 'love white_heart', 'white_heart white_heart', 'love']"
13,momsetproject,2023-05-29 20:07:13+00:00,0.0,0.1141,neutral,['white_heart']
13,_legroni,2023-05-24 22:55:12+00:00,0.0,-0.1915,neutral,"['feel', 'post']"
13,theceiling.shop,2023-05-24 11:35:42+00:00,1.0,0.104,neutral,[]
13,brigitte.tellier,2023-05-24 09:05:27+00:00,1.0,0.0321,neutral,[]
13,mightymaitie,2023-05-24 08:00:43+00:00,1.0,-0.009,neutral,"['aan', 'spiral_shell', 'dat', 'een', 'je']"
14,wilsonjunior5055,2023-05-31 16:42:23+00:00,0.0,0.0963,neutral,"['hey dm', 'hey', 'dm']"
14,erika_boldrin,2023-05-30 19:24:05+00:00,0.0,0.696,positive,"['smiling_face_with_heart eyes', 'smiling_face_with_heart', 'eyes']"
14,cottoncake_,2023-05-26 20:08:26+00:00,0.0,0.728,positive,"['smiling_face_with_heart eyes', 'smiling_face_with_heart', 'eyes']"
14,saschabunge,2023-05-26 09:33:37+00:00,0.0,0.1962,neutral,"['chic', 'sparkling_heart']"
14,cortnebonilla,2023-05-25 22:32:31+00:00,0.0,0.9745,positive,"['truly', 'jeans', 'perfect']"
14,azarakhsh_akbari,2023-05-25 20:49:10+00:00,0.0,0.0326,neutral,"['mama', 'beating_heart']"
14,hannamw,2023-05-25 20:13:19+00:00,0.0,0.5137,positive,"['youuuu', 'red_heart']"
14,maimoun_store,2023-05-25 19:47:15+00:00,0.0,0.2744,neutral,"['red_heart', 'red_heart red_heart']"
14,caitlin__wheeler,2023-05-25 19:45:49+00:00,0.0,0.0442,neutral,"['hiii', 'sunglasses', 'smiling_face_with_sunglasses']"
14,sleepysailormoon,2023-05-25 15:42:21+00:00,0.0,0.9371,positive,"['denim', 'love']"
15,kydracolor,2023-05-28 09:30:17+00:00,0.0,0.1087,neutral,"['fire', 'fire fire', 'dress']"
15,anna.skrypka.co,2023-05-26 22:41:40+00:00,0.0,-0.0321,neutral,"['fire', 'fire fire']"
15,hautemona,2023-05-26 21:43:09+00:00,0.0,0.0979,neutral,"['kiss_mark', 'rose']"
15,stasiaer,2023-05-26 15:48:10+00:00,0.0,0.0381,neutral,"['smiling_face_with_heart eyes', 'smiling_face_with_heart', 'eyes']"
15,yuliapankratova,2023-05-26 12:50:15+00:00,0.0,-0.8688,negative,"['broken_heart', 'broken_heart broken_heart']"
15,thefrntalpr,2023-05-25 22:35:23+00:00,0.0,0.2744,neutral,"['red_heart', 'red_heart red_heart']"
15,lara_lepp,2023-05-25 09:37:38+00:00,0.0,0.7867,positive,"['smiling_face_with_heart eyes', 'smiling_face_with_heart', 'eyes', 'eyes smiling_face_with_heart']"
15,lyu_volkova,2023-05-25 07:03:09+00:00,0.0,0.2744,neutral,"['red_heart', 'red_heart red_heart']"
15,shumakova.vera,2023-05-25 06:26:15+00:00,0.0,0.0473,neutral,"['что', 'fire clapping_hands', 'eyes fire', 'clapping_hands', 'fire']"
16,bron0176,2023-04-26 10:29:26+00:00,0.0,-0.0365,neutral,"['leather', 'pants', 'please', 'look']"
16,sharonjgreen,2023-04-26 06:35:39+00:00,0.0,0.975,positive,"['please tell', 'love looks', 'similar', 'blazer', 'green']"
16,dilshan_pathirana,2023-04-26 03:10:12+00:00,0.0,0.5861,positive,['nice']
16,cremusnoc,2023-04-25 14:00:26+00:00,0.0,0.9555,positive,"['version', 'men women', 'tee', 'men', 'women']"
16,mil_co16,2023-04-25 09:01:09+00:00,0.0,-0.0731,neutral,"['coat', 'check', 'like']"
16,caseyyhotch,2023-04-25 05:39:51+00:00,0.0,0.0321,neutral,[]
16,tinaabeysekara,2023-04-26 17:25:44+00:00,3.0,0.9875,positive,"['links', 'faves', 'blazer', 'bio', 'years']"
16,tinaabeysekara,2023-04-26 19:02:23+00:00,1.0,0.84,positive,"['zara', 'stock', 'believe', 'back', 'smiling_face_with_hearts']"
17,artipoppe,2023-05-16 08:58:28+00:00,0.0,0.8394,positive,"['love raising_hands', 'black_heart', 'raising_hands', 'love']"
17,etoile_luxury_vintage,2023-05-12 09:22:19+00:00,0.0,0.9565,positive,['love']
17,marijnvanheijst,2023-05-11 15:13:51+00:00,0.0,0.5086,positive,"['chanel', 'black_heart white_heart', 'cool', 'black_heart', 'white_heart']"
17,kristinegogsadze,2023-05-11 10:15:20+00:00,0.0,0.5175,positive,"['beauty', 'fire']"
17,kimberlybalten,2023-05-11 08:36:46+00:00,0.0,-0.1281,neutral,['heart_on_fire']
17,ellabroek,2023-05-11 05:28:38+00:00,0.0,0.1997,neutral,"['heart_exclamation', 'heart_exclamation heart_exclamation']"
17,lindatol_,2023-05-11 04:25:22+00:00,0.0,0.1033,neutral,['red_heart']
17,meganadelaide,2023-05-10 22:41:27+00:00,0.0,0.1146,neutral,"['white_heart', 'white_heart white_heart']"
17,_yycc99,2023-05-10 21:50:02+00:00,0.0,0.0278,neutral,"['fire', 'fire fire']"
17,faaar07,2023-05-10 21:31:52+00:00,0.0,0.0494,neutral,"['black_heart', 'black_heart black_heart']"
18,steevencee,2023-05-19 14:33:07+00:00,0.0,-0.4712,negative,"['crying_face', 'raising_hands']"
18,k.jadereason,2023-05-17 19:40:06+00:00,0.0,0.2744,neutral,"['red_heart', 'red_heart red_heart']"
18,joycekamerbeek,2023-05-17 17:44:14+00:00,0.0,0.0023,neutral,"['leuk', 'wat een', 'wat', 'een', 'je']"
18,yasdikkeboom,2023-05-17 10:27:22+00:00,1.0,0.9864,positive,"['good red_heart', 'looks good', 'looks', 'good', 'red_heart']"
18,joleomemeier,2023-05-16 18:33:37+00:00,0.0,0.8857,positive,"['eyes smiling_face_with_heart', 'smiling_face_with_heart eyes', 'smiling_face_with_heart', 'eyes']"
18,xoxotsumi,2023-05-16 13:58:36+00:00,0.0,0.7867,positive,"['smiling_face_with_heart eyes', 'smiling_face_with_heart', 'eyes', 'eyes smiling_face_with_heart']"
18,bykayleevanhaften,2023-05-16 09:50:49+00:00,0.0,0.7074,positive,"['smiling_face_with_heart eyes', 'smiling_face_with_heart', 'eyes', 'eyes smiling_face_with_heart']"
18,artipoppe,2023-05-16 09:00:51+00:00,2.0,0.9708,positive,['sparkling_heart']
18,oumaymaboumeshouli,2023-05-16 08:11:03+00:00,0.0,0.6957,positive,"['red_heart red_heart', 'red_heart', 'red_heart smiling_face_with_heart', 'smiling_face_with_heart eyes', 'smiling_face_with_heart']"
19,doina,2023-05-10 18:47:13+00:00,1.0,0.6583,positive,"['smiling_face_with_heart eyes', 'smiling_face_with_heart', 'eyes']"
19,fatmakaratas.t,2023-05-10 17:13:16+00:00,0.0,0.0803,neutral,['clapping_hands']
19,k.jadereason,2023-05-08 23:39:45+00:00,0.0,0.2744,neutral,"['red_heart', 'red_heart red_heart']"
19,stephaniebroek,2023-05-10 19:23:22+00:00,0.0,0.0667,neutral,"['white_heart', 'white_heart white_heart']"
20,jessicagudlowski,2023-05-23 17:09:31+00:00,0.0,0.0321,neutral,[]
20,pehr,2023-05-08 13:24:09+00:00,1.0,0.0321,neutral,[]
20,haileychristine___,2023-05-07 13:48:27+00:00,0.0,0.9057,positive,"['size go', 'coat', 'go', 'size', 'black_heart']"
20,rachelleayoung,2023-05-07 09:56:40+00:00,0.0,0.982,positive,"['first outfit', 'first', 'outfit', 'blue_heart', 'love']"
20,daan.de.ruijter,2023-05-06 22:22:06+00:00,0.0,0.7867,positive,"['smiling_face_with_heart eyes', 'smiling_face_with_heart', 'eyes', 'eyes smiling_face_with_heart']"
20,sophievandaniels,2023-05-06 07:37:58+00:00,0.0,0.0216,neutral,"['heart_on_fire', 'coat', 'heart_on_fire heart_on_fire']"
20,jules_kidsconcept,2023-05-06 05:56:17+00:00,0.0,0.1033,neutral,['red_heart']
20,at_venu,2023-05-06 05:49:04+00:00,1.0,0.2744,neutral,"['red_heart', 'red_heart red_heart']"
20,whatgigiwears,2023-05-05 21:49:28+00:00,1.0,0.9573,positive,"['cool', 'fire']"
20,stephaniebroek,2023-05-08 19:12:51+00:00,1.0,0.1146,neutral,"['white_heart', 'white_heart white_heart']"
21,chalerota.daserra,2023-06-06 11:27:06+00:00,0.0,0.0803,neutral,['clapping_hands']
21,ciriladias12oficial,2023-06-06 04:05:09+00:00,0.0,0.3024,neutral,"['clapping_hands', 'clapping_hands clapping_hands']"
21,hugoskyr,2023-06-06 03:59:57+00:00,0.0,0.0271,neutral,"['amo', 'te']"
21,curielmarcia,2023-06-06 02:39:43+00:00,0.0,0.0454,neutral,['linda']
21,sophiamoura29,2023-06-06 02:00:18+00:00,0.0,0.1601,neutral,"['red_heart red_heart', 'red_heart']"
21,thatboypaulwiltshire,2023-06-06 01:52:08+00:00,0.0,0.1254,neutral,"['gisele', 'gisele im', 'im', 'hey']"
21,raphampvthury,2023-06-05 22:38:12+00:00,0.0,0.3024,neutral,"['clapping_hands', 'clapping_hands clapping_hands']"
21,deboradenecke,2023-06-05 20:32:00+00:00,0.0,0.2749,neutral,"['red_heart red_heart', 'red_heart']"
21,aldrey.ferrari,2023-06-05 19:25:32+00:00,0.0,0.2267,neutral,['blue_heart']
22,z.___o___.e,2023-06-06 19:25:13+00:00,0.0,-0.8633,negative,"['stop', 'telling', 'copying', 'hear', 'identity']"
22,z.___o___.e,2023-06-06 18:59:06+00:00,0.0,-0.3758,negative,['stop']
22,z.___o___.e,2023-06-06 18:59:04+00:00,0.0,-0.3758,negative,['stop']
22,z.___o___.e,2023-06-06 18:56:38+00:00,0.0,-0.9323,negative,"['getting', 'close', 'stop']"
22,dimitrov_joroo,2023-06-06 18:48:22+00:00,0.0,0.1695,neutral,['hello']
22,ckralemannwilliam,2023-06-06 18:46:15+00:00,0.0,0.1744,neutral,"['understanding', 'gisele', 'higher', 'faith', 'trust']"
23,petviagensmania,2023-06-06 13:39:38+00:00,0.0,-0.0245,neutral,"['legal', 'sonho', 'familiar', 'parabéns', 'em']"
23,katharinatruman,2023-06-06 13:37:27+00:00,0.0,0.2749,neutral,"['red_heart red_heart', 'red_heart']"
23,brenda.lamparyk,2023-06-06 13:23:29+00:00,0.0,0.9892,positive,"['light_skin_tone', 'spreading', 'gift', 'greatest', 'close']"
23,mmoore216,2023-06-06 11:51:18+00:00,0.0,0.99,positive,"['hope great', 'red_heart', 'mom', 'red_heart red_heart', 'hope']"
23,debrasilverman_astrology,2023-06-05 23:28:49+00:00,0.0,0.2744,neutral,"['red_heart', 'red_heart red_heart']"
23,parham_dehghan2,2023-06-05 15:41:43+00:00,0.0,0.9419,positive,"['world', 'smiling_face_with_smiling_eyes', 'best', 'red_heart']"
23,eloisadesignerlifestyle,2023-06-05 15:18:59+00:00,0.0,0.0065,neutral,['foto']
24,renatalongoni,2023-06-06 13:00:15+00:00,0.0,0.1385,neutral,"['musa purple_heart', 'musa', 'purple_heart']"
24,mmoore216,2023-06-06 11:52:51+00:00,0.0,0.9394,positive,"['blue', 'eyes', 'red_heart smiling_face_with_heart', 'eyes red_heart', 'smiling_face_with_heart eyes']"
24,sophiamoura29,2023-06-06 02:01:47+00:00,0.0,0.8133,positive,"['sparkling_heart sparkling_heart', 'sparkling_heart']"
24,sophiamoura29,2023-06-06 02:01:34+00:00,0.0,0.8118,positive,"['rose rose', 'rose', 'bela']"
24,sophiamoura29,2023-06-06 02:01:28+00:00,0.0,0.5154,positive,"['crown sparkles', 'clapping_hands_light_skin_tone', 'crown', 'sparkles']"
24,sophiamoura29,2023-06-06 02:01:02+00:00,0.0,0.0467,neutral,"['struck star', 'star struck', 'struck', 'star']"
24,sophiamoura29,2023-06-06 02:00:54+00:00,0.0,0.9062,positive,"['sparkles sparkles', 'sparkles', 'perfeita']"
24,laplanteregine,2023-06-05 15:14:31+00:00,0.0,0.9548,positive,"['pretty smiling_face_with_heart', 'pretty', 'smiling_face_with_heart eyes', 'smiling_face_with_heart', 'eyes']"
25,___denilson.afonso,2023-06-06 11:58:10+00:00,0.0,0.005,neutral,"['belo', 'que']"
25,___denilson.afonso,2023-06-06 11:58:06+00:00,0.0,-0.0478,neutral,[]
25,aldeziriojr,2023-06-06 05:15:04+00:00,0.0,0.7867,positive,"['smiling_face_with_heart eyes', 'smiling_face_with_heart', 'eyes', 'eyes smiling_face_with_heart']"
25,aims365,2023-06-05 19:50:24+00:00,0.0,0.3296,neutral,"['orange_heart', 'orange_heart orange_heart']"
25,aldrey.ferrari,2023-06-05 19:25:38+00:00,0.0,0.2267,neutral,['blue_heart']
25,laplanteregine,2023-06-05 15:13:05+00:00,0.0,0.2468,neutral,['green_heart']
25,eduvipp,2023-06-04 15:48:44+00:00,0.0,0.5611,positive,"['fire', 'fire fire', 'clapping_hands', 'clapping_hands clapping_hands', 'red_heart face_blowing_a_kiss']"
25,miss.jasmineg,2023-06-02 15:12:39+00:00,0.0,0.117,neutral,"['fire', 'fire clapping_hands', 'fire fire', 'clapping_hands']"
25,rupashkuam,2023-06-01 16:39:20+00:00,0.0,0.9873,positive,"['red_heart red_heart', 'red_heart', 'love red_heart', 'love']"
26,mmoore216,2023-06-06 11:54:04+00:00,0.0,0.3864,neutral,"['red_heart red_heart', 'red_heart', 'clapping_hands', 'clapping_hands clapping_hands', 'red_heart clapping_hands']"
26,aims365,2023-06-05 19:50:41+00:00,0.0,0.7073,positive,"['purple_heart', 'purple_heart purple_heart']"
26,aldrey.ferrari,2023-06-05 19:25:45+00:00,0.0,0.2267,neutral,['blue_heart']
26,islandtribe_,2023-06-05 01:09:12+00:00,0.0,0.1327,neutral,['two_hearts']
26,elianaportella,2023-06-03 22:14:23+00:00,0.0,0.03,neutral,"['abençoe sempre', 'abençoe', 'parabéns', 'deus', 'maravilhosa']"
26,ahmedope,2023-05-30 11:02:19+00:00,0.0,0.8509,positive,"['make new', 'movie', 'girls', 'hope', 'make']"
26,taninagrey,2023-05-28 18:59:15+00:00,0.0,0.0088,neutral,[]
26,thaipeoliveira,2023-05-28 12:52:19+00:00,0.0,0.2977,neutral,"['com os', 'animais', 'deusa', 'giii', 'favor']"
27,jen_cor77,2023-06-03 02:33:43+00:00,1.0,0.1018,neutral,"['fire', 'hot_face', 'fire fire']"
27,amberunraveled,2023-06-02 15:16:06+00:00,1.0,0.2453,neutral,"['wowwwww', 'get']"
27,edelabarre,2023-06-02 14:50:28+00:00,1.0,0.9603,positive,"['kitchen', 'love']"
27,rhyancaminske,2023-06-03 20:41:34+00:00,0.0,0.9536,positive,"['ahhhh', 'thank']"
28,feelgoodcentral,2023-05-16 01:59:34+00:00,0.0,0.9855,positive,"['red_heart red_heart', 'red_heart', 'day rhyan', 'mom', 'rhyan']"
28,mommakellz328,2023-05-15 17:35:45+00:00,0.0,0.9815,positive,"['heart_suit', 'hope wonderful', 'heart_suit heart_suit', 'mother day', 'mother']"
28,yourbotoxbestie,2023-05-15 13:52:44+00:00,1.0,0.9761,positive,"['happy mother', 'mother day', 'mother', 'day', 'happy']"
28,steph.fishing,2023-05-15 13:11:20+00:00,0.0,0.9816,positive,"['happy mother', 'mother day', 'mother', 'cherry_blossom', 'day']"
28,mudavefan,2023-05-15 11:04:08+00:00,0.0,0.9753,positive,"['day rhyan', 'rhyan', 'happy mother', 'mother day', 'mother']"
28,lex__92,2023-05-15 10:55:23+00:00,0.0,0.9374,positive,"['xo', 'beautiful lady', 'lady', 'beautiful']"
28,simplysummerjenn,2023-05-15 10:19:33+00:00,0.0,0.9789,positive,"['day red_heart', 'happy mother', 'mother day', 'mother', 'day']"
28,drew_drew27,2023-05-15 03:51:12+00:00,0.0,0.9761,positive,"['happy mother', 'mother day', 'mother', 'day', 'happy']"
28,dannafwells,2023-05-15 02:24:31+00:00,0.0,0.986,positive,"['sparkling_heart sparkles', 'happy mother', 'mother day', 'mother', 'day']"
28,rhyancaminske,2023-05-16 18:05:32+00:00,1.0,0.9862,positive,"['day red_heart', 'happy mother', 'mother day', 'mother', 'day']"
29,cajuntrader1987,2023-06-01 01:24:36+00:00,1.0,0.9842,positive,"['pics', 'fun', 'looks like', 'great', 'looks']"
29,steve2044.sd,2023-05-31 01:21:33+00:00,1.0,0.9518,positive,['adorable']
29,arailz,2023-05-30 15:37:10+00:00,1.0,0.7074,positive,"['smiling_face_with_heart eyes', 'smiling_face_with_heart', 'eyes', 'eyes smiling_face_with_heart']"
29,papafrank13,2023-05-30 01:36:39+00:00,1.0,0.0498,neutral,"['heart_suit', 'heart_suit heart_suit', 'folded_hands']"
29,pd203,2023-05-30 00:32:06+00:00,1.0,-0.1815,neutral,"['kids', 'son looks', 'united_states', 'thing', 'wife']"
29,carlvoshel,2023-05-30 00:27:48+00:00,1.0,0.013,neutral,"['enjoy', 'lol', 'got', 'baby']"
30,alleest111,2023-05-26 08:41:26+00:00,0.0,0.628,positive,"['could read', 'private message', 'sincerely hope', 'read private', 'private']"
30,petitemiamigirl,2023-05-23 05:43:20+00:00,0.0,0.9896,positive,"['eyes white_heart', 'elegant', 'look smiling_face_with_heart', 'pretty', 'look']"
30,wiedemanntami,2023-05-18 14:47:53+00:00,0.0,0.967,positive,"['good smiling_face_with_heart', 'looking good', 'looking', 'good', 'smiling_face_with_heart eyes']"
30,denisemichellemcninch,2023-05-18 12:41:14+00:00,0.0,0.9851,positive,"['super cute', 'super', 'cute']"
30,momlife.of.leni.and.leo,2023-05-17 23:43:52+00:00,0.0,0.7185,positive,"['fire red_heart', 'red_heart fire', 'eyes red_heart', 'red_heart', 'fire']"
30,lentzdestiny,2023-05-17 21:25:44+00:00,0.0,0.9024,positive,"['changed life', 'changed', 'bought', 'pants', 'life']"
30,new_fashionnailspa,2023-05-17 14:52:01+00:00,0.0,0.9598,positive,"['fire', 'fire fire', 'clapping_hands red_heart', 'lovely', 'happy']"
30,jae.savage27,2023-05-17 12:42:08+00:00,1.0,0.2072,neutral,"['struck', 'star struck', 'star', 'struck star', 'fire']"
30,layla_beauty_06,2023-05-17 12:40:59+00:00,1.0,-0.0091,neutral,"['check_mark_button', 'send pic', 'pic', 'send']"
31,wjomarie_forrest,2023-06-06 18:08:55+00:00,0.0,0.2096,neutral,"['hey sent', 'requests', 'hidden', 'sent dm', 'could']"
31,michdumas,2023-06-06 04:07:12+00:00,0.0,0.8421,positive,"['soo', 'smiling_face_with_heart eyes', 'smiling_face_with_heart', 'eyes']"
31,iammrscoscia,2023-06-05 21:45:53+00:00,0.0,-0.8418,negative,"['jealous', 'well']"
31,grip2u,2023-06-05 21:02:29+00:00,0.0,0.6203,positive,"['girl fire', 'go', 'fire', 'girl', 'fire fire']"
31,elizabeth.alejandra,2023-06-05 19:38:58+00:00,0.0,0.9372,positive,"['love shoes', 'shoes', 'love']"
31,moneygirl__jenn,2023-06-05 19:17:05+00:00,0.0,0.9379,positive,"['eyes smiling_face_with_heart', 'smiling_face_with_heart eyes', 'smiling_face_with_heart', 'eyes']"
31,ortallevitan,2023-06-05 19:06:25+00:00,0.0,0.9857,positive,"['incredible', 'two_hearts', 'look']"
31,gothsnake.marey5,2023-06-05 18:48:15+00:00,0.0,0.1434,neutral,"['let collab', 'collab', 'let', 'white_heart']"
31,sweetmotherly,2023-06-05 18:47:24+00:00,0.0,0.9916,positive,"['hope great', 'amazing red_heart', 'monday', 'look amazing', 'hope']"
31,jendce,2023-06-05 18:26:36+00:00,0.0,0.8275,positive,"['black', 'x', 'love']"
32,alleest111,2023-05-26 08:41:20+00:00,0.0,0.628,positive,"['could read', 'private message', 'sincerely hope', 'read private', 'private']"
32,amberunraveled,2023-05-19 22:30:01+00:00,0.0,-0.1141,neutral,['close']
32,be_a_giver,2023-05-18 21:59:32+00:00,0.0,0.956,positive,"['grinning_face_with_smiling_eyes', 'rhyan', 'fun']"
32,allyoos,2023-05-18 21:00:37+00:00,0.0,0.9121,positive,"['gorg', 'hair', 'sparkles']"
32,balu__2k3,2023-05-18 20:39:42+00:00,0.0,0.8494,positive,"['smiling_face_with_smiling_eyes', 'smiling_face_with_smiling_eyes smiling_face_with_smiling_eyes', 'im']"
32,pd203,2023-05-18 18:41:49+00:00,0.0,0.9358,positive,"['nice pic', 'pic', 'nice']"
32,gianna.stallone,2023-05-18 17:38:48+00:00,0.0,-0.0321,neutral,"['fire', 'fire fire']"
32,heathercaminske,2023-05-18 17:26:28+00:00,0.0,-0.2031,neutral,"['already', 'miss']"
32,jae.savage27,2023-05-18 17:25:51+00:00,0.0,0.2135,neutral,"['fire', 'fire fire', 'duo']"
33,dweb464,2023-04-21 23:25:25+00:00,0.0,0.6565,positive,"['fire', 'eyes fire', 'smiling_face_with_heart', 'smiling_face_with_heart eyes', 'eyes']"
33,shopspikesandseamsdotcom,2023-04-21 20:08:50+00:00,0.0,0.9455,positive,"['girl beating_heart', 'gorgeous girl', 'beating_heart', 'girl', 'gorgeous']"
33,karrlton,2023-04-21 15:23:51+00:00,0.0,-0.0234,neutral,"['without', 'girl', 'us']"
33,mngr_sara,2023-04-21 08:35:20+00:00,0.0,0.9789,positive,"['stunning sparkles', 'details', 'feature', 'jewelry', 'pieces']"
33,lovelyfancymeblog,2023-04-21 04:51:03+00:00,0.0,0.991,positive,"['looking gorgeous', 'looking', 'happy', 'gorgeous', 'red_heart']"
33,allyoos,2023-04-21 03:15:11+00:00,0.0,0.8584,positive,"['hair', 'omg', 'sparkles']"
33,sociojenics,2023-04-21 02:11:31+00:00,0.0,0.9857,positive,"['fire', 'fire fire', 'gorgeous fire', 'ladies', 'rhyan']"
33,amberunraveled,2023-04-21 02:01:48+00:00,0.0,0.9222,positive,"['fire', 'love top', 'fire love', 'fire fire', 'top']"
33,simpleandsweetblog,2023-04-21 01:59:33+00:00,0.0,0.9797,positive,"['looking', 'pretty']"
34,wiedemanntami,2023-05-15 11:22:25+00:00,0.0,0.9861,positive,"['love much', 'thank', 'much', 'smiling_face_with_hearts', 'love']"
34,izzy_macarons,2023-05-15 10:36:08+00:00,0.0,0.9761,positive,"['happy mother', 'mother day', 'mother', 'day', 'happy']"
34,slschmidt23,2023-05-15 02:14:08+00:00,0.0,0.9893,positive,"['beautiful girls', 'girls', 'happy mother', 'mother day', 'mother']"
35,sociojenics,2023-04-28 03:56:17+00:00,1.0,0.1428,neutral,"['try', 'face_with_open_mouth']"
35,kellyrinehart13,2023-04-17 20:50:09+00:00,0.0,0.98,positive,"['love ones', 'ones', 'clapping_hands', 'love']"
35,joannedw73,2023-04-17 02:27:57+00:00,1.0,-0.7509,negative,"['gonna make', 'abs', 'lower', 'totally', 'problem']"
35,linka.nyc.fit,2023-04-16 19:24:40+00:00,1.0,0.8787,positive,"['light_skin_tone', 'flexed_biceps_medium', 'flexed_biceps_medium light_skin_tone', 'light_skin_tone clapping_hands_medium', 'clapping_hands_medium light_skin_tone']"
35,brdly.nelson,2023-04-16 18:53:19+00:00,0.0,0.976,positive,"['fantastic', 'rhyan', 'looking']"
35,beyonce.ig2,2023-04-16 18:52:14+00:00,0.0,0.8118,positive,"['promote', 'smiling_face_with_heart eyes', 'smiling_face_with_heart', 'eyes']"
35,guggy_01,2023-04-16 16:02:45+00:00,0.0,0.4258,neutral,"['background', 'crack', 'mate', 'old', 'beaming_face_with_smiling_eyes']"
35,thomasdeborahpcvnb3,2023-05-06 06:55:25+00:00,0.0,0.9557,positive,"['biography', 'account biography', 'main', 'would certainly', 'details']"
36,alysorrentino,2023-05-09 13:06:32+00:00,0.0,0.9545,positive,"['gorgeous smiling_face_with_heart', 'gorgeous', 'smiling_face_with_heart eyes', 'smiling_face_with_heart', 'eyes']"
36,fit2befree,2023-05-05 03:50:36+00:00,0.0,0.4148,neutral,"['face_with_tears_of_joy', 'fire']"
36,iammrscoscia,2023-05-03 20:13:41+00:00,0.0,0.1075,neutral,"['wtf', 'getting', 'smiling_face_with_heart eyes', 'smiling_face_with_heart', 'eyes']"
36,getgoldielocks,2023-05-03 00:53:53+00:00,0.0,0.9606,positive,"['feeling', 'difference', 'seedling', 'glad', 'little']"
36,pldtiedye,2023-05-02 19:33:23+00:00,0.0,0.9545,positive,"['gorgeous smiling_face_with_heart', 'gorgeous', 'smiling_face_with_heart eyes', 'smiling_face_with_heart', 'eyes']"
36,dhurvey6284,2023-05-13 20:07:04+00:00,0.0,-0.0195,neutral,"['yоu', 'dm think', 'hiddеn', 'requests', 'grinning_face_with_big_eyes']"
37,allyoos,2023-04-19 22:08:17+00:00,1.0,0.9791,positive,"['like great', 'looks like', 'time', 'great', 'looks']"
37,iammarialeonard,2023-04-18 15:11:23+00:00,0.0,0.1033,neutral,['red_heart']
37,nikkibtricky,2023-04-18 02:06:09+00:00,0.0,0.9802,positive,"['look amazing', 'amazing', 'look']"
37,_krisbeeee,2023-04-17 21:26:19+00:00,0.0,-0.0665,neutral,['fire']
37,fashion.kids.model,2023-04-17 19:02:13+00:00,1.0,-0.0139,neutral,"['𝐘𝐨𝐮𝐫 𝐏𝐢𝐜', '𝐘𝐨𝐮𝐫', '𝐒𝐞𝐧𝐝 𝐘𝐨𝐮𝐫', '𝐒𝐞𝐧𝐝', '𝐏𝐢𝐜']"
37,fashion_model_0x9,2023-04-17 18:59:21+00:00,1.0,-0.0011,neutral,"['pic backhand_index_pointing_right', 'ig', 'backhand_index_pointing_right check_mark_button', 'check_mark_button', 'send pic']"
37,jae.savage27,2023-04-17 18:49:55+00:00,1.0,0.4279,positive,"['fire', 'fire fire', 'pretty fire', 'pretty']"
37,grip2u,2023-04-17 18:43:55+00:00,1.0,0.9502,positive,"['gorgeous smiling_face_with_heart', 'smiling_face_with_heart eyes', 'smiling_face_with_heart', 'gorgeous', 'eyes']"
38,styledbykaleynicole,2023-04-20 16:47:34+00:00,1.0,0.981,positive,"['shirt smiling_face_with_heart', 'shirt', 'love', 'smiling_face_with_heart', 'smiling_face_with_heart eyes']"
38,dh_bou,2023-04-20 02:12:25+00:00,1.0,0.1191,neutral,['model']
38,katcaminskeee,2023-04-20 02:08:58+00:00,1.0,0.9753,positive,"['ur', 'clapping_hands fire', 'pretty', 'clapping_hands', 'fire']"
38,jjjhgffghh574,2023-06-01 21:34:55+00:00,0.0,0.069,neutral,"['а', 'dm think', 'yоu', 'hidden', 'grinning_face_with_big_eyes']"
39,geeohdee1,2023-06-06 12:39:01+00:00,0.0,0.9072,positive,"['nose', 'almost', 'tho', 'beaming_face_with_smiling_eyes', 'got']"
39,fernandinhomarques1,2023-06-06 02:44:29+00:00,0.0,-0.0228,neutral,"['mais linda', 'mais', 'linda']"
39,modelo_bahiano,2023-06-05 04:04:42+00:00,0.0,-0.0781,neutral,[]
39,ivanvalenzanoalice.it,2023-06-04 23:42:47+00:00,0.0,0.1033,neutral,['red_heart']
39,oferplus1,2023-06-04 22:28:24+00:00,0.0,0.2342,neutral,"['siempre', 'linda red_heart', 'nunca', 'natural', 'red_heart']"
39,geanafleury,2023-06-04 18:57:02+00:00,0.0,0.1576,neutral,['red_heart']
39,dave_bush1,2023-06-04 01:11:44+00:00,0.0,0.9841,positive,"['short', 'wow amazing', 'words', 'well', 'beauty']"
39,miiigaarcia,2023-06-03 14:57:13+00:00,0.0,0.1002,neutral,"['giii', 'tom', 'volta', 'brady', 'com']"
40,artipoppe,2023-05-24 10:30:44+00:00,0.0,0.004,neutral,"['look raising_hands', 'heart_on_fire', 'look', 'raising_hands']"
40,nho_journal,2023-05-24 03:17:32+00:00,0.0,0.2436,neutral,"['may', 'pants', 'know', 'smiling_face_with_heart eyes', 'smiling_face_with_heart']"
40,tregioiedallapuglia,2023-05-23 17:58:27+00:00,0.0,0.7074,positive,"['smiling_face_with_heart eyes', 'smiling_face_with_heart', 'eyes', 'eyes smiling_face_with_heart']"
40,rachelleayoung,2023-05-23 10:20:01+00:00,0.0,0.1745,neutral,"['black_heart', 'jacket', 'black_heart black_heart']"
40,stephaniebroek,2023-05-24 05:47:16+00:00,1.0,0.0785,neutral,['brown_heart']
41,erik,2023-06-06 18:52:01+00:00,0.0,0.9393,positive,"['cute smiling_face_with_heart', 'cute', 'smiling_face_with_heart eyes', 'smiling_face_with_heart', 'eyes']"
41,karin_liwu,2023-06-06 18:10:56+00:00,0.0,0.0321,neutral,[]
41,innasleznik,2023-06-06 11:58:03+00:00,0.0,0.0321,neutral,[]
41,rolfslickers,2023-06-06 11:40:30+00:00,0.0,0.0066,neutral,['na']
41,chrisbony56,2023-06-06 11:20:01+00:00,0.0,0.728,positive,"['smiling_face_with_heart eyes', 'smiling_face_with_heart', 'eyes']"
41,an_maisonette_living,2023-06-06 10:40:07+00:00,0.0,-0.0827,neutral,"['hundred_points', 'fire']"
41,the.wild.self,2023-06-06 10:22:46+00:00,0.0,-0.0561,neutral,"['ist', 'ist das', 'five', 'shop', 'das']"
41,dawidtomaszewski,2023-06-06 10:21:54+00:00,0.0,0.9488,positive,"['struck smiling_face_with_hearts', 'eyes star', 'struck', 'star struck', 'star']"
41,susmarros,2023-06-06 10:16:46+00:00,0.0,0.0321,neutral,[]
41,katloughrey,2023-06-06 09:51:22+00:00,0.0,-0.0615,neutral,"['smiling_face_with_heart eyes', 'smiling_face_with_heart', 'eyes']"
42,nicisupergirl,2023-06-06 19:11:57+00:00,0.0,0.0127,neutral,"['dich', 'ich', 'beating_heart']"
42,ludivina_a__clheck_stories__,2023-06-06 19:03:53+00:00,0.0,0.8224,positive,['beaming_face_with_smiling_eyes']
42,manou_trv,2023-06-06 18:15:48+00:00,0.0,0.9606,positive,"['ps', 'anyone tell', 'hair look', 'anyone', 'tell']"
42,ijcandys,2023-06-06 17:17:58+00:00,0.0,0.9399,positive,"['cute smiling_face_with_hearts', 'cute', 'smiling_face_with_hearts']"
42,rmny7559,2023-06-06 16:04:45+00:00,0.0,0.3702,neutral,"['face_with_tears_of_joy', 'face_with_tears_of_joy face_with_tears_of_joy']"
42,k.amil_a,2023-06-06 12:53:47+00:00,0.0,-0.0912,neutral,"['ist das', 'von', 'caro', 'ist', 'das']"
42,bridgetzwei,2023-06-06 12:00:40+00:00,0.0,0.9624,positive,"['mom', 'beautiful', 'red_heart']"
42,styleconciergebymelody,2023-06-06 11:37:13+00:00,0.0,0.7074,positive,"['smiling_face_with_heart eyes', 'smiling_face_with_heart', 'eyes', 'eyes smiling_face_with_heart']"
42,budislava,2023-06-06 08:41:27+00:00,0.0,0.1033,neutral,['red_heart']
43,djokovicofficial,2023-06-06 03:07:28+00:00,0.0,0.0278,neutral,"['fire', 'fire fire']"
43,markovicsawa,2023-06-05 19:37:19+00:00,0.0,-0.0131,neutral,"['fire', 'red_heart fire', 'red_heart', 'fire fire', 'red_heart red_heart']"
43,_kriss.ssi_,2023-06-05 04:42:53+00:00,0.0,0.4521,neutral,"['wie', 'schön', 'kann', 'man', 'smiling_face_with_heart eyes']"
43,leyla_aliyarli,2023-06-05 04:03:10+00:00,0.0,0.0302,neutral,"['bikini', 'pls', 'folded_hands_light_skin_tone', 'share', 'would']"
43,lemon_meringue__,2023-06-04 04:29:10+00:00,0.0,0.9843,positive,"['yasssss', 'caro', 'hard', 'proud', 'work']"
43,kucukustaethem,2023-06-03 13:22:29+00:00,0.0,0.485,positive,"['smiling_face_with_heart eyes', 'smiling_face_with_heart', 'eyes']"
43,mma_k4u,2023-06-03 04:38:30+00:00,0.0,0.4832,positive,"['face_blowing_a_kiss', 'slightly_smiling_face', 'face_blowing_a_kiss face_blowing_a_kiss']"
43,olivia_anndersoon,2023-06-03 01:10:08+00:00,0.0,0.941,positive,"['something', 'u', 'picture', 'good', 'dm']"
43,jose__paulo_244,2023-06-03 01:04:28+00:00,0.0,-0.0665,neutral,['fire']
43,avocado.bowls,2023-06-03 00:58:19+00:00,0.0,0.0321,neutral,[]
44,franciscoesparza361,2023-06-05 18:49:40+00:00,0.0,0.9522,positive,"['track', 'race', 'awesome', 'smiling_face_with_sunglasses', 'red_heart']"
44,joey_west_831,2023-06-04 14:23:07+00:00,0.0,0.0393,neutral,"['hibiscus', 'red_heart']"
44,kostrishche_channel,2023-06-03 13:30:19+00:00,0.0,-0.0665,neutral,['fire']
44,patriciauy16,2023-06-02 12:06:18+00:00,0.0,0.9595,positive,"['pair', 'trousers', 'buy', 'one', 'beautiful']"
44,kebabowelove,2023-06-02 04:16:14+00:00,0.0,0.5336,positive,['beauty']
44,skyflyjets.com_,2023-06-01 21:01:32+00:00,0.0,-0.0321,neutral,"['fire', 'fire fire']"
44,emrahsahinresmii,2023-06-01 13:45:36+00:00,0.0,-0.0321,neutral,"['fire', 'fire fire']"
45,nicolewom,2023-06-06 06:56:29+00:00,0.0,0.9413,positive,"['smiling_face_with_heart eyes', 'smiling_face_with_heart', 'eyes', 'beautiful smiling_face_with_heart', 'eyes smiling_face_with_heart']"
45,omids.1362,2023-06-05 22:47:42+00:00,0.0,0.4054,neutral,"['clapping_hands', 'clapping_hands clapping_hands', 'red_heart', 'clapping_hands raising_hands', 'red_heart red_heart']"
45,franciscoesparza361,2023-06-05 18:48:25+00:00,0.0,0.9801,positive,"['red_heart red_heart', 'red_heart', 'camila red_heart', 'happy monday', 'monday']"
45,_stellaastra,2023-06-05 16:14:21+00:00,0.0,0.7311,positive,"['beaming_face_with_smiling_eyes', 'beaming_face_with_smiling_eyes beaming_face_with_smiling_eyes']"
45,skyflyjets.com_,2023-06-04 17:56:42+00:00,0.0,-0.0321,neutral,"['fire', 'fire fire']"
45,jallexs,2023-06-04 16:48:34+00:00,0.0,0.1033,neutral,['red_heart']
45,sartikasr,2023-06-04 11:16:34+00:00,0.0,0.141,neutral,"['gorg red_heart', 'gorg', 'red_heart']"
45,euvanduarte,2023-06-04 02:20:45+00:00,0.0,0.0915,neutral,"['perfeita red_heart', 'perfeita', 'red_heart']"
45,beatriz_de_larrazabal,2023-06-04 00:13:16+00:00,0.0,-0.0665,neutral,['fire']
45,tatianadrodionova,2023-06-03 17:51:12+00:00,0.0,0.9457,positive,['gorgeous']
46,alemarullo,2023-06-06 19:27:32+00:00,0.0,0.5274,positive,"['heart_on_fire', 'heart_on_fire heart_on_fire', 'yessss']"
46,julie.lamrani,2023-06-06 19:21:25+00:00,0.0,0.9457,positive,['gorgeous']
46,angiesroe,2023-06-06 19:13:32+00:00,0.0,0.0278,neutral,"['fire', 'fire fire']"
46,laurenelson,2023-06-06 19:11:08+00:00,0.0,0.1563,neutral,['vibes']
46,pilar.on.the.road,2023-06-06 18:43:14+00:00,0.0,0.2445,neutral,"['clapping_hands', 'clapping_hands clapping_hands']"
46,suzannazen,2023-06-06 18:38:05+00:00,0.0,0.9519,positive,"['beautiful red_heart', 'red_heart', 'beautiful', 'red_heart red_heart']"
46,banso73,2023-06-06 18:33:24+00:00,0.0,0.7074,positive,"['smiling_face_with_heart eyes', 'smiling_face_with_heart', 'eyes', 'eyes smiling_face_with_heart']"
46,ovgucoban,2023-06-06 18:30:48+00:00,0.0,0.0597,neutral,"['heart_with_arrow', 'star']"
46,anastasiakaplanshintof,2023-06-06 18:30:35+00:00,0.0,0.7661,positive,['stunning']
46,aitajva,2023-06-06 18:27:58+00:00,0.0,0.7867,positive,"['smiling_face_with_heart eyes', 'smiling_face_with_heart', 'eyes', 'eyes smiling_face_with_heart']"
47,eva_yague,2023-06-05 21:24:55+00:00,0.0,-0.0321,neutral,"['fire', 'fire fire']"
47,gingerdbread_officiel,2023-06-04 19:00:04+00:00,2.0,0.9768,positive,['love']
47,_rosa.segura,2023-06-02 11:39:32+00:00,1.0,0.1033,neutral,['red_heart']
47,_rosa.segura,2023-06-05 16:35:12+00:00,0.0,0.1033,neutral,['red_heart']
48,bijjusong,2023-05-31 00:27:24+00:00,0.0,0.9909,positive,"['u', 'love u', 'good', 'teo', 'sooo much']"
48,nevermindpepin,2023-05-26 23:45:23+00:00,0.0,0.2744,neutral,"['red_heart', 'red_heart red_heart']"
48,itskingdm,2023-05-21 01:59:29+00:00,0.0,0.0459,neutral,['folded_hands_light_skin_tone']
48,cristina_yael972,2023-05-15 09:30:48+00:00,0.0,0.728,positive,"['smiling_face_with_heart eyes', 'smiling_face_with_heart', 'eyes']"
48,livinthattwinlife,2023-05-14 09:24:38+00:00,0.0,0.9665,positive,"['teo', 'xo', 'happy mother', 'mother day', 'mother']"
48,daniellalobato1,2023-05-13 15:00:43+00:00,0.0,0.7074,positive,"['smiling_face_with_heart eyes', 'smiling_face_with_heart', 'eyes', 'eyes smiling_face_with_heart']"
48,go_urav7963,2023-05-13 01:35:56+00:00,0.0,0.9666,positive,"['smiling_face_with_hearts', 'cute smiling_face_with_hearts', 'smiling_face_with_hearts smiling_face_with_hearts', 'cute']"
48,josephwestjr,2023-05-12 16:31:58+00:00,0.0,0.021,neutral,"['raising_hands_medium_skin_tone', 'white_heart yellow_heart', 'heart_suit white_heart', 'bomb', 'medium_skin_tone']"
48,emilybc,2023-05-12 09:55:09+00:00,0.0,0.9792,positive,"['bracelets', 'woman', 'love']"
48,yryryr777,2023-05-11 18:12:43+00:00,0.0,-0.3826,negative,"['wedding', 'wanna', 'bad', 'photo shoot', 'shoot']"
49,vane_ferreira29,2023-06-02 01:03:57+00:00,0.0,0.2744,neutral,"['red_heart', 'red_heart red_heart']"
49,fernandade5554,2023-05-29 03:46:55+00:00,0.0,0.7889,positive,"['eyes smiling_face_with_heart', 'smiling_face_with_heart eyes', 'smiling_face_with_heart', 'eyes', 'ele é']"
49,marleneclena,2023-05-27 23:39:45+00:00,0.0,0.3666,neutral,"['clapping_hands', 'clapping_hands clapping_hands']"
49,volkeribiza,2023-05-26 20:13:55+00:00,0.0,-0.0001,neutral,"['das', 'red_heart']"
49,lena.areda,2023-05-26 17:37:52+00:00,0.0,0.7867,positive,"['smiling_face_with_heart eyes', 'smiling_face_with_heart', 'eyes', 'eyes smiling_face_with_heart']"
49,ju.marquesb,2023-05-26 13:08:31+00:00,0.0,0.4807,positive,"['smiling_face_with_heart eyes', 'smiling_face_with_heart', 'eyes']"
49,zanattadarlene,2023-05-25 12:26:14+00:00,0.0,0.0379,neutral,"['de', 'é', 'brazil', 'brazil brazil', 'somos']"
49,lcristianerochaa,2023-05-25 00:53:08+00:00,0.0,0.2792,neutral,"['red_heart red_heart', 'red_heart']"
49,mommy.realist,2023-05-24 23:23:30+00:00,0.0,0.9601,positive,"['absolutely stunning', 'absolutely', 'stunning']"
49,nardeen.og,2023-05-24 20:05:27+00:00,0.0,0.7564,positive,"['wish', 'pretty', 'like']"
50,joannelaoulach,2023-06-05 10:45:46+00:00,0.0,-0.0951,neutral,['pants']
50,sheyla.petersen,2023-06-04 03:28:35+00:00,0.0,-0.0215,neutral,"['onde', 'calça', 'amei', 'sua']"
50,high_spirits_gal,2023-06-03 16:40:10+00:00,0.0,0.0451,neutral,"['raising_hands fire', 'red_heart raising_hands', 'raising_hands', 'fire', 'red_heart']"
50,ahmad_96_az,2023-06-03 04:40:53+00:00,0.0,0.7347,positive,"['smiling_face_with_heart eyes', 'smiling_face_with_heart', 'eyes', 'unique', 'eyes smiling_face_with_heart']"
50,pamelabrbs_,2023-06-03 01:56:03+00:00,0.0,0.728,positive,"['smiling_face_with_heart eyes', 'smiling_face_with_heart', 'eyes']"
50,jayme_luiz_alves,2023-06-02 19:36:16+00:00,0.0,0.6806,positive,"['linda smiling_face_with_heart', 'linda', 'smiling_face_with_heart eyes', 'smiling_face_with_heart', 'eyes']"
50,kika100doute,2023-06-02 01:12:07+00:00,0.0,0.0348,neutral,"['winking_face', 'super', 'la']"
50,kika100doute,2023-06-02 01:11:26+00:00,0.0,-0.0757,neutral,"['c est', 'est', 'c', 'le']"
50,rafadecastrogpf,2023-06-01 16:06:38+00:00,0.0,0.0118,neutral,"['mulher', 'passada', 'queria', 'ir', 'camila']"
50,lcristianerochaa,2023-06-01 09:42:09+00:00,0.0,0.2959,neutral,"['red_heart red_heart', 'red_heart']"
51,joey_west_831,2023-06-04 14:23:22+00:00,0.0,-0.1468,neutral,"['hibiscus collision', 'hibiscus', 'collision', 'two_hearts']"
51,shop_thehandshake,2023-06-03 22:05:21+00:00,0.0,0.0803,neutral,['clapping_hands']
51,flyingdressistanbul,2023-06-03 14:39:30+00:00,0.0,0.7451,positive,"['smiling_face_with_hearts red_heart', 'smiling_face_with_hearts', 'red_heart']"
51,haarlemaustralia,2023-06-03 08:17:32+00:00,0.0,0.2744,neutral,"['red_heart', 'red_heart red_heart']"
51,alegeisslerin,2023-06-02 12:24:10+00:00,0.0,0.6645,positive,"['purple_heart purple_heart', 'purple_heart']"
51,dedissadovale,2023-06-01 23:10:27+00:00,0.0,0.0896,neutral,"['musa purple_heart', 'musa', 'minha', 'purple_heart']"
51,bellathorne,2023-06-01 18:47:11+00:00,0.0,0.9262,positive,"['love love', 'love', 'fire', 'fire love', 'fire fire']"
51,pacepower2312,2023-06-01 15:19:11+00:00,0.0,-0.1492,neutral,[]
51,lcristianerochaa,2023-06-01 09:39:37+00:00,0.0,0.3192,neutral,"['linda maravilhosa', 'maravilhosa red_heart', 'red_heart', 'maravilhosa', 'red_heart red_heart']"
51,heatherpullisjewelry,2023-05-31 21:47:54+00:00,0.0,0.3024,neutral,"['clapping_hands', 'clapping_hands clapping_hands']"
52,joey_west_831,2023-06-04 14:23:38+00:00,0.0,-0.0872,neutral,"['bomb collision', 'hibiscus', 'bomb', 'collision', 'red_heart']"
52,rafael82jusfredo,2023-06-02 17:04:43+00:00,0.0,-0.0362,neutral,"['saudades', 'continue', 'vocês', 'deus']"
52,lcristianerochaa,2023-06-01 09:40:39+00:00,0.0,0.1853,neutral,"['red_heart red_heart', 'red_heart', 'abençoe', 'abençoe sempre', 'vcs']"
52,marleneclena,2023-05-27 23:39:51+00:00,0.0,0.3907,neutral,"['clapping_hands', 'clapping_hands clapping_hands']"
52,tararella,2023-05-24 20:07:42+00:00,0.0,0.9829,positive,"['awwww', 'awwww gorgeous', 'blue_heart', 'gorgeous']"
52,merceditas98,2023-05-23 18:48:54+00:00,0.0,0.8857,positive,"['eyes smiling_face_with_heart', 'smiling_face_with_heart eyes', 'smiling_face_with_heart', 'eyes']"
52,good_vibes_only_bg,2023-05-23 15:56:16+00:00,0.0,0.0061,neutral,"['medium light_skin_tone', 'medium', 'light_skin_tone', 'light_skin_tone medium']"
52,danyendrigue,2023-05-20 19:00:22+00:00,0.0,0.0878,neutral,"['que linda', 'linda', 'que', 'clapping_hands']"
52,celinefarmhousee,2023-05-20 12:29:48+00:00,0.0,0.6476,positive,"['lindoooo', 'ele', 'ele é', 'é', 'e']"
52,ainudunia.3,2023-05-20 09:15:17+00:00,0.0,0.0831,neutral,"['porfavor', 'marca', 'son', 'en', 'foto']"
53,paigebrianna18,2023-06-06 14:29:25+00:00,0.0,0.9559,positive,"['stunning smiling_face_with_heart', 'stunning', 'like', 'smiling_face_with_heart eyes', 'smiling_face_with_heart']"
53,ltahnis,2023-06-02 07:20:40+00:00,0.0,-0.0081,neutral,"['heart_on_fire', 'heart_on_fire heart_on_fire']"
53,lcristianerochaa,2023-06-01 09:41:47+00:00,0.0,0.1828,neutral,"['red_heart red_heart', 'red_heart']"
53,dj_nasty_deluxe_official,2023-05-30 22:18:58+00:00,0.0,0.1033,neutral,['red_heart']
53,l10r1x,2023-05-30 17:20:48+00:00,0.0,0.1479,neutral,"['fire red_heart', 'fire', 'red_heart']"
53,ziripillo,2023-05-28 05:29:17+00:00,0.0,0.1033,neutral,['red_heart']
53,summerssstephen,2023-05-27 20:56:08+00:00,0.0,0.9551,positive,"['like work', 'interesting', 'send dm', 'proposal', 'would like']"
53,tarikdestanovic,2023-05-27 20:16:53+00:00,0.0,0.7074,positive,"['smiling_face_with_heart eyes', 'smiling_face_with_heart', 'eyes', 'eyes smiling_face_with_heart']"
53,andrettomore,2023-05-27 18:28:13+00:00,0.0,-0.0171,neutral,['thumbs_up']
53,volkeribiza,2023-05-26 20:12:18+00:00,0.0,-0.014,neutral,"['chic', 'fire']"
54,zcjmacz,2023-06-06 19:07:15+00:00,0.0,0.0221,neutral,"['call', 'amazon', 'kind', 'buy', 'white']"
54,hultgrencassie,2023-06-06 17:38:33+00:00,0.0,0.0115,neutral,['links']
54,envynv16,2023-06-06 17:19:31+00:00,0.0,0.0626,neutral,"['pls', 'link']"
54,manisha.nayee,2023-06-06 16:21:26+00:00,0.0,0.0115,neutral,['links']
54,brennavivier,2023-06-06 15:46:32+00:00,0.0,0.0115,neutral,['links']
54,everyday.holly,2023-06-06 19:07:29+00:00,0.0,0.0032,neutral,"['message links', 'sent message', 'sent', 'links', 'message']"
55,groundedwildphoto,2023-06-05 17:43:51+00:00,0.0,0.1219,neutral,"['links please', 'links', 'please']"
55,elsapna,2023-06-04 14:58:31+00:00,0.0,0.1104,neutral,"['links', 'send', 'please']"
55,_julie_be_,2023-06-04 14:43:08+00:00,0.0,0.0884,neutral,"['links', 'two_hearts']"
55,meganrenee16,2023-06-03 11:47:56+00:00,1.0,0.0115,neutral,['links']
55,tldixson,2023-06-03 03:23:44+00:00,0.0,0.0115,neutral,['links']
55,everyday.holly,2023-06-05 17:44:03+00:00,0.0,0.0102,neutral,"['messaged links', 'messaged', 'links']"
56,jeoliiveiraa_,2023-06-05 13:54:17+00:00,1.0,0.4831,positive,"['já', 'meu', 'eu', 'é', 'eyes red_heart']"
56,schayres,2023-06-05 13:51:52+00:00,1.0,0.0074,neutral,"['tô', 'casaco', 'esse', 'por', 'struck']"
56,lojafashioncloset,2023-06-05 14:29:36+00:00,0.0,0.0237,neutral,"['pra', 'white_heart']"
56,lojafashioncloset,2023-06-05 14:30:14+00:00,1.0,0.6757,positive,"['perfeito smiling_face_with_heart', 'casaco', 'perfeito', 'mais', 'e']"
57,_vanessa.riedl,2023-06-03 21:11:51+00:00,0.0,0.1033,neutral,['red_heart']
57,92thestudio,2023-06-03 12:59:15+00:00,0.0,0.3832,neutral,"['stunner', 'smiling_face', 'sun_with_face']"
57,etoile_luxury_vintage,2023-06-03 10:26:05+00:00,0.0,0.8797,positive,"['outfit', 'nice']"
57,niknet,2023-06-03 08:08:53+00:00,0.0,0.8402,positive,"['eyes smiling_face_with_heart', 'smiling_face_with_heart eyes', 'smiling_face_with_heart', 'eyes']"
57,tonyamazzeo,2023-06-03 05:40:07+00:00,0.0,0.9039,positive,"['brown_heart white_heart', 'stunning', 'brown_heart', 'white_heart']"
57,gabadly,2023-06-02 21:06:03+00:00,0.0,0.7196,positive,"['j adore', 'adore', 'j']"
57,mounakae,2023-06-02 15:30:54+00:00,0.0,0.9532,positive,"['loveee', 'smiling_face_with_heart eyes', 'smiling_face_with_heart', 'eyes']"
57,paige_watkins,2023-06-02 15:25:46+00:00,0.0,0.8402,positive,"['eyes smiling_face_with_heart', 'smiling_face_with_heart eyes', 'smiling_face_with_heart', 'eyes']"
57,elienjansen,2023-06-02 15:17:28+00:00,0.0,0.8897,positive,"['eyes smiling_face_with_heart', 'smiling_face_with_heart eyes', 'smiling_face_with_heart', 'eyes', 'yes smiling_face_with_heart']"
57,liltack,2023-06-02 15:09:54+00:00,0.0,0.6688,positive,"['smiling_face_with_heart eyes', 'smiling_face_with_heart', 'eyes', 'eyes smiling_face_with_heart']"
58,heliophilia08,2023-06-05 09:29:43+00:00,0.0,0.7393,positive,"['supporting', 'hey', 'face_blowing_a_kiss', 'see', 'please']"
58,rutgerpotter,2023-06-04 13:50:07+00:00,0.0,-0.0982,neutral,['lijkt']
58,karolinehommelstad,2023-06-04 06:36:30+00:00,0.0,0.728,positive,"['smiling_face_with_heart eyes', 'smiling_face_with_heart', 'eyes']"
58,niknet,2023-06-03 19:25:04+00:00,0.0,0.728,positive,"['smiling_face_with_heart eyes', 'smiling_face_with_heart', 'eyes']"
58,eloyriverax,2023-06-03 19:24:26+00:00,0.0,0.9315,positive,"['please dm', 'content', 'dm', 'please', 'amazing']"
58,alysrosemary,2023-06-03 17:44:20+00:00,0.0,0.9692,positive,"['soon smiling_face_with_heart', 'riding', 'coming soon', 'coming', 'photos']"
58,emiliejlofmark,2023-06-03 14:03:14+00:00,0.0,0.9398,positive,"['eyes beautiful', 'beautiful', 'smiling_face_with_heart eyes', 'smiling_face_with_heart', 'eyes']"
58,mueli71,2023-06-03 11:39:29+00:00,0.0,0.0667,neutral,"['white_heart', 'white_heart white_heart']"
58,lafemmehanna,2023-06-03 11:36:40+00:00,0.0,0.1141,neutral,['white_heart']
58,svenja.mari,2023-06-03 10:31:19+00:00,0.0,0.8453,positive,"['beauty', 'smiling_face_with_heart eyes', 'smiling_face_with_heart', 'eyes']"
59,m4hkc,2023-06-02 14:21:20+00:00,1.0,-0.0015,neutral,"['como eu', 'mds', 'ser', 'como', 'eu']"
59,tamy.latuf,2023-06-01 19:17:42+00:00,1.0,0.5084,positive,"['perfeição', 'smiling_face_with_heart eyes', 'smiling_face_with_heart', 'eyes']"
59,tamy.latuf,2023-06-01 19:17:29+00:00,1.0,0.8402,positive,"['eyes smiling_face_with_heart', 'smiling_face_with_heart eyes', 'smiling_face_with_heart', 'eyes']"
59,ray_mors,2023-06-01 01:08:23+00:00,1.0,-0.0664,neutral,['perfeito']
59,caafonseca13,2023-05-31 17:24:32+00:00,1.0,0.6016,positive,"['sucesso', 'smiling_face_with_heart eyes', 'smiling_face_with_heart', 'eyes']"
59,wtfkios,2023-05-30 22:17:17+00:00,1.0,0.2901,neutral,"['tudoooo', 'tudoooo fire', 'fire']"
59,juniorpasergo,2023-05-30 18:23:42+00:00,1.0,0.0278,neutral,"['fire', 'fire fire']"
59,lebarrochello,2023-05-30 16:44:29+00:00,1.0,0.3643,neutral,"['red_heart', 'perfeito', 'red_heart red_heart']"
59,lojafashioncloset,2023-06-01 20:24:43+00:00,1.0,0.0434,neutral,"['gente', 'two_hearts']"
60,bia.liraa,2023-06-04 04:53:47+00:00,1.0,0.7074,positive,"['smiling_face_with_heart eyes', 'smiling_face_with_heart', 'eyes', 'eyes smiling_face_with_heart']"
60,imsheilagoncalves,2023-06-03 16:35:22+00:00,1.0,0.1033,neutral,['red_heart']
60,gabriellafrota,2023-06-03 14:32:10+00:00,1.0,-0.0189,neutral,"['reposição', 'nas', 'ter reposição', 'vai ter', 'vai']"
60,wtfkios,2023-06-03 01:14:37+00:00,1.0,0.2901,neutral,"['tudoooo', 'tudoooo fire', 'fire']"
60,schayres,2023-06-02 15:55:14+00:00,1.0,0.0857,neutral,[]
60,lojafashioncloset,2023-06-04 21:49:19+00:00,0.0,0.0571,neutral,"['sim', 'lindos', 'de', 'e', 'red_heart']"
61,claaraferreira,2023-05-31 03:07:20+00:00,1.0,0.7867,positive,"['smiling_face_with_heart eyes', 'smiling_face_with_heart', 'eyes', 'eyes smiling_face_with_heart']"
61,jack_loppes_,2023-05-30 19:23:19+00:00,1.0,-0.0504,neutral,"['perfeição', 'que']"
61,gabr_oliveira,2023-05-29 15:42:47+00:00,1.0,-0.081,neutral,"['p', 'vai', 'vai ter', 'tamanho', 'ter']"
61,rxslg_,2023-05-29 05:34:54+00:00,1.0,-0.0697,neutral,"['tem', 'que', 'vcs', 'tão', 'mas']"
61,barbinha.enf,2023-05-29 00:52:10+00:00,1.0,0.0659,neutral,"['comprei meu', 'comprei', 'bikini', 'já', 'meu']"
61,lojafashioncloset,2023-05-30 21:08:48+00:00,1.0,0.5071,positive,"['drop', 'tá', 'eyes two_hearts', 'esse', 'tudo']"
62,diogenesquinteroa,2023-05-02 02:54:26+00:00,0.0,0.4769,neutral,"['interested send', 'proposal', 'send message', 'interested', 'tell']"
62,beatrice.gutu,2023-04-27 15:00:07+00:00,0.0,0.728,positive,"['smiling_face_with_heart eyes', 'smiling_face_with_heart', 'eyes']"
62,erika_boldrin,2023-04-22 16:52:23+00:00,0.0,0.728,positive,"['smiling_face_with_heart eyes', 'smiling_face_with_heart', 'eyes']"
62,hollycdelaney,2023-04-22 09:24:13+00:00,1.0,0.9689,positive,"['white_heart', 'white_heart white_heart', 'look white_heart', 'great look', 'trousers']"
62,flavia.ippoliti,2023-04-22 05:47:59+00:00,0.0,0.0494,neutral,"['black_heart', 'black_heart black_heart']"
62,brittanybathgate,2023-04-21 19:08:22+00:00,1.0,0.975,positive,"['look white_heart', 'love look', 'look', 'white_heart', 'love']"
62,raqscitystyle,2023-04-21 18:28:42+00:00,0.0,0.9164,positive,"['smiling_face_with_heart', 'smiling_face_with_heart eyes', 'eyes', 'coat', 'eyes smiling_face_with_heart']"
63,annabelrosendahl,2023-05-03 17:15:56+00:00,1.0,0.9525,positive,"['blazer', 'best', 'smiling_face_with_heart eyes', 'smiling_face_with_heart', 'eyes']"
63,cristinamusacchio,2023-05-03 14:17:29+00:00,0.0,0.9373,positive,['gorgeous']
63,hannah_creve,2023-05-02 14:07:40+00:00,0.0,0.728,positive,"['smiling_face_with_heart eyes', 'smiling_face_with_heart', 'eyes']"
63,artipoppe,2023-05-01 15:12:23+00:00,0.0,0.0833,neutral,"['iconic', 'black_heart']"
63,stephaniebroek,2023-05-03 18:59:22+00:00,0.0,0.1146,neutral,"['white_heart', 'white_heart white_heart']"
64,emiliehigle,2023-04-11 16:32:17+00:00,0.0,0.728,positive,"['smiling_face_with_heart eyes', 'smiling_face_with_heart', 'eyes']"
64,oro.jewels.ams,2023-04-11 14:06:35+00:00,0.0,0.7074,positive,"['smiling_face_with_heart eyes', 'smiling_face_with_heart', 'eyes', 'eyes smiling_face_with_heart']"
64,eyeofrocky,2023-04-11 07:26:15+00:00,0.0,0.6272,positive,"['coat', 'smiling_face_with_heart eyes', 'smiling_face_with_heart', 'eyes']"
64,lindatol_,2023-04-11 05:22:32+00:00,0.0,0.1141,neutral,['white_heart']
64,ditasherlock_,2023-04-11 00:59:50+00:00,0.0,0.7074,positive,"['smiling_face_with_heart eyes', 'smiling_face_with_heart', 'eyes', 'eyes smiling_face_with_heart']"
64,faaar07,2023-04-10 19:25:26+00:00,0.0,0.0519,neutral,['black_heart']
64,_yycc99,2023-04-10 19:01:54+00:00,1.0,-0.0321,neutral,"['fire', 'fire fire']"
65,artipoppe,2023-04-12 11:49:05+00:00,0.0,0.4481,neutral,"['dream', 'red_heart raising_hands', 'raising_hands', 'red_heart']"
65,1072.official,2023-04-07 16:01:24+00:00,1.0,0.952,positive,"['amazing smiling_face_with_heart', 'amazing', 'smiling_face_with_heart eyes', 'smiling_face_with_heart', 'eyes']"
65,palomawool,2023-04-07 09:00:00+00:00,1.0,0.1,neutral,"['people_hugging', 'red_heart']"
65,etoile_luxury_vintage,2023-04-07 08:29:15+00:00,0.0,0.8272,positive,"['beauty smiling_face_with_heart', 'beauty', 'smiling_face_with_heart eyes', 'smiling_face_with_heart', 'eyes']"
65,frederikeschut,2023-04-07 06:53:24+00:00,1.0,-0.0294,neutral,"['black_heart', 'white_heart black_heart', 'black_heart white_heart', 'white_heart']"
65,labro.shop,2023-04-07 06:27:50+00:00,0.0,0.903,positive,"['love white_heart', 'white_heart', 'love']"
65,___studio.tum___,2023-04-07 05:27:26+00:00,0.0,-0.0554,neutral,[]
65,stephaniebroek,2023-04-09 06:16:44+00:00,0.0,0.1537,neutral,"['red_heart', 'red_heart red_heart']"
66,joewest7114,2023-04-02 17:25:51+00:00,0.0,0.1996,neutral,"['tulip heart_on_fire', 'white_heart smiling_face_with_sunglasses', 'tulip', 'collision', 'smiling_face_with_sunglasses']"
66,fabio__montedoro,2023-03-29 19:34:41+00:00,0.0,0.9499,positive,"['look white_heart', 'white_heart black_heart', 'gorgeous', 'look', 'black_heart']"
66,thecollectionone,2023-03-26 10:26:34+00:00,0.0,-0.0265,neutral,['mooi']
66,erika_boldrin,2023-03-23 21:55:51+00:00,0.0,-0.0167,neutral,['chic']
66,byamelia_uk,2023-03-23 21:03:58+00:00,1.0,0.9194,positive,"['white_heart', 'white_heart white_heart', 'stunning']"
67,fsagency,2023-04-04 10:48:48+00:00,0.0,0.5388,positive,"['op', 'n', 'je', 'smiling_face_with_smiling_eyes', 'dm']"
67,bysiss,2023-04-03 08:03:08+00:00,0.0,0.3907,neutral,"['two_hearts', 'two_hearts two_hearts']"
67,joewest7114,2023-04-02 17:24:32+00:00,0.0,-0.0317,neutral,"['collision white_heart', 'paw_prints', 'tulip', 'heart_exclamation', 'collision']"
67,lia4,2023-04-02 09:49:27+00:00,0.0,-0.0336,neutral,"['als', 'lijkt', 'op', 'baby']"
67,essentiallyann,2023-04-02 07:35:09+00:00,0.0,0.8535,positive,"['eyes', 'eyes smiling_face_with_heart', 'smiling_face_with_heart eyes', 'smiling_face_with_heart', 'eye']"
67,gianellabello_,2023-04-02 03:36:54+00:00,0.0,0.9577,positive,['looooove']
67,gianellabello_,2023-04-02 03:36:29+00:00,0.0,0.9077,positive,['want']
67,the_weft,2023-04-01 23:09:48+00:00,0.0,0.728,positive,"['smiling_face_with_heart eyes', 'smiling_face_with_heart', 'eyes']"
67,kelsey_hewlett,2023-04-01 21:15:42+00:00,0.0,0.9581,positive,"['adorable', 'eyes']"
67,ayuddefrianti,2023-04-01 19:20:40+00:00,0.0,0.1481,neutral,"['olive', 'ahhhh', 'te', 'red_heart']"
68,k.jadereason,2023-04-04 19:36:08+00:00,0.0,0.0494,neutral,"['black_heart', 'black_heart black_heart']"
68,joewest7114,2023-04-02 17:25:04+00:00,1.0,-0.1642,neutral,"['heart_exclamation collision', 'paw_prints tulip', 'tulip heart_on_fire', 'paw_prints', 'bomb']"
68,thegoldreport,2023-03-28 08:50:53+00:00,0.0,0.0432,neutral,"['black_heart', 'black_heart black_heart']"
68,steen.brand,2023-03-27 18:19:56+00:00,0.0,0.0706,neutral,"['classic', 'raising_hands']"
68,flavia.ippoliti,2023-03-27 16:05:46+00:00,0.0,0.0519,neutral,['black_heart']
68,erika_boldrin,2023-03-27 16:05:32+00:00,1.0,0.6191,positive,"['shoes', 'smiling_face_with_heart eyes', 'smiling_face_with_heart', 'eyes']"
68,rubyfranken,2023-03-27 12:21:22+00:00,0.0,0.2898,neutral,"['mooi red_heart', 'mooi', 'red_heart']"
68,rachelleayoung,2023-03-27 11:38:15+00:00,0.0,0.0486,neutral,"['black', 'always', 'black_heart']"
68,artipoppe,2023-03-27 10:59:16+00:00,0.0,0.0519,neutral,['black_heart']
68,ellabroek,2023-03-27 07:40:35+00:00,0.0,0.107,neutral,"['fire', 'fire red_heart', 'fire fire', 'red_heart']"
69,joewest7114,2023-04-02 17:27:25+00:00,0.0,0.1681,neutral,"['smiling_face_with_sunglasses collision', 'collision paw_prints', 'paw_prints', 'bomb', 'tulip']"
69,emmavloeimans,2023-03-11 07:55:02+00:00,0.0,0.728,positive,"['smiling_face_with_heart eyes', 'smiling_face_with_heart', 'eyes']"
69,rowdins,2023-03-09 21:35:46+00:00,0.0,0.0438,neutral,"['simply', 'die', 'visit', 'would', 'smiling_face_with_heart eyes']"
69,erika_boldrin,2023-03-09 20:39:11+00:00,0.0,0.8006,positive,['best']
69,artipoppe,2023-03-09 15:42:08+00:00,0.0,0.2577,neutral,"['blue_heart', 'clapping_hands']"
69,alexisforeman,2023-03-08 21:33:16+00:00,0.0,0.9354,positive,['wonderful']
69,luciekratochvilova_,2023-03-08 21:26:27+00:00,0.0,0.0354,neutral,['ok_hand_light_skin_tone']
69,_nathaliemartin,2023-03-08 21:26:10+00:00,1.0,0.8158,positive,"['dream raising_hands', 'dream', 'raising_hands']"
69,taniceelizabeth,2023-03-08 20:43:59+00:00,0.0,0.269,neutral,"['dreamy white_heart', 'dreamy', 'white_heart']"
69,_yycc99,2023-03-08 20:40:04+00:00,0.0,0.7867,positive,"['smiling_face_with_heart eyes', 'smiling_face_with_heart', 'eyes', 'eyes smiling_face_with_heart']"
70,taffymsipa,2023-04-02 22:49:09+00:00,0.0,0.942,positive,"['love smiling_face_with_heart', 'love', 'smiling_face_with_heart eyes', 'smiling_face_with_heart', 'eyes']"
70,joewest7114,2023-04-02 17:26:08+00:00,0.0,0.2347,neutral,"['collision paw_prints', 'smiling_face_with_sunglasses collision', 'paw_prints tulip', 'paw_prints', 'bomb']"
70,joysworld_,2023-03-26 19:03:26+00:00,0.0,-0.0321,neutral,"['fire', 'fire fire']"
70,joysworld_,2023-03-26 19:03:25+00:00,0.0,0.178,neutral,[]
70,viktorija.va,2023-03-24 08:24:03+00:00,0.0,0.7867,positive,"['smiling_face_with_heart eyes', 'smiling_face_with_heart', 'eyes', 'eyes smiling_face_with_heart']"
70,thaisbritta,2023-03-23 09:27:26+00:00,0.0,-0.0665,neutral,['fire']
70,kelsey_hewlett,2023-03-23 03:01:38+00:00,1.0,0.5127,positive,"['wear', 'well']"
70,sarahlouiseblythe,2023-03-22 23:36:03+00:00,1.0,0.7867,positive,"['smiling_face_with_heart eyes', 'smiling_face_with_heart', 'eyes', 'eyes smiling_face_with_heart']"
70,bevw_m,2023-03-22 20:18:27+00:00,1.0,0.3816,neutral,"['dreamy', 'blue_heart']"
71,studioljos,2023-05-01 12:13:32+00:00,0.0,0.2403,neutral,"['lamp', 'fire']"
71,joewest7114,2023-04-02 17:27:12+00:00,0.0,-0.1275,neutral,"['tulip heart_exclamation', 'bomb collision', 'collision white_heart', 'bomb', 'tulip']"
71,patrikssontalent,2023-03-21 10:08:40+00:00,1.0,0.7867,positive,"['smiling_face_with_heart eyes', 'smiling_face_with_heart', 'eyes', 'eyes smiling_face_with_heart']"
72,katharinatruman,2023-06-06 13:50:25+00:00,0.0,0.1033,neutral,['red_heart']
72,katharinatruman,2023-06-05 21:31:02+00:00,0.0,0.8703,positive,"['love red_heart', 'love', 'red_heart']"
72,modelo_bahiano,2023-06-05 04:05:12+00:00,0.0,0.7199,positive,"['smiling_face_with_heart eyes', 'smiling_face_with_heart', 'eyes', 'musa', 'das']"
72,takeiteasymoney,2023-06-03 18:35:44+00:00,0.0,0.7262,positive,"['never forget', 'forget', 'never', 'soul', 'baby']"
72,essiek,2023-05-31 03:47:22+00:00,0.0,0.1579,neutral,"['nd pic', 'nd', 'got', 'pic', 'heart_on_fire']"
72,balazskochis,2023-05-27 22:57:04+00:00,0.0,-0.0043,neutral,"['fire fire', 'fire']"
72,lcristianerochaa,2023-05-24 00:35:16+00:00,0.0,0.1033,neutral,['red_heart']
72,april_malone_,2023-05-22 09:31:18+00:00,0.0,0.9225,positive,"['similar', 'mine', 'hair', 'like']"
72,marymuccichamberlain,2023-05-22 00:08:57+00:00,0.0,0.0278,neutral,"['fire', 'fire fire']"
72,fireshow777888,2023-05-21 17:26:27+00:00,0.0,0.2744,neutral,"['red_heart', 'red_heart red_heart']"
73,masterchefshiprakhanna,2023-06-04 06:24:44+00:00,0.0,-0.0321,neutral,"['fire', 'fire fire']"
73,faizan_raajput,2023-06-02 17:40:45+00:00,0.0,0.0321,neutral,[]
73,star_lord_1987,2023-06-01 12:45:56+00:00,0.0,0.0185,neutral,"['lower', 'one day', 'full', 'week', 'body']"
73,originalgiov1x,2023-05-31 13:04:30+00:00,0.0,0.0321,neutral,[]
73,kai.russi,2023-05-30 15:07:31+00:00,1.0,-0.0646,neutral,"['grinning_face_with_big_eyes', 'hat', 'brand']"
73,tanishhkaax,2023-05-28 10:48:43+00:00,0.0,0.0034,neutral,"['red_heart face_with_open_mouth', 'fire red_heart', 'face_with_open_mouth', 'fire', 'red_heart']"
73,guillermomachado27,2023-05-28 07:00:10+00:00,0.0,0.0667,neutral,"['flexed_biceps', 'fire']"
73,sajith_samar,2023-05-27 18:40:04+00:00,0.0,0.1602,neutral,"['mariano red_heart', 'mariano', 'fashion', 'red_heart']"
73,irischavesworld,2023-05-27 10:48:07+00:00,0.0,0.1033,neutral,['red_heart']
73,rezaasgari97,2023-05-27 07:29:42+00:00,0.0,0.0181,neutral,"['red_heart fire', 'red_heart', 'red_heart red_heart', 'fire']"
74,miriamlonei,2023-06-04 09:23:57+00:00,0.0,0.8473,positive,"['clapping_hands', 'clapping_hands clapping_hands', 'bravo', 'mariano red_heart', 'mariano']"
74,patrick_de_babi,2023-06-04 07:02:54+00:00,0.0,-0.5666,negative,"['good', 'guess', 'feel good', 'posted', 'stories']"
74,ilhamrim01,2023-06-02 17:01:04+00:00,0.0,0.5426,positive,"['quran', 'islam', 'clear quran', 'islam mariano', 'muslims']"
74,ilhamrim01,2023-06-02 17:00:46+00:00,0.0,0.5426,positive,"['quran', 'islam', 'clear quran', 'islam mariano', 'muslims']"
74,janicewilliams5440,2023-06-02 16:29:59+00:00,0.0,0.7446,positive,"['smiling_face_with_halo', 'medium_skin_tone', 'get', 'rich', 'buildings']"
74,raju_oxox,2023-06-02 15:45:51+00:00,0.0,0.3004,neutral,"['red_heart red_heart', 'red_heart']"
74,elizabeth_ob_____,2023-06-02 13:17:29+00:00,0.0,0.1033,neutral,['red_heart']
74,ebriggs1967,2023-06-01 22:16:41+00:00,0.0,0.9772,positive,"['u', 'grinning_face_with_smiling_eyes', 'winking_face', 'smiling_face_with_smiling_eyes', 'sparkling_heart']"
75,miriamlonei,2023-06-04 09:25:02+00:00,0.0,0.2391,neutral,"['clapping_hands', 'clapping_hands clapping_hands', 'raising_hands clapping_hands', 'clapping_hands raising_hands', 'bellissimo']"
75,nsem556,2023-06-04 03:43:23+00:00,0.0,-0.1969,neutral,[]
75,marisolrmartin,2023-06-03 20:17:41+00:00,0.0,0.7842,positive,"['raising_hands', 'bravo', 'red_heart raising_hands', 'raising_hands raising_hands', 'eyes red_heart']"
75,johanaseba,2023-06-03 14:47:41+00:00,1.0,0.7074,positive,"['smiling_face_with_heart eyes', 'smiling_face_with_heart', 'eyes', 'eyes smiling_face_with_heart']"
75,_nadine_adel,2023-06-03 10:32:26+00:00,0.0,0.2019,neutral,"['red_heart', 'red_heart red_heart']"
75,dr.roxnamm,2023-06-02 23:12:23+00:00,0.0,0.0321,neutral,[]
75,marielisapinheiro,2023-06-02 17:02:25+00:00,0.0,0.0006,neutral,"['de', 'que', 'e', 'tem', 'você']"
75,anaclaudiamendes,2023-06-02 10:44:46+00:00,0.0,0.341,neutral,"['sunflower', 'red_heart raising_hands', 'raising_hands', 'red_heart']"
75,primengate,2023-06-01 21:28:21+00:00,0.0,0.6234,positive,"['folded_hands_medium light_skin_tone', 'folded_hands_medium', 'light_skin_tone folded_hands_medium', 'light_skin_tone', 'god']"
76,mauricioguil07,2023-05-31 00:07:05+00:00,0.0,0.7778,positive,"['clapping_hands red_heart', 'cool', 'clapping_hands', 'red_heart']"
76,nicolettecannonn,2023-05-30 19:18:32+00:00,0.0,0.5471,positive,"['eyes dm', 'bello smiling_face_with_heart', 'bello', 'folded_hands', 'dm']"
76,pau_fonzo_bustelo,2023-05-28 18:07:41+00:00,0.0,0.0806,neutral,"['fire', 'fire fire']"
76,guillermomachado27,2023-05-28 07:00:49+00:00,0.0,0.1423,neutral,"['raising_hands', 'raising_hands raising_hands']"
76,michael_l_giaca,2023-05-27 21:45:32+00:00,0.0,0.0279,neutral,[]
76,adyto_op,2023-05-25 14:42:38+00:00,0.0,0.8287,positive,"['style clapping_hands', 'nice', 'style', 'clapping_hands']"
76,hilton.danc,2023-05-24 14:40:19+00:00,0.0,-0.5158,negative,[]
76,itskarthik._,2023-05-24 13:06:59+00:00,0.0,-0.1031,neutral,"['looking like', 'looking', 'like', 'fire']"
76,amandagusma0,2023-05-24 00:46:21+00:00,0.0,0.3585,neutral,"['clapping_hands', 'clapping_hands clapping_hands']"
76,iamsharrygigantone,2023-05-21 17:55:24+00:00,0.0,0.6124,positive,"['camera', 'smiling_face_with_sunglasses', 'clapping_hands']"
77,katharinatruman,2023-06-06 13:53:19+00:00,0.0,0.2744,neutral,"['red_heart', 'red_heart red_heart']"
77,jessbekkari,2023-05-26 20:19:41+00:00,0.0,-0.2065,neutral,"['de', 'por', 'em', 'estão', 'animais']"
77,misschatterbox5,2023-05-15 13:36:38+00:00,0.0,0.1033,neutral,['red_heart']
77,antonio.gomes.1004,2023-05-12 09:59:10+00:00,0.0,0.1889,neutral,"['bela', 'foto', 'face_blowing_a_kiss']"
77,nano_nadrian,2023-05-11 17:11:41+00:00,0.0,0.5976,positive,"['blue_heart blue_heart', 'blue_heart']"
77,safwathady,2023-05-09 17:22:30+00:00,0.0,0.9663,positive,['love']
77,ariadna_tanya,2023-05-08 07:36:46+00:00,0.0,0.117,neutral,"['fire', 'fire clapping_hands', 'fire fire', 'clapping_hands']"
77,margarethhira,2023-05-07 09:17:39+00:00,0.0,0.2019,neutral,"['red_heart', 'red_heart red_heart']"
77,_lisa.findlay_,2023-05-05 04:17:18+00:00,0.0,-0.5092,negative,"['promoting', 'test', 'supporting', 'use', 'power']"
78,katharinatruman,2023-06-06 13:54:47+00:00,0.0,0.1473,neutral,"['queen', 'red_heart']"
78,katharinatruman,2023-06-06 13:54:14+00:00,0.0,0.2792,neutral,"['red_heart red_heart', 'red_heart']"
78,marinagamm,2023-06-04 12:51:01+00:00,0.0,0.686,positive,"['clapping_hands', 'brazil', 'big', 'clapping_hands red_heart', 'red_heart fire']"
78,raffamachadooficial,2023-05-24 15:09:27+00:00,0.0,0.1312,neutral,['clapping_hands']
78,raffamachadooficial,2023-05-11 14:00:53+00:00,0.0,0.3024,neutral,"['clapping_hands', 'clapping_hands clapping_hands']"
78,caitlin_fraser55,2023-05-09 02:12:29+00:00,1.0,0.9905,positive,"['beautiful life', 'living', 'children', 'absolutely', 'wonderful']"
78,maaupo,2023-05-07 17:12:28+00:00,0.0,0.9269,positive,"['care', 'children', 'family', 'much', 'child']"
78,sakharov_arkadii,2023-05-07 15:30:27+00:00,0.0,0.9432,positive,['beautiful']
79,fdgaidarji,2023-06-05 22:26:16+00:00,0.0,0.1033,neutral,['red_heart']
79,jimtsia,2023-06-01 22:08:29+00:00,0.0,0.2589,neutral,"['song', 'flowers']"
79,aliaajtkenova8,2023-05-24 05:19:24+00:00,0.0,0.1033,neutral,['red_heart']
79,sandraafnunes,2023-05-22 02:20:20+00:00,0.0,-0.0103,neutral,"['casa', 'uma', 'boa', 'raising_hands']"
79,elainyfeador,2023-05-13 23:22:20+00:00,1.0,-0.0811,neutral,[]
79,anaclarakieling,2023-05-12 16:43:41+00:00,6.0,-0.0098,neutral,"['como eu', 'suas', 'ir', 'lá', 'quando']"
79,safwathady,2023-05-09 17:24:34+00:00,0.0,0.921,positive,"['flowers', 'leaf_fluttering_in_wind', 'fallen_leaf', 'beautiful']"
79,ariadna_tanya,2023-05-08 07:36:18+00:00,0.0,0.6943,positive,"['clapping_hands smiling_face_with_heart', 'fire clapping_hands', 'clapping_hands', 'fire', 'smiling_face_with_heart eyes']"
79,12maaria34,2023-05-05 21:48:52+00:00,0.0,-0.0616,neutral,['front']
79,mmhlenna,2023-05-03 05:27:59+00:00,0.0,0.292,neutral,"['red_heart', 'essa', 'red_heart red_heart', 'te', 'e']"
80,haileysterne__15,2023-06-06 09:34:11+00:00,0.0,-0.7729,negative,"['destroyed', 'supermodel', 'chance', 'mine']"
80,haileysterne__15,2023-06-06 09:33:46+00:00,0.0,0.9727,positive,"['orange', 'look great', 'gonna', 'great', 'look']"
80,euerica.martins,2023-06-01 14:07:47+00:00,0.0,0.0054,neutral,"['obrigada', 'nada', 'sem', 'medium light_skin_tone', 'grande']"
80,truthbtold317,2023-05-30 16:23:35+00:00,0.0,-0.1416,neutral,['male']
80,alfaromeobulo,2023-05-30 13:04:57+00:00,0.0,0.7259,positive,"['struck smiling_face_with_heart', 'star struck', 'struck', 'star', 'smiling_face_with_heart eyes']"
80,dancelove314,2023-05-29 21:35:47+00:00,0.0,0.0346,neutral,"['body like', 'skin', 'disappointed_face', 'body', 'also']"
80,edimarasilverio,2023-05-28 13:20:29+00:00,0.0,0.0637,neutral,[]
80,katie_anjali_black,2023-05-26 20:35:09+00:00,1.0,0.8389,positive,"['land', 'year', 'old', 'fun', 'man']"
81,volkanerhan2,2023-05-13 18:39:57+00:00,0.0,-0.0616,neutral,"['hiddеn', 'dm']"
82,noor_alrumaihi,2023-06-04 00:48:15+00:00,0.0,-0.0016,neutral,"['blazer', 'size']"
82,lauri.style,2023-06-02 08:53:51+00:00,0.0,0.0414,neutral,"['white_heart', 'white_heart white_heart', 'need']"
82,heitmat,2023-05-31 17:35:00+00:00,0.0,0.8703,positive,"['love red_heart', 'love', 'red_heart']"
82,sarahmcgrog,2023-05-31 13:48:59+00:00,0.0,0.4513,positive,"['obsessed smiling_face_with_heart', 'obsessed', 'smiling_face_with_heart eyes', 'smiling_face_with_heart', 'eyes']"
82,siss_tam_s,2023-05-31 12:40:13+00:00,0.0,0.7554,positive,"['blazer', 'love']"
82,nadinetosun,2023-05-31 12:26:56+00:00,0.0,0.7867,positive,"['smiling_face_with_heart eyes', 'smiling_face_with_heart', 'eyes', 'eyes smiling_face_with_heart']"
82,marinathemoss,2023-05-31 09:43:13+00:00,0.0,0.0205,neutral,['comet']
82,moyestore,2023-05-31 07:53:13+00:00,0.0,0.9251,positive,"['gorgeous white_heart', 'dove', 'gorgeous', 'white_heart']"
82,fatima3vv,2023-05-30 23:39:26+00:00,0.0,0.8916,positive,"['black_heart', 'black_heart black_heart']"
83,priestess_nana111,2023-04-11 18:34:37+00:00,1.0,0.092,neutral,"['right palm', 'love life', 'need know', 'greetings', 'noticed throat']"
83,caitmdavis,2023-03-29 01:49:12+00:00,0.0,0.1695,neutral,"['series', 'color', 'going', 'make']"
83,dannafwells,2023-03-27 12:46:21+00:00,0.0,0.8653,positive,"['abs', 'gf', 'clapping_hands', 'okay', 'fire']"
83,jenn.cassandra,2023-03-27 04:09:07+00:00,0.0,0.0278,neutral,"['fire', 'fire fire']"
83,stevenlopez248,2023-03-26 19:17:12+00:00,0.0,0.3237,neutral,['face_with_tears_of_joy']
83,stevenlopez248,2023-03-26 19:17:08+00:00,0.0,-0.4989,negative,"['belly', 'hot_beverage', 'gone']"
83,rgwalker.97,2023-03-26 15:59:29+00:00,0.0,0.7327,positive,"['hot_beverage', 'medium_skin_tone', 'eyes red_heart', 'smiling_face_with_hearts', 'smiling_face_with_heart eyes']"
83,carlvoshel,2023-03-26 14:53:52+00:00,0.0,0.9665,positive,"['sunday', 'palm', 'happy']"
84,silje.alice,2023-05-27 16:47:28+00:00,0.0,0.0681,neutral,"['medium light_skin_tone', 'medium', 'light_skin_tone', 'light_skin_tone medium', 'small']"
84,lacelamphere,2023-05-27 16:45:56+00:00,0.0,0.9564,positive,['beautiful']
84,niloofarkiapasha,2023-05-26 21:57:02+00:00,0.0,-0.0665,neutral,['fire']
84,_lawrencewood_,2023-05-26 19:10:41+00:00,0.0,0.0152,neutral,"['check dm', 'check', 'dm']"
84,marine.mnc_,2023-05-26 19:06:34+00:00,0.0,0.728,positive,"['smiling_face_with_heart eyes', 'smiling_face_with_heart', 'eyes']"
84,yanga_nm,2023-05-26 18:35:26+00:00,0.0,0.9459,positive,"['beautiful white_heart', 'absolutely', 'beautiful', 'white_heart']"
84,giuliapalombini,2023-05-26 18:12:57+00:00,1.0,0.8735,positive,"['thing', 'full', 'italy', 'place', 'little']"
84,alemarullo,2023-05-26 18:10:00+00:00,0.0,0.942,positive,"['love smiling_face_with_heart', 'love', 'smiling_face_with_heart eyes', 'smiling_face_with_heart', 'eyes']"
84,katjamautone,2023-05-26 18:08:21+00:00,0.0,0.7074,positive,"['smiling_face_with_heart eyes', 'smiling_face_with_heart', 'eyes', 'eyes smiling_face_with_heart']"
85,getgoldielocks,2023-03-23 12:04:32+00:00,0.0,0.9901,positive,"['sooooo', 'hear', 'makes us', 'difference', 'making']"
85,kellabyrd,2023-03-23 11:44:15+00:00,0.0,0.9879,positive,"['hair looks', 'looks amazing', 'stunning smiling_face_with_heart', 'hair', 'looks']"
85,satin.interior,2023-03-23 02:09:42+00:00,0.0,0.9647,positive,"['eyes lovely', 'gorgeous smiling_face_with_heart', 'jeans', 'lovely', 'gorgeous']"
85,roseandboomboutique,2023-03-23 01:53:33+00:00,0.0,0.0601,neutral,"['hair goals', 'tonight', 'goals', 'hair', 'raising_hands']"
85,nikkilovesjohnny,2023-03-23 00:37:20+00:00,1.0,-0.6122,negative,"['working', 'using', 'stop']"
85,colorbycoco,2023-03-23 00:28:39+00:00,0.0,0.2206,neutral,['goals']
85,nicoleandreaxo,2023-03-22 20:38:45+00:00,0.0,0.9858,positive,"['hair looks', 'looks amazing', 'amazing smiling_face_with_heart', 'hair', 'looks']"
85,colorclassic_,2023-03-22 19:45:31+00:00,1.0,0.9376,positive,['beautiful']
85,dannafwells,2023-03-22 19:45:18+00:00,1.0,0.6904,positive,"['hair goals', 'goals', 'hair', 'sparkles']"
85,simplysummerjenn,2023-03-22 18:23:54+00:00,1.0,0.5882,positive,"['model', 'hair', 'smiling_face_with_heart eyes', 'smiling_face_with_heart', 'eyes']"
86,taylor.embracemodels,2023-04-02 01:55:09+00:00,0.0,0.9442,positive,"['eyes dm', 'love smiling_face_with_heart', 'dm', 'love', 'smiling_face_with_heart eyes']"
86,the.wholistic.home,2023-03-21 03:25:04+00:00,0.0,0.4329,positive,['sweet']
86,courtney__jg,2023-03-20 22:04:18+00:00,1.0,-0.5137,negative,['awww']
86,jgiantasio,2023-03-20 18:46:14+00:00,1.0,0.3087,neutral,"['cuties', 'red_heart', 'red_heart red_heart']"
86,hannahmontanahm,2023-03-20 18:35:06+00:00,1.0,0.9803,positive,"['adorable red_heart', 'cutie', 'little', 'adorable', 'oh']"
86,writer.jk1,2023-03-20 18:12:07+00:00,1.0,0.0257,neutral,"['send pic', 'pic', 'send']"
87,sociojenics,2023-04-28 03:53:47+00:00,1.0,0.9068,positive,"['smiling_face_with_heart eyes', 'smiling_face_with_heart', 'eyes', 'ones', 'eyes smiling_face_with_heart']"
87,emilyjademccarthy,2023-04-18 13:12:47+00:00,0.0,0.3127,neutral,['face_with_tears_of_joy']
87,jamiekgaylor,2023-04-16 21:34:22+00:00,1.0,-0.0186,neutral,['size']
87,lovelyfancymeblog,2023-04-16 00:23:46+00:00,0.0,0.9882,positive,"['super cute', 'happy saturday', 'saturday', 'babe', 'super']"
87,ortallevitan,2023-04-16 00:00:08+00:00,0.0,0.9769,positive,"['awwww', 'awwww gorgeous', 'gorgeous red_heart', 'heart_exclamation', 'gorgeous']"
87,sweetmotherly,2023-04-15 23:20:43+00:00,0.0,0.9909,positive,"['look everything', 'happy saturday', 'saturday', 'gorgeous red_heart', 'everything']"
87,nevom_tassnim67,2023-04-15 21:16:31+00:00,0.0,0.7453,positive,"['let collab', 'contact page', 'page bio', 'lovely red_heart', 'contact']"
87,sassyqueenboutique,2023-04-15 20:59:42+00:00,0.0,0.9732,positive,"['clapping_hands', 'clapping_hands clapping_hands', 'looks good', 'obsessed', 'looks']"
87,spikesandseamsdesignco,2023-04-15 20:55:18+00:00,0.0,0.9455,positive,"['girl beating_heart', 'gorgeous girl', 'beating_heart', 'girl', 'gorgeous']"
88,koksharovad_,2023-06-01 19:53:37+00:00,0.0,0.0614,neutral,"['clapping_hands_medium light_skin_tone', 'clapping_hands_medium', 'light_skin_tone', 'fire']"
88,_vanessa.riedl,2023-05-31 18:19:39+00:00,0.0,0.0514,neutral,"['heart_with_arrow', 'heart_with_arrow heart_with_arrow', 'mega', 'schön']"
88,marketlamode,2023-05-28 19:43:49+00:00,0.0,0.728,positive,"['smiling_face_with_heart eyes', 'smiling_face_with_heart', 'eyes']"
88,elleeasom,2023-05-28 14:45:01+00:00,0.0,0.1033,neutral,['red_heart']
88,luca.costabile1926,2023-05-28 13:15:04+00:00,0.0,0.0651,neutral,[]
88,luca.costabile1926,2023-05-28 13:15:03+00:00,0.0,-0.4328,neutral,"['n', 'crying_face', 'il']"
88,mirelle.phachareeya,2023-05-28 08:44:45+00:00,0.0,0.8986,positive,"['stunning', 'red_heart']"
88,ma_belle_bonnie,2023-05-27 21:44:11+00:00,0.0,-0.0872,neutral,"['clapping_hands', 'clapping_hands clapping_hands', 'style clapping_hands', 'someone', 'hard']"
88,anastasiavkorol,2023-05-27 18:05:08+00:00,0.0,-0.1607,neutral,[]
88,skinnyloveej,2023-05-27 17:22:54+00:00,0.0,0.7635,positive,"['white_heart', 'white_heart white_heart', 'always white_heart', 'always']"
89,momlife.of.leni.and.leo,2023-03-19 05:31:46+00:00,0.0,0.7448,positive,"['red_heart clapping_hands', 'eyes red_heart', 'red_heart', 'clapping_hands', 'red_heart red_heart']"
89,lukas_seller_amazon,2023-03-16 15:32:13+00:00,0.0,0.9407,positive,"['clothes', 'let', 'work', 'us', 'pictures videos']"
89,nevomjewelry,2023-03-16 12:22:37+00:00,0.0,0.9886,positive,"['eyes send', 'send us', 'lovely smiling_face_with_heart', 'sweetie', 'love looks']"
89,hannahmontanahm,2023-03-16 01:01:01+00:00,1.0,0.9533,positive,['congratulations']
89,drew_drew27,2023-03-15 23:14:48+00:00,0.0,0.9638,positive,"['congratulations', 'smiling_face_with_heart eyes', 'smiling_face_with_heart', 'eyes', 'eyes smiling_face_with_heart']"
89,hometownheritageclothing,2023-03-15 21:44:43+00:00,0.0,0.9369,positive,"['congratulations', 'two_hearts']"
89,anim.al5159,2023-03-15 21:07:30+00:00,0.0,0.2403,neutral,['promote']
89,simplysummerjenn,2023-03-15 21:00:20+00:00,0.0,0.9834,positive,"['cutie', 'congrats']"
90,madit.70,2023-06-02 17:01:31+00:00,0.0,0.0791,neutral,['bella']
90,karolinehommelstad,2023-06-01 20:48:07+00:00,0.0,-0.1237,neutral,"['sunglasses', 'dizzy']"
90,hannahkidi,2023-05-28 19:42:21+00:00,0.0,0.1037,neutral,"['know', 'fire']"
90,annelauremais,2023-05-28 17:18:42+00:00,0.0,-0.0665,neutral,['fire']
90,z.kosek,2023-05-28 15:04:16+00:00,0.0,0.0196,neutral,[]
90,eda.mucaj,2023-05-28 14:59:13+00:00,0.0,0.0278,neutral,"['fire', 'fire fire']"
90,martinhanssons,2023-05-28 12:34:17+00:00,0.0,0.7074,positive,"['smiling_face_with_heart eyes', 'smiling_face_with_heart', 'eyes', 'eyes smiling_face_with_heart']"
90,siss_tam_s,2023-05-27 19:01:24+00:00,0.0,-0.0045,neutral,['short']
91,alemarullo,2023-05-26 18:10:41+00:00,0.0,0.208,neutral,['fire']
91,silje.alice,2023-05-26 15:34:43+00:00,0.0,0.4976,positive,"['goddess', 'smiling_face_with_heart eyes', 'smiling_face_with_heart', 'eyes', 'eyes smiling_face_with_heart']"
91,carmen.cita.jones,2023-05-26 12:15:36+00:00,0.0,0.9614,positive,"['white_heart', 'white_heart white_heart', 'looooove']"
91,92thestudio,2023-05-26 10:07:34+00:00,0.0,0.9502,positive,"['gorgeous smiling_face_with_heart', 'smiling_face_with_heart eyes', 'smiling_face_with_heart', 'gorgeous', 'eyes']"
91,julia__kuz,2023-05-26 08:10:48+00:00,0.0,0.7867,positive,"['smiling_face_with_heart eyes', 'smiling_face_with_heart', 'eyes', 'eyes smiling_face_with_heart']"
91,ioanna_pennia,2023-05-26 07:21:14+00:00,0.0,0.1033,neutral,['red_heart']
91,tatuli_i,2023-05-26 06:29:53+00:00,0.0,0.0467,neutral,"['coconut', 'brown_heart white_heart', 'brown_heart', 'white_heart']"
91,justinecassandre,2023-05-26 04:39:51+00:00,0.0,0.6378,positive,"['che bella', 'bella', 'che', 'smiling_face_with_heart', 'smiling_face_with_heart eyes']"
91,ariellespring,2023-05-26 01:03:55+00:00,0.0,0.9008,positive,"['wow smiling_face_with_heart', 'wow', 'smiling_face_with_heart eyes', 'smiling_face_with_heart', 'eyes']"
91,luana__swan,2023-05-25 22:52:19+00:00,0.0,0.7959,positive,"['success', 'choose', 'decision', 'making']"
92,studioljos,2023-05-01 12:12:30+00:00,0.0,0.0806,neutral,"['fire', 'fire fire']"
92,priestess_salomi_williams,2023-04-26 03:58:25+00:00,0.0,0.762,positive,"['see', 'message', 'blocked kindly', 'need honest', 'see around']"
92,maritsimons,2023-04-20 20:14:01+00:00,0.0,0.0762,neutral,['brown_heart']
92,anoukyve,2023-04-14 05:57:16+00:00,0.0,0.0432,neutral,"['black_heart', 'black_heart black_heart']"
93,jmwheeler88,2023-06-06 18:21:28+00:00,0.0,0.0115,neutral,['links']
93,mariainesdvs,2023-06-06 02:25:42+00:00,0.0,0.0115,neutral,['links']
93,texas.riddles,2023-06-05 12:10:26+00:00,1.0,0.0115,neutral,['links']
93,jsgonzalez85,2023-06-03 11:37:26+00:00,1.0,0.0115,neutral,['links']
93,breewhorton,2023-05-31 10:43:08+00:00,0.0,0.3538,neutral,"['sun', 'sun sun', 'two piece', 'piece', 'set']"
93,everyday.holly,2023-06-06 18:21:41+00:00,0.0,0.0102,neutral,"['messaged links', 'messaged', 'links']"
94,stephnadams,2023-03-15 19:54:43+00:00,1.0,0.1194,neutral,"['law', 'grandma', 'father', 'mom']"
94,larissa_xoxo_larissa,2023-03-14 08:00:13+00:00,0.0,-0.0094,neutral,[]
94,roooku.official,2023-03-14 07:36:59+00:00,0.0,0.9826,positive,"['send free', 'requests', 'sending', 'women', 'check dm']"
94,pd203,2023-03-13 19:18:26+00:00,0.0,-0.5988,negative,"['fuck', 'month', 'dashing_away', 'money_bag', 'wife']"
94,sweetmotherly,2023-03-13 18:59:44+00:00,0.0,0.985,positive,"['gorgeous', 'gorgeous girl', 'girl', 'heart_on_fire']"
94,elizabeth_rovens,2023-03-13 18:33:09+00:00,0.0,0.7323,positive,"['sparkling_heart two_hearts', 'already', 'obsessed', 'know', 'sparkling_heart']"
94,president_kaity,2023-03-13 18:30:22+00:00,0.0,-0.1265,neutral,"['son looks', 'law', 'weird', 'exactly', 'son']"
94,jejarrell,2023-03-13 18:27:37+00:00,0.0,0.3628,neutral,"['lmao', 'video', 'face_with_tears_of_joy']"
94,rhyancaminske,2023-03-15 19:57:38+00:00,0.0,-0.1172,neutral,"['die', 'plus', 'way', 'would']"
94,stephnadams,2023-03-15 20:02:06+00:00,0.0,-0.8214,negative,"['poor', 'lmao']"
95,emilyjademccarthy,2023-03-08 22:50:44+00:00,0.0,0.9737,positive,"['fam', 'cutest', 'red_heart']"
95,momlife.of.leni.and.leo,2023-03-07 15:58:35+00:00,0.0,0.7753,positive,"['red_heart', 'red_heart red_heart', 'eyes red_heart', 'smiling_face_with_heart eyes', 'smiling_face_with_heart']"
95,whatwomenwanttoday_podcast,2023-03-07 01:54:46+00:00,0.0,0.9714,positive,"['beautiful family', 'family', 'beautiful']"
95,kajal.verma806,2023-03-06 22:04:41+00:00,0.0,0.195,neutral,"['fam', 'promote']"
95,willnfl,2023-03-06 20:06:33+00:00,0.0,0.2464,neutral,"['red_heart', 'red_heart red_heart']"
95,sweetmotherly,2023-03-06 19:17:42+00:00,0.0,0.9897,positive,"['happy monday', 'babe smiling_face_with_heart', 'monday', 'eyes two_hearts', 'stylish']"
95,simplysummerjenn,2023-03-06 19:07:16+00:00,0.0,0.3426,neutral,"['face_with_tears_of_joy', 'face_with_tears_of_joy face_with_tears_of_joy', 'last pic', 'away', 'still']"
95,simplysummerjenn,2023-03-06 19:05:53+00:00,0.0,0.9314,positive,"['family red_heart', 'cutest', 'family', 'red_heart']"
95,cajuntrader1987,2023-03-06 19:04:17+00:00,0.0,0.9621,positive,"['beautiful family', 'family', 'beautiful']"
95,rach.antonacci,2023-03-06 18:44:02+00:00,0.0,0.2576,neutral,"['palm_tree', 'omg', 'red_heart']"
96,malloryleerichardson,2023-03-02 19:40:39+00:00,1.0,0.0278,neutral,"['fire', 'fire fire']"
96,dweb464,2023-03-02 15:10:22+00:00,1.0,0.9759,positive,"['eyes smiling_face_with_heart', 'smiling_face_with_heart eyes', 'smiling_face_with_heart', 'eyes', 'bikini']"
96,laura.shwartz,2023-03-02 14:30:49+00:00,1.0,0.0877,neutral,"['fire', 'fire fire', 'okay']"
96,chelseaanndrysdale,2023-03-02 14:30:47+00:00,1.0,0.9783,positive,"['amazing fire', 'look amazing', 'amazing', 'look', 'fire']"
96,karrlton,2023-03-02 14:16:53+00:00,1.0,0.4258,positive,"['fire', 'fire fire']"
96,jakeb7490,2023-03-02 10:42:21+00:00,2.0,-0.4328,neutral,"['lol', 'much']"
96,courtney__jg,2023-03-02 05:35:09+00:00,1.0,0.4387,positive,"['fire', 'fire fire']"
96,rhyancaminske,2023-03-04 17:00:16+00:00,1.0,0.2284,neutral,[]
96,jakeb7490,2023-03-06 10:51:37+00:00,1.0,-0.0792,neutral,"['button', 'belly', 'ring', 'tho']"
97,wiedemanntami,2023-03-01 13:18:25+00:00,0.0,0.967,positive,"['smiling_face_with_hearts', 'face_blowing_a_kiss smiling_face_with_hearts', 'smiling_face_with_hearts face_blowing_a_kiss', 'pictures', 'awesome']"
97,fragrancewithlindsay,2023-02-28 13:58:05+00:00,1.0,0.9305,positive,"['smiling_face_with_sunglasses star', 'sunglasses', 'find', 'smiling_face_with_sunglasses', 'struck']"
97,amomoma_official,2023-02-28 08:40:18+00:00,0.0,0.9878,positive,"['love content', 'forward', 'sent dm', 'glasses', 'content']"
97,mapeter5,2023-02-28 06:08:50+00:00,0.0,0.9579,positive,"['coconut', 'rocks', 'beach', 'go', 'best']"
97,cajuntrader1987,2023-02-27 22:59:02+00:00,0.0,0.9447,positive,"['pics', 'cute']"
97,garbark1255,2023-02-27 19:20:55+00:00,0.0,0.1407,neutral,"['fire', 'fire fire', 'fire smiling_face_with_sunglasses', 'smiling_face_with_sunglasses']"
97,drcarlenelink,2023-02-27 19:12:43+00:00,0.0,0.9474,positive,"['oh hi', 'oh', 'hi', 'gorgeous']"
97,steve2044.sd,2023-02-27 18:50:49+00:00,0.0,0.4723,positive,['suits']
97,blushinginstyle,2023-02-27 18:27:39+00:00,0.0,0.5704,positive,"['tan', 'fire']"
97,rhyancaminske,2023-02-28 20:53:34+00:00,1.0,0.0492,neutral,['link']
98,michdumas,2023-02-16 22:33:20+00:00,1.0,0.9497,positive,"['cute', 'face_with_tears_of_joy']"
98,sarahelizabeth7,2023-02-16 20:28:26+00:00,1.0,0.0774,neutral,"['last pic', 'last', 'pic']"
98,dentsdents,2023-02-16 19:13:01+00:00,1.0,0.9849,positive,"['pretty smiling_face_with_heart', 'oh', 'pretty', 'smiling_face_with_heart eyes', 'smiling_face_with_heart']"
98,radiatebeautynow,2023-02-16 19:11:58+00:00,1.0,0.0803,neutral,['clapping_hands']
98,stephnadams,2023-02-16 19:07:29+00:00,1.0,0.0725,neutral,"['talking', 'least', 'face_with_tears_of_joy']"
98,grip2u,2023-02-16 19:02:34+00:00,1.0,0.4634,neutral,"['growing_heart', 'orange_heart']"
98,rhyancaminske,2023-02-19 12:13:08+00:00,0.0,0.9679,positive,['happy']
98,rhyancaminske,2023-02-19 12:13:19+00:00,0.0,0.9752,positive,"['thank much', 'thank', 'much']"
99,aesistersoriginal,2023-03-03 03:19:23+00:00,0.0,0.9838,positive,"['clapping_hands', 'clapping_hands clapping_hands', 'sporty', 'would look', 'outfits']"
99,living.life.with.leah,2023-02-20 13:20:26+00:00,0.0,0.1201,neutral,"['shop', 'sales', 'need']"
99,hangasa1,2023-02-20 08:43:33+00:00,0.0,0.2001,neutral,"['sun_with_face', 'sun_with_face sun_with_face']"
99,blushinginstyle,2023-02-20 01:55:22+00:00,0.0,0.8519,positive,"['outfit smiling_face_with_heart', 'whole', 'outfit', 'need', 'smiling_face_with_heart eyes']"
99,wanda_n_branon,2023-02-19 23:39:19+00:00,0.0,0.4095,positive,"['success', 'path', 'achieve', '__trader', 'hard']"
99,famandjamdesign,2023-02-19 23:19:25+00:00,0.0,0.9561,positive,['cute']
99,sag_mike890,2023-02-19 23:05:21+00:00,0.0,-0.0419,neutral,"['𝐚𝐧𝐝', '𝐈', '𝐦𝐲', '𝐰𝐢𝐭𝐡', 'lisa']"
99,_elensantos835,2023-02-19 22:10:03+00:00,0.0,0.8299,positive,"['truly', 'receiving', 'made k', 'higher', 'appreciating']"
99,radiatebeautynow,2023-02-19 21:30:32+00:00,0.0,0.0803,neutral,['clapping_hands']
99,wenintexas,2023-02-19 20:51:56+00:00,0.0,0.9897,positive,"['yess', 'summer', 'sun', 'loving']"
100,lellavictoria,2023-06-04 21:48:55+00:00,0.0,0.9557,positive,"['ok_hand_medium light_skin_tone', 'ok_hand_medium', 'light_skin_tone', 'combination', 'light_skin_tone ok_hand_medium']"
100,sarahmcgrog,2023-06-04 12:27:12+00:00,0.0,0.728,positive,"['smiling_face_with_heart eyes', 'smiling_face_with_heart', 'eyes']"
100,g_r_a_a_f,2023-06-04 10:18:32+00:00,0.0,-0.0346,neutral,"['так', 'clapping_hands', 'red_heart']"
100,pop.in.its.cristina,2023-06-04 10:07:15+00:00,0.0,0.7074,positive,"['smiling_face_with_heart eyes', 'smiling_face_with_heart', 'eyes', 'eyes smiling_face_with_heart']"
100,jamie.roberts87,2023-06-04 09:58:28+00:00,0.0,0.9677,positive,"['amber', 'amber ring', 'also love', 'ring', 'adore']"
101,skb1962,2023-06-06 06:46:10+00:00,1.0,0.9835,positive,"['x', 'really', 'love']"
101,jennaloha,2023-06-05 22:14:12+00:00,1.0,0.0149,neutral,"['dont', 'tall', 'soooo', 'whole', 'face_with_open_mouth smiling_face_with_heart']"
101,antrieu,2023-06-05 21:08:53+00:00,1.0,0.9419,positive,"['effortless', 'look good', 'clothes', 'make', 'good']"
101,claraa.frcs,2023-06-05 20:03:56+00:00,0.0,0.8402,positive,"['eyes smiling_face_with_heart', 'smiling_face_with_heart eyes', 'smiling_face_with_heart', 'eyes']"
101,thecoolmomco,2023-06-05 20:03:35+00:00,1.0,0.728,positive,"['smiling_face_with_heart eyes', 'smiling_face_with_heart', 'eyes']"
101,monikh,2023-06-06 13:20:39+00:00,1.0,0.9759,positive,"['putting', 'order today', 'today', 'order', 'stunning']"
101,thedoctorette,2023-06-06 18:22:10+00:00,0.0,-0.1157,neutral,"['see evil_monkey', 'spot', 'evil_monkey', 'end', 'may']"
102,re.bornswim,2023-06-05 17:26:55+00:00,0.0,0.7074,positive,"['smiling_face_with_heart eyes', 'smiling_face_with_heart', 'eyes', 'eyes smiling_face_with_heart']"
102,wardrobetherapy,2023-06-05 01:08:51+00:00,0.0,0.4513,positive,"['obsessed smiling_face_with_heart', 'obsessed', 'smiling_face_with_heart eyes', 'smiling_face_with_heart', 'eyes']"
102,leah.chelsea,2023-06-03 16:02:19+00:00,0.0,0.7867,positive,"['smiling_face_with_heart eyes', 'smiling_face_with_heart', 'eyes', 'eyes smiling_face_with_heart']"
102,phoshooo,2023-06-03 10:46:33+00:00,0.0,-0.0142,neutral,"['size go', 'go', 'size']"
102,phoshooo,2023-06-03 10:46:22+00:00,0.0,-0.0665,neutral,['fire']
102,joannalari,2023-06-02 13:50:15+00:00,0.0,0.2468,neutral,['green_heart']
102,interioryesplz,2023-06-02 08:00:25+00:00,0.0,0.2831,neutral,"['green_heart yellow_heart', 'yellow_heart', 'green_heart']"
102,kianazakar,2023-06-02 07:53:16+00:00,0.0,0.0685,neutral,"['herb', 'obsessed', 'two_hearts']"
102,pilates_prescription,2023-06-01 21:16:43+00:00,0.0,0.9789,positive,"['love set', 'set', 'raising_hands', 'love']"
102,wanderandlash,2023-06-01 20:57:19+00:00,1.0,0.9699,positive,"['dress', 'green_heart', 'love']"
103,charlotte_ransonx,2023-06-04 12:58:25+00:00,0.0,0.8102,positive,"['eyes smiling_face_with_heart', 'smiling_face_with_heart eyes', 'smiling_face_with_heart', 'eyes', 'outfit smiling_face_with_heart']"
103,cylia.herbertson,2023-06-04 12:12:54+00:00,0.0,0.9365,positive,"['two', 'fire']"
103,beije_store,2023-06-04 09:28:42+00:00,0.0,0.7074,positive,"['smiling_face_with_heart eyes', 'smiling_face_with_heart', 'eyes', 'eyes smiling_face_with_heart']"
103,jessie_bush,2023-06-03 00:49:37+00:00,1.0,0.1337,neutral,[]
103,bryantsimmons,2023-06-02 23:33:42+00:00,1.0,0.1033,neutral,['red_heart']
103,percy.langley,2023-06-02 14:52:26+00:00,0.0,0.9052,positive,"['green_heart black_heart', 'green_heart', 'gorgeous', 'black_heart']"
103,the_moments,2023-06-02 13:32:35+00:00,0.0,0.728,positive,"['smiling_face_with_heart eyes', 'smiling_face_with_heart', 'eyes']"
103,lapiz_of_luxury,2023-06-02 12:16:09+00:00,0.0,0.874,positive,"['fave', 'ladies', 'fire']"
103,star_g_rose,2023-06-02 10:07:32+00:00,0.0,0.7088,positive,"['faves', 'dark_skin_tone', 'sparkling_heart', 'light_skin_tone']"
103,camillecharriere,2023-06-02 09:00:26+00:00,1.0,-0.0274,neutral,['glasses']
104,claraa.frcs,2023-06-05 18:09:01+00:00,0.0,0.236,neutral,"['red_heart', 'red_heart red_heart']"
104,clr_mcd,2023-06-03 17:52:45+00:00,1.0,0.7074,positive,"['smiling_face_with_heart eyes', 'smiling_face_with_heart', 'eyes', 'eyes smiling_face_with_heart']"
104,napa.go,2023-06-03 12:09:31+00:00,1.0,0.1181,neutral,"['black_heart star', 'yellow_heart black_heart', 'star struck', 'struck', 'yellow_heart']"
104,dearcarot,2023-06-02 21:39:29+00:00,1.0,0.4633,positive,['love']
104,flavia.ippoliti,2023-06-02 11:57:35+00:00,1.0,0.0494,neutral,"['black_heart', 'black_heart black_heart']"
104,jasminemcneil01,2023-06-02 10:29:15+00:00,1.0,-0.0205,neutral,"['obsessed', 'bag', 'omg']"
104,wardrobetherapy,2023-06-02 02:28:58+00:00,0.0,0.1616,neutral,"['sander', 'sander top', 'jil sander', 'jil', 'drooling_face']"
104,itsrashie,2023-06-01 20:17:58+00:00,0.0,0.115,neutral,"['smiling_face_with_heart eyes', 'smiling_face_with_heart', 'eyes']"
104,morgane_594,2023-06-01 19:22:32+00:00,0.0,0.8129,positive,"['wow red_heart', 'wow', 'red_heart', 'red_heart red_heart']"
105,lalasalamashop,2023-04-14 09:09:19+00:00,0.0,-0.1934,neutral,['shoes']
105,artipoppe,2023-04-03 07:36:59+00:00,1.0,0.6586,positive,"['art', 'black_heart sparkles', 'looking', 'sparkles', 'black_heart']"
105,joewest7114,2023-04-02 17:24:49+00:00,0.0,0.329,neutral,"['heart_exclamation collision', 'tulip heart_exclamation', 'tulip', 'heart_exclamation', 'collision']"
105,vestito.collected,2023-03-30 14:50:21+00:00,0.0,0.9613,positive,"['blazer', 'chic', 'white_heart']"
105,fabio__montedoro,2023-03-29 19:34:31+00:00,0.0,0.8513,positive,"['black_heart', 'black_heart black_heart', 'amazing']"
105,stephaniebroek,2023-04-03 11:04:29+00:00,0.0,-0.2919,neutral,"['people_hugging', 'broken_heart']"
106,miele.miele.90226,2023-06-06 19:00:13+00:00,0.0,0.8524,positive,"['smiling_cat_with_heart eyes', 'smiling_cat_with_heart', 'sparkling_heart', 'bella famiglia', 'eyes smiling_cat_with_heart']"
106,danebella22,2023-06-06 18:58:02+00:00,1.0,0.6294,positive,"['mais linda', 'família', 'linda smiling_face_with_heart', 'mais', 'red_heart raising_hands']"
106,seoin_guk_ccc327,2023-06-06 18:39:57+00:00,0.0,-0.6761,negative,"['open', 'sending', 'pictures', 'stop', 'reply']"
106,terezaxavier,2023-06-06 18:09:18+00:00,0.0,0.1512,neutral,"['raising_hands raising_hands', 'raising_hands']"
106,saiharish280,2023-06-06 18:06:16+00:00,0.0,0.4324,neutral,['face_with_tears_of_joy']
106,ideiassandra,2023-06-06 17:56:47+00:00,0.0,0.0398,neutral,"['família', 'red_heart']"
106,antonio_pondi,2023-06-06 17:56:07+00:00,0.0,0.1033,neutral,['red_heart']
106,cosimomarino5,2023-06-06 17:53:48+00:00,0.0,-0.0431,neutral,"['di fedez', 'ciao chiara', 'sul', 'fedez', 'ciao']"
106,melal_fantasy2109,2023-06-06 17:02:15+00:00,0.0,0.0321,neutral,[]
106,anhaywardofficial,2023-06-06 16:44:52+00:00,0.0,0.9905,positive,"['wait', 'beautiful family', 'season', 'real', 'family']"
107,robin282831,2023-06-06 19:30:15+00:00,0.0,-0.16,neutral,"['che', 'voi', 'posso', 'ragazzi', 'pizza']"
107,milkandrosesdubai,2023-06-06 19:29:47+00:00,0.0,0.9895,positive,"['sparkling_heart', 'sparkling_heart sparkling_heart', 'adventure', 'heart_with_ribbon', 'congratulations']"
107,silviaeppoi,2023-06-06 19:29:09+00:00,0.0,0.5157,positive,"['tuoi', 'dei', 'smiling_face_with_heart eyes', 'smiling_face_with_heart', 'eyes']"
107,priscillaminutello,2023-06-06 19:29:04+00:00,0.0,0.1033,neutral,['red_heart']
107,fosbergjr.dave,2023-06-06 19:28:48+00:00,0.0,0.937,positive,"['awesome', 'smiling_face_with_sunglasses']"
107,contianita79,2023-06-06 19:30:25+00:00,0.0,-0.0317,neutral,"['ha', 'mi', 'che', 'quello che', 'complimenti per']"
107,antonella_babusci,2023-06-06 19:30:32+00:00,0.0,-0.084,neutral,"['casa mia', 'mia', 'anche', 'casa', 'mi']"
108,martina_piskorova,2023-06-06 17:25:15+00:00,0.0,0.1033,neutral,['red_heart']
108,chaniago_suku,2023-06-06 17:17:08+00:00,0.0,0.9683,positive,['beautiful']
108,joewest902,2023-06-06 15:08:23+00:00,0.0,-0.0657,neutral,"['hibiscus collision', 'hibiscus', 'collision', 'dizzy', 'heart_on_fire']"
108,sevdamezzon,2023-06-06 13:02:23+00:00,0.0,0.1588,neutral,"['fire', 'fire fire', 'clapping_hands', 'clapping_hands clapping_hands', 'fire clapping_hands']"
108,elixsm_,2023-06-06 11:17:18+00:00,0.0,0.2744,neutral,"['red_heart', 'red_heart red_heart']"
108,vincenzo.piccolo.1238,2023-06-06 10:55:20+00:00,0.0,-0.0568,neutral,"['fire fire', 'fire', 'red_heart red_heart', 'red_heart', 'red_heart fire']"
109,giovanniprevete,2023-06-06 19:23:28+00:00,0.0,0.3645,neutral,[]
109,fabiogra87,2023-06-06 19:16:15+00:00,0.0,0.001,neutral,"['oggi', 'na', 'foto', 'che']"
109,fabiogra87,2023-06-06 19:20:32+00:00,0.0,-0.0357,neutral,"['di', 'che', 'e', 'sulle', 'quella']"
110,reme5854,2023-06-06 19:28:57+00:00,0.0,0.1033,neutral,['red_heart']
110,ohashikazuo,2023-06-06 19:21:17+00:00,0.0,0.1047,neutral,"['heart_with_arrow heart_with_arrow', 'heart_with_arrow', 'red_heart', 'red_heart red_heart']"
110,fosbergjr.dave,2023-06-06 19:21:13+00:00,0.0,0.5861,positive,['nice']
110,mazzoccatoo,2023-06-06 19:14:48+00:00,0.0,0.5781,positive,"['bellissima', 'smiling_face_with_heart eyes', 'smiling_face_with_heart', 'eyes']"
110,aldo_buzzella,2023-06-06 19:14:00+00:00,0.0,0.1997,neutral,"['heart_exclamation', 'heart_exclamation heart_exclamation']"
110,dany2666,2023-06-06 19:03:38+00:00,0.0,0.1206,neutral,"['belli', 'belli red_heart', 'che', 'red_heart']"
110,danebella22,2023-06-06 18:59:21+00:00,1.0,0.1781,neutral,"['belíssima', 'red_heart', 'red_heart red_heart']"
111,mlnvbr,2023-05-21 10:51:45+00:00,0.0,0.7006,positive,"['smiling_face_with_heart eyes', 'smiling_face_with_heart', 'eyes', 'eyes smiling_face_with_heart']"
111,mauriziocalabromua,2023-05-19 23:05:25+00:00,0.0,0.2744,neutral,"['red_heart', 'red_heart red_heart']"
111,valerapirogova,2023-05-19 20:48:52+00:00,0.0,-0.046,neutral,"['красота', 'fire clapping_hands', 'clapping_hands', 'fire']"
111,altynai2727117,2023-05-19 13:13:28+00:00,0.0,0.0278,neutral,"['fire', 'fire fire']"
111,ira_nekrashevich,2023-05-19 11:31:25+00:00,1.0,0.0321,neutral,[]
111,fela_montparnasse_felappi,2023-05-19 11:14:41+00:00,0.0,-0.2165,neutral,[]
111,reginavandysheva,2023-05-19 09:29:43+00:00,0.0,0.9749,positive,"['red_heart black_heart', 'wooow', 'smiling_cat_with_heart', 'smiling_cat_with_heart eyes', 'eyes red_heart']"
111,mirna.zwein,2023-05-19 07:49:26+00:00,0.0,0.9841,positive,"['shots', 'wowww', 'nice', 'red_heart']"
111,riwa_salameh,2023-05-19 07:49:08+00:00,0.0,0.9735,positive,"['pretty woman', 'woman', 'pretty', 'smiling_face_with_heart eyes', 'smiling_face_with_heart']"
111,georgina_kfoury,2023-05-19 07:48:51+00:00,0.0,0.9881,positive,"['amazing dress', 'dress smiling_face_with_heart', 'wowww', 'dress', 'eyes red_heart']"
112,laghignaloredana,2023-06-06 19:19:13+00:00,0.0,-0.0726,neutral,"['face_with_open_mouth face_with_open_mouth', 'face_with_open_mouth']"
112,vaduva_emilia,2023-06-06 19:18:36+00:00,0.0,-0.0796,neutral,"['grazie', 'chiara', 'una']"
112,gaelama,2023-06-06 19:13:52+00:00,0.0,-0.0316,neutral,"['buona', 'scarpe', 'le tue', 'fanno la', 'tue']"
113,mavinkwesiga,2023-06-06 19:29:01+00:00,0.0,0.3866,neutral,"['red_heart red_heart', 'red_heart', 'clapping_hands', 'red_heart clapping_hands', 'clapping_hands clapping_hands']"
113,francocandido,2023-06-06 19:21:19+00:00,0.0,0.0278,neutral,"['fire', 'fire fire']"
113,giusdon91,2023-06-06 18:44:22+00:00,0.0,0.7654,positive,"['winking_face', 'smiling_face_with_smiling_eyes', 'vita', 'winking_face winking_face', 'smiling_face_with_smiling_eyes smiling_face_with_smiling_eyes']"
113,jaroniecmarta,2023-06-06 18:33:15+00:00,0.0,0.2749,neutral,"['red_heart red_heart', 'red_heart']"
113,saragodoy92pe,2023-06-06 19:28:14+00:00,0.0,-0.0164,neutral,"['tag', 'hai', 'il']"
114,mmoore216,2023-06-06 11:59:05+00:00,0.0,0.949,positive,"['clapping_hands', 'fire', 'clapping_hands clapping_hands', 'fire fire', 'smiling_face_with_heart eyes']"
114,lcarlosandresl,2023-06-03 04:11:06+00:00,0.0,0.1423,neutral,"['raising_hands', 'raising_hands raising_hands']"
114,shanlabanane,2023-05-31 06:56:36+00:00,0.0,0.5184,positive,"['protect', 'waters', 'care', 'land', 'way']"
114,amy_loudd,2023-05-29 04:01:04+00:00,0.0,0.9748,positive,['amazing']
114,hellensshileid,2023-05-24 14:10:25+00:00,0.0,0.1033,neutral,['red_heart']
114,lcristianerochaa,2023-05-24 00:34:49+00:00,0.0,0.1033,neutral,['red_heart']
117,fernandadaysma23,2023-06-06 18:23:00+00:00,0.0,0.8012,positive,"['family two_hearts', 'family', 'face_blowing_a_kiss', 'eyes red_heart', 'two_hearts']"
117,eliaemanuela631,2023-06-06 18:17:24+00:00,0.0,0.7701,positive,"['eyes smiling_face_with_heart', 'smiling_face_with_heart eyes', 'smiling_face_with_heart', 'eyes', 'top smiling_face_with_heart']"
117,abhisheksingh2703,2023-06-06 17:49:49+00:00,0.0,0.1033,neutral,['red_heart']
117,mhmd6054,2023-06-06 16:33:07+00:00,0.0,0.0478,neutral,['kiss_mark']
117,sonu2kumar199697,2023-06-06 15:57:34+00:00,0.0,0.9826,positive,"['nice pic', 'ha', 'pic', 'nice', 'red_heart']"
117,hankaanka92,2023-06-06 15:39:53+00:00,0.0,0.2744,neutral,"['red_heart', 'red_heart red_heart']"
122,ameeesh.p,2023-05-17 16:51:45+00:00,0.0,-0.1997,neutral,['fire']
122,fela_montparnasse_felappi,2023-05-17 08:20:47+00:00,0.0,0.018,neutral,['come']
122,gusarova_d,2023-05-17 01:46:36+00:00,0.0,0.728,positive,"['smiling_face_with_heart eyes', 'smiling_face_with_heart', 'eyes']"
122,kapovaalena,2023-05-16 19:21:15+00:00,0.0,-0.0009,neutral,"['rocket', 'united_states']"
122,anisvlasova,2023-05-16 18:26:18+00:00,0.0,0.0519,neutral,['black_heart']
122,aleishakova,2023-05-16 18:24:17+00:00,0.0,0.3792,positive,['wooow']
122,iulloza,2023-05-16 18:23:31+00:00,0.0,0.8377,positive,"['slightly_smiling_face', 'smiling_face_with_hearts face_blowing_a_kiss', 'face_blowing_a_kiss', 'smiling_face_with_hearts']"
122,vert.tanya,2023-05-16 18:21:54+00:00,0.0,-0.0167,neutral,['chic']
122,valyamihei,2023-05-16 18:20:54+00:00,0.0,0.7355,positive,"['drooling_face', 'drooling_face drooling_face']"
122,boykomash,2023-05-16 18:19:53+00:00,0.0,0.7349,positive,['incredible']
124,stylesprinter,2023-05-20 21:54:28+00:00,0.0,-0.0665,neutral,['fire']
124,stylesprinter,2023-05-20 21:54:25+00:00,0.0,-0.1555,neutral,"['fire fire', 'fire', 'stunner fire', 'stunner']"
124,rebeccalaurey,2023-05-13 18:07:13+00:00,0.0,0.4976,positive,"['beauty red_heart', 'beauty', 'red_heart']"
124,realjosimarveroni,2023-05-13 17:42:26+00:00,1.0,0.0205,neutral,['bela']
124,sancho_2599,2023-05-13 07:55:09+00:00,0.0,-0.0917,neutral,"['fire fire', 'fire']"
124,roaraujopnn,2023-05-12 21:30:06+00:00,0.0,0.2019,neutral,"['red_heart', 'red_heart red_heart']"
124,dermae,2023-05-12 11:44:40+00:00,0.0,0.9821,positive,"['always smiling_face_with_heart', 'looking gorgeous', 'eyes two_hearts', 'looking', 'always']"
124,nader23moghadam1,2023-05-11 20:34:34+00:00,0.0,0.1804,neutral,"['sun_with_face', 'yellow_heart']"
124,fela_montparnasse_felappi,2023-05-11 18:00:27+00:00,0.0,0.7414,positive,['greatest']
124,lovemudnik,2023-05-11 16:48:54+00:00,0.0,-0.1308,neutral,[]
125,anya.ryabkova_,2023-05-09 15:45:34+00:00,0.0,-0.0665,neutral,['fire']
125,tar_heleno,2023-05-06 05:13:07+00:00,0.0,0.4693,neutral,"['smiling_cat_with_heart', 'smiling_cat_with_heart eyes', 'eyes']"
125,collective.agencyla,2023-05-01 20:01:58+00:00,0.0,0.8614,positive,"['giving', 'outfit']"
125,hannahmariemcg,2023-04-30 18:43:33+00:00,0.0,0.9907,positive,"['look', 'look beautiful', 'beautiful smiling_face_with_heart', 'loving', 'smiling_face_with_heart']"
125,dalainatasha,2023-04-30 06:23:56+00:00,0.0,0.8402,positive,"['eyes smiling_face_with_heart', 'smiling_face_with_heart eyes', 'smiling_face_with_heart', 'eyes']"
125,vrajavali,2023-04-30 04:38:59+00:00,0.0,-0.1522,neutral,[]
125,ninasuess,2023-04-29 19:41:06+00:00,1.0,0.9838,positive,"['sun', 'makes happy', 'sun sun', 'makes', 'happy']"
125,aitajva,2023-04-29 17:18:20+00:00,0.0,0.7867,positive,"['smiling_face_with_heart eyes', 'smiling_face_with_heart', 'eyes', 'eyes smiling_face_with_heart']"
125,odiemebo,2023-04-29 16:53:41+00:00,0.0,0.9652,positive,"['beauty', 'fire', 'means', 'beautiful day', 'fire fire']"
125,odiemebo,2023-04-29 16:48:08+00:00,0.0,0.3098,neutral,"['mama', 'hot', 'fire', 'red_heart', 'fire fire']"
126,doses_of_trend,2023-05-22 15:18:52+00:00,0.0,0.9223,positive,"['romantic', 'look red_heart', 'red_heart', 'red_heart red_heart', 'look']"
126,muscloset,2023-05-07 02:00:32+00:00,0.0,0.7661,positive,['stunning']
126,lazarina.official,2023-05-06 03:49:57+00:00,0.0,0.7074,positive,"['smiling_face_with_heart eyes', 'smiling_face_with_heart', 'eyes', 'eyes smiling_face_with_heart']"
126,scoutthecity,2023-05-05 18:57:23+00:00,0.0,0.9373,positive,['gorgeous']
126,_by.arabella._,2023-05-05 17:38:02+00:00,0.0,0.7661,positive,['stunning']
126,lovemudnik,2023-05-05 12:36:40+00:00,0.0,-0.0719,neutral,"['очень', 'eyes black_heart', 'black_heart white_heart', 'black_heart', 'white_heart']"
126,dia_na_yoo,2023-05-05 07:55:36+00:00,0.0,0.9861,positive,"['style smiling_face_with_heart', 'love style', 'style', 'eyes red_heart', 'love']"
126,angy_seong,2023-05-05 07:53:01+00:00,0.0,0.9869,positive,"['absolutely amazing', 'amazing clapping_hands', 'clapping_hands smiling_face_with_heart', 'absolutely', 'amazing']"
126,adn_f,2023-05-05 07:13:07+00:00,0.0,0.2744,neutral,"['red_heart', 'red_heart red_heart']"
126,odiemebo,2023-05-05 03:32:51+00:00,0.0,0.4947,positive,"['got', 'need', 'face_with_tears_of_joy']"
129,erinoffduty,2023-06-04 20:36:12+00:00,0.0,-0.0321,neutral,"['fire', 'fire fire']"
129,akuavi_,2023-05-28 06:17:21+00:00,0.0,0.9787,positive,"['love look', 'look smiling_face_with_heart', 'smiling_face_with_heart eyes', 'smiling_face_with_heart', 'eyes']"
129,amandagyllensparv,2023-05-27 08:10:38+00:00,0.0,0.7074,positive,"['smiling_face_with_heart eyes', 'smiling_face_with_heart', 'eyes', 'eyes smiling_face_with_heart']"
129,mahala2040,2023-05-27 07:10:50+00:00,0.0,0.9574,positive,"['red_heart red_heart', 'red_heart', 'friends', 'red_heart smiling_face_with_heart', 'looking']"
129,ma_belle_bonnie,2023-05-26 22:14:00+00:00,0.0,0.8263,positive,"['enough', 'clapping_hands raising_hands', 'words', 'raising_hands red_heart', 'eyes clapping_hands']"
129,alemarullo,2023-05-26 18:11:45+00:00,0.0,0.942,positive,"['love smiling_face_with_heart', 'love', 'smiling_face_with_heart eyes', 'smiling_face_with_heart', 'eyes']"
129,misszandrastevens,2023-05-26 17:01:00+00:00,0.0,-0.0321,neutral,"['fire', 'fire fire']"
129,silje.alice,2023-05-26 15:41:37+00:00,0.0,0.0278,neutral,"['fire', 'fire fire']"
129,sosiina,2023-05-26 11:49:36+00:00,0.0,0.7909,positive,"['look like', 'like', 'look']"
129,whatyoustyling_,2023-05-26 11:23:59+00:00,0.0,0.9521,positive,"['gorgeous smiling_face_with_heart', 'heart_suit', 'gorgeous', 'smiling_face_with_heart', 'smiling_face_with_heart eyes']"
130,xmy_preciousnessx,2023-05-06 05:28:18+00:00,0.0,0.1926,neutral,"['blue_heart white_heart', 'blue_heart', 'white_heart']"
130,sancho_2599,2023-05-05 12:16:13+00:00,0.0,0.8857,positive,"['eyes smiling_face_with_heart', 'smiling_face_with_heart eyes', 'smiling_face_with_heart', 'eyes']"
130,salta_biissova,2023-05-01 17:55:37+00:00,0.0,0.2749,neutral,"['red_heart red_heart', 'red_heart']"
130,kateleeparis,2023-05-01 14:55:51+00:00,0.0,0.1033,neutral,['red_heart']
130,kateleeparis,2023-05-01 14:55:38+00:00,0.0,0.1033,neutral,['red_heart']
130,sydneyandavis,2023-05-01 06:52:09+00:00,0.0,0.1094,neutral,"['summer', 'let']"
130,mayabeachexperience,2023-04-30 08:54:23+00:00,0.0,0.1141,neutral,['white_heart']
130,odin.stylish.me,2023-04-30 05:57:38+00:00,0.0,-0.0321,neutral,"['fire', 'fire fire']"
130,kashtanovaliz,2023-04-30 02:28:12+00:00,0.0,0.0714,neutral,"['fire drooling_face', 'drooling_face', 'fire']"
130,jane.vityaz,2023-04-30 02:27:54+00:00,0.0,0.764,positive,"['wooow', 'wow']"
131,yananesper,2023-05-27 11:34:30+00:00,0.0,0.9763,positive,"['natural look', 'natural', 'look smiling_face_with_heart', 'look', 'love']"
131,mm_lilly_,2023-05-27 09:32:46+00:00,0.0,0.1971,neutral,"['white_heart cherry_blossom', 'cherry_blossom', 'white_heart']"
131,taralouisez,2023-05-26 14:03:57+00:00,0.0,0.7074,positive,"['smiling_face_with_heart eyes', 'smiling_face_with_heart', 'eyes', 'eyes smiling_face_with_heart']"
131,ntknyc,2023-05-25 18:04:50+00:00,0.0,0.7867,positive,"['smiling_face_with_heart eyes', 'smiling_face_with_heart', 'eyes', 'eyes smiling_face_with_heart']"
131,peeterscelien,2023-05-25 17:34:07+00:00,0.0,0.7302,positive,"['dream', 'sparkles']"
131,lea_spinella,2023-05-25 15:53:07+00:00,0.0,0.728,positive,"['smiling_face_with_heart eyes', 'smiling_face_with_heart', 'eyes']"
131,marhunt,2023-05-25 13:29:57+00:00,0.0,0.7193,positive,['amazing']
131,julia_israel_,2023-05-25 11:56:34+00:00,0.0,0.7867,positive,"['smiling_face_with_heart eyes', 'smiling_face_with_heart', 'eyes', 'eyes smiling_face_with_heart']"
131,fashiontherhappy,2023-05-24 18:51:10+00:00,0.0,0.362,neutral,"['vibes fire', 'vibes', 'fire']"
131,ruyapacali,2023-05-24 18:23:00+00:00,0.0,0.6951,positive,"['eyes white_heart', 'white_heart', 'smiling_face_with_heart eyes', 'smiling_face_with_heart', 'eyes']"
132,mariainesdvs,2023-06-06 02:24:38+00:00,0.0,0.0115,neutral,['links']
132,nancylabas,2023-06-02 02:25:55+00:00,0.0,-0.0157,neutral,['link']
132,dreacelia,2023-06-01 18:49:53+00:00,0.0,0.0115,neutral,['links']
132,the.strength.path,2023-06-01 03:50:20+00:00,0.0,0.0115,neutral,['links']
132,caithayes_85,2023-05-31 21:43:15+00:00,0.0,0.0115,neutral,['links']
132,everyday.holly,2023-06-06 02:24:52+00:00,0.0,0.0032,neutral,"['message links', 'sent message', 'sent', 'links', 'message']"
133,breewhorton,2023-05-31 10:47:24+00:00,0.0,0.975,positive,"['sun', 'good']"
133,lisacpaugh,2023-05-19 21:09:02+00:00,0.0,0.0115,neutral,['links']
133,sunitakunsang,2023-05-15 19:40:38+00:00,0.0,-0.0157,neutral,['link']
133,saskiadhrd,2023-05-13 19:33:52+00:00,1.0,0.0115,neutral,['links']
133,everyday.holly,2023-05-19 21:09:11+00:00,0.0,0.0102,neutral,"['messaged links', 'messaged', 'links']"
134,filomena_makeup,2023-05-25 01:52:42+00:00,0.0,0.1033,neutral,['red_heart']
134,marieaimee.decuypere,2023-05-24 20:45:56+00:00,0.0,0.7867,positive,"['smiling_face_with_heart eyes', 'smiling_face_with_heart', 'eyes', 'eyes smiling_face_with_heart']"
134,a_g_a_e_m,2023-05-24 18:35:36+00:00,0.0,0.2783,neutral,['wow']
134,michaelalisa,2023-05-24 17:52:35+00:00,0.0,0.7074,positive,"['smiling_face_with_heart eyes', 'smiling_face_with_heart', 'eyes', 'eyes smiling_face_with_heart']"
134,miskyyismail,2023-05-24 17:06:21+00:00,0.0,0.9569,positive,"['view', 'obsessed', 'omg', 'smiling_face_with_heart eyes', 'smiling_face_with_heart']"
134,luana__swan,2023-05-24 14:14:17+00:00,0.0,0.9726,positive,"['works', 'must', 'saw', 'made', 'many']"
134,silje.alice,2023-05-24 13:45:02+00:00,0.0,0.9878,positive,"['looks', 'wow', 'smiling_face_with_hearts', 'beautiful']"
134,isabelle_kohn__,2023-05-24 13:02:18+00:00,0.0,-0.0964,neutral,"['zu', 'die', 'ich', 'er', 'mein']"
134,dionnekaliisa,2023-05-24 12:30:33+00:00,0.0,0.8517,positive,"['place', 'pretty', 'smiling_face_with_heart eyes', 'smiling_face_with_heart', 'eyes']"
134,stone777723,2023-05-24 12:28:57+00:00,0.0,0.9349,positive,"['thumbs_up smiling_face_with_sunglasses', 'photos', 'thumbs_up', 'smiling_face_with_sunglasses', 'nice']"
135,gabriellecaunesil,2023-05-24 06:55:48+00:00,0.0,0.59,positive,"['soon', 'see', 'red_heart']"
135,florianrvt,2023-05-23 21:58:23+00:00,0.0,0.0278,neutral,"['fire', 'fire fire']"
135,linetteodgaard,2023-05-23 20:00:20+00:00,0.0,0.4068,neutral,"['two_hearts', 'two_hearts two_hearts']"
135,mario.mur,2023-05-23 18:14:26+00:00,0.0,0.1095,neutral,"['struck star', 'star struck', 'struck', 'star']"
135,_jeanettemadsen_,2023-05-23 17:43:31+00:00,0.0,0.728,positive,"['smiling_face_with_heart eyes', 'smiling_face_with_heart', 'eyes']"
135,fabio__montedoro,2023-05-23 17:26:22+00:00,0.0,0.4633,positive,['love']
135,sadeksenouci,2023-05-23 17:14:50+00:00,0.0,0.3872,neutral,"['please red_heart', 'please', 'red_heart']"
135,erikahausser,2023-05-23 16:57:59+00:00,0.0,0.728,positive,"['smiling_face_with_heart eyes', 'smiling_face_with_heart', 'eyes']"
135,silje.alice,2023-05-23 16:54:42+00:00,0.0,0.5304,positive,"['eyes black_heart', 'shades smiling_face_with_heart', 'shades', 'black_heart', 'smiling_face_with_heart eyes']"
135,miapasquino,2023-05-26 12:31:46+00:00,1.0,-0.0285,neutral,"['lago', 'italy']"
136,hannahkidi,2023-05-28 19:44:10+00:00,0.0,0.9492,positive,"['fun', 'hope', 'red_heart']"
136,leuc4nthemum,2023-05-25 20:50:53+00:00,0.0,-0.5271,negative,"['loudly_crying_face', 'casa mia', 'mia', 'loudly_crying_face loudly_crying_face', 'casa']"
136,martinacaccavo,2023-05-25 20:24:56+00:00,0.0,0.7867,positive,"['smiling_face_with_heart eyes', 'smiling_face_with_heart', 'eyes', 'eyes smiling_face_with_heart']"
136,farahjamay,2023-05-25 18:10:13+00:00,2.0,-0.0389,neutral,['skirt']
136,ntknyc,2023-05-25 18:04:04+00:00,0.0,-0.0665,neutral,['fire']
136,julia_israel_,2023-05-25 11:55:05+00:00,0.0,0.7867,positive,"['smiling_face_with_heart eyes', 'smiling_face_with_heart', 'eyes', 'eyes smiling_face_with_heart']"
136,loesfranquinet,2023-05-25 02:05:28+00:00,0.0,0.4633,positive,['love']
136,nninabrown,2023-05-29 16:54:54+00:00,3.0,0.205,neutral,"['quite', 'beach', 'similar', 'white', 'skirt']"
136,johanavergara_,2023-06-05 02:30:25+00:00,1.0,0.0526,neutral,"['tag', 'skirt', 'please']"
137,lioridiamonds,2023-05-18 17:14:21+00:00,0.0,0.948,positive,"['nice picture', 'picture', 'nice']"
137,eskmd,2023-05-17 00:26:37+00:00,0.0,0.948,positive,"['nice picture', 'picture', 'nice']"
137,hhenrywells,2023-05-13 14:37:10+00:00,0.0,0.9795,positive,"['amazing style', 'gem_stone', 'style', 'amazing']"
137,jelena.nyc,2023-05-11 22:19:02+00:00,0.0,0.9758,positive,"['major', 'month', 'wedding', 'inspiration', 'dresses']"
137,leckieroberts,2023-05-05 02:08:08+00:00,0.0,0.9786,positive,"['night', 'beautiful', 'raising_hands']"
137,lamich.kirabo,2023-05-04 09:30:23+00:00,0.0,0.2792,neutral,"['red_heart red_heart', 'red_heart']"
137,simpl_nia,2023-05-04 03:18:45+00:00,0.0,0.8317,positive,"['smiling_face_with_heart eyes', 'smiling_face_with_heart', 'eyes', 'beauty smiling_face_with_heart', 'eyes smiling_face_with_heart']"
137,yasyaa,2023-05-04 00:52:25+00:00,0.0,0.0806,neutral,"['fire', 'fire fire']"
137,ul_boss,2023-05-03 22:05:47+00:00,0.0,0.8608,positive,"['stunner fire', 'always smiling_face_with_heart', 'stunner', 'always', 'fire']"
137,vivi__1988,2023-05-03 20:50:24+00:00,0.0,0.966,positive,"['wow love', 'love fire', 'wow', 'love', 'fire']"
138,syousefie,2023-05-26 18:55:16+00:00,0.0,0.827,positive,"['clapping_hands', 'eyes clapping_hands', 'smiling_face_with_heart eyes', 'smiling_face_with_heart', 'eyes']"
138,hayedehsabouni,2023-05-22 10:10:54+00:00,0.0,0.5798,positive,"['clapping_hands', 'clapping_hands clapping_hands', 'jewellery', 'eyes dizzy', 'collision hundred_points']"
138,carolinaprezga,2023-05-20 18:46:35+00:00,0.0,0.1141,neutral,['white_heart']
138,domi_verse,2023-05-20 14:05:50+00:00,0.0,0.9544,positive,"['enjoy', 'amazing']"
138,steshenkokatja,2023-05-20 10:57:09+00:00,0.0,-0.1249,neutral,['fire']
138,sarahjanenader,2023-05-19 16:17:09+00:00,0.0,0.9373,positive,['gorgeous']
138,kate_vavilon,2023-05-19 13:42:15+00:00,0.0,-0.1161,neutral,"['fire', 'так', 'такие', 'маша', 'fire fire']"
138,diana_yevdokimova,2023-05-19 12:38:39+00:00,0.0,0.8675,positive,"['eyes smiling_face_with_heart', 'smiling_face_with_heart eyes', 'smiling_face_with_heart', 'eyes', 'eyes clapping_hands']"
138,georgekeburia,2023-05-19 12:25:50+00:00,0.0,-0.1281,neutral,['heart_on_fire']
138,elcka,2023-05-19 09:43:32+00:00,0.0,0.2743,neutral,"['clapping_hands', 'fire', 'clapping_hands clapping_hands', 'fire fire', 'clapping_hands fire']"
140,alexandraifborges,2023-06-06 19:28:24+00:00,0.0,0.1735,neutral,"['heart_suit', 'heart_suit heart_suit']"
140,franziskaelisabeth_,2023-06-06 19:26:36+00:00,0.0,0.903,positive,"['love white_heart', 'white_heart', 'love']"
140,tissiijh,2023-06-06 19:25:04+00:00,0.0,0.6446,positive,"['smiling_face_with_heart eyes', 'smiling_face_with_heart', 'eyes', 'sunglasses', 'eyes smiling_face_with_heart']"
140,outfitsbyrhi,2023-06-06 19:24:59+00:00,0.0,-0.0928,neutral,"['loudly_crying_face growing_heart', 'growing_heart', 'loudly_crying_face']"
140,tiffanialvarez,2023-06-06 19:23:01+00:00,0.0,0.5896,positive,"['cloud', 'cloud cloud']"
140,tranadeline,2023-06-06 19:22:28+00:00,0.0,0.9552,positive,"['love smiling_face_with_heart', 'smiling_face_with_heart eyes', 'smiling_face_with_heart', 'eyes', 'love']"
140,saucyvault,2023-06-06 19:19:32+00:00,0.0,0.5692,positive,"['market', 'vintage', 'heart_with_arrow', 'queen', 'ever']"
140,jennabmurphy,2023-06-06 19:16:27+00:00,0.0,0.069,neutral,"['bouquet', 'ever']"
140,paulcapecodgallagher,2023-06-06 19:16:10+00:00,0.0,0.8633,positive,"['clapping_hands clapping_hands', 'raising_hands raising_hands', 'clapping_hands', 'raising_hands', 'red_heart red_heart']"
142,emiliejlofmark,2023-06-06 18:51:42+00:00,0.0,0.9879,positive,"['soul', 'feed', 'amazing smiling_face_with_heart', 'amazing', 'smiling_face_with_heart eyes']"
142,tess.stritt,2023-06-06 18:19:13+00:00,0.0,0.3726,neutral,"['bae', 'ur']"
142,jajkosadzone,2023-06-06 17:48:47+00:00,0.0,0.1326,neutral,['two_hearts']
142,zineb_beniz09,2023-06-06 16:52:51+00:00,0.0,0.2019,neutral,"['red_heart', 'red_heart red_heart']"
142,b.ela.d,2023-06-06 16:10:57+00:00,0.0,-0.0236,neutral,['jacket']
142,matildadjerfangel,2023-06-06 15:38:34+00:00,0.0,0.9501,positive,['love']
142,tiffanialvarez,2023-06-06 15:12:11+00:00,0.0,0.4912,positive,"['cloud', 'cloud cloud', 'smiling_face']"
142,rebecca.wallace11,2023-06-06 15:05:26+00:00,0.0,0.8402,positive,"['eyes smiling_face_with_heart', 'smiling_face_with_heart eyes', 'smiling_face_with_heart', 'eyes']"
142,nilii6370,2023-06-06 14:57:00+00:00,0.0,0.1518,neutral,"['collab', 'dm', 'white_heart']"
144,himandidilanya,2023-06-06 13:58:21+00:00,1.0,0.2749,neutral,"['red_heart red_heart', 'red_heart']"
144,_govind_singh_38,2023-06-06 10:24:55+00:00,0.0,0.0388,neutral,['hi']
144,definatelynotalli,2023-06-05 07:38:30+00:00,0.0,0.8561,positive,"['absolutely', 'crying_face', 'gorgeous', 'two_hearts']"
144,louisamarie_ney,2023-06-05 04:55:11+00:00,0.0,0.1033,neutral,['red_heart']
144,joanabbessa,2023-06-04 22:40:05+00:00,0.0,0.7074,positive,"['smiling_face_with_heart eyes', 'smiling_face_with_heart', 'eyes', 'eyes smiling_face_with_heart']"
144,yr143_,2023-06-04 19:58:48+00:00,0.0,0.5226,positive,"['eyes face_with_open_mouth', 'raising_hands fire', 'clapping_hands smiling_face_with_heart', 'fire clapping_hands', 'red_heart raising_hands']"
144,carlotapitarch,2023-06-04 19:06:20+00:00,0.0,0.4505,positive,['perfect']
145,lolachanel5,2023-06-06 18:42:54+00:00,0.0,0.1479,neutral,"['white_heart', 'angel', 'white_heart white_heart']"
145,savasana.dk,2023-06-06 17:31:01+00:00,0.0,0.9082,positive,"['beautiful white_heart', 'beautiful', 'white_heart']"
145,vntg_studio,2023-06-06 15:13:09+00:00,0.0,0.728,positive,"['smiling_face_with_heart eyes', 'smiling_face_with_heart', 'eyes']"
145,ohheynina,2023-06-06 14:38:53+00:00,0.0,0.8104,positive,[]
145,soflionr,2023-06-06 13:50:25+00:00,0.0,-0.1291,neutral,"['name', 'bag']"
145,floresjames770,2023-06-06 11:27:44+00:00,0.0,0.3004,neutral,"['red_heart red_heart', 'red_heart']"
145,sellpy,2023-06-06 09:15:25+00:00,0.0,0.4699,positive,"['blue_heart', 'blue_heart blue_heart']"
145,jvliad,2023-06-06 08:40:01+00:00,0.0,0.7074,positive,"['smiling_face_with_heart eyes', 'smiling_face_with_heart', 'eyes', 'eyes smiling_face_with_heart']"
145,lisaherrmnn,2023-06-06 06:42:02+00:00,0.0,0.9851,positive,"['love much', 'much', 'yellow_heart', 'love']"
145,amareldallukaj,2023-06-06 01:00:55+00:00,0.0,0.4325,neutral,"['cherries', 'love_letter', 'white_heart']"
146,apodaca4758,2023-06-06 16:42:03+00:00,0.0,0.5538,positive,"['smiling_face_with_sunglasses', 'white_heart', 'backhand_index_pointing_up', 'white_heart smiling_face_with_sunglasses', 'brown_heart']"
146,lugalamav,2023-06-05 18:10:02+00:00,0.0,0.8439,positive,"['folded_hands', 'folded_hands folded_hands', 'amen', 'trust', 'god']"
146,knittinghouse35,2023-06-05 17:41:57+00:00,0.0,0.0321,neutral,[]
146,oceanblu.23,2023-06-05 17:06:46+00:00,0.0,0.1033,neutral,['red_heart']
146,nasem_rize,2023-06-05 16:41:28+00:00,0.0,0.3922,neutral,"['drooling_face', 'kiss_mark', 'heart_on_fire']"
146,padouano,2023-06-05 13:55:12+00:00,0.0,0.9429,positive,"['love shoes', 'legs', 'shot', 'shoes', 'love']"
146,allyssonlacharite,2023-06-05 00:59:51+00:00,0.0,-0.0701,neutral,"['ce', 'tu', 'l', 'mais', 'non']"
146,rtycsm999,2023-06-04 13:49:56+00:00,0.0,0.682,positive,"['culture', 'contact', 'promote', 'like']"
146,bahar.deana,2023-06-04 13:44:53+00:00,0.0,0.5336,positive,['beauty']
147,vasesbyfinn,2023-06-04 03:40:18+00:00,0.0,0.1916,neutral,"['raising_hands', 'raising_hands raising_hands', 'iconic']"
147,etoile_luxury_vintage,2023-06-03 08:37:33+00:00,0.0,0.8296,positive,"['sparkling_heart', 'sparkling_heart sparkling_heart', 'sparkling_heart cherry_blossom', 'cherry_blossom']"
147,ana.da.rocha,2023-06-02 18:31:38+00:00,0.0,0.1691,neutral,"['strawberries', 'yellow_heart']"
147,annettedsowders,2023-06-02 13:21:12+00:00,0.0,0.805,positive,"['back', 'smiling_face_with_heart eyes', 'smiling_face_with_heart', 'eyes']"
147,elkebonhof,2023-06-02 12:12:52+00:00,0.0,0.9374,positive,"['loveeeee', 'red_heart']"
147,yahir.fernandoa,2023-06-01 21:52:26+00:00,0.0,0.9687,positive,"['talk dm', 'dm please', 'proposal', 'talk', 'great']"
147,samira.vvv,2023-06-01 20:11:59+00:00,0.0,0.8995,positive,"['absolute', 'sparkles']"
147,ellliemclaughlin,2023-06-01 18:42:01+00:00,0.0,-0.0759,neutral,[]
147,julia_israel_,2023-06-01 17:23:34+00:00,0.0,0.7867,positive,"['smiling_face_with_heart eyes', 'smiling_face_with_heart', 'eyes', 'eyes smiling_face_with_heart']"
150,mariannashults,2023-06-06 18:38:45+00:00,0.0,0.8252,positive,"['greatest', 'red_heart']"
150,entupiellingerie,2023-06-03 16:41:35+00:00,0.0,0.3011,neutral,['fire']
150,hautemona,2023-06-03 13:04:43+00:00,0.0,0.141,neutral,"['gorg red_heart', 'gorg', 'red_heart']"
150,matildadjerfangel,2023-06-03 06:30:15+00:00,0.0,0.9549,positive,['angel']
150,raea_pansch,2023-06-02 15:16:30+00:00,0.0,0.9869,positive,"['sooo', 'dress', 'beautiful']"
150,limex.indalesio,2023-06-02 05:36:24+00:00,0.0,0.2515,neutral,['sparkle']
150,truthful_suzi_2023,2023-06-01 13:22:21+00:00,0.0,-0.6866,negative,"['face_with_tears_of_joy', 'face_with_tears_of_joy face_with_tears_of_joy', 'jesus', 'grandma']"
150,chloe.edmonds,2023-06-01 09:54:19+00:00,0.0,0.4283,neutral,"['heart_with_ribbon', 'queen']"
152,boie_sbab_sck,2023-06-06 19:30:59+00:00,0.0,0.2549,neutral,"['cherries', 'le']"
152,morabito897,2023-06-06 19:29:16+00:00,0.0,0.0605,neutral,"['bel', 'piede', 'che']"
152,e.t.724,2023-06-06 19:28:09+00:00,0.0,-0.0588,neutral,"['continue', 'bellissima', 'è', 'e']"
152,marcobijoux,2023-06-06 19:28:03+00:00,0.0,0.4458,neutral,"['face_with_tears_of_joy', 'face_with_tears_of_joy face_with_tears_of_joy']"
152,la_yaya83,2023-06-06 19:30:30+00:00,0.0,0.0872,neutral,"['che ci', 'ci', 'tu', 'sei', 'non']"
153,bipty.fashionrental,2023-06-05 19:22:55+00:00,0.0,-0.74,negative,"['rufus', 'show', 'always']"
153,musakamand,2023-06-04 08:06:03+00:00,0.0,0.2749,neutral,"['red_heart red_heart', 'red_heart']"
153,davodoveys29,2023-06-03 06:06:23+00:00,0.0,0.1033,neutral,['red_heart']
153,pintu_design,2023-06-03 05:58:28+00:00,0.0,0.9414,positive,"['rufus', 'love send', 'dms', 'pls', 'would love']"
153,throat.goatx,2023-06-02 22:57:03+00:00,1.0,0.7709,positive,"['eyes red_heart', 'red_heart', 'red_heart red_heart', 'smiling_face_with_heart eyes', 'smiling_face_with_heart']"
153,spjdg5,2023-06-02 19:26:13+00:00,0.0,0.8681,positive,"['red_heart would', 'earrings', 'matilda', 'sharing', 'hi']"
154,hautemona,2023-06-03 13:04:52+00:00,0.0,0.6549,positive,"['white_heart sparkles', 'sun_with_face', 'sparkles', 'white_heart']"
154,monicastubbins,2023-05-31 01:51:33+00:00,0.0,0.0321,neutral,[]
154,victoireswardrobe,2023-05-30 13:00:24+00:00,0.0,0.4504,positive,"['smiling_face_with_heart eyes', 'smiling_face_with_heart', 'eyes']"
154,shopbebinca,2023-05-30 08:49:01+00:00,0.0,0.929,positive,"['love brown_heart', 'brown_heart', 'love']"
154,baliblackbook.official,2023-05-30 03:52:47+00:00,0.0,0.9009,positive,"['gorgeous black_heart', 'gorgeous', 'black_heart']"
154,_michalkorda,2023-05-29 16:27:00+00:00,0.0,-0.0665,neutral,['fire']
154,svan.victor,2023-05-29 15:49:40+00:00,0.0,0.7669,positive,"['smiling_face_with_hearts', 'struck smiling_face_with_hearts', 'struck', 'star struck', 'star']"
154,silje.alice,2023-05-29 15:10:43+00:00,0.0,0.548,positive,"['lady', 'eyes fire', 'white_heart', 'fire', 'smiling_face_with_heart eyes']"
154,ncarballeira35,2023-05-29 13:08:42+00:00,0.0,0.8402,positive,"['eyes smiling_face_with_heart', 'smiling_face_with_heart eyes', 'smiling_face_with_heart', 'eyes']"
155,gem.tableware,2023-06-05 14:36:09+00:00,0.0,0.6191,positive,['medium_skin_tone']
155,akreomasaliu,2023-06-05 01:32:29+00:00,0.0,0.7867,positive,"['smiling_face_with_heart eyes', 'smiling_face_with_heart', 'eyes', 'eyes smiling_face_with_heart']"
155,musakamand,2023-06-04 08:06:15+00:00,0.0,0.2749,neutral,"['red_heart red_heart', 'red_heart']"
155,lisatreuter,2023-06-01 11:51:03+00:00,0.0,0.728,positive,"['smiling_face_with_heart eyes', 'smiling_face_with_heart', 'eyes']"
155,lea_spinella,2023-06-01 10:36:09+00:00,0.0,0.7074,positive,"['smiling_face_with_heart eyes', 'smiling_face_with_heart', 'eyes', 'eyes smiling_face_with_heart']"
155,juliebrde,2023-06-01 09:45:12+00:00,0.0,0.9715,positive,"['stunning', 'angel', 'dress']"
155,lenaa.geissler,2023-05-31 12:39:12+00:00,0.0,0.8848,positive,"['babe smiling_face_with_heart', 'babe', 'iconic', 'look', 'smiling_face_with_heart eyes']"
155,i_vanavt,2023-05-31 09:07:33+00:00,0.0,0.728,positive,"['smiling_face_with_heart eyes', 'smiling_face_with_heart', 'eyes']"
155,jules.kae,2023-05-30 19:50:01+00:00,0.0,0.3585,neutral,"['clapping_hands', 'clapping_hands clapping_hands']"
155,baliblackbook.official,2023-05-30 03:52:37+00:00,0.0,0.9725,positive,"['love black_heart', 'black_heart', 'love']"
156,vasesbyfinn,2023-06-04 03:41:30+00:00,0.0,0.0053,neutral,"['page', 'raising_hands']"
156,kenzaitsidi,2023-05-31 12:34:39+00:00,0.0,-0.0789,neutral,"['sunglasses', 'ur']"
156,bahar.deana,2023-05-30 09:02:05+00:00,0.0,0.9164,positive,"['yessss', 'smiling_face_with_heart eyes', 'smiling_face_with_heart', 'eyes']"
156,mvstudioas,2023-05-29 06:46:01+00:00,0.0,0.7074,positive,"['smiling_face_with_heart eyes', 'smiling_face_with_heart', 'eyes', 'eyes smiling_face_with_heart']"
156,martamasalias,2023-05-28 16:18:22+00:00,0.0,0.7655,positive,"['icon', 'literally']"
156,foreverlovewilfrid,2023-05-27 13:16:57+00:00,0.0,0.0278,neutral,"['fire', 'fire fire']"
156,_gina.gales,2023-05-26 17:49:52+00:00,0.0,0.9846,positive,"['cute smiling_face_with_heart', 'cute', 'smiling_face_with_heart eyes', 'smiling_face_with_heart', 'eyes']"
156,margaret_reynolds3644,2023-05-26 15:54:24+00:00,0.0,-0.1897,neutral,"['salary start', 'start trading', 'waiting salary', 'waiting', 'salary']"
156,giulio_cattaneo828,2023-05-26 15:47:50+00:00,0.0,-0.1897,neutral,"['salary start', 'start trading', 'waiting salary', 'waiting', 'salary']"
156,thomsonsmith2778,2023-05-26 15:37:28+00:00,0.0,0.9122,positive,"['positive', 'k', 'help']"
157,davidersent,2023-05-21 20:33:37+00:00,0.0,0.94,positive,"['clapping_hands', 'clapping_hands clapping_hands', 'congrats', 'clapping_hands fire', 'fire']"
157,dewiroberts50,2023-05-05 00:01:30+00:00,0.0,-0.0929,neutral,['use']
157,sahararajabii,2023-03-28 12:54:33+00:00,0.0,0.7324,positive,"['eyes red_heart', 'smiling_face_with_heart eyes', 'smiling_face_with_heart', 'eyes', 'red_heart']"
157,muslih_el_papel,2023-03-03 10:41:44+00:00,0.0,0.0806,neutral,"['fire', 'fire fire']"
157,andrea_17_954,2023-02-23 00:15:58+00:00,0.0,0.2792,neutral,"['red_heart red_heart', 'red_heart']"
157,mmab_bm,2023-02-10 14:26:14+00:00,0.0,0.0278,neutral,"['fire', 'fire fire']"
157,alex_samarelli,2023-01-27 20:55:31+00:00,0.0,0.1436,neutral,"['clapping_hands fire', 'clapping_hands', 'fire']"
157,joseluisrodriguezalmanzar,2023-01-14 02:54:43+00:00,0.0,0.1307,neutral,"['crown', 'raising_hands']"
157,soheila_dgh_,2023-01-12 10:50:11+00:00,0.0,0.9542,positive,"['full', 'love red_heart', 'love', 'red_heart']"
157,joann.kinsella,2023-01-09 09:01:57+00:00,0.0,0.3024,neutral,"['clapping_hands', 'clapping_hands clapping_hands']"
158,desmondanddempsey,2023-06-01 14:26:01+00:00,0.0,0.1033,neutral,['red_heart']
158,pennygoldstone,2023-06-01 13:22:19+00:00,0.0,0.0895,neutral,"['little hand', 'little', 'hand']"
158,eve_caro_wing,2023-05-31 19:36:42+00:00,0.0,0.9786,positive,"['life love', 'closet', 'real', 'ever', 'life']"
158,szabosihag,2023-05-31 17:33:48+00:00,0.0,0.1033,neutral,['red_heart']
158,lizzieward,2023-05-31 10:54:50+00:00,0.0,0.0108,neutral,"['little hand', 'little', 'hand']"
158,sourcerie.co,2023-05-31 08:20:28+00:00,0.0,0.1798,neutral,"['jumpsuit', 'sun_with_face', 'orange_heart', 'face_with_open_mouth']"
158,thesilverkat,2023-05-30 21:43:18+00:00,0.0,0.2989,neutral,"['orange_heart orange_heart', 'orange_heart']"
158,sandrapnferreira,2023-05-30 21:17:41+00:00,0.0,0.728,positive,"['smiling_face_with_heart eyes', 'smiling_face_with_heart', 'eyes']"
158,shaliniacharyaofficial,2023-05-30 19:53:03+00:00,0.0,0.4737,neutral,"['third', 'shot', 'smiling_face_with_heart eyes', 'smiling_face_with_heart', 'eyes']"
159,laclair_jewelry,2023-06-01 15:52:59+00:00,0.0,0.9801,positive,"['love outfit', 'outfit', 'love']"
159,enzhi_style,2023-06-01 08:04:17+00:00,0.0,-0.0735,neutral,"['в', 'smiling_face_with_heart eyes', 'smiling_face_with_heart', 'eyes']"
159,enzhi_style,2023-06-01 08:03:59+00:00,0.0,-0.0665,neutral,['fire']
159,elisabethbertelmann,2023-05-31 15:44:04+00:00,0.0,0.9471,positive,"['beautiful look', 'deciduous_tree', 'look', 'beautiful']"
159,caseyashwin,2023-05-31 11:04:11+00:00,1.0,0.0129,neutral,"['rings', 'hello']"
159,lettres_d_or,2023-05-31 08:00:06+00:00,0.0,0.9573,positive,"['brown_heart green_heart', 'love style', 'style', 'brown_heart', 'green_heart']"
159,isewarrior,2023-05-29 20:04:58+00:00,0.0,0.3833,neutral,"['green', 'green_heart']"
159,morgane_594,2023-05-29 17:00:17+00:00,0.0,0.8213,positive,"['j adore', 'adore', 'j', 'red_heart', 'red_heart red_heart']"
160,lizabs16,2023-05-29 21:04:26+00:00,0.0,0.988,positive,"['get free', 'raising_hands_light_skin_tone', 'sooo', 'order', 'little']"
160,lstevensonpr,2023-05-29 19:44:09+00:00,0.0,0.2019,neutral,"['red_heart', 'red_heart red_heart']"
160,jethashafraz,2023-05-29 16:36:11+00:00,0.0,0.0099,neutral,"['used', 'three', 'able', 'colours', 'tag']"
160,julieestcourt,2023-05-29 14:46:47+00:00,0.0,0.9858,positive,"['great also', 'loving', 'also', 'great', 'white_heart']"
160,lu.pvrodrigues,2023-05-29 14:36:07+00:00,0.0,0.6309,positive,"['colour', 'tell', 'thank', 'would', 'smiling_face_with_hearts']"
160,nikia.nikiaa,2023-05-29 12:30:38+00:00,0.0,0.9634,positive,"['products', 'yes', 'amazing', 'red_heart']"
160,leightaylordesigns,2023-05-29 09:36:30+00:00,0.0,0.4976,positive,"['beauty red_heart', 'beauty', 'red_heart']"
160,aneezasiddiqui,2023-05-29 09:06:02+00:00,0.0,-0.0357,neutral,['get']
160,iselinkvalvik,2023-05-29 09:00:02+00:00,0.0,0.9368,positive,"['stunning smiling_face_with_heart', 'stunning', 'smiling_face_with_heart', 'smiling_face_with_heart eyes', 'eyes']"
160,sonyasofasophico,2023-05-29 08:58:40+00:00,0.0,0.728,positive,"['smiling_face_with_heart eyes', 'smiling_face_with_heart', 'eyes']"
161,maellekervran,2023-06-06 18:59:50+00:00,0.0,0.7074,positive,"['smiling_face_with_heart eyes', 'smiling_face_with_heart', 'eyes', 'eyes smiling_face_with_heart']"
161,chelsea_vonmach,2023-06-05 16:29:26+00:00,0.0,0.6106,positive,['best']
161,beauteactive,2023-06-05 10:37:14+00:00,0.0,0.4976,positive,"['beauty red_heart', 'beauty', 'red_heart']"
161,kyanavlsco,2023-06-04 01:00:35+00:00,0.0,0.9718,positive,"['style smiling_face_with_heart', 'love style', 'style', 'love', 'smiling_face_with_heart']"
161,ilonaszemecko,2023-06-03 19:51:33+00:00,0.0,0.1033,neutral,['red_heart']
161,napa.go,2023-06-03 12:09:41+00:00,0.0,0.0385,neutral,"['top_arrow', 'white_heart black_heart', 'black_heart', 'white_heart']"
161,jasminemcneil01,2023-06-02 14:04:48+00:00,0.0,0.9725,positive,"['outfit smiling_face_with_heart', 'outfit', 'cute', 'smiling_face_with_heart eyes', 'smiling_face_with_heart']"
161,marieaimee.decuypere,2023-06-02 13:58:30+00:00,0.0,0.882,positive,"['smiling_face_with_heart eyes', 'smiling_face_with_heart', 'eyes', 'wowww', 'eyes smiling_face_with_heart']"
161,yuliyashvinhelskaya,2023-06-02 02:05:42+00:00,0.0,0.9794,positive,['loooove']
161,sandraromero,2023-06-01 20:19:57+00:00,0.0,0.937,positive,"['love top', 'top', 'white_heart', 'love']"
163,hellebaungaardnielsen,2023-06-04 08:14:45+00:00,0.0,0.9713,positive,"['trousers', 'looks good', 'wearing', 'size', 'looks']"
163,rozenbroekmade,2023-06-01 08:23:02+00:00,0.0,0.9781,positive,"['everything smiling_face_with_heart', 'love everything', 'everything', 'love', 'smiling_face_with_heart']"
163,closeyoureyesbutterfly,2023-06-01 06:58:28+00:00,0.0,0.8635,positive,"['fab', 'ask', 'brown', 'colour', 'bag']"
163,ryleecambria,2023-05-30 16:13:17+00:00,0.0,0.8095,positive,"['inspo', 'much', 'sparkling_heart']"
163,morgane_594,2023-05-29 17:00:07+00:00,0.0,0.8129,positive,"['wow red_heart', 'wow', 'red_heart', 'red_heart red_heart']"
163,anj_mckenna,2023-05-29 06:19:39+00:00,1.0,0.9718,positive,"['grinning_face', 'ooh', 'mine', 'end', 'black']"
163,barbaramalewicz,2023-05-28 12:22:18+00:00,0.0,0.912,positive,"['love everything', 'everything', 'love']"
163,closeyoureyesbutterfly,2023-06-01 17:05:39+00:00,0.0,0.8928,positive,"['thanks much', 'thanks', 'much']"
164,giulia.rizzardi,2023-06-06 19:24:50+00:00,0.0,-0.0209,neutral,['_']
165,ayan_javadzade,2023-05-28 13:48:53+00:00,0.0,0.7516,positive,"['cherry_blossom', 'cherry_blossom cherry_blossom', 'slightly_smiling_face']"
165,softtouchby_yaelg,2023-05-24 06:38:02+00:00,0.0,0.7867,positive,"['smiling_face_with_heart eyes', 'smiling_face_with_heart', 'eyes', 'eyes smiling_face_with_heart']"
165,littlefashbird,2023-05-23 22:55:44+00:00,0.0,0.9581,positive,"['spiral_shell', 'seeing', 'loved', 'light_skin_tone']"
165,lindseyholland_,2023-05-23 21:08:58+00:00,0.0,0.728,positive,"['smiling_face_with_heart eyes', 'smiling_face_with_heart', 'eyes']"
165,lindseyholland_,2023-05-23 21:08:58+00:00,0.0,0.728,positive,"['smiling_face_with_heart eyes', 'smiling_face_with_heart', 'eyes']"
165,yarayogart,2023-05-23 20:22:29+00:00,0.0,0.9598,positive,"['smile', 'smiling_face_with_smiling_eyes', 'beautiful']"
165,lizzieward,2023-05-23 20:10:25+00:00,1.0,0.9854,positive,"['lovely red_heart', 'lovely', 'red_heart', 'red_heart red_heart']"
166,oceanalwayseri,2023-06-05 23:22:55+00:00,0.0,0.9736,positive,"['look raising_hands', 'great look', 'great', 'look', 'raising_hands']"
166,the_padideh,2023-04-26 05:24:37+00:00,0.0,0.2606,neutral,['red_heart']
166,downeymagda,2023-04-22 02:04:18+00:00,0.0,0.8402,positive,"['eyes smiling_face_with_heart', 'smiling_face_with_heart eyes', 'smiling_face_with_heart', 'eyes']"
166,adelhoudrouge67,2023-04-02 01:29:41+00:00,0.0,-0.0356,neutral,"['fire', 'fire fire', 'david', 'grande', 'di']"
166,valissayoe,2023-03-22 14:36:04+00:00,0.0,-0.0665,neutral,['fire']
166,soba_niak,2023-02-16 09:15:03+00:00,0.0,0.0278,neutral,"['fire', 'fire fire']"
166,abrenlacasa,2023-02-04 02:08:28+00:00,0.0,0.9749,positive,"['interested send', 'offer', 'might', 'great look', 'send message']"
166,joseluisrodriguezalmanzar,2023-01-14 02:52:25+00:00,0.0,0.7612,positive,"['clapping_hands', 'clapping_hands clapping_hands', 'raising_hands smiling_face_with_heart', 'smiling_face_with_heart', 'smiling_face_with_heart eyes']"
167,neiroa1972,2023-06-06 19:07:20+00:00,0.0,0.0919,neutral,"['modelo', 'excelente', 'su', 'ser']"
167,renatozironda,2023-06-06 17:19:50+00:00,0.0,0.3451,neutral,"['clapping_hands clapping_hands', 'clapping_hands']"
167,gokulsarvesh9,2023-06-06 16:42:37+00:00,0.0,0.1898,neutral,['super']
167,zain.salam,2023-06-06 15:52:08+00:00,0.0,-0.1055,neutral,"['fire', 'fire fire', 'red_heart red_heart', 'red_heart', 'raising_hands fire']"
167,knutssonmora,2023-06-06 14:41:35+00:00,0.0,0.1005,neutral,"['di', 'ferragni', 'stupenda', 'chiara', 'mi']"
167,ale.visionaria,2023-06-06 14:35:33+00:00,0.0,-0.0285,neutral,"['la', 'poi', 'quella', 'quindi', 'è la']"
167,sajansajan177,2023-06-06 13:18:56+00:00,0.0,0.1033,neutral,['red_heart']
167,jabermalekzadeh_1968,2023-06-06 13:18:43+00:00,0.0,0.2873,neutral,"['red_heart red_heart', 'red_heart']"
168,mhmd6054,2023-06-06 16:33:26+00:00,0.0,0.0181,neutral,"['red_heart fire', 'red_heart', 'red_heart red_heart', 'fire']"
168,vincenzo.piccolo.1238,2023-06-06 16:17:09+00:00,0.0,-0.0425,neutral,"['tesoro', 'sei bellissima', 'ciao', 'bellissima', 'sei']"
168,jabermalekzadeh_1968,2023-06-06 13:19:08+00:00,0.0,0.2673,neutral,"['red_heart red_heart', 'red_heart']"
168,ishurana_359,2023-06-06 13:08:49+00:00,0.0,0.8729,positive,"['si', 'baby', 'cute']"
168,andrea_maria_tourino_19,2023-06-06 12:50:32+00:00,0.0,0.3049,neutral,"['red_heart red_heart', 'red_heart']"
168,samolsorensoren,2023-06-06 12:46:48+00:00,0.0,0.2792,neutral,"['red_heart red_heart', 'red_heart']"
168,zoelazziniii,2023-06-06 19:12:59+00:00,0.0,0.0242,neutral,"['donna', 'sia', 'penso', 'grande', 'tu']"
168,zoelazziniii,2023-06-06 19:16:39+00:00,0.0,-0.0069,neutral,"['vuol dire', 'vuol', 'complimenti per', 'donna', 'forse']"
169,liza.niles,2023-05-25 00:38:14+00:00,0.0,0.7856,positive,"['concerning', 'feel good', 'beautiful dress', 'continue', 'seems']"
169,thousandfibres,2023-05-24 19:15:49+00:00,0.0,0.9373,positive,['gorgeous']
169,curateandrotate,2023-05-24 18:58:56+00:00,0.0,0.1865,neutral,[]
169,studio__deja,2023-05-24 16:54:00+00:00,0.0,0.7492,positive,"['combo', 'colour', 'smiling_face_with_heart eyes', 'smiling_face_with_heart', 'eyes']"
169,millysanders81,2023-05-24 16:17:11+00:00,0.0,-0.238,neutral,"['elegant', 'super', 'look']"
169,hannahlouisef,2023-05-24 12:32:37+00:00,0.0,0.81,positive,"['perfect', 'dress']"
169,taarasajnani,2023-05-24 12:30:33+00:00,0.0,0.007,neutral,[]
169,yanajoli,2023-05-24 11:23:19+00:00,0.0,0.2744,neutral,"['red_heart', 'red_heart red_heart']"
169,theurbanwalker,2023-05-24 10:24:19+00:00,0.0,-0.1391,neutral,"['leather', 'bag', 'face_with_open_mouth']"
169,thelondonchatter,2023-05-24 09:41:40+00:00,1.0,0.4633,positive,['love']
170,monicalaprave,2023-06-06 16:50:27+00:00,0.0,0.591,positive,"['due', 'che', 'star', 'wow']"
170,mhmd6054,2023-06-06 16:34:16+00:00,0.0,0.2137,neutral,"['kiss_mark red_heart', 'kiss_mark', 'red_heart']"
170,aq_b498,2023-06-06 15:35:22+00:00,0.0,0.6642,positive,"['index_pointing_up', 'smiling_face_with_hearts']"
170,wagne.netto,2023-06-06 15:19:06+00:00,0.0,0.7356,positive,"['mãe', 'smiling_face_with_heart eyes', 'smiling_face_with_heart', 'eyes', 'eyes smiling_face_with_heart']"
170,luizcarlosferreira289,2023-06-06 15:09:37+00:00,0.0,0.0001,neutral,"['madre', 'angelo', 'viso', 'viso angelo', 'quei']"
170,michaelwright95722022,2023-06-06 14:21:22+00:00,0.0,0.2792,neutral,"['red_heart red_heart', 'red_heart']"
170,umarfaruk2000,2023-06-06 14:18:01+00:00,0.0,0.2792,neutral,"['red_heart red_heart', 'red_heart']"
170,andrea_maria_tourino_19,2023-06-06 12:52:37+00:00,0.0,0.1753,neutral,"['dos', 'red_heart', 'red_heart red_heart']"
170,ribasm,2023-06-06 12:09:27+00:00,0.0,0.9192,positive,"['cute red_heart', 'beyond', 'cute', 'red_heart', 'red_heart red_heart']"
170,sicatiberio,2023-06-06 12:01:06+00:00,0.0,0.5816,positive,"['sei bellissima', 'bellissima', 'sei', 'smiling_face_with_heart eyes', 'smiling_face_with_heart']"
171,sbrullino,2023-06-06 18:18:42+00:00,0.0,-0.0816,neutral,"['piede', 'bello il', 'naked', 'senza', 'bello']"
171,jabermalekzadeh_1968,2023-06-06 13:18:56+00:00,0.0,0.3642,neutral,"['red_heart red_heart', 'clapping_hands', 'clapping_hands clapping_hands', 'red_heart', 'red_heart clapping_hands']"
171,vincenzo.piccolo.1238,2023-06-06 10:56:54+00:00,0.0,-0.0891,neutral,"['sei', 'una', 'un', 'sei bella', 'cara']"
171,ashqisadiq,2023-06-06 10:37:03+00:00,0.0,0.7324,positive,"['eyes red_heart', 'smiling_face_with_heart eyes', 'smiling_face_with_heart', 'eyes', 'red_heart']"
171,massysick,2023-06-06 10:33:03+00:00,0.0,0.0482,neutral,"['woozy_face', 'woozy_face woozy_face', 'una', 'metti', 'speriamo']"
171,ganeskasota,2023-06-06 10:32:57+00:00,0.0,-0.0879,neutral,[]
172,drameabdourahmane2000,2023-06-06 10:15:32+00:00,0.0,0.115,neutral,"['bellissima red_heart', 'sei bellissima', 'bellissima', 'sei', 'red_heart']"
172,enric8avo,2023-06-06 09:13:21+00:00,0.0,-0.0532,neutral,"['vu', 'li', 'questi', 'gli', 'sono']"
172,dicostatiziana,2023-06-06 04:19:09+00:00,0.0,-0.0082,neutral,"['grinning_face_with_sweat', 'ha', 'un']"
172,5xanadu5,2023-06-06 12:41:22+00:00,0.0,-0.0052,neutral,"['davvero', 'questi', 'si', 'le', 'é']"
173,lolart1966,2023-06-06 18:26:30+00:00,0.0,0.2019,neutral,"['red_heart', 'red_heart red_heart']"
173,jena_sontosh,2023-06-06 18:12:31+00:00,0.0,0.3666,neutral,"['clapping_hands', 'clapping_hands clapping_hands']"
173,aycoo_410z2,2023-06-06 14:10:55+00:00,0.0,0.2873,neutral,"['red_heart red_heart', 'red_heart']"
173,andrea_maria_tourino_19,2023-06-06 12:51:46+00:00,0.0,0.4329,neutral,"['sparkling_heart', 'hermosa', 'sparkling_heart sparkling_heart']"
173,samolsorensoren,2023-06-06 12:47:13+00:00,0.0,0.2749,neutral,"['red_heart red_heart', 'red_heart']"
173,mazeroni_seda.music,2023-06-06 12:35:15+00:00,0.0,0.0992,neutral,"['fire', 'fire fire', 'red_heart', 'red_heart red_heart', 'fire red_heart']"
173,alwaystoghether2,2023-06-06 12:12:59+00:00,0.0,-0.0235,neutral,"['coi', 'soldi', 'diventa', 'pure', 'fedez']"
174,hanikhan2907,2023-06-06 15:45:54+00:00,0.0,0.985,positive,"['luck', 'nice', 'beautiful']"
174,mazzarosamary,2023-06-06 10:55:57+00:00,0.0,-0.0657,neutral,"['si', 'si ha', 'che si', 'ciò che', 'ciò']"
174,mazzarosamary,2023-06-06 10:54:51+00:00,0.0,0.0036,neutral,"['dell', 'r']"
174,mazzarosamary,2023-06-06 10:54:01+00:00,0.0,-0.0639,neutral,"['dire che', 'quelle', 'persone', 'dire', 'ci']"
174,rickvega48,2023-06-06 10:51:23+00:00,0.0,0.9401,positive,['nice']
174,thegangstarsboss,2023-06-06 10:30:08+00:00,0.0,0.0321,neutral,[]
174,bourahlakhaled,2023-06-06 10:07:23+00:00,0.0,0.9911,positive,"['nicely', 'look amazing', 'posting', 'enjoy', 'france']"
174,franco_bello_69,2023-06-05 22:25:17+00:00,0.0,-0.0325,neutral,"['face_with_open_mouth', 'chi', 'ti', 'face_with_open_mouth face_with_open_mouth']"
175,jwmas._,2023-06-06 17:44:22+00:00,0.0,0.1359,neutral,"['red_heart red_heart', 'red_heart']"
175,behnam_4225__perspolis,2023-06-06 16:34:29+00:00,0.0,0.796,positive,"['rose rose', 'rose']"
175,_liilii____,2023-06-06 13:20:34+00:00,0.0,0.7875,positive,"['eyes smiling_face_with_heart', 'eyes', 'smiling_face_with_heart eyes', 'smiling_face_with_heart']"
175,andrea_maria_tourino_19,2023-06-06 12:52:59+00:00,0.0,0.1051,neutral,"['eres', 'muy', 'raising_hands red_heart', 'raising_hands', 'red_heart']"
175,maky_medina,2023-06-06 12:31:25+00:00,0.0,0.0347,neutral,"['padre', 'el', 'es', 'con', 'que']"
175,_pedr_4444,2023-06-06 11:31:52+00:00,0.0,-0.0003,neutral,['chi']
175,evanna_g_gr,2023-06-06 11:17:01+00:00,0.0,-0.1026,neutral,"['di fedez', 'nonna', 'tutto', 'fedez', 'sua']"
175,mary_pask_capellopoint,2023-06-06 10:12:44+00:00,0.0,0.2382,neutral,"['mamma e', 'diventa', 'stupendo', 'giorno', 'ogni giorno']"
175,rosariacolletti,2023-06-06 08:55:08+00:00,0.0,0.0206,neutral,['bellissimo']
175,marianpappaa,2023-06-06 08:24:47+00:00,0.0,-0.8161,negative,"['matter', 'followers', 'business', 'number', 'take']"
176,patine,2023-05-12 13:31:03+00:00,0.0,0.987,positive,"['cardigan', 'beautiful would', 'love style', 'share', 'made']"
176,montanarosebrown1,2023-05-11 13:07:02+00:00,0.0,0.973,positive,"['outfit look', 'copying', 'fantastic', 'outfit', 'smiling_face_with_heart eyes']"
176,bellachristensenn,2023-05-10 01:55:09+00:00,0.0,0.5,positive,"['thinking', 'week', 'need']"
177,zamiasyakilla,2023-06-06 11:02:28+00:00,0.0,0.983,positive,"['photos', 'pleading_face', 'cute', 'smiling_face_with_hearts']"
177,musakamand,2023-06-04 08:19:52+00:00,0.0,0.2959,neutral,"['red_heart red_heart', 'red_heart']"
177,nina_giesen,2023-05-24 22:09:33+00:00,0.0,0.8402,positive,"['eyes smiling_face_with_heart', 'smiling_face_with_heart eyes', 'smiling_face_with_heart', 'eyes']"
177,linda_isabel_,2023-05-24 07:14:58+00:00,0.0,0.1665,neutral,"['size wearing', 'wearing', 'size', 'jeans', 'smiling_face_with_smiling_eyes']"
177,jules.kae,2023-05-22 14:59:25+00:00,0.0,0.7703,positive,"['red_heart smiling_face_with_heart', 'smiling_face_with_heart eyes', 'smiling_face_with_heart', 'eyes', 'red_heart']"
177,helenahelen159,2023-05-22 10:24:48+00:00,0.0,0.728,positive,"['smiling_face_with_heart eyes', 'smiling_face_with_heart', 'eyes']"
177,helenahelen159,2023-05-22 10:24:47+00:00,0.0,0.1033,neutral,['red_heart']
178,vacationv_,2023-06-05 05:51:28+00:00,0.0,0.8379,positive,"['pretty smiling_face_with_heart', 'pretty', 'smiling_face_with_heart eyes', 'smiling_face_with_heart', 'eyes']"
178,gevenlie,2023-06-04 21:54:09+00:00,0.0,0.2749,neutral,"['red_heart red_heart', 'red_heart']"
178,louiphy,2023-06-03 00:10:23+00:00,0.0,0.0321,neutral,[]
178,alyona.andreyevna,2023-06-02 15:38:39+00:00,0.0,0.8402,positive,"['eyes smiling_face_with_heart', 'smiling_face_with_heart eyes', 'smiling_face_with_heart', 'eyes']"
178,blackmeatdaddy9.0,2023-05-29 15:16:29+00:00,0.0,-0.0375,neutral,['rabbit_face']
178,etrehealth,2023-05-29 01:42:34+00:00,0.0,0.9407,positive,"['adorable red_heart', 'adorable', 'red_heart smiling_face_with_heart', 'smiling_face_with_heart eyes', 'smiling_face_with_heart']"
178,malee_lam,2023-05-28 09:12:24+00:00,0.0,0.9301,positive,"['red_heart red_heart', 'red_heart']"
178,carlotapitarch,2023-05-28 08:47:23+00:00,0.0,0.7867,positive,"['smiling_face_with_heart eyes', 'smiling_face_with_heart', 'eyes', 'eyes smiling_face_with_heart']"
178,tamaralamort,2023-05-27 22:10:45+00:00,0.0,0.839,positive,['vibe']
178,pashu.shop,2023-05-27 21:44:39+00:00,0.0,0.7867,positive,"['smiling_face_with_heart eyes', 'smiling_face_with_heart', 'eyes', 'eyes smiling_face_with_heart']"
179,monicastubbins,2023-05-31 01:51:52+00:00,0.0,0.0321,neutral,[]
179,cartierting,2023-05-14 18:31:21+00:00,0.0,0.898,positive,"['adorable', 'omg']"
179,beth__norton,2023-05-14 18:07:06+00:00,0.0,0.9257,positive,"['love smiling_face_with_heart', 'love', 'smiling_face_with_heart eyes', 'smiling_face_with_heart', 'eyes']"
179,bryantmckinney261,2023-05-14 14:41:45+00:00,0.0,0.9784,positive,"['happy mother', 'mother day', 'mother', 'day', 'happy']"
179,ruxx_marie,2023-05-14 13:26:20+00:00,0.0,0.1033,neutral,['red_heart']
179,wanderlustruby,2023-05-14 12:00:21+00:00,0.0,0.7074,positive,"['smiling_face_with_heart eyes', 'smiling_face_with_heart', 'eyes', 'eyes smiling_face_with_heart']"
179,cestclau,2023-05-14 08:58:55+00:00,0.0,0.8402,positive,"['eyes smiling_face_with_heart', 'smiling_face_with_heart eyes', 'smiling_face_with_heart', 'eyes']"
180,maddyandersson,2023-05-29 01:56:39+00:00,0.0,-0.014,neutral,"['drop', 'dress']"
180,baliblackbook.official,2023-05-22 06:30:05+00:00,0.0,0.9874,positive,"['much smiling_face_with_heart', 'love much', 'much', 'love', 'smiling_face_with_heart eyes']"
180,karen_e_lim,2023-05-22 00:42:10+00:00,0.0,0.9884,positive,"['ultimate', 'smiling_face_with_heart eyes', 'smiling_face_with_heart', 'eyes', 'cute smiling_face_with_heart']"
180,gem.tableware,2023-05-21 14:06:02+00:00,0.0,0.728,positive,"['smiling_face_with_heart eyes', 'smiling_face_with_heart', 'eyes']"
180,hannahkidi,2023-05-20 19:55:34+00:00,0.0,0.9538,positive,"['vibe', 'smiling_face_with_heart eyes', 'smiling_face_with_heart', 'eyes']"
180,lexiwood,2023-05-20 05:39:34+00:00,3.0,0.3004,neutral,"['red_heart red_heart', 'red_heart']"
180,danycaballer,2023-05-19 03:44:44+00:00,0.0,-0.688,negative,['know']
180,laratolksdorf,2023-05-18 18:22:49+00:00,0.0,0.2744,neutral,"['red_heart', 'red_heart red_heart']"
181,shopbebinca,2023-05-24 06:20:21+00:00,0.0,0.97,positive,"['love love', 'love', 'love brown_heart', 'brown_heart']"
181,julieetoft,2023-05-24 05:18:34+00:00,0.0,0.8816,positive,"['ordered', 'beauty']"
181,hoanggiang.hehe,2023-05-23 18:26:43+00:00,0.0,0.728,positive,"['smiling_face_with_heart eyes', 'smiling_face_with_heart', 'eyes']"
181,amadiahyehudah,2023-05-23 14:52:03+00:00,0.0,0.8402,positive,"['eyes smiling_face_with_heart', 'smiling_face_with_heart eyes', 'smiling_face_with_heart', 'eyes']"
181,jjsbikinis_,2023-05-23 14:16:23+00:00,0.0,0.4513,positive,"['obsessed smiling_face_with_heart', 'obsessed', 'smiling_face_with_heart eyes', 'smiling_face_with_heart', 'eyes']"
181,sittingprettyhalohair,2023-05-23 06:56:53+00:00,0.0,0.7867,positive,"['smiling_face_with_heart eyes', 'smiling_face_with_heart', 'eyes', 'eyes smiling_face_with_heart']"
181,avantadrienne,2023-05-22 23:30:39+00:00,0.0,0.0188,neutral,[]
182,mike002258,2023-05-31 19:20:18+00:00,0.0,0.9831,positive,"['looking', 'heart_suit', 'amazing']"
182,priestess_nathaniel,2023-05-28 07:53:39+00:00,0.0,-0.1492,neutral,"['energy', 'things', 'also love', 'blocking', 'love life']"
182,selfcare.inspiration,2023-05-23 21:58:34+00:00,0.0,0.7867,positive,"['smiling_face_with_heart eyes', 'smiling_face_with_heart', 'eyes', 'eyes smiling_face_with_heart']"
182,baliblackbook.official,2023-05-22 06:30:16+00:00,0.0,0.9438,positive,"['gorgeous black_heart', 'gorgeous', 'black_heart']"
182,hannahkidi,2023-05-20 19:53:27+00:00,0.0,0.9766,positive,"['like soul', 'beautiful day', 'food', 'soul', 'looks like']"
182,dubai.sport.gall,2023-05-20 18:56:57+00:00,0.0,0.2325,neutral,"['parrot', 'rose']"
182,svan.victor,2023-05-20 14:35:11+00:00,0.0,0.7838,positive,"['star struck', 'struck', 'star', 'face_blowing_a_kiss smiling_face_with_hearts', 'struck star']"
182,loisblog,2023-05-20 09:49:39+00:00,0.0,0.7867,positive,"['smiling_face_with_heart eyes', 'smiling_face_with_heart', 'eyes', 'eyes smiling_face_with_heart']"
182,studio.syv,2023-05-20 09:10:28+00:00,0.0,0.728,positive,"['smiling_face_with_heart eyes', 'smiling_face_with_heart', 'eyes']"
183,maajsad,2023-06-02 12:05:58+00:00,0.0,0.9727,positive,"['classy', 'beauty smiling_face_with_heart', 'true', 'beauty', 'always']"
183,baliblackbook.official,2023-05-22 06:29:39+00:00,0.0,0.962,positive,"['love love', 'love', 'love black_heart', 'black_heart']"
183,littleyarnn,2023-05-17 05:41:40+00:00,0.0,-0.1229,neutral,"['pleading_face', 'pleading_face pleading_face']"
183,charmannah,2023-05-16 07:38:06+00:00,0.0,0.0321,neutral,[]
183,tissimumswimwear,2023-05-15 19:16:33+00:00,0.0,0.3393,neutral,['revolving_hearts']
183,silje.alice,2023-05-15 16:30:57+00:00,0.0,0.6249,positive,"['white_heart black_heart', 'black_heart', 'white_heart', 'pretty white_heart', 'black_heart white_heart']"
183,shaniakufner,2023-05-15 10:33:44+00:00,0.0,0.9751,positive,"['ahhh', 'love smiling_face_with_heart', 'love', 'smiling_face_with_heart eyes', 'smiling_face_with_heart']"
184,matildadjerfangel,2023-05-18 12:05:09+00:00,0.0,0.0823,neutral,[]
184,sabsjulie,2023-05-13 10:54:03+00:00,0.0,0.7159,positive,"['beating_heart', 'beating_heart beating_heart', 'blossom', 'ahhhh', 'dreamy']"
184,bia_send,2023-05-12 17:58:27+00:00,0.0,0.0833,neutral,['white_heart']
184,chloeschuterman,2023-05-12 08:47:09+00:00,1.0,0.728,positive,"['smiling_face_with_heart eyes', 'smiling_face_with_heart', 'eyes']"
184,iamnotjodybateman,2023-05-11 19:23:20+00:00,0.0,0.8019,positive,"['heart_suit', 'light', 'folded_hands_medium_skin_tone', 'face_with_hand_over_mouth', 'heart']"
184,kimcelinaa,2023-05-11 17:58:47+00:00,0.0,0.0801,neutral,['light_skin_tone']
184,eyesrodgers,2023-05-11 14:39:02+00:00,1.0,-0.0915,neutral,"['cutie', 'pleading_face']"
184,chauntelsworld,2023-05-11 10:23:38+00:00,0.0,0.7613,positive,"['eyes red_heart', 'smiling_face_with_heart eyes', 'smiling_face_with_heart', 'eyes', 'eyes smiling_face_with_heart']"
184,ninalaurent_,2023-05-11 10:16:53+00:00,0.0,0.8387,positive,"['cutest', 'red_heart']"
185,baliblackbook.official,2023-05-22 06:30:29+00:00,0.0,0.962,positive,"['love love', 'love', 'love black_heart', 'black_heart']"
185,alexiskanehealth,2023-05-21 14:41:58+00:00,0.0,0.4173,neutral,"['peace', 'true']"
185,wenuridesilva,2023-05-21 11:53:59+00:00,0.0,0.8402,positive,"['eyes smiling_face_with_heart', 'smiling_face_with_heart eyes', 'smiling_face_with_heart', 'eyes']"
185,studio.syv,2023-05-21 10:38:23+00:00,0.0,0.0665,neutral,['dream']
185,jennyjenny88_53kvm,2023-05-21 05:37:28+00:00,0.0,0.7036,positive,"['love white_heart', 'white_heart', 'love']"
185,gary_jackson424,2023-05-20 22:44:59+00:00,0.0,0.9114,positive,"['still', 'believe', 'days', 'got', 'life']"
185,margaret_reynolds3644,2023-05-20 22:39:30+00:00,0.0,0.9249,positive,"['great achievement', 'try thanks', 'every great', 'achievement begins', 'achievement']"
185,giulio_cattaneo828,2023-05-20 22:33:41+00:00,0.0,0.9249,positive,"['great achievement', 'try thanks', 'every great', 'achievement begins', 'achievement']"
185,sandra1696thomas,2023-05-20 22:29:05+00:00,0.0,-0.1791,neutral,"['need know', 'lot people', 'wrong', 'people need', 'decision']"
185,emaandrejkova,2023-05-20 22:09:12+00:00,0.0,-0.0829,neutral,[]
186,emese.balint,2023-06-04 11:03:08+00:00,0.0,0.0828,neutral,"['trousers', 'white', 'smiling_face_with_heart eyes', 'smiling_face_with_heart', 'eyes']"
186,galiabrener,2023-05-17 20:39:31+00:00,0.0,0.9891,positive,"['great smiling_face_with_heart', 'eyes love', 'shots', 'look great', 'magazine']"
186,pares_g,2023-05-17 18:06:28+00:00,0.0,0.7074,positive,"['smiling_face_with_heart eyes', 'smiling_face_with_heart', 'eyes', 'eyes smiling_face_with_heart']"
186,higorblanco,2023-05-17 12:58:38+00:00,0.0,0.868,positive,"['eyes smiling_face_with_heart', 'smiling_face_with_heart eyes', 'smiling_face_with_heart', 'eyes']"
186,bassbomben_morris,2023-05-17 12:41:06+00:00,0.0,0.7324,positive,"['eyes red_heart', 'smiling_face_with_heart eyes', 'smiling_face_with_heart', 'eyes', 'red_heart']"
186,ikramparfums,2023-05-17 12:17:04+00:00,0.0,0.0914,neutral,"['magnifique red_heart', 'magnifique', 'red_heart']"
186,____gs.____,2023-05-16 20:00:45+00:00,0.0,0.1201,neutral,"['clapping_hands_medium light_skin_tone', 'clapping_hands_medium', 'light_skin_tone', 'white_heart']"
186,dawidtomaszewski,2023-05-16 15:21:52+00:00,0.0,0.7328,positive,"['struck smiling_face_with_hearts', 'eyes star', 'struck', 'star struck', 'star']"
186,vincenzo_the_iggy,2023-05-16 15:01:30+00:00,0.0,0.2413,neutral,['yay']
187,hzzy9787,2023-05-19 00:46:22+00:00,0.0,-0.0386,neutral,['send']
187,cristinaluiz85,2023-05-18 21:57:46+00:00,0.0,0.0348,neutral,"['olá', 'clapping_hands']"
187,karinapduran,2023-05-17 16:53:23+00:00,0.0,0.9908,positive,"['going', 'list', 'bc', 'sooo much', 'sharing']"
187,racnbe,2023-05-17 13:14:02+00:00,0.0,0.0803,neutral,['clapping_hands']
188,vasesbyfinn,2023-06-04 03:41:01+00:00,0.0,0.4095,neutral,"['one kind', 'dm us', 'sunflower', 'kind', 'butterfly']"
188,baliblackbook.official,2023-05-22 06:29:45+00:00,0.0,0.9567,positive,"['pretty smiling_face_with_heart', 'pretty', 'smiling_face_with_heart eyes', 'smiling_face_with_heart', 'eyes']"
188,ramazanuckunn,2023-05-19 07:37:28+00:00,0.0,-0.0972,neutral,[]
188,matildadjerfangel,2023-05-18 12:39:34+00:00,0.0,0.8703,positive,"['love red_heart', 'love', 'red_heart']"
188,taylormiree,2023-05-17 18:03:01+00:00,0.0,0.1975,neutral,['cutie']
188,sheridanthomsen,2023-05-17 15:59:56+00:00,0.0,0.3489,neutral,"['ribbon', 'beauty']"
188,92thestudio,2023-05-17 14:55:52+00:00,0.0,0.4068,neutral,"['two_hearts', 'two_hearts two_hearts']"
188,katieedriscoll,2023-05-16 21:21:44+00:00,0.0,0.8562,positive,"['matilda', 'wow', 'smiling_face_with_heart eyes', 'smiling_face_with_heart', 'eyes']"
188,heavenmayhem_,2023-05-16 17:58:08+00:00,0.0,-0.1762,neutral,['girl']
188,femmeontrend,2023-05-16 16:12:52+00:00,0.0,0.9323,positive,"['gorgeous red_heart', 'gorgeous', 'red_heart']"
189,skinnycopper,2023-05-23 11:34:49+00:00,0.0,0.2744,neutral,"['red_heart', 'red_heart red_heart']"
189,_kriss.ssi_,2023-05-22 10:22:33+00:00,0.0,0.4785,positive,"['die', 'ich', 'je', 'smiling_face_with_heart eyes', 'smiling_face_with_heart']"
189,sissyohlilly,2023-05-21 17:30:07+00:00,0.0,0.9759,positive,"['blouse', 'looove', 'please']"
189,dg9083237309,2023-05-21 01:51:34+00:00,0.0,-0.0086,neutral,['hi']
189,viviandoering,2023-05-20 11:42:16+00:00,0.0,0.2292,neutral,"['zu', 'dich', 'glücklich', 'es', 'raising_hands']"
189,koffialain63,2023-05-19 21:19:44+00:00,0.0,0.728,positive,"['smiling_face_with_heart eyes', 'smiling_face_with_heart', 'eyes']"
189,koffialain63,2023-05-19 21:19:39+00:00,0.0,-0.1174,neutral,[]
189,ileniatoma_,2023-05-19 21:03:38+00:00,1.0,0.1033,neutral,['red_heart']
189,fashion_realm,2023-06-03 15:06:40+00:00,0.0,0.0321,neutral,[]
189,beeluxelondon,2023-06-03 17:23:05+00:00,1.0,0.9546,positive,"['thanks much', 'much red_heart', 'thanks', 'much', 'red_heart']"
190,annaprins_,2023-03-09 16:57:09+00:00,0.0,-0.0321,neutral,"['fire', 'fire fire']"
190,flavia.ippoliti,2023-03-09 09:43:04+00:00,0.0,0.0667,neutral,"['white_heart', 'white_heart white_heart']"
190,faaar07,2023-03-08 16:50:13+00:00,0.0,0.0494,neutral,"['black_heart', 'black_heart black_heart']"
191,houseofsunny,2023-03-02 16:36:54+00:00,0.0,0.6903,positive,['adorable']
191,tijgerfrisstyling,2023-02-17 05:07:24+00:00,1.0,0.1033,neutral,['red_heart']
191,nenthe,2023-02-16 18:09:30+00:00,1.0,0.3626,neutral,"['och', 'red_heart', 'red_heart red_heart']"
191,imfongliu,2023-02-16 17:04:13+00:00,1.0,0.9121,positive,['beautiful']
191,marijnvanheijst,2023-02-15 16:38:58+00:00,1.0,0.7927,positive,"['smiling_face_with_hearts', 'cuties', 'smiling_face_with_hearts smiling_face_with_hearts']"
191,likoalmer,2023-02-15 16:37:34+00:00,1.0,0.802,positive,['cute']
191,odd_collectors_,2023-02-15 12:48:25+00:00,1.0,0.1146,neutral,"['white_heart', 'white_heart white_heart']"
191,etoile_luxury_vintage,2023-02-15 10:23:22+00:00,1.0,0.0707,neutral,"['white_heart', 'white_heart white_heart', 'adore']"
191,talitakalloe,2023-02-15 07:57:30+00:00,1.0,0.4959,positive,"['hier', 'fan', 'van', 'de', 'love']"
191,stephaniebroek,2023-02-17 21:46:45+00:00,0.0,0.5784,positive,"['smiling_face_with_tear', 'revolving_hearts']"
192,momsetproject,2023-03-17 12:36:34+00:00,0.0,-0.0665,neutral,['fire']
192,fablefrique,2023-03-12 22:11:38+00:00,0.0,0.2749,neutral,"['red_heart red_heart', 'red_heart']"
192,anjela_2277,2023-03-02 05:52:43+00:00,0.0,-0.1166,neutral,"['здравствуйте', 'в']"
192,artipoppe,2023-02-28 13:04:57+00:00,0.0,0.1033,neutral,['red_heart']
192,wiepboers,2023-02-24 18:40:08+00:00,0.0,0.0321,neutral,[]
193,dreamlafleur,2023-02-20 22:48:57+00:00,0.0,-0.1115,neutral,['gorg']
193,fashunnnnnnnnnnnnnnnnnnnnnnnn,2023-02-18 20:46:18+00:00,0.0,0.6976,positive,"['colours', 'smiling_face_with_heart eyes', 'smiling_face_with_heart', 'eyes']"
193,77mariex,2023-02-18 18:34:27+00:00,0.0,0.2019,neutral,"['red_heart', 'red_heart red_heart']"
193,flavia.ippoliti,2023-02-18 13:29:28+00:00,0.0,0.0892,neutral,"['brown_heart', 'brown_heart brown_heart']"
193,annawinck,2023-02-18 00:10:20+00:00,0.0,0.99,positive,"['bday', 'happy bday', 'love red_heart', 'happy', 'love']"
194,elif.studios,2023-03-08 09:22:52+00:00,0.0,0.728,positive,"['smiling_face_with_heart eyes', 'smiling_face_with_heart', 'eyes']"
194,cortnebonilla,2023-03-06 20:53:44+00:00,0.0,0.5076,positive,['always']
194,sophiejaneadams,2023-03-05 21:01:58+00:00,0.0,0.9774,positive,"['oh', 'love smiling_face_with_heart', 'love', 'smiling_face_with_heart eyes', 'smiling_face_with_heart']"
194,signedbyyou.amsterdam,2023-03-05 19:37:27+00:00,0.0,0.728,positive,"['smiling_face_with_heart eyes', 'smiling_face_with_heart', 'eyes']"
194,artipoppe,2023-03-05 10:11:43+00:00,0.0,0.565,positive,"['black_heart sparkles', 'sparkles', 'black_heart']"
194,reeprojects,2023-03-05 09:49:01+00:00,0.0,0.2744,neutral,"['red_heart', 'red_heart red_heart']"
194,carmenmattijssen,2023-03-04 12:33:42+00:00,0.0,0.728,positive,"['smiling_face_with_heart eyes', 'smiling_face_with_heart', 'eyes']"
195,fevrierclau,2023-05-31 22:12:54+00:00,0.0,0.2914,neutral,['muito']
195,ivandireita,2023-05-14 14:26:23+00:00,0.0,-0.0659,neutral,[]
195,justm_e7778,2023-05-13 19:24:32+00:00,0.0,-0.5698,negative,"['section', 'body like', 'body', 'c', 'like']"
195,adilmelek,2023-05-12 06:21:20+00:00,0.0,0.523,positive,"['red_heart face_blowing_a_kiss', 'face_blowing_a_kiss red_heart', 'face_blowing_a_kiss', 'red_heart']"
195,28lupo,2023-05-11 17:23:54+00:00,0.0,0.0999,neutral,"['fire', 'fire fire', 'bellissima']"
195,73zinso,2023-05-10 18:05:16+00:00,0.0,0.89,positive,"['fire', 'fire fire', 'beautiful red_heart', 'fire smiling_face_with_heart', 'red_heart fire']"
195,dr.collofello,2023-05-08 22:39:42+00:00,0.0,0.0016,neutral,"['brava', 'fire']"
195,_faiza.elk,2023-05-08 14:07:12+00:00,0.0,-0.0328,neutral,"['last one', 'last', 'one']"
196,slaleva,2023-02-22 20:57:21+00:00,0.0,0.555,positive,"['look good', 'body', 'loudly_crying_face', 'good', 'look']"
196,ellabroek,2023-02-22 17:14:34+00:00,0.0,0.2749,neutral,"['red_heart red_heart', 'red_heart']"
196,erinoffduty,2023-02-22 15:45:52+00:00,0.0,0.1146,neutral,"['white_heart', 'white_heart white_heart']"
196,marie_wez,2023-02-22 12:34:41+00:00,1.0,0.1759,neutral,['hot']
196,gavinsider,2023-02-22 06:11:43+00:00,0.0,0.4848,positive,"['whatever', 'gonna', 'wear', 'babe', 'chic']"
196,international_citizen_official,2023-02-21 09:03:59+00:00,0.0,0.0497,neutral,['high_voltage']
196,soesja_leugs,2023-02-20 09:58:53+00:00,0.0,0.0278,neutral,"['fire', 'fire fire']"
196,samuelpuyol,2023-02-20 08:10:51+00:00,0.0,0.728,positive,"['smiling_face_with_heart eyes', 'smiling_face_with_heart', 'eyes']"
196,elineraae,2023-02-20 07:47:47+00:00,0.0,0.903,positive,"['love white_heart', 'white_heart', 'love']"
197,stephaniebroek,2023-03-03 20:08:15+00:00,1.0,-0.7982,negative,"['broken_heart', 'revolving_hearts']"
197,stephaniebroek,2023-03-03 20:08:25+00:00,1.0,0.2096,neutral,"['revolving_hearts', 'green_heart']"
198,elin_wiener,2023-03-28 17:08:37+00:00,0.0,0.0247,neutral,"['signature', 'coat', 'size', 'u', 'black_heart']"
198,artipoppe,2023-02-03 11:37:17+00:00,0.0,0.565,positive,"['black_heart sparkles', 'sparkles', 'black_heart']"
198,martinhanssons,2023-01-24 16:46:03+00:00,0.0,0.7074,positive,"['smiling_face_with_heart eyes', 'smiling_face_with_heart', 'eyes', 'eyes smiling_face_with_heart']"
198,marai_collections,2023-01-23 07:22:37+00:00,0.0,0.8678,positive,"['black_heart', 'beautiful']"
198,hildasandstrom,2023-01-21 16:11:23+00:00,0.0,0.7867,positive,"['smiling_face_with_heart eyes', 'smiling_face_with_heart', 'eyes', 'eyes smiling_face_with_heart']"
198,numero_netherlands,2023-01-21 14:36:50+00:00,0.0,0.728,positive,"['smiling_face_with_heart eyes', 'smiling_face_with_heart', 'eyes']"
198,alicebetts_,2023-01-20 15:09:37+00:00,1.0,-0.951,negative,"['missed', 'ok', 'red_heart']"
198,vada__vavvl,2023-01-20 06:58:46+00:00,0.0,0.2749,neutral,"['red_heart red_heart', 'red_heart']"
198,rauschlichtkonzept,2023-01-19 17:33:40+00:00,0.0,0.0756,neutral,"['clapping_hands_light_skin_tone', 'clapping_hands_light_skin_tone clapping_hands_light_skin_tone']"
199,martijn,2023-02-03 07:32:40+00:00,0.0,0.728,positive,"['smiling_face_with_heart eyes', 'smiling_face_with_heart', 'eyes']"
199,emilyjm_,2023-01-31 17:36:33+00:00,1.0,0.124,neutral,['white_heart']
199,instascenexmoscow,2023-01-31 13:24:07+00:00,0.0,0.1554,neutral,"['dm growing_heart', 'check dm', 'please check', 'growing_heart', 'check']"
199,_learh,2023-01-27 12:28:45+00:00,0.0,0.945,positive,[]
200,karenarcanjo.official,2023-05-18 21:15:17+00:00,0.0,0.1033,neutral,['red_heart']
200,k.jadereason,2023-02-15 18:03:30+00:00,0.0,0.0494,neutral,"['black_heart', 'black_heart black_heart']"
200,diogenesquinteroa,2023-02-15 07:49:30+00:00,0.0,0.4149,neutral,"['offer', 'talk', 'send dm', 'send', 'dm']"
200,evnec.izabil79,2023-02-08 01:35:38+00:00,0.0,0.2351,neutral,"['backhand_index_pointing_right', 'collab', 'glowing_star', 'rose', 'dizzy']"
200,sophiaippoliti,2023-02-07 17:23:11+00:00,0.0,0.1548,neutral,"['outfit', 'black_heart']"
200,makeyoursec,2023-02-07 09:03:10+00:00,0.0,0.728,positive,"['smiling_face_with_heart eyes', 'smiling_face_with_heart', 'eyes']"
200,heavenoseven,2023-02-06 21:30:22+00:00,0.0,0.9753,positive,"['always red_heart', 'always', 'stunning', 'red_heart', 'red_heart red_heart']"
201,simonnygard,2023-01-31 09:19:06+00:00,1.0,0.1493,neutral,"['high_voltage', 'dizzy', 'high_voltage high_voltage', 'dizzy dizzy']"
201,instascenexmoscow,2023-01-17 15:31:03+00:00,0.0,0.1554,neutral,"['dm growing_heart', 'check dm', 'please check', 'growing_heart', 'check']"
201,loys.laundry,2023-01-15 11:55:30+00:00,0.0,0.1489,neutral,"['message red_heart', 'send message', 'hi', 'message', 'send']"
201,hildasandstrom,2023-01-11 22:06:31+00:00,1.0,0.7867,positive,"['smiling_face_with_heart eyes', 'smiling_face_with_heart', 'eyes', 'eyes smiling_face_with_heart']"
201,artipoppe,2023-01-11 14:51:20+00:00,1.0,0.7665,positive,"['th', 'everything', 'growing_heart', 'pic']"
201,creatorspanel_travel,2023-01-10 22:36:30+00:00,0.0,0.0269,neutral,"['check dm', 'please check', 'check', 'dm', 'please']"
201,theindigokitchen,2023-01-10 17:11:07+00:00,0.0,0.1088,neutral,['bag']
202,stephaniebroek,2023-02-07 19:31:15+00:00,0.0,0.2019,neutral,"['red_heart', 'red_heart red_heart']"
202,stephaniebroek,2023-02-07 19:31:17+00:00,0.0,0.1033,neutral,['red_heart']
203,pavidas,2023-06-06 11:05:42+00:00,0.0,0.952,positive,"['amazing smiling_face_with_heart', 'amazing', 'smiling_face_with_heart eyes', 'smiling_face_with_heart', 'eyes']"
203,jayme_luiz_alves,2023-06-02 19:36:32+00:00,0.0,0.6806,positive,"['linda smiling_face_with_heart', 'linda', 'smiling_face_with_heart eyes', 'smiling_face_with_heart', 'eyes']"
203,artursilva6862,2023-06-02 14:43:51+00:00,1.0,-0.0207,neutral,[]
203,kika100doute,2023-06-02 01:03:24+00:00,1.0,0.0067,neutral,"['c est', 'est', 'c', 'le']"
203,lcristianerochaa,2023-06-01 09:36:58+00:00,0.0,0.0283,neutral,"['linda maravilhosa', 'maravilhosa', 'linda']"
203,lcristianerochaa,2023-06-01 09:36:53+00:00,1.0,0.3004,neutral,"['red_heart red_heart', 'red_heart']"
203,maiaradorini,2023-05-29 21:10:56+00:00,0.0,-0.0338,neutral,"['de onde', 'onde', 'de']"
203,dr.collofello,2023-05-08 22:40:44+00:00,0.0,-0.0665,neutral,['fire']
203,daanrodri,2023-05-08 02:44:59+00:00,1.0,0.1078,neutral,"['camila red_heart', 'camila', 'red_heart']"
203,jaquesampaio_,2023-05-05 12:02:49+00:00,0.0,0.0133,neutral,[]
204,joelma.wohlwend,2023-06-03 19:40:22+00:00,0.0,0.5374,positive,"['perfeita', 'smiling_face_with_heart eyes', 'smiling_face_with_heart', 'eyes']"
204,cha37ervasdazaira,2023-05-30 22:45:16+00:00,0.0,0.0554,neutral,['lindo']
204,vanessa.arantes79,2023-05-11 02:24:03+00:00,0.0,0.0284,neutral,"['encontramos', 'onde', 'diva', 'que', 'look']"
204,olgafeodorovna86,2023-05-08 16:39:02+00:00,0.0,0.1033,neutral,['red_heart']
204,fatimalonaty,2023-05-06 06:57:37+00:00,0.0,0.2749,neutral,"['red_heart red_heart', 'red_heart']"
204,sandrurita_,2023-05-04 07:16:11+00:00,0.0,0.5214,positive,"['tan', 'smiling_face_with_heart eyes', 'smiling_face_with_heart', 'eyes']"
204,marlen_a28,2023-05-02 16:20:31+00:00,0.0,0.6541,positive,"['red_heart smiling_face_with_heart', 'smiling_face_with_heart eyes', 'smiling_face_with_heart', 'eyes', 'red_heart']"
204,tuanaschumacher,2023-05-01 19:53:41+00:00,0.0,0.7074,positive,"['smiling_face_with_heart eyes', 'smiling_face_with_heart', 'eyes', 'eyes smiling_face_with_heart']"
205,limex.indalesio,2023-06-02 05:37:05+00:00,0.0,0.6781,positive,['ok']
205,mvstudioas,2023-05-29 06:42:31+00:00,0.0,-0.0872,neutral,"['red_heart fire', 'fire', 'red_heart']"
205,matildadjerfangel,2023-05-18 12:14:34+00:00,0.0,0.2576,neutral,"['loudly_crying_face', 'smiling_face_with_heart eyes', 'smiling_face_with_heart', 'eyes']"
205,sevenajstores,2023-05-15 07:09:38+00:00,0.0,0.0278,neutral,"['fire', 'fire fire']"
205,stellafuriaa_,2023-05-13 18:23:49+00:00,0.0,0.0377,neutral,[]
205,jiang_anmicius,2023-05-13 15:27:48+00:00,0.0,0.1125,neutral,"['age', 'protect', 'wanted', 'met', 'th']"
206,oxana_nft_club,2023-05-29 20:09:00+00:00,0.0,0.8031,positive,"['smiling_face', 'top_arrow', 'sun', 'bella']"
206,briiannaaxox,2023-05-18 23:53:59+00:00,0.0,0.46,neutral,"['red_heart smiling_face_with_heart', 'smiling_face_with_heart eyes', 'smiling_face_with_heart', 'eyes', 'red_heart']"
206,lizymason,2023-05-03 20:30:10+00:00,0.0,-0.1241,neutral,['pants']
206,good_vibes_only_bg,2023-04-28 02:48:53+00:00,0.0,-0.0845,neutral,"['palm_tree', 'fire', 'fire fire']"
206,neslihande,2023-04-27 22:18:52+00:00,0.0,0.7074,positive,"['smiling_face_with_heart eyes', 'smiling_face_with_heart', 'eyes', 'eyes smiling_face_with_heart']"
206,spexpresstransporte,2023-04-27 00:14:43+00:00,0.0,0.1972,neutral,"['red_heart clapping_hands', 'clapping_hands', 'red_heart']"
206,ceferinapro,2023-04-26 05:39:38+00:00,0.0,0.9121,positive,['beautiful']
206,amandalmeidinha,2023-04-25 21:51:03+00:00,0.0,-0.0351,neutral,"['de', 'que', 'está', 'bem', 'essa']"
206,ectwins,2023-04-25 19:04:38+00:00,0.0,0.976,positive,"['la', 'list', 'sunday', 'rock', 'opening']"
207,lea_spinella,2023-05-12 12:17:42+00:00,0.0,0.728,positive,"['smiling_face_with_heart eyes', 'smiling_face_with_heart', 'eyes']"
207,esxdery,2023-05-12 09:44:18+00:00,0.0,0.967,positive,"['red_heart', 'red_heart red_heart', 'best']"
207,baliblackbook.official,2023-05-10 05:31:32+00:00,0.0,0.876,positive,"['look smiling_face_with_heart', 'look', 'smiling_face_with_heart eyes', 'smiling_face_with_heart', 'eyes']"
207,atelier_2003,2023-05-09 20:36:58+00:00,0.0,0.1066,neutral,"['hotel', 'people_hugging', 'name', 'pls']"
207,the_quag,2023-05-08 18:21:42+00:00,0.0,0.8563,positive,['love']
207,silje.alice,2023-05-08 14:29:07+00:00,0.0,0.7832,positive,"['flowers', 'smiling_face_with_heart eyes', 'smiling_face_with_heart', 'eyes']"
207,vntg_studio,2023-05-08 12:54:13+00:00,0.0,0.728,positive,"['smiling_face_with_heart eyes', 'smiling_face_with_heart', 'eyes']"
207,shopbebinca,2023-05-08 02:56:42+00:00,0.0,0.929,positive,"['love brown_heart', 'brown_heart', 'love']"
207,tontonlamine1,2023-05-07 21:20:51+00:00,0.0,0.1331,neutral,['hello']
207,annn_soso,2023-05-07 20:49:38+00:00,0.0,-0.2405,negative,"['loudly_crying_face', 'loudly_crying_face loudly_crying_face', 'face_with_hand_over_mouth', 'skirt', 'life']"
208,ebbabard,2023-05-25 07:46:18+00:00,0.0,-0.0239,neutral,['mamma']
208,mariajran,2023-05-22 07:28:36+00:00,0.0,0.9606,positive,"['dress', 'cute dress', 'x', 'cute']"
208,cute_mistake,2023-05-21 11:57:42+00:00,0.0,0.9259,positive,"['beautiful red_heart', 'beautiful', 'red_heart']"
208,lilyburford,2023-05-18 08:46:52+00:00,0.0,0.0384,neutral,"['dress red_heart', 'dress', 'red_heart']"
208,capalaswim,2023-05-14 09:11:25+00:00,0.0,0.8402,positive,"['eyes smiling_face_with_heart', 'smiling_face_with_heart eyes', 'smiling_face_with_heart', 'eyes']"
209,xomelissatovar,2023-05-21 13:18:34+00:00,1.0,-0.4753,negative,['obsessed']
209,va.ninaschulenburg,2023-05-13 13:01:15+00:00,0.0,0.4862,positive,"['smiling_face_with_heart eyes', 'smiling_face_with_heart', 'eyes']"
209,lilysdiary3,2023-05-13 11:36:12+00:00,0.0,0.0321,neutral,[]
209,sarahmella,2023-05-13 01:27:59+00:00,0.0,0.9567,positive,"['pretty smiling_face_with_heart', 'pretty', 'smiling_face_with_heart eyes', 'smiling_face_with_heart', 'eyes']"
209,chloeschuterman,2023-05-12 08:47:16+00:00,0.0,0.741,positive,"['smiling_face_with_heart eyes', 'smiling_face_with_heart', 'eyes', 'eyes smiling_face_with_heart']"
209,reylisem,2023-05-11 16:09:52+00:00,0.0,-0.146,neutral,[]
209,pernillewilby,2023-05-11 15:45:09+00:00,0.0,0.9781,positive,"['looks amazing', 'looks', 'amazing']"
209,maria_partido,2023-05-11 11:09:51+00:00,2.0,-0.0158,neutral,[]
209,weldedbracelets,2023-05-11 09:52:27+00:00,0.0,0.269,neutral,"['dreamy white_heart', 'dreamy', 'white_heart']"
210,svan.victor,2023-05-10 17:27:42+00:00,0.0,0.3847,neutral,"['kiss_mark', 'kiss_mark kiss_mark']"
210,lea_spinella,2023-05-09 15:19:58+00:00,0.0,0.728,positive,"['smiling_face_with_heart eyes', 'smiling_face_with_heart', 'eyes']"
210,itspaloma__,2023-05-08 21:54:14+00:00,0.0,0.9888,positive,"['look nice', 'medium light_skin_tone', 'medium', 'nice', 'light_skin_tone']"
210,priestess_alice_1,2023-05-07 13:15:43+00:00,0.0,0.762,positive,"['see', 'message', 'blocked kindly', 'need honest', 'see around']"
210,shopariete,2023-05-05 18:24:42+00:00,0.0,0.9763,positive,"['vibes smiling_face_with_heart', 'vibes', 'love', 'smiling_face_with_heart eyes', 'smiling_face_with_heart']"
210,fadi._.turk,2023-05-05 17:02:04+00:00,0.0,0.728,positive,"['smiling_face_with_heart eyes', 'smiling_face_with_heart', 'eyes']"
210,bentheliem,2023-05-27 23:25:17+00:00,0.0,0.0321,neutral,[]
211,fatou_diambal,2023-05-13 23:04:38+00:00,0.0,0.864,positive,"['wow smiling_face_with_heart', 'wow', 'smiling_face_with_heart eyes', 'smiling_face_with_heart', 'eyes']"
211,baliblackbook.official,2023-05-10 05:31:23+00:00,0.0,0.9651,positive,"['beautiful smiling_face_with_heart', 'beautiful', 'smiling_face_with_heart eyes', 'smiling_face_with_heart', 'eyes']"
211,jewel.sanders,2023-05-06 15:49:06+00:00,0.0,0.2783,neutral,['wow']
211,szendiiii,2023-05-06 15:36:04+00:00,0.0,0.2749,neutral,"['red_heart red_heart', 'red_heart']"
211,taylor__brandon,2023-05-06 15:35:52+00:00,0.0,0.8402,positive,"['eyes smiling_face_with_heart', 'smiling_face_with_heart eyes', 'smiling_face_with_heart', 'eyes']"
211,samrogers.jpg,2023-05-06 15:28:22+00:00,0.0,0.9694,positive,"['smiling_face_with_heart eyes', 'smiling_face_with_heart', 'eyes', 'love', 'eyes smiling_face_with_heart']"
211,farah__awad,2023-05-06 14:49:41+00:00,0.0,0.8854,positive,"['vibe', 'medium light_skin_tone', 'medium', 'light_skin_tone']"
211,mary_mur,2023-05-06 13:14:06+00:00,0.0,0.6424,positive,"['smiling_face_with_heart eyes', 'smiling_face_with_heart', 'eyes', 'omg smiling_face_with_heart', 'eyes smiling_face_with_heart']"
211,itbegrippinandfartin,2023-05-15 23:50:19+00:00,0.0,-0.0879,neutral,"['beach', 'usual']"
212,_bonjour_lulu_,2023-05-26 10:18:40+00:00,0.0,0.1082,neutral,"['bottega', 'red_heart']"
212,sandraromero,2023-05-22 19:39:05+00:00,0.0,0.4865,positive,"['dreamy', 'purple_heart']"
212,styledbyano,2023-05-22 12:57:22+00:00,0.0,0.7257,positive,"['dream smiling_face_with_heart', 'smiling_face_with_heart eyes', 'smiling_face_with_heart', 'eyes', 'eyes smiling_face_with_heart']"
212,helloitismarta,2023-05-22 11:54:28+00:00,0.0,0.645,positive,"['white_heart cherry_blossom', 'cherry_blossom', 'lovely', 'white_heart']"
212,ateliercelinewach,2023-05-22 11:07:54+00:00,0.0,0.1146,neutral,"['white_heart', 'white_heart white_heart']"
212,katawii,2023-05-21 20:11:52+00:00,0.0,0.9789,positive,"['love look', 'look smiling_face_with_heart', 'look', 'love', 'smiling_face_with_heart eyes']"
212,tkesy_,2023-05-21 18:01:29+00:00,0.0,0.1033,neutral,['red_heart']
212,gloria.egorova,2023-05-21 15:57:08+00:00,0.0,-0.2951,neutral,"['broken_heart', 'broken_heart broken_heart', 'flowers', 'favourite']"
212,stylemesoftly_,2023-05-21 13:50:21+00:00,0.0,0.2744,neutral,"['red_heart', 'red_heart red_heart']"
212,blondezvous,2023-05-21 11:27:01+00:00,0.0,0.9308,positive,"['sun', 'orange_heart', 'love']"
213,lea_spinella,2023-05-13 17:00:29+00:00,0.0,0.7074,positive,"['smiling_face_with_heart eyes', 'smiling_face_with_heart', 'eyes', 'eyes smiling_face_with_heart']"
213,ruxx_marie,2023-05-10 20:05:30+00:00,0.0,0.1033,neutral,['red_heart']
213,flavia.ippoliti,2023-05-10 18:53:09+00:00,0.0,0.9738,positive,"['white_heart', 'white_heart white_heart', 'beautiful white_heart', 'beautiful']"
213,svan.victor,2023-05-10 17:29:21+00:00,0.0,0.0494,neutral,['wine_glass']
213,livbowsky,2023-05-10 13:23:31+00:00,0.0,0.9646,positive,"['style fire', 'love style', 'style', 'love', 'fire']"
213,davisun.bochra4,2023-05-10 12:25:15+00:00,0.0,0.1413,neutral,"['please red_heart', 'dm please', 'check dm', 'check', 'dm']"
213,_nelcik_,2023-05-13 08:59:29+00:00,0.0,0.2383,neutral,"['jeans', 'need']"
214,diegooceanfive,2023-05-21 09:15:12+00:00,0.0,0.7074,positive,"['smiling_face_with_heart eyes', 'smiling_face_with_heart', 'eyes', 'eyes smiling_face_with_heart']"
214,purposefull.podcast,2023-05-05 06:00:55+00:00,0.0,0.9636,positive,"['adorable brown_heart', 'totally', 'adorable', 'brown_heart']"
214,shopbebinca,2023-05-05 04:27:35+00:00,0.0,0.9501,positive,"['absolutely', 'cute', 'brown_heart']"
214,allofalexandra,2023-05-04 17:08:46+00:00,0.0,-0.5042,negative,"['loudly_crying_face', 'loudly_crying_face loudly_crying_face']"
214,elizabeth_mcshay_33,2023-05-04 15:47:04+00:00,0.0,-0.0892,neutral,"['eating', 'cream', 'strawberries']"
214,wiep_boers,2023-05-04 11:24:03+00:00,0.0,0.0321,neutral,[]
214,diariesofagirlabroad,2023-05-04 10:27:32+00:00,0.0,0.8094,positive,"['smiling_face_with_heart eyes', 'smiling_face_with_heart', 'eyes']"
216,victorginesmunoz,2023-05-22 16:22:12+00:00,0.0,-0.0302,neutral,"['muy', 'es', 'foto']"
216,samleeuwis,2023-05-22 10:41:13+00:00,0.0,0.728,positive,"['smiling_face_with_heart eyes', 'smiling_face_with_heart', 'eyes']"
216,julia_israel_,2023-05-22 08:30:31+00:00,0.0,0.7867,positive,"['smiling_face_with_heart eyes', 'smiling_face_with_heart', 'eyes', 'eyes smiling_face_with_heart']"
216,katawii,2023-05-21 20:11:31+00:00,0.0,0.9156,positive,"['stunning sparkles', 'stunning', 'sparkles']"
216,92thestudio,2023-05-21 14:40:26+00:00,0.0,0.7867,positive,"['smiling_face_with_heart eyes', 'smiling_face_with_heart', 'eyes', 'eyes smiling_face_with_heart']"
216,thiaagoalb_,2023-05-21 14:26:17+00:00,0.0,0.0321,neutral,[]
216,darichini_,2023-05-21 12:33:44+00:00,0.0,0.9396,positive,"['black_heart', 'gorgeous black_heart', 'black_heart black_heart', 'gorgeous']"
216,thefashionfraction,2023-05-21 11:06:25+00:00,0.0,0.9237,positive,"['smiling_face_with_heart eyes', 'smiling_face_with_heart', 'eyes']"
216,valeriyadayneko,2023-05-21 10:29:29+00:00,0.0,0.7867,positive,"['smiling_face_with_heart eyes', 'smiling_face_with_heart', 'eyes', 'eyes smiling_face_with_heart']"
216,tonyamazzeo,2023-05-21 05:39:45+00:00,1.0,0.7707,positive,"['adorable brown_heart', 'adorable', 'brown_heart']"
217,limex.indalesio,2023-06-02 05:37:32+00:00,0.0,-0.0356,neutral,['hibiscus']
217,andry_rasol,2023-05-20 14:05:55+00:00,0.0,0.1194,neutral,"['france', 'kiss_mark', 'kiss_mark kiss_mark', 'kiss']"
217,kaylee_.madison,2023-05-17 13:58:13+00:00,0.0,0.9354,positive,['love']
217,sevdie_ahmeti,2023-05-17 00:13:24+00:00,0.0,0.1059,neutral,"['red_heart fire', 'fire', 'red_heart']"
217,titelarocena,2023-05-15 03:01:27+00:00,0.0,0.888,positive,"['u beating_heart', 'love u', 'beating_heart', 'u', 'love']"
217,topamazing_women,2023-05-11 17:43:07+00:00,0.0,0.7867,positive,"['smiling_face_with_heart eyes', 'smiling_face_with_heart', 'eyes', 'eyes smiling_face_with_heart']"
217,dapriince__7,2023-05-09 03:22:29+00:00,0.0,0.0941,neutral,['rose']
217,chelseathrift_,2023-05-07 00:07:33+00:00,0.0,0.9038,positive,"['yellow_heart yellow_heart', 'yellow_heart', 'love send', 'send best', 'pieces']"
217,miettaleisure,2023-05-06 11:51:29+00:00,0.0,0.1926,neutral,"['cherry_blossom', 'cherry_blossom cherry_blossom']"
217,stylemotive_,2023-05-05 06:33:23+00:00,0.0,0.0806,neutral,"['fire', 'fire fire']"
218,sandraromero,2023-05-19 21:09:53+00:00,0.0,0.802,positive,['cute']
218,nadsnotnice,2023-05-18 23:21:15+00:00,1.0,0.963,positive,"['cute smiling_face_with_heart', 'shirt', 'cute', 'smiling_face_with_heart eyes', 'smiling_face_with_heart']"
218,akuavi_,2023-05-18 17:42:57+00:00,0.0,0.7074,positive,"['smiling_face_with_heart eyes', 'smiling_face_with_heart', 'eyes', 'eyes smiling_face_with_heart']"
218,kate.privalova,2023-05-18 15:24:11+00:00,0.0,0.9826,positive,"['light', 'face_with_tears_of_joy', 'love', 'smiling_face_with_heart eyes', 'smiling_face_with_heart']"
218,silje.alice,2023-05-18 12:09:58+00:00,0.0,0.8249,positive,"['shirt smiling_face_with_heart', 'shirt', 'smiling_face_with_heart eyes', 'smiling_face_with_heart', 'eyes']"
218,archive.thelabel,2023-05-18 10:21:50+00:00,0.0,0.4847,positive,"['slay', 'black_heart']"
218,whatyoustyling_,2023-05-17 20:22:08+00:00,0.0,0.7867,positive,"['smiling_face_with_heart eyes', 'smiling_face_with_heart', 'eyes', 'eyes smiling_face_with_heart']"
218,mariaalauritzen,2023-05-17 14:55:27+00:00,0.0,0.0278,neutral,"['fire', 'fire fire']"
218,bencercio,2023-05-17 13:19:34+00:00,0.0,0.2019,neutral,"['red_heart', 'red_heart red_heart']"
218,surowkaa,2023-05-17 13:01:41+00:00,1.0,0.9619,positive,"['cool smiling_face_with_heart', 'yet', 'simple', 'cool', 'smiling_face_with_heart eyes']"
219,thegreenesthue,2023-05-23 19:43:56+00:00,0.0,-0.0182,neutral,"['camera', 'use', 'hi']"
219,matildadjerfangel,2023-05-18 12:03:52+00:00,0.0,0.2965,neutral,[]
219,serina.herikstad,2023-05-11 19:14:07+00:00,0.0,0.2089,neutral,"['pics', 'last', 'dress', 'need']"
219,topamazing_women,2023-05-11 17:43:21+00:00,0.0,0.0278,neutral,"['fire', 'fire fire']"
219,aleidadersim,2023-05-11 15:32:28+00:00,0.0,0.9023,positive,"['eyes smiling_face_with_heart', 'smiling_face_with_heart', 'smiling_face_with_heart eyes', 'eyes', 'omggg']"
219,amandaljung_,2023-05-04 20:09:36+00:00,0.0,-0.0571,neutral,"['denna', 'butterfly']"
219,bylundin,2023-05-01 18:37:38+00:00,0.0,-0.0763,neutral,"['fin', 'är', 'du']"
219,ameliajennifermiller,2023-05-01 16:32:35+00:00,0.0,0.0803,neutral,['clapping_hands']
219,aiko.lou,2023-05-01 16:15:54+00:00,0.0,0.1878,neutral,"['silk dress', 'silk', 'dress smiling_face_with_heart', 'dress', 'smiling_face_with_heart']"
219,etoile_luxury_vintage,2023-05-01 16:01:55+00:00,0.0,0.7757,positive,"['medium light_skin_tone', 'medium', 'light_skin_tone', 'light_skin_tone medium', 'sparkles']"
220,boxingtrainer2023,2023-05-05 19:08:34+00:00,0.0,0.2744,neutral,"['red_heart', 'red_heart red_heart']"
220,cece_ziii,2023-05-01 16:33:29+00:00,0.0,0.7857,positive,"['eyes smiling_face_with_heart', 'smiling_face_with_heart', 'smiling_face_with_heart eyes', 'eyes', 'shoes']"
220,mailysmd,2023-04-30 12:16:11+00:00,0.0,0.8302,positive,"['stunning jeans', 'absolutely stunning', 'absolutely', 'jeans', 'stunning']"
220,tuuliinalahdensuo,2023-04-30 08:16:05+00:00,0.0,0.7867,positive,"['smiling_face_with_heart eyes', 'smiling_face_with_heart', 'eyes', 'eyes smiling_face_with_heart']"
220,itsashleerae,2023-04-30 04:35:21+00:00,0.0,0.008,neutral,['shoes']
220,agnesnaurkiss,2023-04-29 12:24:39+00:00,0.0,0.0892,neutral,"['brown_heart', 'brown_heart brown_heart']"
220,chrissyovergoor,2023-04-29 11:40:25+00:00,1.0,0.132,neutral,"['hahahah', 'ur', 'shoes', 'right']"
220,linamanelius,2023-04-29 11:05:51+00:00,0.0,-0.1032,neutral,['shoes']
220,jenniferxdom,2023-04-29 03:37:08+00:00,0.0,0.7309,positive,"['eyes two_hearts', 'two_hearts', 'smiling_face_with_heart eyes', 'smiling_face_with_heart', 'eyes']"
221,vincenzo.piccolo.1238,2023-06-06 16:18:55+00:00,0.0,-0.1369,neutral,"['tesoro', 'stupenda', 'sei']"
221,pirorangzebshah,2023-06-06 10:41:47+00:00,0.0,0.905,positive,"['fire', 'u red_heart', 'ove', 'fire fire', 'u']"
221,thegangstarsboss,2023-06-06 10:30:23+00:00,0.0,0.0321,neutral,[]
221,gigliotigrato777,2023-06-05 06:22:08+00:00,0.0,-0.0464,neutral,"['sono', 'dove', 'si']"
221,navadiogo,2023-06-03 21:54:02+00:00,0.0,0.7144,positive,"['beauty', 'needed', 'none', 'flowers', 'house']"
222,jk_1331,2023-05-28 00:09:59+00:00,0.0,-0.0551,neutral,['white']
222,babyjji__,2023-05-16 01:42:27+00:00,0.0,0.6513,positive,"['big', 'little', 'tight', 'big fan', 'ordered']"
222,hayley_jade_lillian,2023-05-13 10:21:30+00:00,0.0,0.3714,neutral,"['vibes', 'hair', 'girl']"
222,dapriince__7,2023-05-09 03:19:54+00:00,0.0,0.6465,positive,"['weary_face', 'smiling_face_with_heart eyes', 'smiling_face_with_heart', 'eyes']"
222,miettaleisure,2023-05-08 07:18:41+00:00,0.0,0.7867,positive,"['smiling_face_with_heart eyes', 'smiling_face_with_heart', 'eyes', 'eyes smiling_face_with_heart']"
222,hannamietz,2023-05-04 15:34:23+00:00,0.0,0.9764,positive,"['pieces', 'sooo', 'cherry_blossom', 'sparkles', 'love']"
222,palazzo3504,2023-05-02 17:38:46+00:00,0.0,0.6541,positive,"['red_heart smiling_face_with_heart', 'smiling_face_with_heart eyes', 'smiling_face_with_heart', 'eyes', 'red_heart']"
222,ruxx_marie,2023-04-29 17:01:32+00:00,0.0,0.1033,neutral,['red_heart']
222,skeleton.heart,2023-04-29 09:17:44+00:00,0.0,0.0385,neutral,[]
223,juliojoseguerra,2023-06-06 18:43:36+00:00,0.0,0.656,positive,"['chiara', 'pretty', 'eyes']"
223,luizcarlosferreira289,2023-06-06 15:15:52+00:00,0.0,0.0293,neutral,"['quel', 'viso', 'viso angelo', 'bocca', 'angelo']"
223,m7p0manpreet,2023-06-06 14:22:52+00:00,0.0,0.7193,positive,['amazing']
223,guadalupi.mario,2023-06-06 13:04:23+00:00,0.0,0.1128,neutral,"['spettacolo', 'meraviglioso red_heart', 'meraviglioso', 'red_heart']"
223,luisffonsecaalfaro,2023-06-06 12:06:09+00:00,0.0,0.0231,neutral,"['amor', 'eres', 'hermosa', 'que']"
223,khldhmdbwnsyr,2023-06-06 11:19:54+00:00,0.0,0.0573,neutral,"['fire', 'fire fire']"
223,khldhmdbwnsyr,2023-06-06 11:19:50+00:00,0.0,0.2792,neutral,"['red_heart red_heart', 'red_heart']"
223,sedy_toue,2023-06-06 10:22:29+00:00,0.0,0.1033,neutral,['red_heart']
223,curtis_davis16,2023-06-06 10:07:56+00:00,0.0,0.944,positive,"['adorable', 'smiling_face_with_hearts']"
224,jwmas._,2023-06-06 17:46:56+00:00,0.0,0.0756,neutral,"['red_heart red_heart', 'red_heart', 'un']"
224,reshamsingh9548,2023-06-06 16:04:16+00:00,0.0,0.0495,neutral,"['telephone_receiver', 'rose telephone_receiver', 'rose', 'beating_heart']"
224,hanikhan2907,2023-06-06 15:46:33+00:00,0.0,0.9034,positive,"['looking', 'good']"
224,kanhaiya_jamadary,2023-06-06 15:14:29+00:00,0.0,-0.1634,neutral,"['ह', 'स ह', 'स']"
224,rickvega48,2023-06-06 10:53:30+00:00,0.0,0.9848,positive,"['pictures videos', 'videos', 'person', 'mom', 'children']"
224,silcler72,2023-06-06 02:50:54+00:00,0.0,0.1033,neutral,['red_heart']
224,dianaeuaggelia,2023-06-04 15:27:17+00:00,0.0,0.2792,neutral,"['red_heart red_heart', 'red_heart']"
224,marinaa_russo,2023-06-03 10:42:49+00:00,0.0,0.1219,neutral,"['che bella', 'drooling_face', 'bella', 'che']"
225,hanikhan2907,2023-06-06 15:46:52+00:00,0.0,0.9358,positive,"['nice pic', 'pic', 'nice']"
225,luizcarlosferreira289,2023-06-06 15:17:19+00:00,0.0,-0.0418,neutral,"['face_with_open_mouth', 'face_with_open_mouth face_with_open_mouth']"
225,saw713,2023-06-06 10:42:46+00:00,0.0,0.0517,neutral,['hii']
225,royallionparfum,2023-06-06 05:41:17+00:00,0.0,0.1033,neutral,['red_heart']
225,boguslawbialk,2023-06-03 20:41:35+00:00,0.0,0.9003,positive,"['red_heart red_heart', 'eyes smiling_face_with_heart', 'red_heart', 'smiling_face_with_heart eyes', 'smiling_face_with_heart']"
226,hanikhan2907,2023-06-06 15:47:22+00:00,0.0,0.9708,positive,"['soo saw', 'soo', 'saw', 'beautiful']"
226,shyamjipanwar,2023-06-06 10:43:03+00:00,0.0,0.9549,positive,"['angel', 'beautiful', 'smiling_face_with_heart eyes', 'smiling_face_with_heart', 'eyes']"
226,rub3n.rin4ldi,2023-06-04 12:10:41+00:00,0.0,-0.0642,neutral,"['male', 'essere il', 'moda', 'fai', 'della']"
226,naelelg,2023-06-03 20:09:00+00:00,0.0,-0.3855,neutral,"['face_vomiting', 'face_vomiting face_vomiting']"
226,luvvamiiii4life,2023-06-03 20:06:52+00:00,0.0,0.7074,positive,"['smiling_face_with_heart eyes', 'smiling_face_with_heart', 'eyes', 'eyes smiling_face_with_heart']"
227,mirtillatreb,2023-06-06 13:21:55+00:00,0.0,0.1321,neutral,"['come sempre', 'red_heart', 'red_heart red_heart', 'bellissima', 'sempre']"
227,rubygram993,2023-06-04 21:14:47+00:00,0.0,0.3598,neutral,"['guarda', 'sei bella', 'fa', 'outfit smiling_face_with_heart', 'questo']"
227,angelobramanti,2023-06-04 07:07:31+00:00,0.0,-0.0022,neutral,"['sembra', 'sembra una', 'una']"
227,jaclynevestyle,2023-06-04 04:16:38+00:00,0.0,-0.014,neutral,"['heart_on_fire', 'de']"
227,alirezazare1080,2023-06-03 20:25:00+00:00,0.0,0.2792,neutral,"['red_heart red_heart', 'red_heart']"
227,sonoladybug,2023-06-03 10:38:22+00:00,0.0,-0.0126,neutral,"['va', 'per']"
228,imsheilagoncalves,2023-05-26 23:24:37+00:00,1.0,0.5884,positive,"['blue_heart', 'blue_heart blue_heart']"
229,b.suyane,2023-05-23 01:09:08+00:00,1.0,-0.0146,neutral,"['p', 'mim', 'tudo', 'red_heart']"
229,imsheilagoncalves,2023-05-22 21:30:31+00:00,1.0,0.0619,neutral,"['fã', 'sou fã', 'eu sou', 'dessa', 'marca']"
229,lebarrochello,2023-05-22 01:37:18+00:00,1.0,0.0617,neutral,['tu']
229,euluizaue,2023-05-22 01:14:18+00:00,1.0,-0.0608,neutral,"['musa', 'essa']"
230,fashion.models.inspiration.tb,2023-06-06 17:42:06+00:00,0.0,-0.0333,neutral,[]
230,kunalmandal199712,2023-06-06 10:46:03+00:00,0.0,0.876,positive,"['figure', 'sexy', 'hot', 'women', 'baby']"
230,terzilotfi,2023-06-06 09:58:11+00:00,0.0,0.2155,neutral,"['kissing_face_with_closed_eyes', 'revolving_hearts', 'tulip', 'g', 'tulip tulip']"
230,naelelg,2023-06-03 20:09:52+00:00,0.0,-0.4751,negative,"['que', 'esto', 'face_screaming_in_fear', 'para']"
230,loredana_tuon,2023-06-03 13:54:09+00:00,0.0,0.728,positive,"['smiling_face_with_heart eyes', 'smiling_face_with_heart', 'eyes']"
230,elvir7831,2023-06-02 21:06:28+00:00,0.0,0.0278,neutral,"['fire', 'fire fire']"
230,kutufitta,2023-06-01 21:08:17+00:00,0.0,-0.1666,neutral,"['hundred_points hundred_points', 'hundred_points', 'fire red_heart', 'red_heart fire', 'red_heart']"
230,albertocelaia,2023-06-01 13:46:45+00:00,0.0,-0.0485,neutral,"['sensuale', 'bellissima']"
230,v4sch3_,2023-06-01 13:18:23+00:00,0.0,0.0784,neutral,"['mamma e', 'alla', 'mamma', 'fedez', 'complimenti']"
231,micheleoliveiran,2023-05-20 03:09:57+00:00,1.0,0.4369,neutral,"['esse vestido', 'quero esse', 'eu quero', 'quero', 'esse']"
231,eduardamachad,2023-05-19 19:33:39+00:00,0.0,0.7074,positive,"['smiling_face_with_heart eyes', 'smiling_face_with_heart', 'eyes', 'eyes smiling_face_with_heart']"
231,eicelo,2023-05-19 13:42:40+00:00,1.0,0.1583,neutral,"['heart_exclamation', 'fire']"
231,febibia,2023-05-18 23:13:08+00:00,1.0,-0.037,neutral,"['esse vestido', 'quero esse', 'quero', 'já', 'esse']"
231,schayres,2023-05-18 22:56:55+00:00,1.0,0.1229,neutral,"['amo', 'two_hearts']"
231,charlote1579,2023-05-27 15:50:57+00:00,1.0,-0.0501,neutral,"['rosa', 'estou', 'vestido', 'não']"
231,lojafashioncloset,2023-05-30 21:07:35+00:00,0.0,0.4349,neutral,"['um direct', 'enviamos um', 'te enviamos', 'enviamos', 'direct']"
232,ferre_nimni,2023-05-18 01:36:49+00:00,1.0,0.1637,neutral,"['du', 'haha', 'das']"
232,cerchifilati_ricami,2023-05-16 13:07:29+00:00,0.0,0.4029,neutral,"['bellissimi', 'smiling_face_with_hearts']"
232,davood_bagheri_vafa,2023-05-05 20:24:38+00:00,0.0,-0.122,neutral,"['dizzy dizzy', 'dizzy', 'tulip', 'collision', 'collision collision']"
232,davood_bagheri_vafa,2023-05-05 20:24:38+00:00,0.0,0.2744,neutral,"['red_heart', 'red_heart red_heart']"
232,benedito.moura.3158,2023-04-30 11:58:37+00:00,0.0,0.3049,neutral,"['red_heart red_heart', 'red_heart']"
232,magdalenawais66,2023-04-27 15:38:14+00:00,0.0,-0.047,neutral,[]
232,sins.ia,2023-04-27 14:44:01+00:00,0.0,-0.0012,neutral,"['bello il', 'vestito', 'bello', 'il']"
232,ferre_nimni,2023-05-18 16:32:08+00:00,0.0,0.2987,neutral,"['art', 'haha', 'style']"
232,ferre_nimni,2023-05-18 16:32:26+00:00,0.0,-0.0319,neutral,"['wie', 'wears', 'er', 'bro', 'glasses']"
233,lylirose_777,2023-06-02 18:57:29+00:00,0.0,0.7074,positive,"['smiling_face_with_heart eyes', 'smiling_face_with_heart', 'eyes', 'eyes smiling_face_with_heart']"
233,emily_star35,2023-05-10 04:29:18+00:00,0.0,0.1098,neutral,"['brava', 'familia', 'una', 'red_heart']"
233,luis.filipe.gomes,2023-05-09 16:03:10+00:00,0.0,0.9659,positive,"['smiling_face_with_hearts smiling_face_with_hearts', 'smiling_face_with_hearts', 'red_heart red_heart', 'red_heart', 'red_heart smiling_face_with_hearts']"
233,antenkaz1012,2023-05-06 12:40:12+00:00,0.0,0.9668,positive,"['family two_hearts', 'beautiful family', 'family', 'two_hearts', 'beautiful']"
233,healthconceptsrl,2023-05-05 19:47:13+00:00,0.0,0.0508,neutral,"['un', 'uomo', 'marito', 'tutti', 'gli']"
233,benedito.moura.3158,2023-04-30 11:51:39+00:00,0.0,0.3004,neutral,"['red_heart red_heart', 'red_heart']"
233,gildaziagil,2023-04-27 03:33:22+00:00,0.0,-0.0074,neutral,['brazil']
233,gildaziagil,2023-04-27 03:32:28+00:00,0.0,0.2542,neutral,"['red_heart red_heart', 'red_heart', 'saudades', 'estava', 'lindos']"
233,raffadipi,2023-04-23 13:55:20+00:00,0.0,-0.0654,neutral,"['posso', 'grazie', 'dove']"
233,yarigiovannini,2023-04-22 19:42:52+00:00,0.0,0.0442,neutral,['light_skin_tone']
234,jackierizzotrancoso,2023-05-23 01:21:29+00:00,0.0,-0.0169,neutral,['que']
234,dimiwww1971,2023-05-19 12:20:45+00:00,0.0,0.0435,neutral,"['bella famiglia', 'famiglia', 'bella', 'la', 'raising_hands']"
234,_i_z_u_r_u_,2023-05-10 14:16:33+00:00,0.0,-0.0665,neutral,['fire']
234,luis.filipe.gomes,2023-05-09 16:04:45+00:00,0.0,0.9295,positive,"['smiling_face_with_hearts smiling_face_with_hearts', 'smiling_face_with_hearts', 'red_heart red_heart', 'red_heart', 'smiling_face_with_hearts red_heart']"
234,kyushi.original_,2023-04-19 18:05:20+00:00,0.0,-0.6184,negative,['face_vomiting']
234,angieeesss28,2023-04-18 07:03:48+00:00,0.0,-0.137,neutral,"['uomo', 'che', 'face_with_open_mouth', 'fire']"
234,bbbe991,2023-05-22 00:13:03+00:00,0.0,0.0106,neutral,"['years old', 'question', 'old', 'request', 'years']"
235,saintcubbie,2023-06-05 14:47:20+00:00,0.0,0.6349,positive,"['rolling_on_the_floor_laughing', 'face_with_tears_of_joy']"
235,taramou__saviii,2023-06-01 14:00:37+00:00,0.0,0.8347,positive,"['eyes smiling_face_with_heart', 'fire fire', 'fire', 'smiling_face_with_heart', 'smiling_face_with_heart eyes']"
235,dott.tus091,2023-05-31 09:30:23+00:00,0.0,0.2792,neutral,"['red_heart red_heart', 'red_heart']"
235,formafisico,2023-05-19 06:38:24+00:00,0.0,0.9725,positive,"['family', 'nice', 'smiling_face_with_heart eyes', 'smiling_face_with_heart', 'eyes']"
235,saadeteisenberg,2023-05-18 16:44:19+00:00,0.0,0.9508,positive,"['god bless', 'bless', 'smiling_face_with_hearts smiling_face_with_heart', 'god', 'smiling_face_with_hearts']"
235,davood_bagheri_vafa,2023-05-05 20:25:03+00:00,0.0,-0.3531,neutral,"['male_sign', 'person_lifting_weights', 'person_lifting_weights male_sign', 'collision', 'collision collision']"
235,davood_bagheri_vafa,2023-05-05 20:24:59+00:00,0.0,0.7074,positive,"['smiling_face_with_heart eyes', 'smiling_face_with_heart', 'eyes', 'eyes smiling_face_with_heart']"
235,davood_bagheri_vafa,2023-05-05 20:24:59+00:00,0.0,0.2744,neutral,"['red_heart', 'red_heart red_heart']"
235,davood_bagheri_vafa,2023-05-05 20:24:58+00:00,0.0,0.1997,neutral,"['growing_heart', 'dizzy', 'person_lifting_weights', 'person_lifting_weights male_sign', 'male_sign']"
235,davood_bagheri_vafa,2023-05-05 20:24:52+00:00,0.0,0.8402,positive,"['eyes smiling_face_with_heart', 'smiling_face_with_heart eyes', 'smiling_face_with_heart', 'eyes']"
236,meryfil73,2023-05-25 16:53:03+00:00,0.0,-0.0442,neutral,"['business', 'sempre', 'e']"
236,jamesriosado,2023-05-03 05:30:33+00:00,0.0,0.8857,positive,"['eyes smiling_face_with_heart', 'smiling_face_with_heart eyes', 'smiling_face_with_heart', 'eyes']"
236,mr.sbtn,2023-05-01 00:36:19+00:00,0.0,0.966,positive,"['perfect', 'fam', 'pic', 'smiling_face_with_heart eyes', 'smiling_face_with_heart']"
236,aguila_dorada4,2023-04-30 05:51:27+00:00,0.0,0.1033,neutral,['red_heart']
236,carolineisabelleisabelle,2023-04-28 07:08:21+00:00,0.0,0.379,neutral,"['clapping_hands clapping_hands', 'clapping_hands']"
236,gildaziagil,2023-04-27 03:30:25+00:00,0.0,0.2959,neutral,"['red_heart red_heart', 'red_heart']"
236,lucizynha,2023-04-24 21:56:21+00:00,0.0,0.0015,neutral,"['família', 'linda']"
236,yarigiovannini,2023-04-22 19:44:47+00:00,0.0,0.728,positive,"['smiling_face_with_heart eyes', 'smiling_face_with_heart', 'eyes']"
236,yarigiovannini,2023-04-22 19:43:01+00:00,0.0,0.728,positive,"['smiling_face_with_heart eyes', 'smiling_face_with_heart', 'eyes']"
236,loppielab,2023-04-19 22:16:39+00:00,0.0,0.8015,positive,"['super cool', 'bimbi', 'guarda', 'per', 'super']"
237,dewiroberts50,2023-05-04 23:52:46+00:00,0.0,-0.379,neutral,[]
237,dewiroberts50,2023-05-04 23:51:13+00:00,0.0,-0.097,neutral,"['using', 'everyone', 'kiss_mark', 'everything']"
237,benjamin.wohlbier,2022-11-17 21:09:08+00:00,0.0,0.7431,positive,"['nature', 'perfect match', 'classics', 'driving', 'interest']"
237,expertshoeclinic_yeg,2022-10-04 02:58:47+00:00,0.0,0.0803,neutral,['clapping_hands']
237,hotguyswithmoustaches,2022-08-13 10:06:39+00:00,0.0,0.7839,positive,"['perfect fire', 'car', 'classic', 'perfect', 'fire']"
237,de_morais_edlene,2022-06-24 08:12:48+00:00,0.0,0.865,positive,"['smiling_cat_with_heart eyes', 'smiling_cat_with_heart', 'smiling_face_with_hearts', 'eyes smiling_cat_with_heart', 'clapping_hands']"
237,laurabella1980,2022-06-21 19:45:26+00:00,0.0,0.9833,positive,"['gloves', 'head', 'driving', 'brilliant', 'scarf']"
237,evathatsme_,2022-06-18 21:17:12+00:00,0.0,-0.1892,neutral,"['car', 'difficult', 'choice', 'choose', 'certainly']"
237,dewiroberts50,2023-05-04 23:53:19+00:00,0.0,-0.6394,negative,[]
238,spiritedchic,2022-11-25 22:12:12+00:00,0.0,0.9867,positive,"['blouse', 'great look', 'great', 'look', 'love']"
238,theyearofsimplicity,2022-11-24 21:31:53+00:00,0.0,0.681,positive,"['green shirt', 'shirt', 'green', 'smiling_face_with_hearts']"
238,kaur.kauture,2022-11-24 01:35:36+00:00,0.0,0.9799,positive,"['colour', 'shirt', 'love']"
238,champagnesilvousplait_,2022-11-24 00:34:44+00:00,0.0,0.9661,positive,"['jumpsuit', 'white_heart fire', 'white_heart', 'love', 'fire']"
238,melbournefoodiebabe,2022-11-23 23:26:32+00:00,0.0,0.9843,positive,"['green shirt', 'shirt', 'green', 'raising_hands', 'love']"
239,gaabricg,2023-05-18 16:35:23+00:00,1.0,-0.0354,neutral,[]
239,_gabspassos,2023-05-12 19:48:13+00:00,1.0,0.1732,neutral,"['dm por', 'por favor', 'favor', 'oi', 'por']"
239,leh_mendes.m,2023-05-10 20:26:55+00:00,1.0,-0.3118,neutral,['cropped']
239,leh_mendes.m,2023-05-10 20:26:38+00:00,1.0,0.7074,positive,"['smiling_face_with_heart eyes', 'smiling_face_with_heart', 'eyes', 'eyes smiling_face_with_heart']"
239,lojafashioncloset,2023-05-22 18:09:12+00:00,0.0,0.8879,positive,"['adidas', 'cropped', 'eyes sparkles', 'calça', 'body']"
240,jwmas._,2023-06-06 17:49:03+00:00,0.0,0.2958,neutral,"['red_heart red_heart', 'clapping_hands clapping_hands', 'clapping_hands', 'red_heart', 'clapping_hands red_heart']"
240,reshamsingh9548,2023-06-06 16:05:04+00:00,0.0,0.039,neutral,"['red_heart rose', 'telephone_receiver', 'rose telephone_receiver', 'rose', 'red_heart']"
240,robertastortini,2023-06-06 13:21:19+00:00,0.0,0.2019,neutral,"['red_heart', 'red_heart red_heart']"
240,hyderabadwallstickers,2023-06-06 10:41:27+00:00,0.0,-0.0961,neutral,['face_with_open_mouth']
240,royallionparfum,2023-06-06 05:28:19+00:00,0.0,0.1033,neutral,['red_heart']
240,bruscogiovanna4,2023-06-05 21:02:15+00:00,0.0,0.131,neutral,"['bel', 'lui', 'è', 'un', 'red_heart']"
240,li.liana824,2023-06-05 19:36:54+00:00,0.0,0.1033,neutral,['red_heart']
240,realekygram,2023-06-03 18:08:44+00:00,1.0,-0.0193,neutral,"['loro', 'se', 'su', 'è', 'e']"
240,andreabarcaliplanetpower,2023-06-03 12:33:50+00:00,0.0,-0.0388,neutral,"['speriamo', 'sarà grande', 'non si', 'sarà', 'padre']"
241,mirtillatreb,2023-06-06 13:22:39+00:00,0.0,0.0189,neutral,"['dell', 'outfit']"
241,alepinzauti65,2023-06-06 10:46:25+00:00,0.0,0.168,neutral,"['meravigliosa', 'red_heart', 'red_heart red_heart']"
241,shyamjipanwar,2023-06-06 10:42:35+00:00,0.0,0.9611,positive,"['beauty smiling_face_with_heart', 'beauty', 'amazing', 'smiling_face_with_heart eyes', 'smiling_face_with_heart']"
241,thegangstarsboss,2023-06-06 10:31:39+00:00,0.0,0.0321,neutral,[]
241,alessandro.lipani.77,2023-06-06 09:53:56+00:00,0.0,-0.0259,neutral,"['ciao chiara', 'ciao', 'chiara']"
241,melis.salvatore,2023-06-05 12:22:00+00:00,0.0,0.0336,neutral,"['influencer', 'più bella', 'più', 'del', 'l']"
241,mariafernandagt_,2023-06-04 23:10:02+00:00,0.0,0.7562,positive,"['look', 'hair look', 'short', 'hair']"
241,alessandra.mazzarella,2023-06-06 12:30:40+00:00,0.0,-0.0145,neutral,"['se', 'sai', 'scrivere', 'ne', 'una']"
242,yilber_tarazona98,2023-06-06 16:25:33+00:00,0.0,0.986,positive,"['queen smiling_face_with_heart', 'beautiful queen', 'queen', 'eyes red_heart', 'red_heart']"
242,yilber_tarazona98,2023-06-06 16:08:02+00:00,0.0,0.986,positive,"['queen smiling_face_with_heart', 'beautiful queen', 'queen', 'eyes red_heart', 'red_heart']"
242,nanka7315,2023-06-06 15:21:38+00:00,0.0,0.2744,neutral,"['red_heart', 'red_heart red_heart']"
242,nanka7315,2023-06-06 15:21:22+00:00,0.0,0.2749,neutral,"['red_heart red_heart', 'red_heart']"
242,solwanderavi,2023-06-06 14:37:13+00:00,0.0,0.0388,neutral,['hi']
242,yadav_thakur31,2023-06-06 14:34:00+00:00,0.0,0.3049,neutral,"['red_heart red_heart', 'red_heart']"
242,yadav_thakur31,2023-06-06 14:33:54+00:00,0.0,0.0517,neutral,['hii']
242,sh_e_r_z_o_d0,2023-06-06 10:38:24+00:00,0.0,-0.043,neutral,"['without', 'ok_hand']"
242,marcode7747,2023-06-05 22:04:36+00:00,1.0,0.0177,neutral,"['con', 'una', 'te', 'il', 'di']"
243,mirtillatreb,2023-06-06 13:24:13+00:00,0.0,0.3707,neutral,"['come sempre', 'ciao chiara', 'ciao', 'leo', 'chiara']"
243,mariarosa.maccarrone,2023-06-04 19:39:13+00:00,0.0,0.0094,neutral,"['questo', 'chiara', 'con']"
243,jaclynevestyle,2023-06-04 04:17:53+00:00,0.0,-0.0296,neutral,['pleading_face']
243,thomasalpomodoro,2023-06-02 14:00:46+00:00,0.0,-0.2978,neutral,"['awww', 'red_heart']"
243,labottegadellargento,2023-05-31 11:57:10+00:00,0.0,0.728,positive,"['smiling_face_with_heart eyes', 'smiling_face_with_heart', 'eyes']"
243,marinellabella721,2023-05-31 10:49:43+00:00,0.0,-0.0401,neutral,"['face_with_tears_of_joy face_with_tears_of_joy', 'face_with_tears_of_joy']"
243,poverinoi6,2023-06-05 10:00:38+00:00,0.0,0.029,neutral,"['neanche', 'un', 'la']"
244,lolachanel5,2023-06-06 18:45:06+00:00,0.0,0.9267,positive,"['adorable', 'two_hearts']"
244,le_xtina,2023-05-19 21:30:48+00:00,0.0,0.7867,positive,"['smiling_face_with_heart eyes', 'smiling_face_with_heart', 'eyes', 'eyes smiling_face_with_heart']"
244,matildadjerfangel,2023-05-18 12:03:24+00:00,0.0,0.6244,positive,"['cutest', 'pleading_face']"
244,meibaabyalt,2023-05-12 02:22:33+00:00,0.0,-0.7981,negative,"['dog', 'th']"
244,bahar.deana,2023-05-11 13:06:19+00:00,0.0,0.9708,positive,['cute']
244,miettaleisure,2023-05-10 21:49:42+00:00,0.0,0.7867,positive,"['smiling_face_with_heart eyes', 'smiling_face_with_heart', 'eyes', 'eyes smiling_face_with_heart']"
244,mas.chingona,2023-05-10 17:17:55+00:00,0.0,-0.0228,neutral,['two_hearts']
244,taylorr.hines,2023-05-07 19:35:41+00:00,0.0,0.4914,positive,"['light_skin_tone', 'light_skin_tone light_skin_tone', 'cutest']"
245,hanikhan2907,2023-06-06 15:48:54+00:00,0.0,0.9718,positive,"['soo saw', 'soo', 'saw', 'beautiful']"
245,arkumar7096,2023-06-06 10:47:56+00:00,0.0,0.1043,neutral,['fire']
245,mary_pask_capellopoint,2023-06-06 10:23:42+00:00,0.0,0.5884,positive,"['spettacolo', 'eyes red_heart', 'smiling_face_with_heart eyes', 'smiling_face_with_heart', 'eyes']"
245,mirandita_87,2023-06-02 05:19:04+00:00,0.0,0.1033,neutral,['red_heart']
245,merendi.elena,2023-06-01 20:22:17+00:00,0.0,-0.0379,neutral,"['poco', 'si', 'un', 'che si', 'ferragni']"
245,albertocelaia,2023-06-01 13:49:53+00:00,0.0,0.2118,neutral,"['meravigliosa', 'sensuale', 'stupenda', 'sexy', 'bellissima']"
245,eva_yague,2023-05-31 22:04:26+00:00,0.0,-0.0095,neutral,['espectacular']
245,katiazangaro,2023-05-31 04:46:21+00:00,0.0,-0.0634,neutral,"['metti', 'faccia', 'anche', 'la']"
245,z.a.c.k___,2023-05-30 15:13:03+00:00,0.0,-0.6184,negative,['face_vomiting']
246,diegooceanfive,2023-05-21 09:15:22+00:00,0.0,0.1146,neutral,"['white_heart', 'white_heart white_heart']"
246,matildadjerfangel,2023-05-18 12:03:36+00:00,0.0,0.8954,positive,[]
246,bahar.deana,2023-05-11 13:07:00+00:00,0.0,0.7661,positive,['stunning']
246,chelseathrift_,2023-05-07 00:07:41+00:00,0.0,0.9561,positive,['cute']
246,kamen_lohja,2023-05-05 03:52:17+00:00,0.0,0.2088,neutral,"['butterfly', 'blue_heart']"
246,bask_suncare,2023-05-03 04:32:51+00:00,0.0,0.5337,positive,"['yellow_heart', 'yellow_heart yellow_heart', 'angel']"
246,_vanessa.riedl,2023-05-01 13:02:36+00:00,0.0,0.728,positive,"['smiling_face_with_heart eyes', 'smiling_face_with_heart', 'eyes']"
246,jasminemcneil01,2023-05-01 07:51:05+00:00,0.0,0.9387,positive,"['divine', 'white_heart light_skin_tone', 'sparkles white_heart', 'looking', 'light_skin_tone']"
246,marcio_oliveira06,2023-05-01 04:34:02+00:00,0.0,-0.0038,neutral,"['folded_hands_light_skin_tone', 'folded_hands_light_skin_tone folded_hands_light_skin_tone', 'thumbs_up_light_skin_tone']"
246,marcio_oliveira06,2023-05-01 04:33:59+00:00,0.0,0.9158,positive,"['family', 'jesus', 'family family', 'god', 'home']"
247,pimienta_de_cristal,2023-05-01 20:35:58+00:00,0.0,0.1033,neutral,['red_heart']
247,daniflash47,2023-04-09 22:26:12+00:00,0.0,0.2189,neutral,"['flexed_biceps', 'super', 'red_heart']"
247,djfabj1986,2023-04-07 06:47:10+00:00,1.0,0.5695,positive,"['david', 'il', 'smiling_face_with_heart eyes', 'smiling_face_with_heart', 'eyes']"
247,shabaz_husain_siddiqui,2023-03-28 17:01:59+00:00,0.0,0.9444,positive,"['sir', 'sexy', 'fire']"
247,zarimol,2023-03-18 13:43:51+00:00,0.0,-0.2596,neutral,"['amor', 'mi']"
247,inarte_liuk,2023-03-17 18:35:15+00:00,0.0,0.0317,neutral,"['pronto', 'é']"
247,christinemourer,2023-03-04 11:39:42+00:00,0.0,-0.0321,neutral,"['fire', 'fire fire']"
247,markwwshaw,2023-02-13 01:04:26+00:00,0.0,0.0803,neutral,['clapping_hands']
247,soheila_dgh_,2023-01-13 12:52:03+00:00,0.0,0.981,positive,"['raising_hands', 'raising_hands raising_hands', 'best male', 'supermodel', 'male']"
248,youwanna_official,2023-05-09 09:04:11+00:00,0.0,0.2744,neutral,"['red_heart', 'red_heart red_heart']"
248,lydia.hg,2023-05-06 09:38:49+00:00,0.0,0.8349,positive,"['lovely', 'dress']"
248,la_marina___,2023-04-30 04:28:09+00:00,0.0,0.6086,positive,"['dm white_heart', 'check dm', 'please check', 'check', 'thank']"
248,f.fffforever,2023-04-28 15:42:43+00:00,0.0,0.9885,positive,"['freaking', 'gorgeous love', 'style smiling_face_with_heart', 'hair', 'style']"
248,emilianorella,2023-04-28 14:32:34+00:00,0.0,0.0963,neutral,"['hey dm', 'hey', 'dm']"
248,pinktravelblondie,2023-04-26 14:38:52+00:00,0.0,0.1106,neutral,"['queen', 'fire']"
248,artworkbyaud,2023-04-25 16:00:28+00:00,0.0,0.5647,positive,['purse']
248,freedandfreed,2023-04-24 22:26:34+00:00,0.0,0.9373,positive,['gorgeous']
248,mirella_asdfghjkl,2023-04-24 19:58:36+00:00,0.0,0.7661,positive,['stunning']
248,charlottekrl_,2023-04-24 15:26:08+00:00,0.0,0.3104,neutral,"['beauté', 'red_heart']"
249,truthful_suzi_2023,2023-06-01 13:22:54+00:00,0.0,-0.952,negative,"['horrible', 'urgent', 'need']"
249,literacygram,2023-05-23 16:44:48+00:00,0.0,0.2625,neutral,"['bad', 'looks']"
249,astolatena,2023-05-12 08:50:46+00:00,0.0,0.945,positive,"['guess', 'fashionable', 'swedish girls', 'swedish', 'yesterday']"
249,astolatena,2023-05-12 08:46:54+00:00,0.0,0.9216,positive,"['swedish girls', 'mexican', 'swedish', 'says', 'yeah']"
249,joserdantas,2023-05-03 13:19:16+00:00,0.0,0.7002,positive,['wonderful']
249,hantyrrell,2023-05-01 00:14:38+00:00,1.0,-0.3612,neutral,['sun']
249,vemakeup,2023-04-29 00:41:30+00:00,0.0,0.1947,neutral,"['fire', 'fire fire']"
249,cajsafredholm,2023-04-26 15:04:14+00:00,0.0,0.6375,positive,['glowing']
250,oksana_popovichenko22,2023-02-10 02:34:14+00:00,0.0,0.9278,positive,['love']
250,eatstyleamore,2023-02-09 21:38:42+00:00,0.0,0.9376,positive,"['gf', 'difference', 'sure', 'products', 'wish']"
250,getgoldielocks,2023-02-09 21:19:59+00:00,0.0,0.9892,positive,"['white_heart dizzy', 'seedling', 'glad', 'products', 'loving']"
250,teamgoldielocks,2023-02-09 20:24:56+00:00,0.0,0.1628,neutral,"['hair goals', 'goals', 'fire raising_hands', 'hair', 'raising_hands']"
250,_veronezi90,2023-02-09 20:24:39+00:00,0.0,0.9704,positive,"['many', 'company', 'lives', 'financially', 'lisa']"
250,pd203,2023-02-09 20:23:45+00:00,0.0,0.873,positive,"['salon', 'recommend', 'high', 'wife', 'plus']"
251,focacceriadavale,2023-06-06 15:09:21+00:00,0.0,0.0007,neutral,"['per essere', 'ad', 'essere', 'grazie', 'per']"
251,jabermalekzadeh_1968,2023-06-06 13:21:01+00:00,0.0,0.3382,neutral,"['clapping_hands clapping_hands', 'clapping_hands', 'red_heart red_heart', 'red_heart', 'red_heart clapping_hands']"
251,andrea_maria_tourino_19,2023-06-06 12:55:22+00:00,0.0,0.1848,neutral,"['red_heart', 'red_heart red_heart']"
251,royallionparfum,2023-06-06 05:28:27+00:00,0.0,0.1033,neutral,['red_heart']
251,ximeemoraless,2023-06-03 18:19:50+00:00,0.0,0.2744,neutral,"['red_heart', 'red_heart red_heart']"
251,ximeemoraless,2023-06-03 18:19:48+00:00,0.0,0.7867,positive,"['smiling_face_with_heart eyes', 'smiling_face_with_heart', 'eyes', 'eyes smiling_face_with_heart']"
251,eva_yague,2023-05-31 22:03:48+00:00,0.0,0.7074,positive,"['smiling_face_with_heart eyes', 'smiling_face_with_heart', 'eyes', 'eyes smiling_face_with_heart']"
251,ubaldofogli,2023-05-31 16:47:27+00:00,0.0,-0.0273,neutral,"['foto', 'non', 'da', 'e', 'una foto']"
251,labottegadellargento,2023-05-31 11:57:20+00:00,0.0,0.8546,positive,"['eyes smiling_face_with_heart', 'smiling_face_with_heart eyes', 'smiling_face_with_heart', 'eyes', 'eyes red_heart']"
252,feelgoodcentral,2023-02-20 10:31:17+00:00,0.0,0.2744,neutral,"['red_heart', 'red_heart red_heart']"
252,thehamptons_massage,2023-02-15 16:09:36+00:00,1.0,0.9364,positive,"['photos', 'great']"
252,rhyancaminske,2023-02-19 12:10:35+00:00,0.0,0.7823,positive,['thank']
253,pirorangzebshah,2023-06-06 10:45:45+00:00,0.0,0.9534,positive,['love']
253,amar.3647kumar,2023-06-06 10:11:09+00:00,0.0,-0.0485,neutral,[]
253,amar.3647kumar,2023-06-06 10:11:00+00:00,0.0,-0.0848,neutral,"['hai', 'video']"
253,boguslawbialk,2023-06-03 21:06:47+00:00,0.0,0.8987,positive,"['red_heart red_heart', 'eyes smiling_face_with_heart', 'red_heart', 'smiling_face_with_heart', 'smiling_face_with_heart eyes']"
253,_deiastagram_,2023-06-03 11:45:12+00:00,0.0,0.1033,neutral,['red_heart']
253,andre_aseverino,2023-06-02 14:34:58+00:00,0.0,-0.1107,neutral,"['fai', 'mi']"
253,maialessandro_finger,2023-05-31 22:07:49+00:00,0.0,0.0175,neutral,"['brava', 'fai', 'chiara', 'le', 'di']"
253,anna.pompili.167,2023-05-30 18:28:13+00:00,0.0,-0.0297,neutral,"['molto', 'molto molto', 'più bella', 'magra', 'più']"
253,fannina74,2023-05-30 16:36:03+00:00,0.0,-0.169,neutral,"['meglio', 'non commentare', 'commentare', 'non']"
253,carola_caia,2023-05-30 00:03:18+00:00,0.0,-0.0228,neutral,"['nr', 'foto', 'le', 'e', 'gambe']"
254,brianjewell4387,2023-02-08 17:48:20+00:00,1.0,0.5265,positive,"['bigger', 'rocks', 'k', 'shoot', 'one']"
254,labottegaofsyosset,2023-02-07 04:52:22+00:00,0.0,0.9707,positive,"['mural', 'cool']"
254,teamgoldielocks,2023-02-07 04:49:50+00:00,0.0,-0.0578,neutral,"['face_with_open_mouth', 'face_with_open_mouth face_with_open_mouth', 'days']"
254,teddysbullybar,2023-02-06 23:57:53+00:00,0.0,0.8617,positive,"['cocktail_glass', 'cool', 'one']"
254,3_time_ironman,2023-02-06 19:51:13+00:00,0.0,0.0306,neutral,"['good ones', 'official', 'ones', 'good']"
254,pd203,2023-02-06 19:04:19+00:00,0.0,0.9884,positive,"['kids', 'watch', 'bought', 'would love', 'cool']"
254,rhyancaminske,2023-02-09 20:13:59+00:00,0.0,0.3702,neutral,"['face_with_tears_of_joy', 'face_with_tears_of_joy face_with_tears_of_joy']"
255,william.ss5,2023-02-05 22:11:48+00:00,0.0,0.9798,positive,"['done keep', 'well done', '__trader', 'posting', 'keep']"
255,nana__687,2023-01-31 04:02:38+00:00,0.0,0.7356,positive,"['invested', 'everywhere', 'saying', 'seeing', 'reach']"
255,carlla_fer,2023-01-31 02:31:39+00:00,0.0,0.8954,positive,"['gets', 'achieve', 'exactly', 'nobody', 'able']"
255,dannafwells,2023-01-30 21:09:14+00:00,0.0,0.9884,positive,"['always love', 'look white_heart', 'love', 'tee', 'blazer']"
255,gabriellepayne_,2023-01-30 20:00:27+00:00,0.0,0.9765,positive,"['pretty smiling_face_with_hearts', 'pretty', 'smiling_face_with_hearts']"
255,amberunraveled,2023-01-30 19:18:16+00:00,0.0,0.4633,positive,['love']
255,jennifer.brie,2023-01-30 19:09:39+00:00,0.0,0.9608,positive,"['tee smiling_face_with_heart', 'tee', 'love', 'smiling_face_with_heart eyes', 'smiling_face_with_heart']"
255,jae.savage27,2023-01-30 19:04:38+00:00,0.0,0.823,positive,"['star struck', 'struck', 'star', 'struck star', 'nice']"
256,_rich_boy19,2023-06-06 18:44:46+00:00,0.0,0.425,neutral,"['red_heart', 'red_heart red_heart', 'clapping_hands fire', 'red_heart clapping_hands', 'clapping_hands']"
256,mfcaballero8,2023-06-06 15:57:35+00:00,0.0,0.1435,neutral,['red_heart']
256,marapogliani,2023-06-06 12:03:06+00:00,0.0,0.1033,neutral,['red_heart']
256,iulianapeiu,2023-06-05 10:42:23+00:00,0.0,0.2928,neutral,"['coi', 'fedez', 'face_with_tears_of_joy']"
256,ilprivato.dievruzz,2023-06-04 10:40:52+00:00,0.0,0.2749,neutral,"['red_heart red_heart', 'red_heart']"
256,_andreagoffo_,2023-06-04 08:33:11+00:00,0.0,-0.0359,neutral,"['cioè', 'sei']"
257,kesco_homes,2023-01-27 17:46:37+00:00,1.0,0.2302,neutral,"['zany_face', 'team', 'rose']"
257,highrangetradingco,2023-01-27 17:33:39+00:00,1.0,0.3754,neutral,"['tho', 'second', 'pic']"
257,shay_bby90,2023-01-26 21:22:07+00:00,1.0,0.9296,positive,"['chocolate', 'nice']"
257,rhyancaminske,2023-01-27 23:06:39+00:00,0.0,0.9587,positive,"['clothes', 'new', 'always', 'nice']"
257,rhyancaminske,2023-01-27 23:07:07+00:00,0.0,0.8997,positive,"['wine_glass', 'team', 'best', 'raising_hands']"
258,moranamar555,2023-05-02 14:16:58+00:00,0.0,0.9407,positive,"['red_heart would', 'sent message', 'speak', 'chance', 'sent']"
258,dapriince__7,2023-04-23 22:38:07+00:00,0.0,0.1033,neutral,['red_heart']
258,yas_matthews,2023-04-23 15:49:01+00:00,0.0,0.7867,positive,"['smiling_face_with_heart eyes', 'smiling_face_with_heart', 'eyes', 'eyes smiling_face_with_heart']"
258,mondeentier__,2023-04-23 12:08:47+00:00,0.0,-0.0071,neutral,"['white_heart', 'white_heart white_heart']"
258,sssarsarra,2023-04-22 13:49:42+00:00,0.0,-0.1434,neutral,['ahhhh']
258,marjorie.ruthx,2023-04-22 12:38:16+00:00,0.0,0.9666,positive,"['matilda', 'one', 'stunning', 'smiling_face_with_heart eyes', 'smiling_face_with_heart']"
258,jennifersvintage,2023-04-22 09:33:34+00:00,0.0,-0.0052,neutral,"['en', 'jag', 'denna', 'där', 'blossom']"
258,stefaniebudai,2023-04-22 03:27:35+00:00,0.0,0.7074,positive,"['smiling_face_with_heart eyes', 'smiling_face_with_heart', 'eyes', 'eyes smiling_face_with_heart']"
258,silje.alice,2023-04-21 19:35:53+00:00,0.0,0.8991,positive,"['good ones', 'ones', 'many', 'good']"
259,living.life.with.leah,2023-01-28 23:06:35+00:00,1.0,0.8492,positive,"['hahaha', 'totally', 'get']"
259,holden_ontoclassy,2023-01-26 05:15:53+00:00,1.0,0.9371,positive,"['beautiful smiling_face_with_heart', 'smiling_face_with_heart eyes', 'smiling_face_with_heart', 'eyes', 'beautiful']"
259,rhyancaminske,2023-01-29 17:27:04+00:00,0.0,0.9049,positive,"['face_blowing_a_kiss red_heart', 'face_blowing_a_kiss', 'thank', 'red_heart']"
259,living.life.with.leah,2023-01-29 18:26:34+00:00,1.0,-0.1765,neutral,"['face_with_tears_of_joy', 'never', 'face_with_tears_of_joy face_with_tears_of_joy', 'much']"
260,soheila_dgh_,2023-01-13 06:55:59+00:00,0.0,0.9539,positive,"['lucky', 'team', 'would', 'smiling_face_with_heart eyes', 'smiling_face_with_heart']"
260,banqueiroarthuresvael,2022-09-27 21:55:58+00:00,0.0,-0.0407,neutral,[]
260,lordsfools,2022-09-09 13:50:52+00:00,0.0,0.3291,neutral,['glowing_star']
260,itsmmeee_,2022-07-30 19:49:03+00:00,0.0,0.0803,neutral,['clapping_hands']
260,monogax19,2022-06-13 09:17:47+00:00,0.0,0.129,neutral,"['black_heart fire', 'fire', 'black_heart', 'fire fire']"
260,anastsia_heavely,2022-06-12 15:10:06+00:00,0.0,0.4516,positive,"['fire', 'fire fire', 'fire smiling_face_with_heart', 'eyes fire', 'fire red_heart']"
260,costabilemarta,2022-06-11 19:55:44+00:00,0.0,0.1924,neutral,"['raising_hands', 'raising_hands raising_hands', 'look raising_hands', 'look']"
260,spiritual.badass,2022-05-31 02:28:00+00:00,0.0,0.0446,neutral,"['fire raising_hands', 'raising_hands', 'fire']"
260,magarli,2022-05-20 21:18:06+00:00,0.0,0.8272,positive,"['eyes smiling_face_with_heart', 'smiling_face_with_heart eyes', 'smiling_face_with_heart', 'eyes', 'mamma']"
260,downeymagda,2022-05-20 05:38:10+00:00,0.0,0.9671,positive,['man']
261,nikkispaid,2023-05-11 14:24:08+00:00,0.0,0.4203,neutral,"['looks like', 'looks', 'like', 'red_heart']"
261,nataliapm333,2023-04-30 19:36:19+00:00,0.0,-0.8089,negative,"['sell', 'dude', 'clothes', 'going', 'never']"
261,a.sklle,2023-04-24 18:40:34+00:00,0.0,0.2792,neutral,"['red_heart red_heart', 'red_heart']"
261,oksanabarr,2023-04-20 18:56:52+00:00,0.0,0.7867,positive,"['smiling_face_with_heart eyes', 'smiling_face_with_heart', 'eyes', 'eyes smiling_face_with_heart']"
261,sincerelyjules,2023-04-20 14:47:08+00:00,3.0,0.7324,positive,"['eyes red_heart', 'smiling_face_with_heart eyes', 'smiling_face_with_heart', 'eyes', 'red_heart']"
261,itslogalloway,2023-04-20 14:24:17+00:00,0.0,0.983,positive,"['love love', 'love', 'gorgeous love', 'gorgeous']"
261,hopeannwilliams,2023-04-20 14:00:36+00:00,0.0,0.4633,positive,['love']
261,leonessalingerie,2023-04-20 12:09:43+00:00,0.0,0.8402,positive,"['eyes smiling_face_with_heart', 'smiling_face_with_heart eyes', 'smiling_face_with_heart', 'eyes']"
261,annabellesterkenburg,2023-04-20 09:59:21+00:00,0.0,0.3024,neutral,"['clapping_hands', 'clapping_hands clapping_hands']"
262,mmari.jjuanaa,2023-06-06 10:00:16+00:00,0.0,0.115,neutral,"['bellissima red_heart', 'sei bellissima', 'bellissima', 'sei', 'red_heart']"
262,silvia.arena85,2023-06-05 07:32:58+00:00,0.0,0.3894,neutral,"['face_with_tears_of_joy', 'ho', 'face_with_tears_of_joy face_with_tears_of_joy']"
262,p3rson.a_orr1bile,2023-06-04 23:10:33+00:00,0.0,-0.0579,neutral,"['una', 'è', 'eh', 'una foto', 'c è']"
262,viola_and_the_library,2023-06-02 17:03:21+00:00,0.0,0.7825,positive,"['ogni giorno', 'ogni', 'persone', 'giorno', 'power']"
262,_niki_campanaro_,2023-06-02 12:58:13+00:00,0.0,-0.076,neutral,"['quel', 'la sua', 'pizza', 'ha', 'sua']"
262,elicribia,2023-06-02 06:17:59+00:00,0.0,-0.1463,neutral,"['non sei', 'pensati', 'ah', 'tu', 'sei']"
263,ludovicascapagnini,2023-04-30 16:06:22+00:00,0.0,-0.018,neutral,"['bottega', 'name', 'folded_hands_light_skin_tone', 'model']"
263,flexlevis333,2023-04-25 17:27:17+00:00,0.0,0.3601,neutral,['cool_button']
263,lesportsac,2023-04-25 17:09:21+00:00,0.0,0.906,positive,"['gorg', 'glowing_star', 'looking', 'always']"
263,heysara.no.h,2023-04-23 23:23:40+00:00,0.0,-0.0194,neutral,['jeans']
263,chloephammmmm,2023-04-22 22:56:09+00:00,0.0,0.6842,positive,"['girl smiling_face_with_heart', 'dream', 'girl', 'smiling_face_with_heart eyes', 'smiling_face_with_heart']"
263,hautemona,2023-04-22 13:35:22+00:00,0.0,0.8779,positive,"['glowing smiling_face_with_heart', 'glowing', 'smiling_face_with_heart eyes', 'smiling_face_with_heart', 'eyes']"
263,sabsjulie,2023-04-21 19:58:31+00:00,0.0,0.4942,positive,"['beating_heart', 'beating_heart beating_heart', 'dead', 'high_voltage', 'drop']"
263,iammeriline,2023-04-21 14:19:18+00:00,0.0,0.7052,positive,"['fire raising_hands', 'obsessed', 'oh', 'raising_hands', 'fire']"
263,lamodevousetmoi,2023-04-21 13:49:52+00:00,0.0,0.728,positive,"['smiling_face_with_heart eyes', 'smiling_face_with_heart', 'eyes']"
263,flwr_lght,2023-04-21 12:22:23+00:00,0.0,0.6658,positive,"['eyes two_hearts', 'new', 'two_hearts', 'smiling_face_with_heart eyes', 'smiling_face_with_heart']"
264,capalaswim,2023-05-06 22:05:29+00:00,0.0,0.728,positive,"['smiling_face_with_heart eyes', 'smiling_face_with_heart', 'eyes']"
264,begraj.karela,2023-04-28 18:59:22+00:00,0.0,0.9751,positive,"['beautiful fire', 'looking', 'beautiful', 'fire']"
264,nevermindpepin,2023-04-23 11:42:38+00:00,0.0,-0.0188,neutral,['united_states']
264,geova.na3354,2023-04-21 13:16:06+00:00,0.0,-0.0665,neutral,['fire']
264,lizakaya,2023-04-21 13:11:39+00:00,0.0,-0.0102,neutral,"['jacket', 'check']"
264,a.i.shaman,2023-04-21 08:07:01+00:00,0.0,0.7028,positive,"['ai', 'let', 'life', 'spiritual', 'virtual']"
264,marcelo.dasiuvaca.do,2023-04-20 19:03:29+00:00,0.0,0.0065,neutral,['oi']
265,atheaworld,2023-04-19 09:59:17+00:00,0.0,0.7867,positive,"['smiling_face_with_heart eyes', 'smiling_face_with_heart', 'eyes', 'eyes smiling_face_with_heart']"
265,cristinalii,2023-04-17 09:04:35+00:00,0.0,0.8497,positive,['cutest']
265,zhina.aminzade,2023-04-16 17:35:44+00:00,0.0,0.8402,positive,"['eyes smiling_face_with_heart', 'smiling_face_with_heart eyes', 'smiling_face_with_heart', 'eyes']"
265,kaj_pak,2023-04-16 08:01:35+00:00,0.0,0.0892,neutral,"['brown_heart', 'brown_heart brown_heart']"
265,amandadjjackson,2023-04-15 16:26:29+00:00,0.0,0.5209,positive,"['bouquet', 'bouquet bouquet', 'spring', 'eternal', 'vibes']"
265,apto06,2023-04-15 15:00:18+00:00,0.0,0.7074,positive,"['smiling_face_with_heart eyes', 'smiling_face_with_heart', 'eyes', 'eyes smiling_face_with_heart']"
265,antothescorpio,2023-04-15 14:40:18+00:00,0.0,0.7867,positive,"['smiling_face_with_heart eyes', 'smiling_face_with_heart', 'eyes', 'eyes smiling_face_with_heart']"
266,cousinsmad,2023-06-02 23:17:17+00:00,0.0,0.1219,neutral,"['links please', 'links', 'please']"
266,emilywatto,2023-05-13 21:26:53+00:00,0.0,0.0115,neutral,['links']
266,teachflowers,2023-05-03 01:57:28+00:00,0.0,0.0115,neutral,['links']
266,christib8856,2023-05-02 22:08:37+00:00,0.0,0.0115,neutral,['links']
266,everyday.holly,2023-06-02 23:17:25+00:00,0.0,0.0102,neutral,"['messaged links', 'messaged', 'links']"
267,p0go__,2023-04-16 15:39:16+00:00,0.0,-0.323,neutral,"['website', 'stock', 'still', 'find', 'hi']"
267,silje.alice,2023-04-14 16:11:43+00:00,0.0,-0.0993,neutral,"['ok_hand_medium light_skin_tone', 'ok_hand_medium', 'light_skin_tone ok_hand_medium', 'light_skin_tone', 'hair']"
267,ripongelech,2023-04-14 15:56:40+00:00,0.0,0.1331,neutral,['hello']
267,ripongelech,2023-04-14 15:56:14+00:00,0.0,0.1331,neutral,['hello']
267,juliecherniltseva,2023-04-14 10:51:09+00:00,0.0,0.2744,neutral,"['red_heart', 'red_heart red_heart']"
267,a_la_mads,2023-04-14 07:58:29+00:00,0.0,0.5825,positive,"['said', 'welcome']"
267,yasminafahmy,2023-04-14 06:58:03+00:00,0.0,-0.1259,neutral,[]
267,eivyflodin,2023-04-16 16:39:05+00:00,1.0,0.8905,positive,"['smiling_face_with_hearts red_heart', 'yes', 'dm', 'smiling_face_with_hearts', 'red_heart']"
267,p0go__,2023-04-16 16:39:56+00:00,0.0,0.97,positive,"['great thank', 'thank', 'great', 'white_heart']"
268,badellaware,2023-06-04 14:17:48+00:00,0.0,0.0062,neutral,['k']
268,mbminnucci,2023-05-22 03:46:06+00:00,0.0,0.8304,positive,"['phone', 'case', 'cute']"
268,emmafrancullo,2023-05-21 19:00:01+00:00,0.0,0.3473,neutral,"['top smiling_face_with_heart', 'top', 'smiling_face_with_heart eyes', 'smiling_face_with_heart', 'eyes']"
268,shopduper_,2023-04-24 10:22:27+00:00,0.0,0.7074,positive,"['smiling_face_with_heart eyes', 'smiling_face_with_heart', 'eyes', 'eyes smiling_face_with_heart']"
268,ellieevelynsmith,2023-04-24 08:21:11+00:00,0.0,0.9789,positive,"['love look', 'look smiling_face_with_heart', 'look', 'love', 'smiling_face_with_heart eyes']"
268,nevermindpepin,2023-04-23 11:41:30+00:00,0.0,-0.0566,neutral,[]
268,rosieharrison0303,2023-04-23 03:08:06+00:00,0.0,0.2641,neutral,"['raising_hands raising_hands', 'raising_hands', 'face_with_tears_of_joy']"
268,hairrella_2511,2023-04-22 21:04:42+00:00,0.0,0.7074,positive,"['smiling_face_with_heart eyes', 'smiling_face_with_heart', 'eyes', 'eyes smiling_face_with_heart']"
268,gergoszikora,2023-04-22 16:06:28+00:00,0.0,0.2669,neutral,"['red_heart red_heart', 'red_heart', 'magnifique red_heart', 'magnifique']"
269,yasminxjasmin,2023-06-04 20:41:32+00:00,0.0,0.338,neutral,"['colors', 'heart_on_fire']"
269,she_devr_browlash,2023-05-28 11:41:48+00:00,0.0,0.728,positive,"['smiling_face_with_heart eyes', 'smiling_face_with_heart', 'eyes']"
269,gaiapadovan,2023-05-27 07:01:48+00:00,0.0,-0.0466,neutral,"['pants', 'white_heart']"
269,fashiontherhappy,2023-05-24 18:58:47+00:00,0.0,0.7024,positive,"['outfit fire', 'stylish', 'outfit', 'fire']"
269,kirstenalandt,2023-05-24 14:59:11+00:00,0.0,0.4902,positive,"['fire', 'look fire', 'fire fire', 'look']"
269,momsetproject,2023-05-24 09:56:22+00:00,0.0,0.1141,neutral,['white_heart']
269,modedamour,2023-05-24 09:43:34+00:00,0.0,0.0432,neutral,"['black_heart', 'black_heart black_heart']"
270,gemsforstars,2023-04-30 17:56:31+00:00,0.0,0.9686,positive,['beautiful']
270,rinku_parewa_,2023-04-21 15:45:46+00:00,0.0,0.7867,positive,"['smiling_face_with_heart eyes', 'smiling_face_with_heart', 'eyes', 'eyes smiling_face_with_heart']"
270,bon.temps_,2023-04-19 15:44:44+00:00,0.0,0.1033,neutral,['red_heart']
270,dapriince__7,2023-04-16 20:24:08+00:00,0.0,0.1033,neutral,['red_heart']
270,ahtera,2023-04-16 07:56:42+00:00,0.0,0.1662,neutral,"['du', 'sparkling_heart', 'sparkles']"
270,g4b.7_,2023-04-15 23:36:41+00:00,0.0,0.5037,positive,"['red_heart red_heart', 'red_heart']"
270,nikisaint,2023-04-15 21:32:24+00:00,0.0,0.2223,neutral,"['dress', 'light_skin_tone']"
270,givetenderness,2023-04-15 09:50:53+00:00,0.0,0.7867,positive,"['smiling_face_with_heart eyes', 'smiling_face_with_heart', 'eyes', 'eyes smiling_face_with_heart']"
270,buss3n,2023-04-14 12:10:31+00:00,0.0,0.5102,positive,"['smiling_face_with_heart eyes', 'smiling_face_with_heart', 'eyes']"
271,costumedk,2023-05-10 08:33:14+00:00,0.0,0.2216,neutral,"['heart_suit', 'heart_suit heart_suit']"
271,raoulsebastianursachi,2023-04-22 09:14:28+00:00,0.0,0.1033,neutral,['red_heart']
271,sabsjulie,2023-04-21 20:00:46+00:00,0.0,0.9864,positive,"['growing_heart', 'lucky', 'growing_heart growing_heart', 'found', 'ahhhh']"
271,matildadjerfangel,2023-04-19 14:41:35+00:00,0.0,0.8627,positive,"['much', 'love']"
271,ismailakbulut05,2023-04-19 05:31:28+00:00,0.0,0.9804,positive,"['woow beautiful', 'woow', 'beautiful princess', 'princess', 'princess crown']"
271,stylemilaglow,2023-04-18 22:36:34+00:00,0.0,0.7565,positive,"['raising_hands_medium light_skin_tone', 'eyes raising_hands_medium', 'raising_hands_medium', 'omg smiling_face_with_heart', 'omg']"
271,by_beata_style,2023-04-17 23:02:15+00:00,0.0,0.9591,positive,"['congratulations', 'eyes clapping_hands', 'clapping_hands red_heart', 'clapping_hands', 'smiling_face_with_heart']"
271,taralouisez,2023-04-16 15:53:02+00:00,0.0,0.7074,positive,"['smiling_face_with_heart eyes', 'smiling_face_with_heart', 'eyes', 'eyes smiling_face_with_heart']"
271,alexandralopata,2023-04-15 19:20:14+00:00,0.0,-0.6798,negative,"['skin', 'due']"
271,iacobellicristina,2023-04-14 05:27:45+00:00,0.0,0.728,positive,"['smiling_face_with_heart eyes', 'smiling_face_with_heart', 'eyes']"
272,130wlifestyle,2023-06-06 01:17:58+00:00,0.0,0.5861,positive,['nice']
272,sunsiare,2023-05-31 06:43:12+00:00,1.0,-0.0599,neutral,"['toi', 'pour', 'c est', 'est', 'c']"
272,viviangraf,2023-05-24 07:49:48+00:00,0.0,0.7616,positive,['cool']
272,le_reclaim,2023-05-23 21:32:20+00:00,0.0,0.5457,positive,"['please help', 'affordable', 'help', 'skirt', 'us']"
272,le_reclaim,2023-05-23 21:29:00+00:00,0.0,0.9826,positive,"['skirt', 'amazing']"
272,sourcerie.co,2023-05-23 18:01:16+00:00,0.0,0.8804,positive,"['stunning jeans', 'jeans', 'stunning', 'blue_heart']"
272,elizabethmoorenyc,2023-05-23 15:26:55+00:00,0.0,0.9373,positive,['gorgeous']
272,sunsiare,2023-05-31 11:09:43+00:00,1.0,-0.0498,neutral,"['et', 'vu', 'comment', 'tu', 'la']"
273,seb_wilpart1978,2022-12-30 11:58:47+00:00,0.0,-0.0351,neutral,"['hier', 'je', 'face_with_open_mouth', 'de']"
273,tinvcb,2022-12-30 11:08:43+00:00,0.0,0.8774,positive,"['ever', 'best', 'clapping_hands']"
274,manasaaaargh,2023-05-24 16:04:55+00:00,0.0,0.3343,neutral,"['ultimate', 'summer', 'look']"
274,trilogy_stores,2023-05-23 14:56:08+00:00,0.0,0.728,positive,"['smiling_face_with_heart eyes', 'smiling_face_with_heart', 'eyes']"
274,faithfullthebrand,2023-05-22 00:29:58+00:00,2.0,0.2744,neutral,"['red_heart', 'red_heart red_heart']"
274,styleandtheboys,2023-05-21 15:53:45+00:00,0.0,0.7146,positive,"['orange', 'smiling_face_with_heart eyes', 'smiling_face_with_heart', 'eyes']"
274,laurenelizabethsmith__,2023-05-21 07:06:21+00:00,0.0,0.0917,neutral,"['gorg', 'orange_heart']"
274,joyahtakefala,2023-05-21 01:21:49+00:00,0.0,0.5417,positive,"['white', 'fire', 'smiling_face_with_heart eyes', 'smiling_face_with_heart', 'eyes']"
274,jessalizzi,2023-05-21 00:11:35+00:00,0.0,0.7324,positive,"['eyes red_heart', 'smiling_face_with_heart eyes', 'smiling_face_with_heart', 'eyes', 'red_heart']"
274,elmary,2023-05-20 22:04:11+00:00,3.0,0.4658,neutral,"['bag smiling_face_with_heart', 'bag', 'smiling_face_with_heart eyes', 'smiling_face_with_heart', 'eyes']"
274,foundstore_,2023-05-20 22:02:37+00:00,0.0,0.9033,positive,"['monikh', 'ooh', 'summer', 'yes']"
275,montrienet,2023-02-03 20:01:28+00:00,0.0,0.9849,positive,"['soooooo', 'baby', 'cute', 'smiling_face_with_heart eyes', 'smiling_face_with_heart']"
275,frederikeschut,2022-12-29 22:08:57+00:00,0.0,0.078,neutral,"['e', 'white_heart']"
275,lesseofficial,2022-12-29 19:24:07+00:00,0.0,-0.0998,neutral,"['droplet', 'dove']"
275,pimspoor,2022-12-29 15:29:20+00:00,0.0,-0.9257,negative,"['deal', 'loudly_crying_face']"
275,kenkoskincare,2022-12-29 15:21:58+00:00,0.0,0.2744,neutral,"['red_heart', 'red_heart red_heart']"
275,taniceelizabeth,2022-12-28 21:33:02+00:00,0.0,0.1065,neutral,"['olive', 'white_heart']"
275,ellabroek,2022-12-28 21:09:47+00:00,0.0,0.0245,neutral,"['heart_with_ribbon', 'heart_with_ribbon heart_with_ribbon']"
276,she_devr_browlash,2023-05-28 11:41:59+00:00,0.0,-0.0665,neutral,['fire']
276,dreamsbycin,2023-05-26 17:05:40+00:00,0.0,-0.0543,neutral,[]
276,tatib_official,2023-05-24 14:41:37+00:00,0.0,-0.0243,neutral,"['insane', 'omg', 'raising_hands']"
276,thecoolmomco,2023-05-23 20:36:38+00:00,0.0,0.728,positive,"['smiling_face_with_heart eyes', 'smiling_face_with_heart', 'eyes']"
276,cleanjaja,2023-05-23 15:49:49+00:00,0.0,0.2585,neutral,"['pants', 'le', 'fire']"
276,buttonsandblazers,2023-05-23 14:43:18+00:00,0.0,0.2125,neutral,"['collection', 'orange_heart']"
276,amfonsi,2023-05-23 11:02:58+00:00,2.0,0.1074,neutral,"['jacket', 'brand', 'thanks', 'please']"
276,nata.studio,2023-05-23 07:58:08+00:00,0.0,0.728,positive,"['smiling_face_with_heart eyes', 'smiling_face_with_heart', 'eyes']"
276,marina.bancheva,2023-05-23 07:51:57+00:00,0.0,0.8474,positive,"['icon', 'style', 'clapping_hands']"
276,sarahlkeeble,2023-05-23 07:38:54+00:00,0.0,0.7585,positive,['vibe']
277,raoulsebastianursachi,2023-04-22 09:15:26+00:00,0.0,0.1033,neutral,['red_heart']
277,sierraflaitz,2023-04-13 01:35:40+00:00,0.0,0.0167,neutral,"['love_letter', 'dress']"
277,meghanloreto,2023-04-11 22:46:44+00:00,0.0,0.6336,positive,"['red_heart sparkles', 'sparkles', 'red_heart']"
277,enginorkcu,2023-04-10 23:46:40+00:00,0.0,0.1033,neutral,['red_heart']
277,enginorkcu,2023-04-10 23:46:14+00:00,0.0,0.1033,neutral,['red_heart']
277,riofamily_,2023-04-10 16:11:47+00:00,0.0,0.1481,neutral,"['mimi', 'trop', 'red_heart']"
277,juliastuartt,2023-04-10 14:57:58+00:00,0.0,0.7867,positive,"['smiling_face_with_heart eyes', 'smiling_face_with_heart', 'eyes', 'eyes smiling_face_with_heart']"
277,missebeqiri,2023-04-10 09:01:15+00:00,0.0,-0.1136,neutral,[]
277,caitlin.fricker,2023-04-10 00:53:18+00:00,0.0,0.9103,positive,"['love see', 'winter', 'would love', 'see', 'would']"
277,niallknithouse,2023-04-09 22:19:04+00:00,0.0,0.6903,positive,['adorable']
278,dare_83_fashion,2023-06-04 00:26:05+00:00,0.0,0.0892,neutral,"['brown_heart', 'brown_heart brown_heart']"
278,sandraromero,2023-05-25 10:50:50+00:00,0.0,0.4994,positive,"['girl fire', 'yes girl', 'yes', 'girl', 'fire']"
278,sourcerie.co,2023-05-22 08:36:59+00:00,0.0,0.9757,positive,"['summer', 'look smiling_face_with_heart', 'perfect', 'look', 'smiling_face_with_heart eyes']"
278,caitlincavagnolo,2023-05-20 02:44:17+00:00,0.0,0.0747,neutral,"['sander', 'jil', 'sander top', 'jil sander', 'chance']"
278,charlotte.sje,2023-05-19 16:02:08+00:00,1.0,0.7074,positive,"['smiling_face_with_heart eyes', 'smiling_face_with_heart', 'eyes', 'eyes smiling_face_with_heart']"
278,glassworkslondon,2023-05-19 14:20:21+00:00,0.0,0.3204,neutral,"['outfit', 'yellow_heart']"
278,bohemegoods,2023-05-19 14:10:25+00:00,0.0,0.639,positive,[]
278,curateandrotate,2023-05-19 13:49:00+00:00,1.0,0.9769,positive,"['love love', 'love', 'love red_heart', 'red_heart']"
278,johannasiren,2023-05-19 13:46:59+00:00,0.0,0.1146,neutral,"['white_heart', 'white_heart white_heart']"
279,boenamor,2023-06-05 18:49:45+00:00,0.0,0.0495,neutral,"['x', 'te']"
279,psychic_stephanie_william,2023-02-02 17:49:57+00:00,0.0,0.635,positive,"['see', 'message', 'blocked toxic', 'relationship', 'toxic']"
279,domi_verse,2023-01-09 06:20:15+00:00,0.0,-0.0665,neutral,['fire']
279,artipoppe,2023-01-03 08:12:20+00:00,0.0,0.6148,positive,"['black_heart sparkles', 'babe', 'sparkles', 'black_heart']"
279,dianakens_,2023-01-03 07:35:52+00:00,0.0,0.6069,positive,"['style smiling_face_with_heart', 'style', 'smiling_face_with_heart eyes', 'smiling_face_with_heart', 'eyes']"
279,nicole_huisman,2023-01-01 11:17:14+00:00,0.0,0.9279,positive,"['red_heart', 'lieverd', 'always red_heart', 'red_heart red_heart', 'always']"
279,emmavloeimans,2023-01-01 10:50:35+00:00,1.0,0.8852,positive,"['always white_heart', 'pretty', 'always', 'white_heart']"
280,lizsabaa,2023-04-28 20:47:42+00:00,0.0,0.9589,positive,"['outfit everything', 'everything', 'outfit']"
280,sabsjulie,2023-04-21 20:02:08+00:00,0.0,0.9297,positive,"['ahhh', 'lovely red_heart', 'lovely', 'red_heart']"
280,royal_of_sweden,2023-04-15 22:26:29+00:00,0.0,0.5096,positive,"['que linda', 'linda smiling_face_with_heart', 'linda', 'que', 'smiling_face_with_heart eyes']"
280,_maryladybug,2023-04-12 08:04:38+00:00,0.0,0.9792,positive,"['cute dress', 'dress', 'cute', 'sparkles']"
280,youtookeyshop,2023-05-30 06:26:01+00:00,1.0,0.1354,neutral,"['depop', 'depop youtookeyshop', 'youtookeyshop', 'youtookeyshop two_hearts', 'shoes']"
280,youtookeyshop,2023-05-30 06:26:37+00:00,0.0,-0.0105,neutral,"['sell', 'depop', 'depop youtookeyshop', 'youtookeyshop', 'youtookeyshop two_hearts']"
281,mayaalolabi,2023-05-22 09:58:04+00:00,1.0,0.9869,positive,"['inspiration red_heart', 'posts', 'inspiration', 'real', 'vibe']"
281,la_noura,2023-05-22 07:34:56+00:00,0.0,0.0278,neutral,"['fire', 'fire fire']"
281,bymikalli,2023-05-21 08:03:43+00:00,0.0,0.728,positive,"['smiling_face_with_heart eyes', 'smiling_face_with_heart', 'eyes']"
281,bymikalli,2023-05-21 08:03:41+00:00,0.0,-0.0105,neutral,"['using', 'camera', 'please']"
281,katharinechris,2023-05-20 08:53:48+00:00,0.0,0.2308,neutral,"['wondering', 'trousers', 'love']"
281,angelafink,2023-05-19 20:58:18+00:00,0.0,0.0519,neutral,['black_heart']
281,katharinechris,2023-05-23 20:08:39+00:00,1.0,0.6789,positive,"['ps', 'tried', 'bought', 'grinning_face', 'top']"
281,monikh,2023-05-23 20:15:00+00:00,0.0,0.9888,positive,"['makes happy', 'makes', 'happy', 'raising_hands']"
282,morgane_594,2023-05-29 17:02:57+00:00,0.0,0.2744,neutral,"['red_heart', 'red_heart red_heart']"
282,cf40_hairsalon,2023-05-28 15:31:43+00:00,0.0,-0.4251,neutral,"['size', 'size please', 'see evil_monkey', 'evil_monkey', 'true']"
282,theblog.classyaddiction,2023-05-27 17:17:12+00:00,0.0,0.8827,positive,['lovely']
282,johnresume,2023-05-25 22:10:54+00:00,0.0,0.1733,neutral,['color']
282,alexmilak,2023-05-23 15:24:29+00:00,0.0,0.5164,positive,"['front', 'could', 'show', 'gorgeous']"
282,katiefrankierobson,2023-05-22 09:44:33+00:00,0.0,0.0321,neutral,[]
282,kuks1981,2023-05-22 06:55:08+00:00,0.0,0.0923,neutral,"['sale', 'mango', 'today', 'collection', 'hello']"
282,deeq8,2023-05-21 06:34:38+00:00,0.0,0.8474,positive,"['blue_heart', 'sparkles', 'fire', 'smiling_face_with_heart eyes', 'smiling_face_with_heart']"
282,thenuevoedit,2023-05-21 06:01:27+00:00,0.0,0.7318,positive,"['oh wow', 'oh', 'blue_heart', 'wow']"
282,staceykeillah,2023-05-21 05:41:54+00:00,0.0,0.0622,neutral,['blue']
283,sabsjulie,2023-04-21 19:59:48+00:00,0.0,0.9878,positive,"['beating_heart', 'beating_heart beating_heart', 'late', 'birthdays', 'joy']"
283,matildadjerfangel,2023-04-19 14:41:08+00:00,0.0,-0.0071,neutral,"['white_heart', 'white_heart white_heart']"
283,smallable_store,2023-04-18 15:24:13+00:00,0.0,0.4706,neutral,"['hello dear', 'dm red_heart', 'sent dm', 'sent', 'dear']"
283,bellahugo.co,2023-04-18 15:14:34+00:00,0.0,0.9373,positive,['gorgeous']
283,maryanneirhia,2023-04-18 01:55:36+00:00,0.0,0.7867,positive,"['smiling_face_with_heart eyes', 'smiling_face_with_heart', 'eyes', 'eyes smiling_face_with_heart']"
283,nottrebeca_,2023-04-18 00:21:23+00:00,0.0,0.9545,positive,"['gorgeous smiling_face_with_heart', 'gorgeous', 'smiling_face_with_heart eyes', 'smiling_face_with_heart', 'eyes']"
284,saraaromee,2023-05-23 18:51:01+00:00,0.0,0.8402,positive,"['eyes smiling_face_with_heart', 'smiling_face_with_heart eyes', 'smiling_face_with_heart', 'eyes']"
284,tamaraostricki,2023-04-13 07:21:36+00:00,0.0,0.9394,positive,"['soon smiling_face_with_heart', 'sale', 'soon', 'good', 'smiling_face_with_heart']"
284,elsafrdz,2023-04-09 14:30:57+00:00,1.0,0.0321,neutral,[]
284,emiliekrp,2023-04-08 14:13:54+00:00,0.0,0.0297,neutral,"['si belle', 'belle', 'si']"
284,lenaa.geissler,2023-04-07 15:40:39+00:00,0.0,0.926,positive,"['medium light_skin_tone', 'medium', 'light_skin_tone', 'light_skin_tone medium', 'gorgeous']"
284,kirstenmagdalenab,2023-04-07 15:00:15+00:00,0.0,0.3703,neutral,"['ready', 'summer', 'fashion']"
284,anna.skrypka.co,2023-04-07 01:37:47+00:00,0.0,0.9116,positive,"['crazy', 'beautiful']"
284,hairrella_2511,2023-04-06 21:35:45+00:00,0.0,0.0278,neutral,"['fire', 'fire fire']"
284,rachelelizaharville,2023-04-06 19:46:25+00:00,0.0,-0.0366,neutral,"['anyone know', 'camera', 'anyone', 'know', 'white_heart']"
285,sabsjulie,2023-04-21 20:01:54+00:00,0.0,0.2699,neutral,"['cutie', 'red_heart']"
285,cristinalii,2023-04-11 22:56:40+00:00,0.0,0.8497,positive,['cutest']
285,apextheoverseer,2023-04-08 13:01:23+00:00,0.0,-0.6827,negative,"['times', 'eye', 'view', 'think', 'trying']"
285,oliviawhittle,2023-04-07 20:46:54+00:00,1.0,0.9637,positive,"['looked', 'hotel', 'anyone know', 'anyone', 'medium light_skin_tone']"
285,emma.pederso,2023-04-07 16:15:16+00:00,0.0,0.989,positive,"['love vibe', 'gorgeous love', 'sooo', 'vibe', 'growing_heart']"
285,atelierrevivre,2023-04-05 19:03:53+00:00,0.0,0.3571,neutral,"['purple_heart red_heart', 'purple_heart', 'red_heart']"
285,ha_architec,2023-04-05 16:49:57+00:00,0.0,0.7743,positive,"['kindness', 'please support', 'following', 'comments', 'support']"
285,dapriince__7,2023-04-05 08:27:09+00:00,0.0,0.1033,neutral,['red_heart']
285,kath.rine2838,2023-04-05 06:16:55+00:00,0.0,0.979,positive,"['eyes smiling_face_with_heart', 'smiling_face_with_heart', 'smiling_face_with_heart eyes', 'eyes', 'guys']"
286,loadcreatives,2023-02-20 12:15:44+00:00,0.0,0.1944,neutral,"['dm white_heart', 'hey sent', 'sent dm', 'sent', 'hey']"
286,k.jadereason,2022-12-23 23:43:14+00:00,0.0,0.7074,positive,"['smiling_face_with_heart eyes', 'smiling_face_with_heart', 'eyes', 'eyes smiling_face_with_heart']"
286,tamumcpherson,2022-12-22 16:13:49+00:00,1.0,0.7867,positive,"['smiling_face_with_heart eyes', 'smiling_face_with_heart', 'eyes', 'eyes smiling_face_with_heart']"
286,venswifestyle,2022-12-22 15:28:10+00:00,1.0,0.2266,neutral,"['top red_heart', 'red_heart', 'red_heart red_heart', 'fire', 'top']"
286,recherce___,2022-12-22 13:35:13+00:00,1.0,-0.0757,neutral,"['ask', 'may', 'jeans']"
287,tatiana.farag,2023-02-06 11:42:55+00:00,0.0,0.0363,neutral,"['zo', 'red_heart']"
287,johannasch01,2023-01-17 20:06:29+00:00,0.0,0.1033,neutral,['red_heart']
287,simonnygard,2022-12-21 17:42:38+00:00,0.0,0.1033,neutral,['red_heart']
287,neeneedive,2022-12-18 13:46:24+00:00,0.0,0.7074,positive,"['smiling_face_with_heart eyes', 'smiling_face_with_heart', 'eyes', 'eyes smiling_face_with_heart']"
287,neeneedive,2022-12-18 13:46:21+00:00,0.0,0.7689,positive,"['fire', 'fire fire', 'love fire', 'love']"
287,stasjakapitonov,2022-12-16 19:14:43+00:00,1.0,0.7407,positive,"['mooi', 'eyes red_heart', 'smiling_face_with_heart eyes', 'smiling_face_with_heart', 'eyes']"
287,lagentile_store,2022-12-16 09:30:17+00:00,0.0,0.6114,positive,"['prachtig', 'smiling_face_with_heart eyes', 'smiling_face_with_heart', 'eyes']"
287,ankedejng,2022-12-15 15:40:45+00:00,1.0,0.1033,neutral,['red_heart']
288,raoulsebastianursachi,2023-04-22 09:15:20+00:00,0.0,0.1033,neutral,['red_heart']
288,babbu_hybird,2023-04-16 05:49:32+00:00,0.0,0.6458,positive,"['wow fire', 'wow', 'fire']"
288,rrxbia,2023-04-10 18:48:29+00:00,0.0,0.7074,positive,"['smiling_face_with_heart eyes', 'smiling_face_with_heart', 'eyes', 'eyes smiling_face_with_heart']"
288,thesunshinesutra,2023-04-07 05:10:41+00:00,1.0,0.6969,positive,"['top smiling_face_with_heart', 'smiling_face_with_heart eyes', 'smiling_face_with_heart', 'eyes', 'anyone know']"
288,mblok17,2023-04-06 06:41:38+00:00,0.0,0.4729,neutral,"['give', 'follow']"
288,angels_avenue,2023-04-03 10:51:29+00:00,0.0,-0.1361,neutral,['drooling_face']
288,lilianafilipa__,2023-04-02 18:04:39+00:00,0.0,0.7973,positive,"['yess', 'smiling_face_with_heart eyes', 'smiling_face_with_heart', 'eyes']"
288,fhiawaa,2023-04-02 11:17:42+00:00,0.0,0.9562,positive,"['gorgeous smiling_face_with_heart', 'eyes red_heart', 'gorgeous', 'smiling_face_with_heart', 'smiling_face_with_heart eyes']"
288,anaisphmxy,2023-04-02 08:35:54+00:00,0.0,0.8498,positive,"['living', 'bouquet', 'dream']"
288,babbu_hybird,2023-04-16 05:50:16+00:00,0.0,0.8213,positive,"['also', 'smiling_face_with_heart eyes', 'smiling_face_with_heart', 'eyes']"
289,meganadelaide,2022-12-08 20:55:58+00:00,1.0,0.0218,neutral,"['black_heart black_heart', 'black_heart']"
289,erika_boldrin,2022-12-08 18:05:41+00:00,1.0,0.728,positive,"['smiling_face_with_heart eyes', 'smiling_face_with_heart', 'eyes']"
289,simone_frank,2022-12-08 17:39:57+00:00,1.0,-0.0294,neutral,"['black_heart', 'white_heart black_heart', 'black_heart white_heart', 'white_heart']"
289,marijnvanheijst,2022-12-08 16:08:04+00:00,1.0,0.9771,positive,"['black_heart', 'black_heart black_heart', 'j adore', 'moment', 'adore']"
289,stephaniebroek,2022-12-11 22:56:23+00:00,0.0,0.2019,neutral,"['red_heart', 'red_heart red_heart']"
289,stephaniebroek,2022-12-11 22:56:26+00:00,0.0,0.2019,neutral,"['red_heart', 'red_heart red_heart']"
290,eumiriammaria,2023-04-28 02:42:13+00:00,1.0,0.1033,neutral,['red_heart']
290,jeoliiveiraa_,2023-04-25 16:44:17+00:00,1.0,0.7336,positive,"['eyes red_heart', 'smiling_face_with_heart eyes', 'smiling_face_with_heart', 'eyes', 'red_heart']"
290,b.suyane,2023-04-25 16:29:19+00:00,1.0,0.1138,neutral,"['demais', 'amo', 'red_heart']"
290,imsheilagoncalves,2023-04-25 14:23:47+00:00,1.0,0.2949,neutral,['red_heart']
290,schayres,2023-04-25 12:57:19+00:00,1.0,0.3532,neutral,"['two_hearts', 'two_hearts two_hearts']"
291,charlotte_zovighian,2023-04-26 15:13:09+00:00,0.0,0.5867,positive,"['asap', 'trip', 'long', 'coming', 'buy']"
291,raoulsebastianursachi,2023-04-22 09:14:20+00:00,0.0,0.1033,neutral,['red_heart']
291,ewamyher,2023-04-08 20:54:23+00:00,0.0,-0.1705,neutral,"['brown', 'bag']"
291,alexaagoranos,2023-04-05 04:23:21+00:00,0.0,0.9885,positive,['omg']
291,alexismariewest,2023-04-04 20:29:29+00:00,0.0,0.1896,neutral,"['silk', 'silk dress', 'dress red_heart', 'dress', 'red_heart']"
291,nastssjknss,2023-04-04 07:52:58+00:00,0.0,0.3864,neutral,"['hot_face', 'omg', 'need']"
291,parkandfifthco,2023-04-03 17:13:54+00:00,0.0,0.7132,positive,"['okay', 'love']"
291,hannafridmar,2023-04-03 16:10:30+00:00,0.0,0.7908,positive,"['summer', 'need', 'smiling_face_with_heart eyes', 'smiling_face_with_heart', 'eyes']"
291,_hollyt,2023-04-03 11:11:18+00:00,0.0,0.2744,neutral,"['red_heart', 'red_heart red_heart']"
292,ernestdominique,2022-12-14 07:40:44+00:00,0.0,0.6921,positive,['adore']
292,jenmurray88_,2022-12-10 17:45:23+00:00,0.0,0.9443,positive,"['love boots', 'boots smiling_face_with_heart', 'boots', 'love', 'smiling_face_with_heart eyes']"
292,tkmaxxnl,2022-12-09 13:32:36+00:00,0.0,0.9584,positive,"['love smiling_face_with_heart', 'love', 'smiling_face_with_heart eyes', 'smiling_face_with_heart', 'eyes']"
292,artipoppe,2022-12-08 11:02:05+00:00,0.0,0.0519,neutral,['black_heart']
292,creativeecho,2022-12-07 17:28:45+00:00,0.0,-0.0276,neutral,['raising_hands']
292,etoile_luxury_vintage,2022-12-07 13:47:44+00:00,0.0,0.9471,positive,"['eyes fire', 'love smiling_face_with_heart', 'love', 'fire', 'smiling_face_with_heart eyes']"
292,reemkaara,2022-12-07 10:57:00+00:00,0.0,0.8724,positive,['love']
292,anoukyve,2022-12-07 09:47:57+00:00,0.0,0.0519,neutral,['black_heart']
292,editedofficial,2022-12-07 08:35:08+00:00,0.0,0.0519,neutral,['black_heart']
292,odd_collectors_,2022-12-07 07:53:37+00:00,0.0,0.1146,neutral,"['white_heart', 'white_heart white_heart']"
293,mmicheleandrade,2023-04-25 13:31:09+00:00,1.0,-0.1,neutral,[]
293,lelemagdiary,2023-04-24 10:59:34+00:00,1.0,-0.1275,neutral,"['pleading_face', 'pleading_face pleading_face', 'dm por', 'por', 'dm']"
293,schayres,2023-04-22 12:13:51+00:00,1.0,0.3532,neutral,"['two_hearts', 'two_hearts two_hearts']"
293,isapicolli,2023-04-22 11:52:08+00:00,2.0,0.7867,positive,"['smiling_face_with_heart eyes', 'smiling_face_with_heart', 'eyes', 'eyes smiling_face_with_heart']"
293,sasz_aguiar,2023-04-22 01:33:37+00:00,1.0,0.5473,positive,"['quero', 'smiling_face_with_heart eyes', 'smiling_face_with_heart', 'eyes']"
293,sasz_aguiar,2023-04-22 01:33:27+00:00,1.0,-0.0542,neutral,"['mds', 'que']"
293,jeoliiveiraa_,2023-04-22 01:31:16+00:00,1.0,0.8265,positive,"['eyes red_heart', 'smiling_face_with_heart eyes', 'smiling_face_with_heart', 'eyes', 'red_heart']"
293,lojafashioncloset,2023-04-26 14:56:45+00:00,0.0,0.0029,neutral,"['duas', 'cores', 'enviamos um', 'em duas', 'um direct']"
294,bellahugo.co,2023-04-18 14:46:57+00:00,1.0,0.3365,neutral,"['heart earrings', 'double', 'double heart', 'earrings', 'co']"
294,temekaka,2023-04-18 14:15:25+00:00,1.0,0.2414,neutral,"['earring', 'co', 'smiling_face_with_heart eyes', 'smiling_face_with_heart', 'eyes']"
294,shop_thehandshake,2023-04-04 22:55:41+00:00,0.0,0.4408,neutral,['smiling_face_with_sunglasses']
294,granjastudio,2023-04-03 16:20:10+00:00,0.0,0.0519,neutral,['black_heart']
294,gadzhimurad_ib,2023-04-02 22:26:56+00:00,0.0,-0.0532,neutral,"['fire fire', 'fire']"
294,bellahugo.co,2023-04-18 14:50:25+00:00,0.0,0.4493,neutral,"['please see', 'see double', 'double heart', 'double', 'heart earrings']"
294,bellahugo.co,2023-04-18 14:51:35+00:00,0.0,0.5294,positive,"['please see', 'see double', 'heart earrings', 'double', 'double heart']"
295,the.gooddayproject,2023-05-05 08:37:15+00:00,0.0,0.7074,positive,"['smiling_face_with_heart eyes', 'smiling_face_with_heart', 'eyes', 'eyes smiling_face_with_heart']"
295,matildadjerfangel,2023-04-19 14:41:21+00:00,0.0,0.2744,neutral,"['red_heart', 'red_heart red_heart']"
295,ismailakbulut05,2023-04-19 05:31:20+00:00,0.0,0.9811,positive,"['woow beautiful', 'woow', 'beautiful princess', 'princess', 'princess crown']"
295,bobbieannyounker,2023-04-15 10:04:37+00:00,0.0,-0.672,negative,"['life', 'get']"
295,cha__thura,2023-04-15 08:58:07+00:00,0.0,0.7621,positive,"['good morning', 'morning', 'good']"
295,glen.n3024,2023-04-15 08:26:30+00:00,1.0,-0.0554,neutral,"['naked', 'picture', 'see']"
295,riyadahmednehal,2023-04-15 00:52:18+00:00,0.0,0.6632,positive,"['face_blowing_a_kiss', 'face_blowing_a_kiss face_blowing_a_kiss', 'smiling_face_with_hearts face_blowing_a_kiss', 'smiling_face_with_hearts']"
295,3496emanuel,2023-04-14 23:57:44+00:00,0.0,0.6034,positive,"['hi smiling_face_with_heart', 'hi', 'smiling_face_with_heart eyes', 'smiling_face_with_heart', 'eyes']"
295,jefferyy090,2023-04-14 22:52:47+00:00,0.0,0.6087,positive,"['sexy', 'baby']"
296,mitchellrduffree,2023-02-26 17:08:04+00:00,0.0,0.0553,neutral,['dizzy']
296,bowdenliam,2022-12-22 21:27:51+00:00,0.0,0.9575,positive,"['love ones', 'ones', 'buy', 'face_with_tears_of_joy', 'love']"
296,psychic_virginia_bertrand,2022-12-15 06:07:26+00:00,0.0,-0.6015,negative,"['energy chakras', 'chakras', 'energy', 'chakras noticed', 'past inbox']"
296,hannahteitink,2022-12-10 21:35:28+00:00,0.0,0.7504,positive,"['stunning fire', 'stunning', 'fire']"
296,studioljos,2022-12-10 19:31:38+00:00,0.0,0.0278,neutral,"['fire', 'fire fire']"
296,jenmurray88_,2022-12-10 17:45:01+00:00,0.0,0.4976,positive,"['beauty red_heart', 'beauty', 'red_heart']"
296,nikki.sl,2022-12-10 10:40:57+00:00,1.0,-0.0527,neutral,"['van', 'prachtig', 'je']"
296,olyafentsur,2022-12-09 23:39:30+00:00,0.0,0.1033,neutral,['red_heart']
296,raqscitystyle,2022-12-09 21:10:27+00:00,0.0,0.9761,positive,"['stunning smiling_face_with_heart', 'bag', 'stunning', 'smiling_face_with_heart eyes', 'smiling_face_with_heart']"
297,cristinashyyka_,2022-12-22 21:04:14+00:00,0.0,0.5689,positive,"['would like', 'coat', 'buy', 'would', 'like']"
297,cristinashyyka_,2022-12-22 21:04:00+00:00,0.0,-0.0274,neutral,"['size wear', 'wear', 'size']"
297,linda.milana__,2022-12-12 21:29:38+00:00,0.0,0.8139,positive,"['post', 'nice', 'dm', 'eyes']"
297,lucia.vsantos,2022-12-12 11:15:27+00:00,0.0,-0.3559,neutral,"['olive pleading_face', 'loudly_crying_face red_heart', 'olive', 'pleading_face', 'loudly_crying_face']"
297,laurencaruso_,2022-12-11 18:34:42+00:00,1.0,0.9544,positive,"['yessss', 'love']"
297,beatrice.gutu,2022-12-11 16:28:51+00:00,0.0,0.7867,positive,"['smiling_face_with_heart eyes', 'smiling_face_with_heart', 'eyes', 'eyes smiling_face_with_heart']"
297,dianakens_,2022-12-11 01:10:02+00:00,0.0,0.9781,positive,"['gorgeous red_heart', 'fire', 'star struck', 'struck', 'red_heart fire']"
297,hecho.and.co,2022-12-10 22:35:20+00:00,1.0,-0.2738,neutral,"['baby', 'loudly_crying_face']"
298,laurabella1980,2023-04-22 05:54:05+00:00,0.0,-0.4774,negative,"['eat', 'cold', 'photos', 'time', 'let']"
298,karnatak11,2023-03-15 05:59:39+00:00,0.0,-0.005,neutral,[]
298,g8o9_,2022-11-04 22:05:35+00:00,0.0,0.9489,positive,"['smile', 'like', 'white_heart']"
298,jannu_hh,2022-11-04 12:22:24+00:00,0.0,0.7821,positive,"['hoodies', 'winter', 'os', 'best', 'smiling_face_with_heart eyes']"
298,http.kashii,2022-07-16 23:53:23+00:00,0.0,-0.0147,neutral,"['wish', 'fire red_heart', 'fire', 'red_heart']"
298,julyro80,2022-06-16 17:41:02+00:00,0.0,0.6732,positive,"['eyes smiling_face_with_heart', 'smiling_face_with_heart', 'smiling_face_with_heart eyes', 'fire', 'eyes']"
298,white_for_r,2022-06-16 05:35:54+00:00,0.0,0.7636,positive,['man']
298,wagafull,2022-06-12 14:35:46+00:00,0.0,0.1033,neutral,['red_heart']
298,timothyzakariah,2022-06-04 09:33:22+00:00,0.0,0.0806,neutral,"['fire', 'fire fire']"
298,timothyzakariah,2022-06-04 09:33:16+00:00,0.0,0.2792,neutral,"['red_heart red_heart', 'red_heart']"
299,nicnak.co,2023-05-30 18:39:23+00:00,0.0,0.9413,positive,"['smiling_face_with_heart eyes', 'smiling_face_with_heart', 'eyes', 'beautiful smiling_face_with_heart', 'eyes smiling_face_with_heart']"
299,__lenchika__,2023-05-29 10:14:16+00:00,0.0,0.1041,neutral,"['red_heart', 'red_heart red_heart', 'red_heart fire', 'fire']"
299,covadongadelallave,2023-05-28 15:55:57+00:00,0.0,-0.0957,neutral,"['hace', 'los', 'ya', 'todo', 'muy']"
299,amarilysg,2023-05-11 19:20:25+00:00,0.0,0.5522,positive,"['eyes face_with_open_mouth', 'face_with_open_mouth', 'smiling_face_with_heart eyes', 'smiling_face_with_heart', 'eyes']"
299,beks_therese,2023-05-11 00:33:19+00:00,0.0,0.7981,positive,"['jeans fire', 'jeans', 'fire smiling_face_with_heart', 'clapping_hands fire', 'fire']"
299,lauragiacosamakeup,2023-05-07 18:24:21+00:00,0.0,-0.0302,neutral,"['esa', 'fire']"
299,good_vibes_only_bg,2023-04-28 02:54:43+00:00,0.0,0.2046,neutral,"['jeans', 'jeans jeans', 'fire', 'deusa', 'jeans fire']"
299,neslihande,2023-04-27 22:19:08+00:00,0.0,0.728,positive,"['smiling_face_with_heart eyes', 'smiling_face_with_heart', 'eyes']"
300,usta24315,2022-12-06 13:41:20+00:00,0.0,0.247,neutral,"['designer', 'architect', 'like work', 'open', 'architecture']"
300,nielsbijlsma,2022-12-03 09:38:15+00:00,0.0,0.1141,neutral,['white_heart']
300,seymaaraz,2022-12-02 21:10:50+00:00,0.0,0.0519,neutral,['black_heart']
300,kirstenalandt,2022-12-01 22:09:43+00:00,0.0,0.7074,positive,"['smiling_face_with_heart eyes', 'smiling_face_with_heart', 'eyes', 'eyes smiling_face_with_heart']"
300,texturethebrand,2022-12-01 19:46:31+00:00,0.0,0.633,positive,"['smiling_face_with_heart eyes', 'smiling_face_with_heart', 'eyes']"
301,mrrnangel,2023-05-31 03:13:57+00:00,0.0,0.942,positive,"['drooling_face', 'drooling_face drooling_face', 'fire fire', 'fire', 'fire drooling_face']"
301,joiedevivrewall,2023-05-22 17:03:49+00:00,0.0,0.9716,positive,"['beautiful look', 'look', 'beautiful']"
301,nataliemattozzi,2023-05-13 18:45:29+00:00,1.0,0.9403,positive,"['belt', 'smiling_face_with_heart eyes', 'smiling_face_with_heart', 'eyes', 'eyes smiling_face_with_heart']"
301,gillisilvi,2023-05-08 20:35:51+00:00,0.0,0.1033,neutral,['red_heart']
301,ekaterina.danusya,2023-05-06 14:39:57+00:00,0.0,-0.4662,negative,"['look like', 'never', 'like', 'look']"
301,amiralijalaeeyan,2023-04-30 00:12:49+00:00,0.0,0.9504,positive,"['red_heart', 'unique', 'red_heart red_heart', 'amazing']"
301,neslihande,2023-04-27 22:19:38+00:00,0.0,0.728,positive,"['smiling_face_with_heart eyes', 'smiling_face_with_heart', 'eyes']"
301,anaramosremax_porto,2023-04-27 15:14:55+00:00,0.0,0.7867,positive,"['smiling_face_with_heart eyes', 'smiling_face_with_heart', 'eyes', 'eyes smiling_face_with_heart']"
301,marijenkinsm,2023-04-26 01:15:27+00:00,0.0,-0.0872,neutral,"['red_heart fire', 'fire', 'red_heart']"
302,modernpampersalon,2023-06-06 00:22:44+00:00,1.0,0.6592,positive,"['nail_polish', 'smiling_face_with_hearts', 'smiling_face_with_heart eyes', 'smiling_face_with_heart', 'eyes']"
302,niloofaryazdaniii,2023-05-26 09:25:25+00:00,0.0,0.2019,neutral,"['red_heart', 'red_heart red_heart']"
302,_lovehandle,2023-05-21 15:57:57+00:00,0.0,-0.4898,negative,"['cowboy', 'coachella', 'hurt', 'boots', 'wearing']"
302,ams57808213,2023-05-16 16:22:58+00:00,0.0,-0.1208,neutral,"['divina', 'esa']"
302,make_gabithais,2023-05-14 00:55:25+00:00,0.0,0.8354,positive,"['clapping_hands', 'omg smiling_face_with_heart', 'eyes clapping_hands', 'omg', 'smiling_face_with_heart']"
302,li.arakaki,2023-05-09 00:09:24+00:00,1.0,0.0321,neutral,[]
302,joaobosco.sp,2023-05-08 11:37:42+00:00,0.0,0.1253,neutral,"['avec', 'beauté']"
302,guido_rappresentanze_,2023-05-07 19:56:40+00:00,0.0,0.2959,neutral,"['red_heart red_heart', 'red_heart']"
302,olep1000,2023-05-07 18:23:04+00:00,0.0,0.6252,positive,"['smiling_face_with_heart eyes', 'smiling_face_with_heart', 'eyes']"
303,daniflash47,2023-04-09 22:13:50+00:00,0.0,0.7532,positive,"['super', 'smiling_face_with_heart eyes', 'smiling_face_with_heart', 'eyes', 'eyes smiling_face_with_heart']"
303,werllemdedeus,2023-04-07 01:43:01+00:00,0.0,0.2019,neutral,"['red_heart', 'red_heart red_heart']"
303,said__hazrat,2022-12-04 20:15:08+00:00,0.0,0.7531,positive,"['thumbs_up smiling_face_with_sunglasses', 'thumbs_up', 'smiling_face_with_sunglasses']"
303,que_tequiero_verde,2022-10-19 04:23:09+00:00,0.0,0.0494,neutral,"['black_heart', 'black_heart black_heart']"
303,bruluccas,2022-10-18 11:38:55+00:00,0.0,0.728,positive,"['smiling_face_with_heart eyes', 'smiling_face_with_heart', 'eyes']"
303,laurabella1980,2023-04-22 22:46:04+00:00,0.0,0.9085,positive,['fab']
303,heroisonline,2023-04-22 23:16:48+00:00,0.0,0.2746,neutral,"['yeah', 'red_heart']"
304,stephanievandee,2022-11-26 20:28:39+00:00,0.0,0.0075,neutral,['blue_heart']
304,artipoppe,2022-11-25 15:23:34+00:00,1.0,0.9462,positive,"['loving every', 'every', 'loving', 'red_heart raising_hands', 'pic']"
304,_aga.rusinek,2022-11-24 22:45:45+00:00,0.0,0.1141,neutral,['white_heart']
304,emmavloeimans,2022-11-24 20:45:29+00:00,0.0,0.1033,neutral,['red_heart']
304,rubyfranken,2022-11-24 18:49:52+00:00,0.0,0.9528,positive,"['red_heart', 'red_heart red_heart', 'love red_heart', 'love']"
304,loadcreatives,2022-11-24 11:50:04+00:00,0.0,0.1944,neutral,"['dm white_heart', 'hey sent', 'sent dm', 'sent', 'hey']"
304,anfispol,2022-11-24 11:05:51+00:00,0.0,0.728,positive,"['smiling_face_with_heart eyes', 'smiling_face_with_heart', 'eyes']"
304,beatrice.gutu,2022-11-24 11:00:44+00:00,1.0,0.0494,neutral,"['black_heart', 'black_heart black_heart']"
304,alinelatifi,2022-11-24 09:10:07+00:00,0.0,0.5741,positive,"['olive', 'sparkles']"
304,maisoncleo,2022-11-24 08:40:17+00:00,0.0,0.5034,positive,['chic']
305,jonasflyschoenen,2023-01-20 15:00:53+00:00,0.0,0.728,positive,"['smiling_face_with_heart eyes', 'smiling_face_with_heart', 'eyes']"
305,elvie,2022-12-07 16:36:22+00:00,1.0,0.9149,positive,"['chanel', 'collab', 'love']"
305,anoukyve,2022-12-07 09:48:13+00:00,0.0,0.0432,neutral,"['black_heart', 'black_heart black_heart']"
305,erinoffduty,2022-12-01 09:49:23+00:00,0.0,0.728,positive,"['smiling_face_with_heart eyes', 'smiling_face_with_heart', 'eyes']"
305,charliemay,2022-11-30 14:42:01+00:00,1.0,0.9248,positive,"['trip', 'smiling_face_with_heart eyes', 'smiling_face_with_heart', 'eyes']"
305,themoanwar,2022-11-30 08:58:22+00:00,1.0,0.2744,neutral,"['red_heart', 'red_heart red_heart']"
305,annemariehartsuiker,2022-11-30 07:27:48+00:00,1.0,0.102,neutral,"['white_heart light_skin_tone', 'light_skin_tone', 'white_heart']"
305,gracielaraquel,2022-11-29 10:45:22+00:00,1.0,0.728,positive,"['smiling_face_with_heart eyes', 'smiling_face_with_heart', 'eyes']"
305,stephaniebroek,2022-12-08 12:27:17+00:00,2.0,0.633,positive,"['match', 'haha', 'made', 'right']"
306,cascopel,2023-05-23 14:19:07+00:00,0.0,0.0803,neutral,['clapping_hands']
306,kimn.kona,2023-05-11 06:18:13+00:00,0.0,0.9139,positive,"['something like', 'beautiful fire', 'bit', 'boobs', 'wear something']"
306,simplicityinchaos,2023-05-10 14:26:57+00:00,0.0,0.0768,neutral,"['eu', 'de', 'novo', 'case', 'comprar']"
306,dasa.76,2023-05-09 06:32:43+00:00,1.0,-0.1164,neutral,"['een', 'aan', 'alles', 'broek', 'ver']"
306,gillisilvi,2023-05-08 20:36:19+00:00,0.0,0.1033,neutral,['red_heart']
306,melissahaley,2023-05-08 02:44:45+00:00,0.0,0.979,positive,"['coachella', 'effortless', 'combo', 'standard', 'outfit seen']"
306,ci.jordao,2023-05-05 01:42:39+00:00,0.0,0.8051,positive,"['eyes smiling_face_with_heart', 'não', 'smiling_face_with_heart', 'smiling_face_with_heart eyes', 'eyes']"
306,renataguarischi,2023-05-23 16:20:29+00:00,1.0,-0.0558,neutral,"['kkkk', 'semana']"
306,cascopel,2023-05-23 16:23:36+00:00,0.0,0.0149,neutral,"['eh', 'mesmo', 'tô', 'lindas', 'mas']"
307,q8.est__amit__singh,2022-11-19 18:40:05+00:00,0.0,0.7074,positive,"['smiling_face_with_heart eyes', 'smiling_face_with_heart', 'eyes', 'eyes smiling_face_with_heart']"
307,q8.est__amit__singh,2022-11-19 18:39:59+00:00,0.0,0.6904,positive,"['eyes fire', 'smiling_face_with_heart eyes', 'smiling_face_with_heart', 'eyes', 'eyes smiling_face_with_heart']"
307,etoile_luxury_vintage,2022-11-19 11:32:16+00:00,0.0,0.793,positive,"['outfit fire', 'outfit', 'fire']"
307,rangrazz.d,2022-11-18 06:26:01+00:00,0.0,0.5058,positive,"['hiddеn', 'good']"
307,fablefrique,2022-11-16 19:28:24+00:00,0.0,0.919,positive,"['oh wow', 'wow smiling_face_with_heart', 'oh', 'wow', 'smiling_face_with_heart']"
307,veronica_jonna,2022-11-15 22:35:18+00:00,0.0,0.928,positive,"['thumbs_up_light_skin_tone', 'beautiful']"
307,erika_boldrin,2022-11-15 18:02:11+00:00,1.0,0.2816,neutral,['yes']
307,lerstadmarie,2022-11-12 22:33:55+00:00,0.0,0.7074,positive,"['smiling_face_with_heart eyes', 'smiling_face_with_heart', 'eyes', 'eyes smiling_face_with_heart']"
308,misonesimone,2023-06-01 13:00:54+00:00,0.0,0.307,neutral,"['smiling_face_with_heart eyes', 'smiling_face_with_heart', 'eyes', 'eyes smiling_face_with_heart']"
308,jdaoutfit,2023-05-22 02:49:22+00:00,0.0,0.0892,neutral,"['brown_heart', 'brown_heart brown_heart']"
308,themoptop,2023-05-21 17:30:37+00:00,0.0,0.5336,positive,['beauty']
308,lebotaniste.apothecary,2023-05-21 15:26:44+00:00,0.0,-0.0333,neutral,"['leaf_fluttering_in_wind', 'white_heart']"
309,paiorod,2023-05-17 04:11:59+00:00,0.0,0.1755,neutral,"['dm please', 'proposal', 'grinning_face', 'camila', 'could']"
309,divaon.motivacao,2023-05-05 03:56:53+00:00,0.0,0.7924,positive,"['smiling_face_with_heart eyes', 'smiling_face_with_heart', 'eyes', 'face_with_open_mouth smiling_face_with_heart', 'eyes smiling_face_with_heart']"
309,kallinymathias,2023-05-02 03:28:09+00:00,0.0,0.1394,neutral,"['raising_hands', 'raising_hands raising_hands']"
309,good_vibes_only_bg,2023-04-28 02:58:03+00:00,0.0,0.6273,positive,"['bikini', 'sparkling_heart', 'sparkling_heart sparkling_heart', 'fire', 'fire fire']"
309,lika.krachkovskaya,2023-04-24 22:20:03+00:00,0.0,0.0278,neutral,"['fire', 'fire fire']"
309,seyedmohammadhossseinii,2023-04-24 08:13:57+00:00,0.0,0.5736,positive,"['fire smiling_face_with_heart', 'fire', 'smiling_face_with_heart eyes', 'smiling_face_with_heart', 'eyes']"
309,spexpresstransporte,2023-04-24 01:14:13+00:00,0.0,0.1538,neutral,"['linda', 'red_heart']"
309,mirian.globetrotter,2023-04-24 00:50:46+00:00,0.0,0.7074,positive,"['smiling_face_with_heart eyes', 'smiling_face_with_heart', 'eyes', 'eyes smiling_face_with_heart']"
310,nona.ams.store,2022-11-08 20:08:52+00:00,0.0,0.7074,positive,"['smiling_face_with_heart eyes', 'smiling_face_with_heart', 'eyes', 'eyes smiling_face_with_heart']"
310,kimberlybalten,2022-11-08 15:33:21+00:00,0.0,0.0573,neutral,"['fire', 'fire fire']"
310,desiridder,2022-11-07 22:18:46+00:00,0.0,0.6021,positive,"['cherry_blossom sparkling_heart', 'sparkling_heart cherry_blossom', 'sparkling_heart', 'cherry_blossom']"
311,lenamaeofficial,2022-11-29 06:56:43+00:00,0.0,0.0498,neutral,"['black_heart', 'black_heart black_heart', 'eyes']"
311,graanmarkt13,2022-11-28 13:34:27+00:00,1.0,0.1033,neutral,['red_heart']
311,kerstingeffert,2022-11-28 07:33:52+00:00,0.0,0.1033,neutral,['red_heart']
311,coco_exotique,2022-11-28 00:48:21+00:00,1.0,0.4474,positive,['loooove']
311,rune_vrvrt,2022-11-27 23:02:30+00:00,1.0,-0.0204,neutral,"['leuk', 'point', 'view', 'zo', 'te']"
311,stephaniebroek,2022-11-28 21:38:14+00:00,1.0,0.0432,neutral,"['black_heart', 'black_heart black_heart']"
312,etoile_luxury_vintage,2022-11-01 10:08:43+00:00,0.0,0.791,positive,"['yes smiling_face_with_heart', 'yes', 'smiling_face_with_heart eyes', 'smiling_face_with_heart', 'eyes']"
312,kelsey_hewlett,2022-11-01 02:41:09+00:00,0.0,0.5944,positive,"['silver', 'ones', 'want']"
312,elienjansen,2022-10-31 20:11:42+00:00,0.0,0.9828,positive,"['love everything', 'everything', 'love']"
312,mariaamoramormaria,2022-10-31 16:37:35+00:00,1.0,0.8205,positive,"['friends', 'want']"
312,nicole_huisman,2022-10-31 12:51:43+00:00,0.0,-0.0131,neutral,"['fire', 'red_heart fire', 'red_heart', 'fire fire', 'red_heart red_heart']"
312,othiemac,2022-10-31 09:40:54+00:00,0.0,0.4505,positive,['perfect']
312,bandhu_eu,2022-10-31 08:19:01+00:00,0.0,-0.0276,neutral,['raising_hands']
312,cjenk0,2022-10-31 08:06:14+00:00,0.0,0.0321,neutral,[]
312,sonjaleigh_,2022-10-31 06:31:15+00:00,0.0,0.1654,neutral,"['dream', 'bag', 'black_heart']"
313,g_s21,2023-05-09 04:36:09+00:00,0.0,0.9731,positive,"['cutest', 'smiling_face_with_heart eyes', 'smiling_face_with_heart', 'eyes']"
313,ingret_thayani,2023-05-06 00:50:08+00:00,0.0,-0.2907,neutral,"['loudly_crying_face', 'loudly_crying_face loudly_crying_face', 'casa', 'te', 'da']"
313,ingret_thayani,2023-05-06 00:49:39+00:00,0.0,0.1106,neutral,"['deus', 'é', 'anjo', 'um anjo', 'de deus']"
313,icecreamandruffles,2023-05-05 10:34:54+00:00,0.0,0.1327,neutral,['two_hearts']
313,good_vibes_only_bg,2023-04-28 03:03:42+00:00,0.0,0.8271,positive,"['rabbit_face', 'sun_with_face', 'little', 'yellow_heart', 'smiling_face_with_hearts']"
313,neslihande,2023-04-27 22:19:52+00:00,0.0,0.728,positive,"['smiling_face_with_heart eyes', 'smiling_face_with_heart', 'eyes']"
313,vinimachadooo,2023-04-24 05:07:46+00:00,0.0,0.2445,neutral,"['clapping_hands', 'clapping_hands clapping_hands']"
313,keilaoliveirabrasil,2023-04-20 22:35:56+00:00,0.0,0.4431,neutral,"['meu deus', 'deus', 'meu', 'que', 'smiling_face_with_heart eyes']"
313,juvarejao1,2023-04-20 22:20:00+00:00,0.0,0.2734,neutral,"['red_heart red_heart', 'red_heart']"
313,lullabybabystoree,2023-04-19 14:53:17+00:00,0.0,0.5163,positive,"['box', 'gift', 'gets', 'wants', 'older']"
314,wildmabel,2023-01-24 19:49:41+00:00,0.0,0.9844,positive,"['night', 'date', 'face_blowing_a_kiss', 'great', 'look']"
314,wine.with.tosjagoodnight,2023-01-21 21:47:27+00:00,0.0,0.9254,positive,"['top red_heart', 'top', 'cute', 'red_heart']"
314,dannafwells,2023-01-20 16:14:48+00:00,1.0,0.9886,positive,"['white_heart sparkles', 'eyes white_heart', 'love top', 'whole', 'look smiling_face_with_heart']"
314,drcarlenelink,2023-01-18 14:59:00+00:00,0.0,0.9604,positive,"['cute', 'look']"
314,kevin7675thompson,2023-01-18 13:34:48+00:00,0.0,0.9326,positive,"['grinning_face_with_big_eyes', 'grinning_face', 'beautiful smiling_face_with_heart', 'smiling_face_with_smiling_eyes', 'beautiful']"
314,brianjewell4387,2023-01-18 08:29:27+00:00,0.0,0.6042,positive,"['thumbs', 'two']"
314,emilyjademccarthy,2023-01-17 20:16:47+00:00,1.0,0.6971,positive,"['giant', 'dressing', 'winter', 'always', 'like']"
315,wildmabel,2023-01-24 19:49:03+00:00,0.0,0.9275,positive,"['clapping_hands_medium light_skin_tone', 'clapping_hands_medium', 'fit', 'star struck', 'struck']"
315,eatstyleamore,2023-01-22 03:43:41+00:00,0.0,0.9811,positive,"['love vibe', 'vibe', 'love', 'red_heart']"
315,dannafwells,2023-01-20 16:14:03+00:00,0.0,0.9843,positive,"['always chic', 'vibe', 'fit', 'loving', 'chic']"
316,kesco_homes,2023-01-11 22:27:30+00:00,1.0,0.9889,positive,"['definitely', 'going', 'awesome', 'check']"
316,jessicas_beautyworld,2023-01-11 19:30:41+00:00,2.0,0.9864,positive,"['cool', 'wow']"
316,corahbeth,2023-01-11 16:01:38+00:00,2.0,0.968,positive,"['style fire', 'love style', 'fire red_heart', 'style', 'love']"
316,edge12783,2023-01-11 15:30:44+00:00,1.0,-0.0705,neutral,"['backhand_index_pointing_right check_mark_button', 'blood_type', 'o_button_ blood_type', 'o_button_', 'check_mark_button']"
316,rhyancaminske,2023-01-13 10:29:32+00:00,1.0,0.986,positive,"['colors', 'fun', 'always', 'get', 'red_heart']"
316,corahbeth,2023-01-13 13:06:34+00:00,0.0,0.9588,positive,"['like', 'easy', 'zany_face', 'thinking_face', 'color']"
317,jacqi215,2023-01-09 14:33:50+00:00,0.0,-0.0478,neutral,['mirror']
317,iammrscoscia,2023-01-08 01:17:40+00:00,1.0,0.8303,positive,"['face_with_tears_of_joy', 'face_with_tears_of_joy face_with_tears_of_joy']"
317,corriellington,2023-01-07 18:44:24+00:00,1.0,0.9906,positive,"['look everything', 'everything smiling_face_with_heart', 'red_heart love', 'everything', 'eyes red_heart']"
317,brianbnyc,2023-01-07 17:31:39+00:00,1.0,0.0441,neutral,"['jeans', 'red_heart']"
317,brittanyscholes,2023-01-07 16:19:41+00:00,1.0,-0.3402,neutral,"['standing', 'bother', 'grinning_squinting_face', 'even', 'jeans']"
317,rhyancaminske,2023-01-08 16:44:18+00:00,0.0,0.5206,positive,['face_with_tears_of_joy']
318,ninabrown948,2023-03-27 14:43:11+00:00,0.0,-0.4206,negative,[]
318,silverfoxdudes,2022-09-13 02:28:49+00:00,0.0,0.002,neutral,"['clapping_hands_medium light_skin_tone', 'clapping_hands_medium', 'light_skin_tone', 'light_skin_tone clapping_hands_medium', 'camera']"
318,modprateeda,2022-07-18 09:02:21+00:00,0.0,-0.0276,neutral,['raising_hands']
318,wagafull,2022-06-12 14:36:07+00:00,0.0,0.1033,neutral,['red_heart']
318,jonnybinnsvibes,2022-05-27 19:38:42+00:00,1.0,0.3492,neutral,"['fire fire', 'fire', 'raising_hands fire', 'fire smiling_face_with_heart', 'raising_hands']"
318,igorafbruno,2022-05-26 12:53:40+00:00,1.0,0.0321,neutral,[]
318,think_love_and_wear_a_smile_,2022-05-16 11:56:31+00:00,1.0,0.4577,neutral,"['parrot', 'sparkles', 'heart_suit']"
318,downeymagda,2022-04-22 05:13:00+00:00,1.0,0.8514,positive,"['eyes smiling_face_with_heart', 'smiling_face_with_heart eyes', 'smiling_face_with_heart', 'eyes', 'red_heart face_with_open_mouth']"
318,mariana_cr98,2022-04-21 16:22:02+00:00,0.0,-0.0544,neutral,"['espectacular', 'eres']"
319,diggiitalmonster,2023-05-05 19:14:36+00:00,0.0,-0.0082,neutral,['top']
319,angels_avenue,2023-04-03 10:51:57+00:00,0.0,0.3238,neutral,"['legs', 'fire']"
319,gadzhimurad_ib,2023-04-02 22:27:02+00:00,0.0,-0.0532,neutral,"['fire fire', 'fire']"
319,campbellandkramer,2023-03-31 19:00:01+00:00,0.0,-0.3198,neutral,"['fit', 'obsessed']"
319,joewest7114,2023-03-31 16:56:34+00:00,0.0,0.0234,neutral,"['top_hat', 'sunglasses', 'bomb', 'black_heart']"
319,k.jadereason,2023-03-30 16:46:03+00:00,0.0,0.2744,neutral,"['red_heart', 'red_heart red_heart']"
319,clinica_keit,2023-03-30 09:50:33+00:00,0.0,0.1408,neutral,"['red_heart', 'red_heart red_heart']"
319,ruxx_marie,2023-03-29 19:41:52+00:00,0.0,0.1033,neutral,['red_heart']
319,100ycientas,2023-03-29 14:42:09+00:00,0.0,0.2415,neutral,"['yellow_heart', 'yellow_heart yellow_heart']"
319,akbaroman7,2023-04-13 07:20:28+00:00,0.0,0.64,positive,"['hi smiling_face_with_heart', 'hi', 'smiling_face_with_heart eyes', 'smiling_face_with_heart', 'eyes']"
320,megan_shammah,2023-04-17 08:23:09+00:00,0.0,0.2744,neutral,"['red_heart', 'red_heart red_heart']"
320,miaxmcgrath,2023-04-08 20:15:07+00:00,0.0,0.3865,neutral,"['bardot', 'first', 'omg', 'pic']"
320,thefashionhustlers,2023-04-01 11:28:25+00:00,0.0,0.2744,neutral,"['red_heart', 'red_heart red_heart']"
320,yoyomoncreiffe,2023-03-31 21:31:06+00:00,0.0,-0.0108,neutral,['wearing']
320,ruxx_marie,2023-03-29 19:42:20+00:00,0.0,0.2744,neutral,"['red_heart', 'red_heart red_heart']"
320,fritziamarquez,2023-03-28 18:09:04+00:00,0.0,0.0762,neutral,['brown_heart']
320,poojan.i,2023-03-28 16:11:12+00:00,0.0,0.9459,positive,"['beautiful smiling_face_with_heart', 'beautiful', 'smiling_face_with_heart eyes', 'smiling_face_with_heart', 'eyes']"
320,lenaa.geissler,2023-03-28 15:56:06+00:00,0.0,0.4821,neutral,"['eyes medium', 'real', 'medium light_skin_tone', 'medium', 'light_skin_tone']"
320,wendyfrita,2023-03-28 15:08:28+00:00,0.0,0.6409,positive,"['hair smiling_face_with_heart', 'hair', 'eyes red_heart', 'smiling_face_with_heart eyes', 'smiling_face_with_heart']"
321,kennethbakerpfpmgphipk,2023-01-23 12:04:59+00:00,0.0,0.9568,positive,"['collaborate', 'information message', 'outstanding', 'enjoy', 'information']"
321,iammrscoscia,2023-01-08 01:18:02+00:00,1.0,0.9682,positive,"['love', 'smiling_face_with_heart eyes', 'smiling_face_with_heart', 'eyes']"
321,lindseypaigexo,2023-01-06 17:28:43+00:00,1.0,0.9009,positive,"['gorgeous black_heart', 'gorgeous', 'black_heart']"
321,_silva_10099,2023-01-06 00:46:46+00:00,0.0,-0.0478,neutral,"['𝐈', '𝐚𝐧𝐝', '𝐥𝐢𝐭𝐭𝐥𝐞', '𝐦𝐲', '𝐬𝐨']"
321,guggy_01,2023-01-05 22:02:25+00:00,1.0,-0.1212,neutral,['thinking_face']
321,gabriellepayne_,2023-01-05 19:22:02+00:00,1.0,0.962,positive,"['pretty smiling_face_with_hearts', 'pretty', 'sparkling_heart', 'smiling_face_with_hearts']"
321,biancafortney,2023-01-05 18:46:29+00:00,1.0,0.9697,positive,"['hair smiling_face_with_heart', 'hair', 'smiling_face_with_heart eyes', 'smiling_face_with_heart', 'eyes']"
321,nuno_pereira1970,2023-01-05 18:43:14+00:00,1.0,0.3024,neutral,"['clapping_hands', 'clapping_hands clapping_hands']"
321,rhyancaminske,2023-01-08 16:46:23+00:00,0.0,0.9838,positive,"['thank much', 'thank', 'much', 'red_heart']"
322,andrewshawbsc,2022-04-21 20:09:42+00:00,0.0,0.3742,neutral,"['said', 'important', 'well']"
322,lisa.ellen.eve,2022-04-14 10:23:09+00:00,0.0,0.5498,positive,"['slightly_smiling_face', 'messaged']"
322,hgoncalvesfitness,2022-04-09 17:56:15+00:00,0.0,0.6068,positive,['good']
322,silviacobak,2022-04-02 19:38:39+00:00,0.0,-0.062,neutral,[]
322,dagasamit,2022-03-04 18:04:33+00:00,0.0,0.9393,positive,"['cute smiling_face_with_heart', 'cute', 'smiling_face_with_heart eyes', 'smiling_face_with_heart', 'eyes']"
322,parasca.mariana,2022-03-03 20:39:41+00:00,0.0,-0.0665,neutral,['fire']
322,ameliadianashean,2022-03-01 09:38:24+00:00,0.0,0.9636,positive,"['meet', 'great meet', 'team', 'must', 'try']"
322,howtofeelfabulous,2022-02-28 12:59:39+00:00,0.0,0.9772,positive,"['meet', 'deciduous_tree', 'great meet', 'today', 'great']"
322,voizaurademari,2022-02-21 01:25:34+00:00,0.0,0.8638,positive,"['smiling_face_with_hearts', 'heart_with_ribbon', 'tulip', 'smiling_face_with_hearts smiling_face_with_hearts', 'heart_with_ribbon heart_with_ribbon']"
322,ledasbueno,2022-02-19 14:20:14+00:00,0.0,0.9902,positive,"['anatomical_heart', 'happy', 'life', 'life love', 'wonderful day']"
323,reshamsingh9548,2023-06-06 16:06:12+00:00,0.0,0.2481,neutral,"['red_heart rose', 'hlo', 'rose', 'red_heart']"
323,samolsorensoren,2023-06-06 12:48:00+00:00,0.0,0.2792,neutral,"['red_heart red_heart', 'red_heart']"
323,freyalessa,2023-06-06 12:07:54+00:00,0.0,0.7867,positive,"['smiling_face_with_heart eyes', 'smiling_face_with_heart', 'eyes', 'eyes smiling_face_with_heart']"
323,omprakashomkumar,2023-06-06 10:39:03+00:00,0.0,0.0212,neutral,['pic']
323,chiapasseri,2023-06-06 09:57:34+00:00,0.0,0.7074,positive,"['smiling_face_with_heart eyes', 'smiling_face_with_heart', 'eyes', 'eyes smiling_face_with_heart']"
323,royallionparfum,2023-06-06 05:41:26+00:00,0.0,0.1033,neutral,['red_heart']
323,shafiqueahmad916,2023-06-03 00:03:11+00:00,0.0,0.2749,neutral,"['red_heart red_heart', 'red_heart']"
323,rexhep936,2023-06-02 21:02:07+00:00,0.0,0.2596,neutral,"['red_heart red_heart', 'red_heart', 'raising_hands red_heart', 'red_heart raising_hands', 'raising_hands']"
323,topmamma.it,2023-06-01 12:33:21+00:00,0.0,0.1584,neutral,"['two_hearts', 'two_hearts two_hearts', 'vi']"
324,itsxemm,2023-03-28 18:58:21+00:00,0.0,0.7806,positive,"['collab', 'beating_heart', 'best']"
324,hannnahwilkins,2023-03-28 06:53:48+00:00,0.0,-0.024,neutral,"['heart_on_fire', 'sign', 'heart_on_fire heart_on_fire']"
324,kamnoelle,2023-03-26 08:48:01+00:00,0.0,0.985,positive,"['able', 'put', 'online', 'get', 'happy']"
324,anatellezz,2023-03-26 08:02:14+00:00,0.0,0.7297,positive,"['u', 'love']"
325,claire_the_art,2023-03-08 19:42:27+00:00,0.0,0.9499,positive,"['size wear', 'wear', 'size', 'hi', 'love']"
325,stevenathome,2023-01-02 16:57:42+00:00,1.0,0.9578,positive,"['last year', 'year', 'x', 'last', 'gorgeous']"
325,momwearsheels,2023-01-02 12:40:47+00:00,1.0,0.3024,neutral,"['clapping_hands', 'clapping_hands clapping_hands']"
325,hcb7410_anu,2023-01-02 10:35:20+00:00,1.0,0.1149,neutral,"['dm', 'wow']"
325,primo_girl,2023-01-02 05:09:28+00:00,0.0,0.2075,positive,"['fire fire', 'fire', 'nice']"
325,cajuntrader1987,2023-01-02 02:26:55+00:00,1.0,0.0446,neutral,"['fire raising_hands', 'raising_hands', 'fire']"
325,elijha_011,2023-01-02 00:35:56+00:00,1.0,0.3321,neutral,"['red_heart dm', 'scorpio', 'wow red_heart', 'dm', 'wow']"
325,rhyancaminske,2023-01-03 14:00:56+00:00,0.0,0.7823,positive,['thank']
326,clinghanon4life,2023-04-26 15:49:41+00:00,1.0,0.0321,neutral,[]
326,zodiaquestudios,2023-04-21 12:22:15+00:00,0.0,0.0519,neutral,['black_heart']
326,babbu_hybird,2023-04-16 05:50:58+00:00,0.0,0.7872,positive,"['shot', 'stunning', 'raising_hands']"
326,louithia,2023-04-15 21:17:21+00:00,0.0,0.0945,neutral,"['bardot', 'clapping_hands']"
326,dapriince__7,2023-04-07 10:08:33+00:00,0.0,0.728,positive,"['smiling_face_with_heart eyes', 'smiling_face_with_heart', 'eyes']"
326,raylaneladico,2023-04-01 20:19:18+00:00,0.0,0.0321,neutral,[]
326,223355u,2023-04-01 00:08:49+00:00,0.0,0.1033,neutral,['red_heart']
326,cocorae__,2023-03-30 15:56:56+00:00,0.0,0.0519,neutral,['black_heart']
326,itsxemm,2023-03-28 18:58:59+00:00,0.0,0.0892,neutral,"['brown_heart', 'brown_heart brown_heart']"
327,lama_u,2023-05-09 10:24:54+00:00,1.0,-0.0439,neutral,"['answer questions', 'questions', 'answer', 'size', 'going']"
327,rikke_ammitzboell,2023-04-17 18:52:48+00:00,0.0,0.7867,positive,"['smiling_face_with_heart eyes', 'smiling_face_with_heart', 'eyes', 'eyes smiling_face_with_heart']"
327,bis_djraf_,2023-04-09 04:28:03+00:00,0.0,0.1033,neutral,['red_heart']
327,guny0920,2023-04-01 22:08:58+00:00,0.0,0.8844,positive,"['man_in_lotus_position', 'morning', 'take', 'cherry_blossom', 'really']"
327,itsxemm,2023-03-28 18:59:20+00:00,0.0,0.1446,neutral,"['two_hearts', 'black_heart']"
327,annalindgren523,2023-03-25 14:50:37+00:00,0.0,-0.0893,neutral,"['jag', 'på', 'och']"
327,annalindgren523,2023-03-25 14:48:59+00:00,0.0,-0.14,neutral,"['är', 'där', 'på', 'du']"
327,alla.gira,2023-03-22 18:40:41+00:00,0.0,0.9828,positive,"['dog', 'art', 'literally', 'photo', 'cute']"
327,p.buenaventura,2023-03-22 16:32:04+00:00,0.0,0.1814,neutral,"['main', 'red_heart']"
327,celia_ellermae,2023-03-22 15:19:36+00:00,0.0,0.0719,neutral,"['recommend', 'require', 'cheap', 'hairstyle', 'haha']"
328,prodbldg,2023-05-19 09:05:53+00:00,0.0,-0.506,negative,[]
328,brishell42,2023-04-03 12:09:59+00:00,0.0,0.728,positive,"['smiling_face_with_heart eyes', 'smiling_face_with_heart', 'eyes']"
328,angels_avenue,2023-03-20 17:55:06+00:00,1.0,0.7255,positive,"['yes', 'yes yes', 'yes raising_hands', 'spring', 'green']"
328,cennetguzelliksalonu,2023-03-20 14:46:45+00:00,0.0,0.6389,positive,"['eyes fire', 'fire', 'smiling_face_with_heart eyes', 'smiling_face_with_heart', 'eyes']"
328,sophie_et_chloe_cuisinent,2023-03-20 14:01:40+00:00,0.0,0.2019,neutral,"['red_heart', 'red_heart red_heart']"
328,selectedstyle.vintage,2023-03-20 13:26:15+00:00,0.0,0.8601,positive,"['bag fire', 'love bag', 'fire', 'bag', 'fire fire']"
328,ellieevelynsmith,2023-03-20 09:00:09+00:00,0.0,0.7852,positive,"['look smiling_face_with_heart', 'obsessed', 'look', 'smiling_face_with_heart eyes', 'smiling_face_with_heart']"
328,marinahoermanseder,2023-03-20 08:41:53+00:00,0.0,0.4711,neutral,"['green_heart', 'green_heart green_heart']"
329,babybeebrittany,2023-04-27 22:35:32+00:00,0.0,0.1318,neutral,"['cream', 'available', 'jeans', 'need']"
329,kiss89_love,2023-04-18 21:50:57+00:00,0.0,-0.0515,neutral,['top']
329,ashraube,2023-04-01 19:49:28+00:00,0.0,-0.4753,negative,['obsessed']
329,frederiksue,2023-03-30 15:33:55+00:00,0.0,0.0234,neutral,"['fire', 'fire fire']"
329,itsxemm,2023-03-28 18:58:46+00:00,0.0,0.8815,positive,"['eyes medium', 'looks smiling_face_with_heart', 'matilda', 'medium light_skin_tone', 'medium']"
329,jennifersvintage,2023-03-25 17:32:24+00:00,0.0,0.9651,positive,"['lots', 'coming soon', 'shop', 'coming', 'vintage']"
329,lonelyhome_paris,2023-03-25 17:08:24+00:00,0.0,0.7867,positive,"['smiling_face_with_heart eyes', 'smiling_face_with_heart', 'eyes', 'eyes smiling_face_with_heart']"
329,annalindgren523,2023-03-25 14:47:27+00:00,0.0,0.2792,neutral,"['red_heart red_heart', 'red_heart']"
330,itsxemm,2023-03-28 18:59:38+00:00,0.0,0.5242,positive,['perfection']
330,meral_cpn,2023-03-25 15:53:05+00:00,0.0,0.9765,positive,"['love much', 'heart_suit', 'much', 'love']"
330,nourished3,2023-03-23 07:05:45+00:00,0.0,0.9817,positive,"['glowing smiling_face_with_heart', 'glowing', 'eyes sparkles', 'sparkles', 'smiling_face_with_heart eyes']"
330,jessh_66,2023-03-20 18:30:17+00:00,0.0,0.968,positive,"['soo', 'cute', 'fire']"
330,buss3n,2023-03-19 21:03:11+00:00,0.0,0.9152,positive,"['wow', 'wow smiling_face_with_heart', 'smiling_face_with_heart eyes', 'smiling_face_with_heart', 'eyes']"
330,joey_west_831,2023-03-19 20:32:47+00:00,0.0,0.8296,positive,"['sparkles', 'glowing_star star', 'star sparkles', 'revolving_hearts', 'sparkles sparkles']"
330,attilaolha6,2023-03-19 20:15:29+00:00,0.0,0.3169,neutral,"['red_heart crying_face', 'crying_face smiling_face_with_heart', 'crying_face', 'smiling_face_with_heart eyes', 'smiling_face_with_heart']"
330,reydesoll,2023-03-18 21:51:43+00:00,0.0,0.7045,positive,"['growing_heart', 'growing_heart growing_heart', 'loudly_crying_face growing_heart', 'loudly_crying_face']"
331,craigeebee,2023-04-05 23:08:43+00:00,0.0,0.9523,positive,"['eyes smiling_face_with_heart', 'smiling_face_with_heart eyes', 'smiling_face_with_heart', 'eyes', 'outstanding']"
331,nicole.sibagatulin,2023-04-02 20:01:41+00:00,0.0,0.3848,neutral,"['wow white_heart', 'wow', 'white_heart']"
331,vincentvanyoh,2023-04-01 19:52:45+00:00,0.0,-0.0242,neutral,['ur']
331,softglam_h,2023-03-30 20:28:25+00:00,0.0,0.277,neutral,"['heart_on_fire', 'goals', 'heart_on_fire heart_on_fire', 'outfit']"
331,victoriasoriam,2023-03-28 20:01:32+00:00,0.0,0.8402,positive,"['eyes smiling_face_with_heart', 'smiling_face_with_heart eyes', 'smiling_face_with_heart', 'eyes']"
331,shahabmalek8,2023-03-25 13:28:51+00:00,0.0,0.0278,neutral,"['fire', 'fire fire']"
331,amanda_sand,2023-03-23 19:40:50+00:00,0.0,0.4675,neutral,"['slay', 'smiling_face_with_heart eyes', 'smiling_face_with_heart', 'eyes']"
331,cetteviedemienne,2023-03-23 17:12:17+00:00,0.0,0.8721,positive,['love']
331,angelina.m0ta,2023-03-23 16:12:04+00:00,0.0,0.7867,positive,"['smiling_face_with_heart eyes', 'smiling_face_with_heart', 'eyes', 'eyes smiling_face_with_heart']"
331,mathildedesj,2023-03-23 15:22:12+00:00,0.0,0.6169,positive,"['white_heart', 'beauty', 'white_heart white_heart']"
332,marijnvanheijst,2022-10-25 07:40:59+00:00,1.0,0.4099,neutral,"['two_hearts', 'two_hearts two_hearts', 'bath', 'goals', 'baby']"
332,ellabroek,2022-10-25 06:10:15+00:00,1.0,0.0803,neutral,['clapping_hands']
332,louiseestwall,2022-10-25 06:08:30+00:00,1.0,0.1606,neutral,"['omg', 'two_hearts']"
332,thehomerebel,2022-10-25 05:52:49+00:00,0.0,0.728,positive,"['smiling_face_with_heart eyes', 'smiling_face_with_heart', 'eyes']"
332,lindatol_,2022-10-25 05:28:44+00:00,1.0,0.2906,neutral,['growing_heart']
332,ch_a.ne_lllll,2022-10-25 03:54:15+00:00,2.0,0.1612,neutral,"['two_hearts', 'two_hearts two_hearts', 'one', 'like']"
332,stephaniebroek,2022-10-25 20:33:41+00:00,0.0,0.2019,neutral,"['red_heart', 'red_heart red_heart']"
332,louiseestwall,2022-10-26 04:40:34+00:00,1.0,0.3713,neutral,"['red_heart face_with_tears_of_joy', 'face_with_tears_of_joy', 'red_heart']"
333,kelinedel,2023-04-19 20:18:10+00:00,2.0,-0.2884,neutral,['valor']
333,suzibuzzo,2023-04-16 01:15:23+00:00,0.0,0.0321,neutral,[]
333,diovana_dmorais,2023-04-09 23:49:00+00:00,2.0,0.0431,neutral,"['primeira', 'tem cupom', 'compra', 'cupom', 'tem']"
333,alinneallvs1,2023-04-08 22:56:13+00:00,1.0,-0.0533,neutral,"['alguém sabe', 'sabe', 'cupom', 'alguém']"
333,andressasuita,2023-04-08 20:12:28+00:00,1.0,0.5993,positive,"['linda smiling_face_with_heart', 'calça', 'linda', 'smiling_face_with_heart eyes', 'smiling_face_with_heart']"
333,lojafashioncloset,2023-04-26 14:58:24+00:00,0.0,0.0904,neutral,"['ke', 'ela', 'está', 'two_hearts']"
333,brunavvolpe,2023-04-28 20:50:07+00:00,1.0,-0.0202,neutral,"['tb', 'eu quero', 'quero', 'eu']"
334,black_palms_label,2022-11-07 08:50:45+00:00,0.0,0.0278,neutral,"['fire', 'fire fire']"
334,etoile_luxury_vintage,2022-10-29 08:59:37+00:00,0.0,0.9652,positive,"['love outfit', 'outfit fire', 'outfit', 'love', 'fire']"
334,elvira_safira,2022-10-28 17:37:39+00:00,0.0,-0.0745,neutral,"['fire', 'heart_on_fire', 'fire fire']"
334,evasimin,2022-10-28 15:07:03+00:00,0.0,0.0675,neutral,['sparkles']
334,artipoppe,2022-10-28 11:57:40+00:00,0.0,0.3299,neutral,"['heart_on_fire', 'sparkles']"
334,fatjonavd,2022-10-28 06:19:08+00:00,0.0,0.8808,positive,"['perfect', 'outfit', 'white_heart']"
334,awake_mode,2022-10-27 23:32:35+00:00,0.0,0.1033,neutral,['red_heart']
334,above________,2022-10-27 21:32:22+00:00,0.0,0.0278,neutral,"['fire', 'fire fire']"
334,lisanne_leermakers,2022-10-27 20:30:23+00:00,0.0,0.0104,neutral,"['prachtig', 'black_heart']"
334,ellabroek,2022-10-27 20:11:14+00:00,0.0,0.0278,neutral,"['fire', 'fire fire']"
335,imsheilagoncalves,2023-04-10 19:50:16+00:00,1.0,0.0917,neutral,"['sou', 'amo', 'red_heart']"
335,danielcbeauty,2023-04-10 14:12:07+00:00,1.0,0.0667,neutral,"['white_heart', 'white_heart white_heart']"
336,erinoffduty,2022-10-31 08:24:07+00:00,0.0,0.7867,positive,"['smiling_face_with_heart eyes', 'smiling_face_with_heart', 'eyes', 'eyes smiling_face_with_heart']"
336,welleree,2022-10-26 18:14:44+00:00,0.0,0.9802,positive,"['love white_heart', 'photos', 'white_heart', 'love']"
336,iduellspace,2022-10-17 18:18:11+00:00,0.0,-0.0099,neutral,[]
336,driessennathalie,2022-10-16 15:55:24+00:00,0.0,0.7597,positive,"['eyes smiling_face_with_heart', 'smiling_face_with_heart eyes', 'smiling_face_with_heart', 'eyes', 'broek']"
336,sarakingmoura,2022-10-11 18:09:19+00:00,0.0,0.0465,neutral,['white_heart']
336,beatrice.gutu,2022-10-11 09:56:10+00:00,0.0,0.0594,neutral,"['white_heart fire', 'white_heart', 'fire']"
336,k.jadereason,2022-10-10 17:15:48+00:00,0.0,0.0357,neutral,"['gorg', 'fire', 'fire fire']"
336,thefashionblognl,2022-10-09 14:10:57+00:00,0.0,0.7074,positive,"['smiling_face_with_heart eyes', 'smiling_face_with_heart', 'eyes', 'eyes smiling_face_with_heart']"
336,hildasandstrom,2022-10-08 10:21:51+00:00,1.0,0.6223,positive,"['babe smiling_face_with_heart', 'babe', 'red_heart fire', 'eyes red_heart', 'fire']"
337,angelajorda,2023-02-21 11:47:11+00:00,0.0,0.1033,neutral,['red_heart']
337,jayleycollection,2022-10-17 19:04:36+00:00,0.0,0.728,positive,"['smiling_face_with_heart eyes', 'smiling_face_with_heart', 'eyes']"
337,jors_truly,2022-10-11 19:53:49+00:00,1.0,-0.3562,neutral,"['red_heart red_heart', 'red_heart', 'loudly_crying_face', 'loudly_crying_face red_heart', 'op']"
337,bobbie.visser,2022-10-06 12:18:50+00:00,0.0,0.1141,neutral,['white_heart']
337,maisonlacollection,2022-10-06 09:28:47+00:00,0.0,0.2019,neutral,"['red_heart', 'red_heart red_heart']"
337,k.jadereason,2022-10-04 18:59:05+00:00,0.0,0.0494,neutral,"['black_heart', 'black_heart black_heart']"
337,artipoppe,2022-10-04 14:48:49+00:00,0.0,0.2076,neutral,"['family red_heart', 'family', 'red_heart']"
337,patrikssontalent,2022-10-04 14:16:19+00:00,0.0,-0.1064,neutral,"['olive pleading_face', 'olive', 'pleading_face']"
338,theslowlabel,2023-01-04 08:52:23+00:00,0.0,0.1141,neutral,['white_heart']
338,saonahviane,2022-11-15 12:00:56+00:00,0.0,-0.077,neutral,"['wat een', 'wat', 'een']"
338,dianaellenmaria,2022-11-04 19:15:50+00:00,0.0,0.7073,positive,"['purple_heart', 'purple_heart purple_heart']"
338,jessicagudlowski,2022-10-30 19:17:10+00:00,0.0,0.7074,positive,"['smiling_face_with_heart eyes', 'smiling_face_with_heart', 'eyes', 'eyes smiling_face_with_heart']"
338,azarakhsh_akbari,2022-10-30 06:55:58+00:00,0.0,0.0321,neutral,[]
338,tatiana.farag,2022-10-28 07:09:33+00:00,0.0,0.2744,neutral,"['red_heart', 'red_heart red_heart']"
338,needitfortonight,2022-10-24 09:24:57+00:00,0.0,0.6903,positive,['adorable']
338,kayladallemolle,2022-10-23 22:14:01+00:00,0.0,-0.4475,negative,"['beautiful family', 'congratulations', 'family', 'yellow_heart', 'beautiful']"
338,k.jadereason,2022-10-21 18:00:26+00:00,0.0,0.0129,neutral,['omg']
338,maradelucastudio,2022-10-20 05:43:03+00:00,0.0,0.9467,positive,"['many', 'congratulations']"
339,minimalskonhet,2022-10-09 20:59:03+00:00,0.0,0.7867,positive,"['smiling_face_with_heart eyes', 'smiling_face_with_heart', 'eyes', 'eyes smiling_face_with_heart']"
339,tatiana.farag,2022-09-29 03:56:50+00:00,0.0,0.001,neutral,"['heart_with_arrow', 'heart_with_arrow heart_with_arrow']"
340,barbara.giganti,2023-03-21 11:49:31+00:00,0.0,0.971,positive,"['congrats', 'babe']"
340,thedailydeb,2023-02-22 21:46:19+00:00,0.0,0.9441,positive,['congrats']
340,marcantoinebarrois,2022-12-14 06:55:29+00:00,0.0,0.9257,positive,['congratulations']
340,tweedehandskinderboeken,2022-10-23 07:08:56+00:00,0.0,-0.0089,neutral,['heart_with_arrow']
340,anoukyve,2022-10-19 11:59:15+00:00,0.0,0.0098,neutral,"['gefeliciteerd', 'red_heart', 'red_heart red_heart']"
340,estermalloy,2022-10-16 20:26:36+00:00,0.0,0.2792,neutral,"['red_heart red_heart', 'red_heart']"
340,laurienbleeker,2022-09-29 19:11:23+00:00,1.0,0.7896,positive,"['gefeliciteerd', 'smiling_face_with_heart eyes', 'smiling_face_with_heart', 'eyes', 'eyes smiling_face_with_heart']"
340,kellynederlof,2022-09-29 18:53:38+00:00,0.0,0.3826,neutral,"['red_heart', 'red_heart red_heart']"
340,chloechante,2022-09-29 18:49:52+00:00,0.0,0.0559,neutral,"['lieverd', 'wat', 'wat een', 'gefeliciteerd', 'van']"
340,liene,2022-09-28 07:55:54+00:00,0.0,0.9697,positive,"['congrats', 'red_heart', 'red_heart red_heart']"
341,kalumi.shop,2022-11-23 07:51:37+00:00,0.0,0.7867,positive,"['smiling_face_with_heart eyes', 'smiling_face_with_heart', 'eyes', 'eyes smiling_face_with_heart']"
341,sly010_official,2022-10-21 13:17:53+00:00,0.0,0.9555,positive,"['stylish', 'love', 'smiling_face_with_heart eyes', 'smiling_face_with_heart', 'eyes']"
341,thecarlaanderson,2022-10-15 01:47:47+00:00,0.0,0.6877,positive,['smiling_face_with_hearts']
341,lindekassels,2022-10-13 07:16:10+00:00,0.0,0.4068,neutral,"['two_hearts', 'two_hearts two_hearts']"
341,sarakingmoura,2022-10-11 18:08:51+00:00,0.0,0.3249,neutral,['season']
341,melhughespr,2022-10-08 23:09:35+00:00,1.0,0.9808,positive,"['cute red_heart', 'cute', 'red_heart']"
341,love_aesthetics,2022-10-07 12:17:44+00:00,0.0,0.5946,positive,"['smiling_face_with_tear', 'brown_heart']"
341,lastylemagazine,2022-10-06 20:58:18+00:00,0.0,0.9836,positive,"['event', 'invited', 'send us', 'magazine', 'address']"
342,jiskvermeulen,2023-04-15 18:19:53+00:00,3.0,0.8185,positive,"['smiling_face_with_heart eyes', 'smiling_face_with_heart', 'eyes', 'eyes smiling_face_with_heart', 'top']"
342,pawel3754,2023-03-30 01:43:24+00:00,0.0,0.2019,neutral,"['red_heart', 'red_heart red_heart']"
342,maddesunn,2023-03-25 22:18:09+00:00,1.0,0.9742,positive,"['apart', 'button', 'drop', 'black', 'going']"
342,hayekmario75,2023-03-24 12:33:24+00:00,0.0,0.104,neutral,"['course', 'different']"
342,hayekmario75,2023-03-24 12:33:07+00:00,0.0,0.2551,neutral,"['right', 'like']"
342,hayekmario75,2023-03-24 12:33:00+00:00,0.0,0.4251,neutral,"['whoever', 'free', 'want']"
342,hayekmario75,2023-03-24 12:32:52+00:00,0.0,-0.2094,neutral,[]
342,alinewouters,2023-03-21 15:44:46+00:00,0.0,-0.0276,neutral,['raising_hands']
342,janahuttenmeister,2023-03-20 18:04:12+00:00,0.0,-0.0707,neutral,"['black', 'jeans']"
343,beccaloren,2023-05-04 01:30:13+00:00,1.0,0.0115,neutral,['links']
343,orrmamallama,2023-05-03 00:17:54+00:00,3.0,0.983,positive,"['outfits', 'cute', 'smiling_face_with_heart eyes', 'smiling_face_with_heart', 'eyes']"
343,nelly_719,2023-05-01 14:38:52+00:00,1.0,0.0115,neutral,['links']
343,mysharonaw,2023-05-01 01:49:12+00:00,1.0,0.804,positive,"['cherry_blossom', 'love']"
343,marissaguerrero,2023-04-30 22:46:05+00:00,0.0,0.0509,neutral,"['link', 'please']"
343,everyday.holly,2023-05-04 01:31:37+00:00,1.0,0.1665,neutral,"['messaged links', 'messaged', 'growing_heart', 'links']"
344,karenarcanjo.official,2023-03-23 13:06:09+00:00,0.0,0.1033,neutral,['red_heart']
344,black_palms_label,2022-11-07 08:50:40+00:00,0.0,0.0278,neutral,"['fire', 'fire fire']"
344,fablefrique,2022-11-02 22:57:22+00:00,0.0,0.819,positive,"['mama', 'cool', 'smiling_face_with_heart eyes', 'smiling_face_with_heart', 'eyes']"
344,shoppiccoli,2022-11-02 19:59:50+00:00,0.0,0.802,positive,['cute']
344,k.jadereason,2022-11-02 17:55:53+00:00,0.0,0.0494,neutral,"['black_heart', 'black_heart black_heart']"
345,patty_jarvis,2023-04-23 19:12:56+00:00,1.0,0.9531,positive,"['goes', 'everything', 'picture', 'good']"
345,laissantos3744,2023-04-18 00:55:39+00:00,0.0,0.8781,positive,"['gorgeous fire', 'fire', 'fire clapping_hands', 'gorgeous', 'fire fire']"
345,shabaz_husain_siddiqui,2023-03-28 17:02:45+00:00,0.0,0.1442,neutral,"['hot', 'fire', 'fire fire']"
345,dr_babyblues_glomad,2023-03-14 10:47:45+00:00,0.0,0.7626,positive,"['hot', 'red_heart smiling_face_with_heart', 'smiling_face_with_heart', 'smiling_face_with_heart eyes', 'eyes']"
345,sunrev744,2023-02-07 06:13:19+00:00,2.0,0.5803,positive,"['grinning_face_with_sweat', 'model', 'make', 'red_heart']"
345,recoveryvictim,2023-01-24 02:16:11+00:00,1.0,0.1716,neutral,"['pop', 'pop pop']"
345,___naswgxx__,2022-12-26 03:11:03+00:00,0.0,0.2792,neutral,"['red_heart red_heart', 'red_heart']"
345,sitiapaan05,2022-11-10 14:20:57+00:00,1.0,0.0617,neutral,"['fire fire', 'fire']"
345,pinheiromariairismarribeiro,2023-05-10 22:55:08+00:00,1.0,0.05,neutral,"['raising_hands', 'amigo', 'noite', 'boa noite', 'boa']"
346,dariusdarkhan,2022-10-16 03:01:52+00:00,0.0,0.5725,positive,"['flexed_biceps_medium light_skin_tone', 'bigger', 'check_mark', 'flexed_biceps_medium', 'getting']"
346,wagafull,2022-06-12 14:40:59+00:00,0.0,0.1033,neutral,['red_heart']
346,elenazvereva8702,2022-06-09 16:49:38+00:00,0.0,-0.0162,neutral,"['red_heart red_heart', 'очень', 'red_heart']"
346,theodor5036,2022-05-13 05:41:24+00:00,0.0,0.1793,neutral,"['fire fire', 'fire', 'face_with_open_mouth smiling_face_with_heart', 'eyes fire', 'face_with_open_mouth']"
346,vera_maroni,2022-03-14 21:47:59+00:00,0.0,0.1865,neutral,"['face_with_tears_of_joy', 'fire', 'red_heart']"
346,veraoff1cial,2022-03-14 21:05:07+00:00,0.0,0.7826,positive,['nice']
346,gabriella.bartolini.92,2022-03-11 15:04:06+00:00,0.0,0.8713,positive,"['red_heart red_heart', 'eyes smiling_face_with_heart', 'smiling_face_with_heart eyes', 'smiling_face_with_heart', 'eyes']"
346,bin4lian,2022-02-19 22:11:29+00:00,0.0,-0.0276,neutral,['raising_hands']
346,juana.jimenez1,2022-02-18 15:04:30+00:00,0.0,0.1885,neutral,"['red_heart', 'red_heart red_heart', 'raising_hands red_heart', 'raising_hands']"
346,juana.jimenez.gil59,2022-02-07 14:04:29+00:00,0.0,0.389,neutral,"['clapping_hands', 'clapping_hands clapping_hands', 'clapping_hands red_heart', 'red_heart']"
347,marcelarmzp,2023-06-06 15:37:21+00:00,0.0,0.0115,neutral,['links']
347,macyberti,2023-06-05 20:42:49+00:00,0.0,-0.0157,neutral,['link']
347,sarahfrainslater,2023-06-05 12:52:41+00:00,0.0,0.0115,neutral,['links']
347,rubynguyen1295,2023-06-05 11:23:34+00:00,0.0,0.0115,neutral,['links']
347,mccreazione,2023-06-03 04:13:42+00:00,0.0,-0.0157,neutral,['link']
347,everyday.holly,2023-06-06 15:37:33+00:00,0.0,0.0276,neutral,['links']
348,soheila_dgh_,2023-01-12 16:50:41+00:00,0.0,0.9635,positive,"['raising_hands', 'raising_hands raising_hands', 'wonderful']"
348,soheila_dgh_,2023-01-03 16:12:27+00:00,0.0,0.1033,neutral,['red_heart']
348,nicitodd,2022-06-21 16:40:15+00:00,1.0,0.6473,positive,"['jacket smiling_face_with_heart', 'jacket', 'smiling_face_with_heart eyes', 'smiling_face_with_heart', 'eyes']"
348,wagafull,2022-06-12 14:37:12+00:00,1.0,0.1033,neutral,['red_heart']
348,thisisrositamohseni,2022-04-18 10:37:21+00:00,1.0,-0.1281,neutral,['heart_on_fire']
348,erikaraf78,2022-04-15 14:22:51+00:00,1.0,0.2744,neutral,"['red_heart', 'red_heart red_heart']"
348,tittagaia,2022-04-13 23:36:03+00:00,1.0,0.3004,neutral,"['red_heart red_heart', 'red_heart']"
348,__elllhaam__,2022-03-23 11:32:31+00:00,1.0,0.0278,neutral,"['fire', 'fire fire']"
348,falcondesigngermany,2022-03-21 12:56:33+00:00,1.0,0.7074,positive,"['smiling_face_with_heart eyes', 'smiling_face_with_heart', 'eyes', 'eyes smiling_face_with_heart']"
349,brooke.murling,2022-12-25 23:55:35+00:00,0.0,0.9868,positive,['amazing']
349,jgiantasio,2022-12-25 22:21:20+00:00,0.0,0.9912,positive,"['good love', 'looks good', 'looks', 'good', 'red_heart']"
349,jejarrell,2022-12-25 22:19:45+00:00,0.0,0.3536,neutral,"['salon', 'play', 'got', 'hair', 'face_with_tears_of_joy']"
350,mercato_cucina,2023-01-03 18:20:31+00:00,0.0,0.942,positive,"['italy', 'best', 'like']"
350,brittprice,2022-12-31 14:21:51+00:00,1.0,0.458,neutral,"['pretty', 'red_heart']"
350,rhyancaminske,2023-01-01 16:45:09+00:00,0.0,0.5735,positive,"['face_blowing_a_kiss', 'face_blowing_a_kiss face_blowing_a_kiss', 'thanks']"
351,tahnyaiva,2023-05-15 07:51:23+00:00,0.0,0.9257,positive,"['love smiling_face_with_heart', 'love', 'smiling_face_with_heart eyes', 'smiling_face_with_heart', 'eyes']"
351,bia_biafaria,2023-05-14 22:01:08+00:00,0.0,-0.0849,neutral,"['apaixonada', 'que']"
351,pao_k_la_magica,2023-05-01 21:56:00+00:00,0.0,0.2782,neutral,"['cherry_blossom', 'two_hearts cherry_blossom', 'two_hearts']"
351,trendsduchess,2023-04-27 19:51:04+00:00,0.0,0.9884,positive,"['sense', 'affordable', 'website', 'point', 'inspiring']"
351,paivacris_14,2023-04-23 22:39:18+00:00,0.0,0.7115,positive,"['amei smiling_face_with_heart', 'que lindo', 'amei', 'lindo', 'eyes clapping_hands']"
351,styluux,2023-04-23 19:30:43+00:00,0.0,-0.0689,neutral,"['heart_on_fire heart_on_fire', 'heart_on_fire']"
351,ferrer_luxulis,2023-04-19 04:27:11+00:00,0.0,0.317,neutral,"['two_hearts two_hearts', 'two_hearts']"
351,nanay_reiss,2023-04-18 03:00:14+00:00,0.0,0.1485,neutral,"['minha', 'two_hearts']"
351,cassiacsiilva,2023-04-15 17:37:31+00:00,0.0,-0.2161,neutral,[]
352,michdumas,2022-12-13 11:49:29+00:00,1.0,0.6746,positive,"['haha', 'last']"
352,garyfalta,2022-12-13 01:44:08+00:00,1.0,0.9688,positive,"['happiest', 'birthdays', 'happiest birthdays']"
352,yortycm,2022-12-13 01:38:34+00:00,1.0,0.9602,positive,"['moments', 'absolutely', 'adorable']"
352,papafrank13,2022-12-13 01:36:38+00:00,1.0,0.9121,positive,['beautiful']
352,niks_pics19,2022-12-13 01:18:11+00:00,1.0,-0.3738,neutral,"['say', 'tho', 'feel', 'like']"
352,scottdds1,2022-12-13 01:18:08+00:00,1.0,-0.1106,neutral,"['pop', 'pop pop', 'grandpa']"
352,rhelderop,2022-12-13 01:17:46+00:00,1.0,0.9869,positive,"['happy birthday', 'birthday', 'awesome', 'happy']"
352,rhyancaminske,2022-12-15 00:33:40+00:00,0.0,0.6529,positive,"['hahahah', 'face_with_tears_of_joy']"
352,rhyancaminske,2022-12-15 00:34:00+00:00,0.0,0.2578,neutral,"['grandpa', 'hahaha', 'mine', 'face_with_tears_of_joy']"
353,ck1morris122,2022-11-25 19:20:26+00:00,0.0,0.9889,positive,"['two_hearts', 'tee smiling_face_with_heart', 'red_heart two_hearts', 'tee', 'gorgeous red_heart']"
353,mywholefitlife,2022-11-24 20:41:22+00:00,0.0,0.9341,positive,"['nails', 'nail_polish', 'love']"
353,the_realvonhord,2022-11-24 16:58:39+00:00,1.0,0.9308,positive,"['used', 'code', 'thank']"
353,momlife.of.leni.and.leo,2022-11-23 22:04:11+00:00,0.0,0.5608,positive,"['fire', 'red_heart fire', 'eyes red_heart', 'fire fire', 'smiling_face_with_heart']"
353,lifewithckatz,2022-11-23 12:23:41+00:00,0.0,0.9409,positive,"['gorgeous fire', 'fire', 'gorgeous', 'fire fire']"
353,dannafwells,2022-11-23 05:05:45+00:00,1.0,0.9784,positive,"['loveeeee', 'tees']"
353,sassyqueenboutique,2022-11-23 01:10:29+00:00,0.0,0.0278,neutral,"['fire', 'fire fire']"
353,emilyjademccarthy,2022-11-22 22:13:36+00:00,0.0,0.9669,positive,"['tees', 'cutest', 'clapping_hands']"
353,eatstyleamore,2022-11-22 20:46:37+00:00,0.0,0.9849,positive,"['tees', 'cute', 'love']"
353,rhyancaminske,2022-11-25 19:34:32+00:00,0.0,0.9899,positive,"['yay', 'oh', 'thank', 'happy']"
354,_trendal_,2023-05-28 18:35:18+00:00,0.0,0.1141,neutral,['white_heart']
354,womanslook,2023-05-11 16:00:01+00:00,0.0,0.2267,neutral,['blue_heart']
354,lea.aalto76,2023-04-25 04:32:25+00:00,0.0,0.0321,neutral,[]
354,styluux,2023-04-23 19:32:41+00:00,0.0,0.8402,positive,"['eyes smiling_face_with_heart', 'smiling_face_with_heart eyes', 'smiling_face_with_heart', 'eyes']"
354,palomapdr,2023-04-20 17:51:20+00:00,0.0,0.2002,neutral,"['sparkling_heart two_hearts', 'amei', 'tudo', 'hundred_points', 'sparkling_heart']"
354,jelenakirovic,2023-04-11 22:12:29+00:00,0.0,0.7324,positive,"['eyes red_heart', 'smiling_face_with_heart eyes', 'smiling_face_with_heart', 'eyes', 'red_heart']"
354,glamdini_24,2023-04-10 18:43:14+00:00,0.0,0.2783,neutral,['wow']
354,ceconomou72,2023-04-09 21:16:08+00:00,0.0,0.8994,positive,"['breathtaking', 'tried', 'possible', 'way', 'every']"
354,pink.lem,2023-04-04 15:54:30+00:00,0.0,0.7074,positive,"['smiling_face_with_heart eyes', 'smiling_face_with_heart', 'eyes', 'eyes smiling_face_with_heart']"
354,shamiimm___,2023-04-04 11:19:53+00:00,0.0,0.0292,neutral,[]
355,andreinamarra__,2023-05-31 12:29:30+00:00,0.0,-0.0341,neutral,[]
355,lcristianerochaa,2023-05-26 09:14:30+00:00,0.0,0.5897,positive,"['maravilhosa smiling_face_with_heart', 'linda maravilhosa', 'maravilhosa', 'linda', 'smiling_face_with_heart eyes']"
355,thaisasilva367,2023-05-22 13:36:19+00:00,0.0,-0.0437,neutral,"['sabe', 'podem', 'alguém sabe', 'de onde', 'são']"
355,styluux,2023-04-23 19:33:43+00:00,0.0,-0.0032,neutral,"['medium_skin_tone', 'medium_skin_tone medium_skin_tone', 'omggg']"
355,pcruz5011,2023-04-16 23:58:44+00:00,1.0,0.191,neutral,['come']
355,dayjaramillo18,2023-04-16 03:28:11+00:00,0.0,0.3925,neutral,"['este', 'tan', 'hay', 'lindas', 'mundo']"
355,bunmiafuyex,2023-04-02 22:06:50+00:00,0.0,0.8402,positive,"['eyes smiling_face_with_heart', 'smiling_face_with_heart eyes', 'smiling_face_with_heart', 'eyes']"
355,explo.rita,2023-03-31 14:44:15+00:00,0.0,0.7074,positive,"['smiling_face_with_heart eyes', 'smiling_face_with_heart', 'eyes', 'eyes smiling_face_with_heart']"
356,martineelkhoury,2023-05-24 14:36:09+00:00,1.0,0.8827,positive,['lovely']
356,golddiamond_spa_massage,2023-05-20 18:40:37+00:00,0.0,-0.2226,neutral,"['نکردین neutral_face', 'نکردین', 'چک نکردین', 'چک', 'واقعا دایرکت']"
357,lulu.shi_,2023-06-06 15:14:04+00:00,0.0,-0.3137,neutral,"['search', 'searching', 'germany', 'country', 'please tell']"
357,addex._,2023-06-05 04:08:41+00:00,0.0,0.1898,neutral,"['buen', 'track', 'red', 'post', 'collection']"
357,noon2.4,2023-05-25 20:37:42+00:00,0.0,-0.9212,negative,"['weary_face', 'broken_heart', 'find', 'available']"
357,mariaarletehenriquessilva,2023-05-25 13:28:29+00:00,0.0,0.2751,neutral,"['price', 'find', 'skirt', 'thanks']"
357,bssmyly429,2023-05-24 18:10:25+00:00,0.0,0.0321,neutral,[]
357,zara,2023-06-06 16:13:13+00:00,1.0,0.9647,positive,"['interest', 'ref', 'zara', 'germany', 'found']"
358,mrsryan1617,2023-06-06 06:46:58+00:00,0.0,-0.0559,neutral,['ya']
358,mariarazzz,2023-05-24 14:38:35+00:00,0.0,-0.0582,neutral,['us']
358,mariarazzz,2023-05-24 13:31:17+00:00,0.0,0.0015,neutral,"['sale', 'coming']"
359,mwitazengo,2023-06-04 12:24:22+00:00,0.0,0.0014,neutral,"['mamb', 'mamb vip', 'vip']"
359,mwitazengo,2023-06-04 12:23:59+00:00,0.0,0.0014,neutral,"['mamb', 'mamb vip', 'vip']"
359,evdeisimkaninuran,2023-05-26 14:45:35+00:00,0.0,0.2445,neutral,"['clapping_hands', 'clapping_hands clapping_hands']"
359,golddiamond_spa_massage,2023-05-20 18:42:42+00:00,3.0,-0.1722,neutral,"['نکردین neutral_face', 'چک نکردین', 'چک', 'واقعا دایرکت', 'واقعا']"
360,me_meggie_g,2023-05-20 18:01:57+00:00,0.0,0.9545,positive,"['gorgeous smiling_face_with_heart', 'gorgeous', 'smiling_face_with_heart eyes', 'smiling_face_with_heart', 'eyes']"
360,jdaoutfit,2023-05-19 20:48:45+00:00,0.0,0.0892,neutral,"['brown_heart', 'brown_heart brown_heart']"
360,goldsand__,2023-05-18 22:12:12+00:00,0.0,0.8402,positive,"['eyes smiling_face_with_heart', 'smiling_face_with_heart eyes', 'smiling_face_with_heart', 'eyes']"
360,litora.studio,2023-05-18 20:29:00+00:00,0.0,0.9258,positive,[]
360,_surisingh,2023-05-18 09:04:37+00:00,0.0,0.1033,neutral,['red_heart']
360,bini_houses_menorca,2023-05-18 08:05:00+00:00,0.0,0.986,positive,"['brown_heart', 'mix', 'chocolate', 'brown_heart brown_heart', 'love']"
360,_vanci_,2023-05-18 02:57:18+00:00,0.0,0.6774,positive,"['fire smiling_face_with_heart', 'purple_heart', 'smiling_face_with_heart eyes', 'smiling_face_with_heart', 'eyes']"
360,pavdale1,2023-05-17 18:33:18+00:00,0.0,0.633,positive,"['dream raising_hands', 'breath away', 'breath', 'away', 'looks like']"
360,liperlman,2023-05-17 18:14:28+00:00,0.0,0.6489,positive,"['smiling_face_with_heart eyes', 'smiling_face_with_heart', 'eyes', 'stunner', 'eyes smiling_face_with_heart']"
361,atelier.mudmano,2023-05-25 10:34:49+00:00,0.0,0.4624,neutral,"['purse', 'mango', 'thanks', 'please']"
361,walklondonshoes,2023-05-24 15:26:52+00:00,0.0,0.9621,positive,"['combination', 'colour', 'star struck', 'struck', 'star']"
361,niktasamimi,2023-05-18 16:10:45+00:00,0.0,0.9607,positive,"['crying_face smiling_face_with_heart', 'ugh', 'styles', 'ur', 'crying_face']"
361,styld_by_v,2023-05-18 14:10:06+00:00,0.0,0.728,positive,"['smiling_face_with_heart eyes', 'smiling_face_with_heart', 'eyes']"
361,fannylbld_,2023-05-18 12:02:28+00:00,0.0,0.9722,positive,"['love bag', 'bag', 'green_heart', 'love']"
361,virginiedarbon,2023-05-18 09:31:10+00:00,0.0,0.4711,neutral,"['green_heart', 'green_heart green_heart']"
361,unsure___unsure,2023-05-18 09:12:33+00:00,0.0,0.8557,positive,"['awesome', 'sparkles', 'black_heart']"
361,_surisingh,2023-05-18 09:04:28+00:00,0.0,0.1033,neutral,['red_heart']
361,irenadworld,2023-05-18 08:59:44+00:00,0.0,0.4333,neutral,"['green_heart', 'green_heart green_heart']"
361,monikh,2023-05-25 10:40:58+00:00,1.0,0.2069,neutral,"['sun_with_face', 'yes']"
362,styluux,2023-04-23 19:33:22+00:00,0.0,0.7539,positive,"['smiling_face_with_heart eyes', 'smiling_face_with_heart', 'eyes', 'eyes smiling_face_with_heart']"
362,luanaararuna_,2023-04-18 11:37:40+00:00,0.0,-0.0338,neutral,['cara']
362,studiomariademello,2023-04-15 10:27:02+00:00,0.0,0.7388,positive,"['smiling_face_with_hearts', 'smiling_face_with_hearts smiling_face_with_hearts']"
362,peixotofafa,2023-04-06 16:22:56+00:00,0.0,0.0921,neutral,"['lindoooo', 'que']"
362,fernandaparren,2023-05-13 02:13:06+00:00,1.0,0.0726,neutral,"['interessante', 'instagram com', 'não tem', 'sobre', 'seu']"
362,prixberna,2023-05-31 10:08:09+00:00,1.0,-0.0517,neutral,"['tenho um', 'querida', 'olá', 'insta', 'tenho']"
363,rochelle_dale,2023-05-14 19:09:10+00:00,0.0,0.9525,positive,"['bunch', 'bouquet', 'good']"
363,talesofamother,2023-05-14 19:08:09+00:00,0.0,0.9462,positive,"['lucky', 'sparkles white_heart', 'sparkles', 'white_heart']"
363,littlefashbird,2023-05-14 17:38:10+00:00,0.0,0.1415,neutral,"['light_skin_tone light_skin_tone', 'light_skin_tone']"
363,juttaflickstilberatung,2023-05-14 16:56:51+00:00,1.0,0.9042,positive,"['beautiful girls', 'girls', 'women', 'beautiful']"
363,pavdale1,2023-05-14 15:59:29+00:00,1.0,0.4199,neutral,"['white_heart', 'white_heart white_heart']"
363,jo_chis_home,2023-05-14 14:58:29+00:00,1.0,0.9681,positive,"['xx', 'girls', 'gorgeous']"
363,honbo_shop,2023-05-14 13:40:13+00:00,0.0,0.1033,neutral,['red_heart']
363,mshrdx,2023-05-14 13:29:43+00:00,0.0,0.9865,positive,"['much red_heart', 'love much', 'much', 'love', 'red_heart']"
364,womanplusonlineshop,2023-06-02 07:01:17+00:00,0.0,0.9459,positive,"['beautiful smiling_face_with_heart', 'beautiful', 'smiling_face_with_heart eyes', 'smiling_face_with_heart', 'eyes']"
364,iv_kappenmann,2023-05-23 20:02:02+00:00,1.0,0.643,positive,"['available', 'collection', 'hi', 'thanks']"
364,yvonnecapoeira,2023-06-03 19:55:55+00:00,1.0,-0.0427,neutral,"['sus', 'todas']"
365,aleks_v_esther,2023-05-16 03:15:30+00:00,1.0,0.8518,positive,"['nude', 'best', 'smiling_face_with_heart eyes', 'smiling_face_with_heart', 'eyes']"
365,camilaantz,2023-05-15 19:43:27+00:00,0.0,0.9685,positive,"['cute', 'white_heart']"
365,betina_goldstein,2023-05-15 14:34:49+00:00,0.0,0.2019,neutral,"['red_heart', 'red_heart red_heart']"
365,loop_headquarters,2023-05-15 00:38:48+00:00,0.0,0.5389,positive,"['amber', 'amber ring', 'ring', 'hi', 'orange_heart']"
365,becky_rj,2023-05-14 18:37:45+00:00,1.0,0.728,positive,"['smiling_face_with_hearts', 'smiling_face_with_hearts smiling_face_with_hearts', 'kitchen', 'lining', 'little hand']"
366,elisamaria88.11,2023-05-23 00:32:46+00:00,1.0,0.0321,neutral,[]
366,mariobovino741,2023-05-18 19:20:44+00:00,0.0,0.2744,neutral,"['red_heart', 'red_heart red_heart']"
366,sibiabishek,2023-05-01 08:40:26+00:00,0.0,0.7562,positive,['awesome']
366,die_fraulein,2023-04-29 03:01:44+00:00,1.0,0.0321,neutral,[]
366,slingher_,2023-04-20 14:25:06+00:00,0.0,0.7867,positive,"['smiling_face_with_heart eyes', 'smiling_face_with_heart', 'eyes', 'eyes smiling_face_with_heart']"
366,babbu_hybird,2023-04-16 05:47:40+00:00,0.0,0.9556,positive,['beautiful']
366,_raninoue,2023-04-13 13:58:24+00:00,0.0,0.2019,neutral,"['red_heart', 'red_heart red_heart']"
366,maria_57mar,2023-05-23 08:55:05+00:00,1.0,0.0321,neutral,[]
367,nicole_huisman,2023-05-18 18:00:33+00:00,1.0,0.9833,positive,"['red_heart red_heart', 'red_heart', 'sweetie', 'congrats']"
367,teverdeepasticcini,2023-05-18 06:34:20+00:00,0.0,0.7493,positive,"['style smiling_face_with_heart', 'style', 'smiling_face_with_heart eyes', 'smiling_face_with_heart', 'eyes']"
367,meerakumar,2023-05-17 22:26:42+00:00,0.0,0.9642,positive,"['job', 'done', 'amazing']"
367,meerakumar,2023-05-17 22:26:33+00:00,1.0,0.9718,positive,"['bracelets', 'hands', 'rings', 'gold', 'wait']"
367,sues.mkt,2023-05-17 21:43:30+00:00,0.0,0.7159,positive,"['omg', 'need', 'fire', 'smiling_face_with_heart eyes', 'smiling_face_with_heart']"
367,sheripie85,2023-05-17 13:17:57+00:00,0.0,0.9844,positive,"['amazing fire', 'culture', 'x', 'amazing', 'fire']"
367,mariannefaith7,2023-05-17 03:02:46+00:00,0.0,0.9461,positive,"['gorgeous', 'white_heart']"
367,pennygoldstone,2023-05-16 16:49:01+00:00,0.0,0.9257,positive,['congratulations']
367,monikh,2023-05-18 19:01:39+00:00,0.0,0.831,positive,"['chick', 'sun_with_face', 'thank']"
367,jandree,2023-05-26 22:56:30+00:00,0.0,-0.1712,neutral,"['piece', 'way', 'second', 'back', 'get']"
368,shweta_romin,2023-05-24 02:59:33+00:00,0.0,0.9516,positive,"['bag', 'lovely']"
368,softtouchby_yaelg,2023-05-17 04:34:58+00:00,0.0,0.728,positive,"['smiling_face_with_heart eyes', 'smiling_face_with_heart', 'eyes']"
368,shop.baileyrenee,2023-05-16 18:55:09+00:00,0.0,0.0258,neutral,['cloud']
368,hxwar,2023-05-15 18:16:03+00:00,0.0,0.7867,positive,"['smiling_face_with_heart eyes', 'smiling_face_with_heart', 'eyes', 'eyes smiling_face_with_heart']"
368,noirgaze_official,2023-05-15 10:41:32+00:00,1.0,0.934,positive,"['bag smiling_face_with_heart', 'love bag', 'smiling_face_with_heart', 'smiling_face_with_heart eyes', 'eyes']"
368,bonbride,2023-05-15 10:39:57+00:00,1.0,0.9545,positive,"['gorgeous smiling_face_with_heart', 'gorgeous', 'smiling_face_with_heart eyes', 'smiling_face_with_heart', 'eyes']"
368,sheerluxe,2023-05-15 06:10:06+00:00,0.0,0.9783,positive,"['love smiling_face_with_heart', 'love', 'smiling_face_with_heart eyes', 'smiling_face_with_heart', 'eyes']"
368,fearlesspixie,2023-05-15 04:22:19+00:00,1.0,0.7906,positive,"['wears', 'always chic', 'x', 'chic', 'many']"
368,capijewelry,2023-05-15 03:54:09+00:00,0.0,0.1646,neutral,"['ok_hand_medium light_skin_tone', 'ok_hand_medium', 'light_skin_tone ok_hand_medium', 'light_skin_tone', 'growing_heart']"
369,_surisingh,2023-05-18 09:03:58+00:00,0.0,0.1033,neutral,['red_heart']
369,byan.concept,2023-05-18 06:37:21+00:00,0.0,0.1468,neutral,"['message red_heart', 'direct message', 'direct', 'message', 'send']"
369,amysturgis,2023-05-17 20:30:14+00:00,2.0,0.3004,neutral,"['red_heart red_heart', 'red_heart']"
369,laleshkasp,2023-05-17 20:03:23+00:00,0.0,0.2019,neutral,"['red_heart', 'red_heart red_heart']"
369,elizabethmoorenyc,2023-05-17 18:39:51+00:00,0.0,0.9565,positive,['love']
369,pavdale1,2023-05-17 18:28:32+00:00,0.0,0.9558,positive,"['darling', 'absolutely stunning', 'absolutely', 'stunning', 'blue_heart']"
369,nellanddigby,2023-05-17 16:50:34+00:00,0.0,0.6973,positive,"['smiling_face_with_heart eyes', 'smiling_face_with_heart', 'eyes', 'eyes smiling_face_with_heart']"
369,chelseahansford,2023-05-17 16:27:49+00:00,0.0,0.1703,neutral,"['mango', 'red_heart']"
369,aimeejohnson,2023-05-17 16:24:28+00:00,0.0,0.6555,positive,"['necklace', 'monikh', 'need', 'smiling_face_with_heart', 'smiling_face_with_heart eyes']"
369,sofiariany1,2023-05-17 16:19:46+00:00,0.0,0.8247,positive,"['collab', 'please', 'green_heart', 'smiling_face_with_heart eyes', 'smiling_face_with_heart']"
370,kidmarie,2023-06-06 17:07:01+00:00,0.0,-0.6249,negative,"['item', 'exist', 'states', 'restock', 'large']"
370,hasan.ghazvinian1361,2023-05-27 15:29:04+00:00,0.0,0.0074,neutral,"['hundred_points', 'hundred_points hundred_points', 'like']"
370,ro_hedgie,2023-05-20 14:15:22+00:00,0.0,-0.5787,negative,"['stock', 'even', 'customers', 'purchase', 'germany']"
370,nandinjoaquina,2023-05-17 22:58:09+00:00,2.0,-0.0976,neutral,[]
371,aldo_buzzella,2023-06-06 19:21:21+00:00,0.0,0.2744,neutral,"['red_heart', 'red_heart red_heart']"
371,angymasella,2023-06-06 14:32:59+00:00,0.0,0.2037,neutral,"['bellissimi', 'red_heart', 'red_heart red_heart']"
371,jabermalekzadeh_1968,2023-06-06 13:22:19+00:00,0.0,-0.1275,neutral,"['fire fire', 'fire']"
371,veronicabianchi3021,2023-06-06 11:52:43+00:00,0.0,0.5682,positive,"['adoro', 'vi', 'smiling_face_with_heart eyes', 'smiling_face_with_heart', 'eyes']"
371,rahul56984,2023-06-06 11:50:00+00:00,0.0,0.9585,positive,"['sweet', 'baby fire', 'fire', 'baby', 'picture']"
371,sandy_tozzini,2023-06-06 11:24:57+00:00,0.0,0.7867,positive,"['smiling_face_with_heart eyes', 'smiling_face_with_heart', 'eyes', 'eyes smiling_face_with_heart']"
371,annamariaangiolini,2023-06-06 10:13:48+00:00,0.0,0.2414,neutral,"['red_heart raising_hands', 'red_heart', 'raising_hands', 'red_heart red_heart']"
371,mmari.jjuanaa,2023-06-06 10:01:13+00:00,0.0,0.0115,neutral,['vedere']
371,coonst_vill,2023-06-04 12:04:43+00:00,0.0,0.0901,neutral,"['los', 'clapping_hands', 'di', 'clapping_hands clapping_hands']"
372,jabermalekzadeh_1968,2023-06-06 13:21:49+00:00,0.0,0.2749,neutral,"['red_heart red_heart', 'red_heart']"
372,thegangstarsboss,2023-06-06 10:32:03+00:00,0.0,-0.0961,neutral,['face_with_open_mouth']
372,calvinklein,2023-06-02 17:39:22+00:00,0.0,0.593,positive,"['fresh', 'looks', 'green_heart']"
373,mmari.jjuanaa,2023-06-06 10:00:29+00:00,0.0,0.5353,positive,"['smiling_cat_with_heart', 'smiling_cat_with_heart eyes', 'mi', 'la', 'eyes']"
373,labottegadellargento,2023-05-31 11:57:38+00:00,0.0,0.728,positive,"['smiling_face_with_heart eyes', 'smiling_face_with_heart', 'eyes']"
373,fannina74,2023-05-30 16:36:26+00:00,0.0,-0.9558,negative,"['nauseated_face', 'nauseated_face nauseated_face', 'partying_face']"
373,itaknifelover,2023-05-30 10:51:25+00:00,0.0,-0.006,neutral,"['ah', 'si', 'il', 'da']"
373,aswary141,2023-05-28 11:52:36+00:00,0.0,0.8791,positive,"['red_heart red_heart', 'red_heart', 'nice red_heart', 'nice']"
373,jackybiza,2023-05-23 23:51:12+00:00,0.0,0.2006,neutral,"['raising_hands red_heart', 'red_heart raising_hands', 'red_heart', 'raising_hands']"
374,jwmas._,2023-06-06 17:53:28+00:00,0.0,0.1172,neutral,"['red_heart red_heart', 'red_heart', 'occhi', 'c è', 'è il']"
374,jabermalekzadeh_1968,2023-06-06 13:22:06+00:00,0.0,0.9097,positive,"['eyes smiling_face_with_heart', 'clapping_hands', 'smiling_face_with_heart eyes', 'smiling_face_with_heart', 'eyes']"
374,mmari.jjuanaa,2023-06-06 10:00:59+00:00,0.0,-0.0199,neutral,"['vitto', 'è la', 'è', 'la']"
374,laila_velmonte,2023-06-04 11:05:52+00:00,1.0,-0.0823,neutral,['perfetta']
374,giovannisantoro2,2023-06-01 14:00:48+00:00,0.0,-0.0406,neutral,"['può', 'quello che', 'molto bella', 'uno', 'quello']"
374,katiazangaro,2023-05-31 04:47:30+00:00,0.0,0.0092,neutral,['ti']
374,fannina74,2023-05-30 16:42:06+00:00,0.0,-0.9608,negative,"['nauseated_face', 'nauseated_face nauseated_face']"
374,monica.crocco,2023-05-30 14:04:15+00:00,0.0,0.0419,neutral,"['molto', 'molto molto', 'molto bella', 'bella', 'red_heart']"
374,carola_caia,2023-05-29 23:09:01+00:00,0.0,-0.0895,neutral,"['seno', 'vestito', 'davvero', 'chi', 'ha']"
374,_giuseppemegaro_,2023-06-06 14:32:16+00:00,0.0,-0.0497,neutral,"['con', 'e con', 'faccia', 'soldi', 'delle']"
375,jwmas._,2023-06-06 17:52:38+00:00,0.0,0.1957,neutral,"['red_heart red_heart', 'red_heart', 'baci', 'kiss_mark', 'kiss_mark red_heart']"
375,mirtillatreb,2023-06-06 13:26:05+00:00,0.0,0.1083,neutral,"['star struck', 'struck', 'star', 'bellissimo', 'struck star']"
375,jabermalekzadeh_1968,2023-06-06 13:21:34+00:00,0.0,0.9103,positive,"['eyes smiling_face_with_heart', 'clapping_hands', 'clapping_hands clapping_hands', 'smiling_face_with_heart eyes', 'smiling_face_with_heart']"
375,mmari.jjuanaa,2023-06-06 10:00:39+00:00,0.0,0.0603,neutral,"['leo', 'che']"
375,royallionparfum,2023-06-06 05:28:39+00:00,0.0,0.1033,neutral,['red_heart']
375,nelladellonze,2023-06-06 04:44:39+00:00,0.0,0.5039,positive,"['bellissimo smiling_face_with_heart', 'bellissimo', 'smiling_face_with_heart eyes', 'smiling_face_with_heart', 'eyes']"
375,catiaferrini9166,2023-06-04 11:56:45+00:00,0.0,0.5319,positive,"['bellissimo', 'smiling_face_with_heart eyes', 'smiling_face_with_heart', 'eyes']"
375,caromontemayor,2023-06-03 16:32:07+00:00,0.0,0.7867,positive,"['smiling_face_with_heart eyes', 'smiling_face_with_heart', 'eyes', 'eyes smiling_face_with_heart']"
376,jabermalekzadeh_1968,2023-06-06 13:22:31+00:00,0.0,-0.0763,neutral,"['face_with_open_mouth face_with_open_mouth', 'face_with_open_mouth']"
376,heidivillari,2023-06-06 03:47:49+00:00,0.0,-0.8797,negative,"['break', 'comments', 'give', 'many', 'people']"
376,calvinklein,2023-06-02 17:38:35+00:00,0.0,0.0388,neutral,"['style', 'black_heart']"
376,sofias_tahis,2023-06-01 12:56:30+00:00,0.0,0.2023,neutral,"['belle', 'plus', 'h', 'es', 'tu']"
376,eva_yague,2023-05-31 22:01:46+00:00,0.0,-0.0321,neutral,"['fire', 'fire fire']"
376,matteo1186,2023-05-30 20:38:16+00:00,0.0,-0.0281,neutral,"['pensati', 'sana']"
377,maellekervran,2023-05-18 05:29:10+00:00,0.0,0.7074,positive,"['smiling_face_with_heart eyes', 'smiling_face_with_heart', 'eyes', 'eyes smiling_face_with_heart']"
377,desert_lille,2023-05-17 16:25:37+00:00,0.0,0.029,neutral,[]
377,selena_outfitx,2023-05-17 02:43:40+00:00,0.0,0.9257,positive,"['love smiling_face_with_heart', 'love', 'smiling_face_with_heart eyes', 'smiling_face_with_heart', 'eyes']"
377,selena_outfitx,2023-05-17 02:43:34+00:00,0.0,0.7177,positive,"['sparkles smiling_face_with_hearts', 'dm sparkles', 'smiling_face_with_hearts heart_suit', 'check dm', 'please check']"
377,selena_outfitx,2023-05-17 02:43:34+00:00,0.0,0.7177,positive,"['sparkles smiling_face_with_hearts', 'dm sparkles', 'smiling_face_with_hearts heart_suit', 'check dm', 'please check']"
377,selena_outfitx,2023-05-17 02:43:27+00:00,0.0,0.9257,positive,"['love smiling_face_with_heart', 'love', 'smiling_face_with_heart eyes', 'smiling_face_with_heart', 'eyes']"
377,kecca_isabel,2023-05-16 17:43:07+00:00,0.0,0.9867,positive,"['clapping_hands', 'clapping_hands clapping_hands', 'look great', 'great', 'look']"
377,americansunandreader,2023-05-16 17:25:18+00:00,0.0,0.7036,positive,"['love white_heart', 'white_heart', 'love']"
377,damasiaball,2023-05-16 15:14:49+00:00,0.0,0.1033,neutral,['red_heart']
377,themodernunofficialgallery,2023-05-16 14:19:12+00:00,0.0,0.1146,neutral,"['white_heart', 'white_heart white_heart']"
378,sanntosmii,2023-04-18 04:53:58+00:00,0.0,-0.0265,neutral,"['reposição', 'ter reposição', 'vai', 'vai ter', 'quando']"
378,tiffany_fox2022,2023-04-08 16:47:46+00:00,1.0,-0.0121,neutral,"['dessa', 'qual', 'calça']"
378,_isaclemente,2023-03-27 20:52:29+00:00,1.0,0.3551,neutral,"['tem cupom', 'cupom', 'tem', 'pra', 'smiling_face_with_heart eyes']"
378,imsheilagoncalves,2023-03-25 12:18:48+00:00,1.0,0.4554,neutral,"['tuuuudo', 'eyes face_with_open_mouth', 'face_with_open_mouth', 'smiling_face_with_heart eyes', 'smiling_face_with_heart']"
378,lulugondim,2023-03-24 17:59:38+00:00,2.0,0.0424,neutral,['amo']
379,febibia,2023-04-25 01:28:29+00:00,1.0,0.1609,neutral,"['red_heart red_heart', 'red_heart', 'comprei meu', 'comprei', 'hoje']"
379,caafonseca13,2023-03-27 18:51:54+00:00,1.0,0.5825,positive,"['smiling_face_with_heart eyes', 'smiling_face_with_heart', 'eyes', 'sem', 'black']"
379,imsheilagoncalves,2023-03-24 12:16:21+00:00,2.0,-0.0539,neutral,"['tuuuudo', 'dress red_heart', 'esse', 'dress', 'red_heart']"
379,lamarins_,2023-03-24 01:21:18+00:00,1.0,-0.0348,neutral,"['mais que', 'perfeito', 'mais', 'que']"
379,lamarins_,2023-03-24 01:21:02+00:00,1.0,0.7867,positive,"['smiling_face_with_heart eyes', 'smiling_face_with_heart', 'eyes', 'eyes smiling_face_with_heart']"
379,jujubarbosads,2023-03-24 01:07:48+00:00,1.0,-0.0496,neutral,"['é tecido', 'tecido', 'qual', 'é']"
379,lojafashioncloset,2023-04-26 14:57:29+00:00,0.0,0.8555,positive,"['smiling_face_with_heart eyes', 'smiling_face_with_heart', 'eyes', 'gente', 'eyes smiling_face_with_heart']"
380,vitedeschi,2023-03-25 10:45:38+00:00,1.0,0.0243,neutral,"['mundo', 'melhor', 'baby']"
380,soll_sk8,2023-03-23 18:16:46+00:00,1.0,0.2036,neutral,"['amo', 'red_heart']"
380,adrianadreer,2023-03-23 13:01:53+00:00,0.0,0.2839,neutral,"['parte', 'fazer', 'vocês', 'como', 'de']"
380,schayres,2023-03-23 08:35:09+00:00,2.0,-0.0315,neutral,[]
380,schayres,2023-03-23 08:35:05+00:00,1.0,0.6034,positive,"['beating_heart beating_heart', 'beating_heart']"
380,beartmedina,2023-03-23 01:51:51+00:00,1.0,0.728,positive,"['smiling_face_with_heart eyes', 'smiling_face_with_heart', 'eyes']"
380,lamarins_,2023-03-23 00:36:31+00:00,2.0,0.064,neutral,"['vida', 'da', 'looks']"
380,lamarins_,2023-03-23 00:36:20+00:00,1.0,0.7867,positive,"['smiling_face_with_heart eyes', 'smiling_face_with_heart', 'eyes', 'eyes smiling_face_with_heart']"
380,lojafashioncloset,2023-03-24 15:07:40+00:00,0.0,0.1164,neutral,"['te enviamos', 'enviamos', 'direct', 'te', 'two_hearts']"
381,carola_caia,2023-05-29 22:49:31+00:00,0.0,-0.1102,neutral,"['baci', 'suoi', 'madre', 'marito', 'figli']"
381,edmondkarepi,2023-05-27 07:18:22+00:00,0.0,0.8402,positive,"['eyes smiling_face_with_heart', 'smiling_face_with_heart eyes', 'smiling_face_with_heart', 'eyes']"
381,fatfree93,2023-05-26 22:38:49+00:00,0.0,-0.0277,neutral,[]
381,choi_chan_kuk,2023-05-23 20:56:48+00:00,0.0,0.3449,neutral,"['clapping_hands', 'clapping_hands clapping_hands', 'family red_heart', 'red_heart', 'red_heart red_heart']"
381,caterina.vitaripa9gmail.com393,2023-05-21 12:01:51+00:00,0.0,-0.0154,neutral,['bellissimi']
381,tihana_2023,2023-05-19 21:09:55+00:00,0.0,-0.0036,neutral,"['sia', 'lo è', 'quanto', 'lo', 'era']"
382,ele_nouvelle,2023-05-30 09:33:12+00:00,0.0,-0.0659,neutral,"['io', 'ho', 'c', 'che']"
382,carola_caia,2023-05-29 22:52:19+00:00,0.0,-0.0976,neutral,"['tutti', 'l', 'non', 'di']"
382,domenica_sisto,2023-05-29 03:25:23+00:00,0.0,-0.0093,neutral,"['la', 'la cosa', 'questa', 'più bella', 'è la']"
382,everseensa,2023-05-24 11:25:03+00:00,0.0,0.2019,neutral,"['red_heart', 'red_heart red_heart']"
382,umbertotedde,2023-05-24 10:41:59+00:00,0.0,-0.2549,neutral,['thumbs_down']
382,antonio_colucci__,2023-05-22 11:36:59+00:00,0.0,-0.0362,neutral,['gli']
382,mariagabriellaamato,2023-05-20 14:47:51+00:00,0.0,-0.091,neutral,"['state', 'quei', 'poveri', 'bimbi', 'basta']"
382,marlynsindar,2023-05-20 14:40:56+00:00,0.0,-0.0879,neutral,"['sembra', 'sembra una', 'magra', 'nauseated_face', 'una']"
382,frhan.khan.378,2023-05-20 05:10:55+00:00,0.0,-0.0872,neutral,"['red_heart fire', 'fire', 'red_heart']"
382,fannina74,2023-05-30 16:44:21+00:00,0.0,-0.0316,neutral,"['bocca', 'hai', 'mi', 'le', 'di']"
383,royallionparfum,2023-06-06 05:28:58+00:00,0.0,0.728,positive,"['smiling_face_with_heart eyes', 'smiling_face_with_heart', 'eyes']"
383,rossellaselano,2023-06-03 17:52:04+00:00,0.0,-0.1588,neutral,"['non', 'sul', 'non si', 'si', 'le']"
383,eva_yague,2023-05-31 21:56:45+00:00,0.0,-0.0107,neutral,['bellisima']
383,eva_yague,2023-05-31 21:51:27+00:00,0.0,0.8402,positive,"['eyes smiling_face_with_heart', 'smiling_face_with_heart eyes', 'smiling_face_with_heart', 'eyes']"
383,tired88888888,2023-05-31 19:21:49+00:00,0.0,-0.0823,neutral,"['per essere', 'magra', 'così', 'essere', 'cosa']"
383,giova_fabiano,2023-05-31 13:43:15+00:00,0.0,-0.0379,neutral,"['poco', 'che']"
383,topi_cantine_solai,2023-05-31 08:33:48+00:00,0.0,-0.123,neutral,"['un', 'di']"
383,marilu.57,2023-05-29 19:22:36+00:00,0.0,-0.0415,neutral,['così']
383,ciaokasia,2023-05-28 18:31:59+00:00,0.0,0.9862,positive,"['hair look', 'wow love', 'heart_with_arrow', 'hair', 'wow']"
384,laila_velmonte,2023-06-04 11:11:18+00:00,0.0,0.1694,neutral,[]
384,eva_yague,2023-05-31 21:56:57+00:00,0.0,-0.0285,neutral,[]
384,flo.bu___,2023-05-29 06:00:12+00:00,0.0,-0.2036,neutral,"['anna', 'grinning_face_with_sweat', 'looks like', 'looks', 'like']"
384,666innesto,2023-05-23 23:30:15+00:00,0.0,-0.0665,neutral,['fire']
384,666innesto,2023-05-23 23:30:06+00:00,0.0,0.728,positive,"['smiling_face_with_heart eyes', 'smiling_face_with_heart', 'eyes']"
385,laurabdeckert,2023-05-08 02:03:28+00:00,1.0,0.0115,neutral,['links']
385,mariuxi_chavez,2023-05-04 15:12:11+00:00,0.0,0.0115,neutral,['links']
385,mawhinneynicole,2023-04-26 23:35:45+00:00,1.0,0.9062,positive,"['cute', 'two_hearts']"
385,kp_mez,2023-04-26 19:45:39+00:00,0.0,0.1687,neutral,"['cherry_blossom', 'outfit']"
385,nicolelee0613,2023-04-26 14:23:52+00:00,0.0,0.8785,positive,"['cherry_blossom', 'cute']"
385,ra_ly_qu,2023-04-26 14:05:58+00:00,0.0,0.1071,neutral,"['cherry_blossom', 'raising_hands']"
386,dr.ssa_donatella_filomena_,2023-06-06 18:37:17+00:00,0.0,-0.0573,neutral,['divina']
386,jwmas._,2023-06-06 17:56:30+00:00,0.0,0.247,neutral,"['red_heart red_heart', 'red_heart', 'clapping_hands clapping_hands', 'clapping_hands', 'il']"
386,laila_velmonte,2023-06-04 11:14:36+00:00,1.0,0.2354,neutral,[]
386,thekingofpastaofficial,2023-06-02 21:40:22+00:00,0.0,0.1033,neutral,['red_heart']
386,sabry_r_c_92,2023-06-01 19:36:09+00:00,0.0,0.3494,neutral,"['face_with_tears_of_joy face_with_tears_of_joy', 'face_with_tears_of_joy', 'quelle', 'nonna', 'scarpe']"
386,katiazangaro,2023-05-30 19:21:20+00:00,0.0,0.2964,neutral,"['gambe', 'ragazzi', 'un', 'da', 'che']"
386,fannina74,2023-05-30 16:46:43+00:00,0.0,-0.9612,negative,"['nauseated_face', 'nauseated_face nauseated_face']"
386,gigliotigrato777,2023-05-25 08:08:57+00:00,0.0,0.0313,neutral,"['tette', 'le tette', 'e le', 'le', 'e']"
386,sole_mare_love,2023-05-23 19:45:10+00:00,2.0,0.037,neutral,"['rolling_on_the_floor_laughing', 'rolling_on_the_floor_laughing rolling_on_the_floor_laughing', 'io', 'un', 'le']"
387,royallionparfum,2023-06-06 05:41:42+00:00,0.0,0.1033,neutral,['red_heart']
387,eva_yague,2023-05-31 21:53:24+00:00,0.0,-0.0459,neutral,['hermosa']
387,pittyfinger,2023-05-19 19:54:48+00:00,0.0,-0.405,negative,['oh']
387,fansy_mood,2023-05-18 21:05:40+00:00,0.0,0.7421,positive,"['smiling_face_with_heart eyes', 'smiling_face_with_heart', 'eyes', 'eyes smiling_face_with_heart', 'picture']"
388,jwmas._,2023-06-06 17:55:44+00:00,0.0,0.3069,neutral,"['clapping_hands clapping_hands', 'clapping_hands', 'red_heart red_heart', 'red_heart', 'clapping_hands red_heart']"
388,milena.gullotta,2023-06-01 11:21:27+00:00,0.0,0.868,positive,"['eyes smiling_face_with_heart', 'smiling_face_with_heart eyes', 'smiling_face_with_heart', 'eyes']"
388,francesca.chirico.64,2023-06-01 09:12:58+00:00,0.0,0.0486,neutral,"['meravigliosi', 'tuoi', 'bimbi', 'sono', 'complimenti']"
388,eva_yague,2023-05-31 21:52:57+00:00,0.0,-0.0107,neutral,['bellisima']
388,labottegadellargento,2023-05-31 11:58:31+00:00,0.0,0.8654,positive,"['growing_heart growing_heart', 'growing_heart']"
388,katiazangaro,2023-05-31 04:48:04+00:00,0.0,0.3228,neutral,"['da grande', 'questa', 'grande', 'te', 'le']"
388,hunterfghn,2023-05-30 21:01:01+00:00,0.0,-0.056,neutral,[]
388,e.lena_2014,2023-05-30 16:09:04+00:00,0.0,0.5435,positive,"['che', 'vitto', 'bei', 'ai', 'smiling_face_with_heart eyes']"
388,mellina__kate,2023-05-30 15:11:47+00:00,0.0,0.9893,positive,"['make', 'would', 'waving_hand', 'mural', 'beautiful would']"
389,jwmas._,2023-06-06 17:54:35+00:00,0.0,0.1846,neutral,"['red_heart red_heart', 'red_heart', 'clapping_hands clapping_hands', 'clapping_hands', 'perfetta']"
389,ciotolifranca,2023-06-04 14:27:38+00:00,0.0,0.3884,neutral,"['bambini', 'così', 'smiling_face_with_heart eyes', 'smiling_face_with_heart', 'eyes']"
389,eva_yague,2023-05-31 21:50:33+00:00,0.0,0.2749,neutral,"['red_heart red_heart', 'red_heart']"
389,labottegadellargento,2023-05-31 11:58:17+00:00,0.0,0.8713,positive,"['red_heart red_heart', 'eyes smiling_face_with_heart', 'smiling_face_with_heart eyes', 'smiling_face_with_heart', 'eyes']"
389,lord_visus,2023-05-29 08:02:09+00:00,0.0,-0.1252,neutral,"['non', 'proprio', 'foto', 'le', 'che']"
389,lifeincarsovaglia,2023-05-28 16:00:07+00:00,0.0,0.3887,neutral,"['face_with_tears_of_joy', 'face_with_tears_of_joy face_with_tears_of_joy']"
390,satnamgill2670,2023-06-06 10:29:01+00:00,0.0,0.2744,neutral,"['red_heart', 'red_heart red_heart']"
390,marikonepiter,2023-06-06 10:17:02+00:00,0.0,-0.0362,neutral,"['top', 'face_with_open_mouth']"
390,royallionparfum,2023-06-06 05:29:05+00:00,0.0,0.728,positive,"['smiling_face_with_heart eyes', 'smiling_face_with_heart', 'eyes']"
390,eva_yague,2023-05-31 21:58:08+00:00,0.0,0.7074,positive,"['smiling_face_with_heart eyes', 'smiling_face_with_heart', 'eyes', 'eyes smiling_face_with_heart']"
390,gigliotigrato777,2023-05-25 08:06:35+00:00,0.0,0.0313,neutral,"['tette', 'le tette', 'e le', 'le', 'e']"
390,everseensa,2023-05-24 11:24:59+00:00,1.0,0.2744,neutral,"['red_heart', 'red_heart red_heart']"
390,janinevogue,2023-05-23 14:51:31+00:00,0.0,0.9852,positive,"['omggg', 'love much', 'much', 'black_heart', 'love']"
391,daleyzaperson47,2023-06-09 13:19:29+00:00,0.0,-0.1587,neutral,"['dat', 'ti', 'un']"
391,shennigan_nyc,2023-05-18 02:30:32+00:00,0.0,0.2189,neutral,"['purple_heart black_heart', 'orange_heart purple_heart', 'yellow_heart sparkling_heart', 'green_heart yellow_heart', 'black_heart green_heart']"
391,atajekmarzec,2023-03-02 15:15:19+00:00,0.0,-0.935,negative,"['face_vomiting', 'nauseated_face', 'crying_face']"
391,loeildiris,2023-03-02 14:03:56+00:00,0.0,0.1033,neutral,['red_heart']
391,ekpariss2020,2023-03-02 00:00:12+00:00,0.0,0.0221,neutral,"['paris', 'week', 'wear', 'fashion']"
391,castlethecollection_,2023-03-01 22:06:08+00:00,0.0,-0.0872,neutral,"['red_heart fire', 'fire', 'red_heart']"
391,idoko_jude_iheanacho,2023-03-01 21:54:59+00:00,0.0,0.0806,neutral,"['fire', 'fire fire']"
391,chloe.curl,2023-03-01 21:29:44+00:00,2.0,-0.0555,neutral,"['la', 'j ai', 'de la', 'neutral_face', 'pour']"
392,lauwency.f,2023-05-31 11:32:33+00:00,0.0,0.1033,neutral,['red_heart']
392,neetu_artistry,2023-05-22 17:48:09+00:00,0.0,-0.0665,neutral,['fire']
392,lordquintoofhomestead,2023-05-22 15:29:49+00:00,1.0,0.7518,positive,"['nice red_heart', 'nice', 'red_heart']"
392,lubakilubaki,2023-05-22 07:38:55+00:00,1.0,-0.0665,neutral,['fire']
392,velvetdowntown,2023-05-21 15:17:34+00:00,1.0,-0.0321,neutral,"['fire', 'fire fire']"
392,stallone.66188,2023-05-21 10:40:31+00:00,1.0,0.7388,positive,"['bouquet', 'smiling_face_with_hearts', 'sparkles', 'sparkles red_heart', 'red_heart sparkles']"
392,cyma_chic,2023-05-21 09:57:42+00:00,0.0,0.4408,neutral,['smiling_face_with_sunglasses']
392,hannahrandomloll,2023-05-21 08:54:06+00:00,1.0,0.728,positive,"['smiling_face_with_heart eyes', 'smiling_face_with_heart', 'eyes']"
392,julia_eu_model,2023-05-21 08:47:28+00:00,1.0,-0.0665,neutral,['fire']
392,hadeejah.brd,2023-05-21 07:52:41+00:00,0.0,0.1299,neutral,"['heart_suit', 'heart_suit heart_suit']"
393,jusstgrace_,2023-06-09 07:30:14+00:00,0.0,-0.2171,neutral,"['pleading_face', 'restock', 'pleading_face pleading_face', 'crossbody', 'black']"
394,vivi_tzoura,2023-06-09 11:10:26+00:00,0.0,0.3049,neutral,"['red_heart red_heart', 'red_heart']"
394,braaanddz,2023-06-09 06:06:54+00:00,0.0,0.1033,neutral,['red_heart']
394,saeedeh_saalehi,2023-06-08 13:59:31+00:00,0.0,0.0423,neutral,['like']
394,neudorferdeidamia,2023-06-07 20:36:09+00:00,0.0,0.1033,neutral,['red_heart']
394,sonya_chadha,2023-06-07 12:08:09+00:00,0.0,0.9435,positive,"['white_heart', 'details', 'appreciate', 'white_heart white_heart']"
394,fashioninstasush,2023-06-07 10:44:14+00:00,0.0,0.5861,positive,['nice']
394,leila_k_hosseini,2023-06-07 09:41:04+00:00,0.0,0.1033,neutral,['red_heart']
394,derome_official,2023-06-07 08:15:56+00:00,0.0,0.1033,neutral,['red_heart']
395,ardit_clothing,2023-06-09 17:57:11+00:00,0.0,0.5285,positive,"['fire smiling_face_with_heart', 'fire', 'fire fire', 'smiling_face_with_heart eyes', 'smiling_face_with_heart']"
395,rose.day212,2023-06-09 04:11:48+00:00,0.0,0.0751,neutral,"['hello', 'oh']"
395,catstepheens,2023-06-09 01:01:46+00:00,1.0,0.6112,positive,['red_heart']
395,nevomfatiha4,2023-06-08 21:19:45+00:00,0.0,0.0207,neutral,"['chains', 'page bio', 'contact page', 'herb', 'contact']"
395,maira_ignazzi,2023-06-08 20:52:42+00:00,2.0,0.9338,positive,"['eyes fire', 'love smiling_face_with_heart', 'love', 'fire', 'smiling_face_with_heart eyes']"
395,mierhkael,2023-06-08 20:44:15+00:00,1.0,-0.0665,neutral,['fire']
395,emdaavfro,2023-06-08 20:38:55+00:00,3.0,0.6879,positive,"['first outfit', 'outfit smiling_face_with_heart', 'first', 'outfit', 'smiling_face_with_heart eyes']"
396,everythingdigitalofficial,2023-06-09 09:28:18+00:00,0.0,-0.1281,neutral,['heart_on_fire']
396,glassyskinofficial,2023-06-09 08:34:57+00:00,0.0,0.1565,neutral,"['raising_hands', 'raising_hands raising_hands']"
396,a_rosemxo,2023-06-09 03:43:01+00:00,1.0,-0.633,negative,[]
396,kelvasey20,2023-06-08 23:19:00+00:00,0.0,-0.0068,neutral,[]
396,mierhkael,2023-06-08 18:46:34+00:00,1.0,0.8881,positive,['love']
397,beppe_angiolini,2023-06-09 06:06:16+00:00,0.0,0.3024,neutral,"['clapping_hands', 'clapping_hands clapping_hands']"
397,saramaino_,2023-06-09 05:46:09+00:00,1.0,0.7804,positive,"['glowing_star', 'glowing_star glowing_star']"
397,sani__designer,2023-06-08 18:56:58+00:00,1.0,0.7074,positive,"['smiling_face_with_heart eyes', 'smiling_face_with_heart', 'eyes', 'eyes smiling_face_with_heart']"
397,beatricerossaro,2023-06-08 18:10:57+00:00,1.0,0.3857,neutral,"['red_heart', 'red_heart red_heart', 'red_heart clapping_hands', 'clapping_hands']"
397,harrietaseru,2023-06-08 13:13:01+00:00,1.0,0.9682,positive,['congratulations']
397,kigori_gioielli,2023-06-08 11:31:35+00:00,1.0,0.24,neutral,['sparkling_heart']
397,allexclusive.us,2023-06-08 11:02:28+00:00,1.0,0.3024,neutral,"['clapping_hands', 'clapping_hands clapping_hands']"
397,hermesdd_jasmine,2023-06-08 10:28:33+00:00,1.0,0.0216,neutral,"['fare il', 'fare', 'come', 'il']"
397,othiagobasso,2023-06-08 10:14:38+00:00,1.0,0.7867,positive,"['smiling_face_with_heart eyes', 'smiling_face_with_heart', 'eyes', 'eyes smiling_face_with_heart']"
398,beppe_angiolini,2023-06-09 06:06:34+00:00,0.0,0.3024,neutral,"['clapping_hands', 'clapping_hands clapping_hands']"
398,saramaino_,2023-06-09 05:45:56+00:00,0.0,0.7804,positive,"['glowing_star', 'glowing_star glowing_star']"
398,beatricerossaro,2023-06-08 18:10:46+00:00,0.0,0.2744,neutral,"['red_heart', 'red_heart red_heart']"
398,salitremodel,2023-06-08 12:13:33+00:00,0.0,0.2744,neutral,"['red_heart', 'red_heart red_heart']"
398,allexclusive.us,2023-06-08 11:04:59+00:00,0.0,0.3024,neutral,"['clapping_hands', 'clapping_hands clapping_hands']"
398,othiagobasso,2023-06-08 10:01:42+00:00,0.0,0.4552,positive,"['perfect fire', 'perfect', 'fire']"
398,fo.v55,2023-06-08 09:41:41+00:00,0.0,0.3004,neutral,"['red_heart red_heart', 'red_heart']"
398,fo.v55,2023-06-08 09:41:39+00:00,0.0,0.2792,neutral,"['red_heart red_heart', 'red_heart']"
398,fo.v55,2023-06-08 09:41:39+00:00,0.0,0.2749,neutral,"['red_heart red_heart', 'red_heart']"
398,fo.v55,2023-06-08 09:41:32+00:00,0.0,0.2744,neutral,"['red_heart', 'red_heart red_heart']"
399,experts_ideas,2023-06-08 14:07:15+00:00,0.0,0.9089,positive,"['fresh', 'colors', 'smiling_face_with_heart eyes', 'smiling_face_with_heart', 'eyes']"
399,orah._sky,2023-06-08 02:59:16+00:00,1.0,0.99,positive,"['two_hearts', 'proud', 'two_hearts two_hearts']"
400,nataliezarra,2023-06-07 16:53:19+00:00,0.0,0.1001,neutral,"['dm red_heart', 'check dm', 'please check', 'check', 'dm']"
400,juliashija_96,2023-06-06 18:48:38+00:00,0.0,-0.6213,negative,"['folded_hands_medium light_skin_tone', 'folded_hands_medium', 'light_skin_tone folded_hands_medium', 'light_skin_tone', 'problem']"
402,experts_ideas,2023-06-08 19:04:27+00:00,1.0,0.0806,neutral,"['fire', 'fire fire']"
402,komessia,2023-06-07 09:11:28+00:00,0.0,0.5262,positive,"['pretty fire', 'pretty', 'fire red_heart', 'fire', 'red_heart']"
403,fagnerbispoo,2023-06-09 11:00:58+00:00,0.0,0.0987,neutral,"['é maravilhoso', 'sou fã', 'fã', 'desde', 'black_heart sparkles']"
403,thico,2023-06-09 09:17:26+00:00,1.0,0.7128,positive,"['medium light_skin_tone', 'medium', 'light_skin_tone', 'love']"
403,ailan.ofc,2023-06-09 01:49:01+00:00,0.0,0.0724,neutral,"['você é', 'você', 'fire clapping_hands', 'é', 'clapping_hands']"
403,_lucasevangelista,2023-06-09 13:44:34+00:00,1.0,0.7867,positive,"['smiling_face_with_heart eyes', 'smiling_face_with_heart', 'eyes', 'eyes smiling_face_with_heart']"
405,t4r_aaa,2023-06-09 18:45:38+00:00,0.0,0.9285,positive,"['women', 'beautiful']"
405,kydz_zz,2023-06-09 14:57:29+00:00,0.0,0.0124,neutral,[]
405,giapadron,2023-06-09 05:58:13+00:00,0.0,0.14,neutral,"['wife', 'ur']"
405,valenciaderilus,2023-06-09 02:51:00+00:00,0.0,0.9821,positive,"['face_blowing_a_kiss', 'face_blowing_a_kiss face_blowing_a_kiss', 'cute dress', 'nail_polish', 'smiling_face_with_hearts face_blowing_a_kiss']"
405,donate113366,2023-06-08 04:45:14+00:00,1.0,-0.8698,negative,"['bad', 'disappointed_face', 'money', 'lying', 'unfortunately']"
405,pixie_reign,2023-06-08 03:45:36+00:00,0.0,0.8401,positive,"['love see', 'kill', 'mimi', 'play', 'think']"
405,london.s00,2023-06-08 02:10:46+00:00,0.0,0.8138,positive,"['smiling_face_with_heart eyes', 'smiling_face_with_heart', 'eyes']"
405,yng.lena,2023-06-07 22:24:45+00:00,0.0,0.9762,positive,"['zendaya', 'slay', 'time', 'gorgeous']"
405,fozia_adan,2023-06-07 19:12:48+00:00,1.0,0.1514,neutral,"['zendaya', 'hi']"
405,natalalalie.b,2023-06-07 17:41:02+00:00,0.0,0.795,positive,['loving']
408,damirawrz,2023-06-09 17:58:37+00:00,0.0,0.1302,neutral,"['insta', 'face_exhaling', 'damn', 'comment', 'smiling_face_with_heart']"
409,behappy_moda,2023-06-07 23:50:43+00:00,0.0,0.3585,neutral,"['clapping_hands', 'clapping_hands clapping_hands']"
409,neidemargarimarcelo,2023-06-04 17:18:13+00:00,0.0,0.32,neutral,"['clapping_hands', 'clapping_hands clapping_hands', 'maravilha']"
409,leoreis_caru,2023-06-03 04:30:23+00:00,0.0,0.2749,neutral,"['red_heart red_heart', 'red_heart']"
409,cristinavitorios,2023-06-02 20:49:49+00:00,0.0,0.1033,neutral,['red_heart']
409,estevamnivia,2023-06-02 19:32:46+00:00,0.0,0.634,positive,"['maravilhoso smiling_face_with_heart', 'maravilhoso', 'smiling_face_with_heart eyes', 'smiling_face_with_heart', 'eyes']"
409,simonefatfamily,2023-06-02 19:14:55+00:00,0.0,0.7342,positive,"['top', 'gostei', 'clapping_hands', 'clapping_hands smiling_face_with_heart', 'eyes clapping_hands']"
409,martins__________,2023-06-02 17:44:21+00:00,0.0,0.1033,neutral,['red_heart']
410,mohamed.aliiii2,2023-06-09 18:13:12+00:00,0.0,0.9438,positive,"['view', 'nice']"
410,emifly_ames,2023-06-09 17:59:40+00:00,0.0,-0.167,neutral,['face_with_medical_mask']
410,lifestylemag,2023-06-09 17:13:42+00:00,0.0,-0.026,neutral,['icon']
410,naom.ihannah12,2023-06-09 16:44:59+00:00,0.0,0.8563,positive,"['invested', 'come days', 'worthy', 'received', 'since']"
410,lailahailaallah202,2023-06-09 16:26:41+00:00,0.0,0.4887,positive,"['tongue', 'money mouth_face', 'smiling_face_with_halo', 'mouth_face', 'hugging_face']"
410,mariaan_castillo,2023-06-09 15:23:07+00:00,0.0,-0.7982,negative,[]
410,brad.leybeck,2023-06-09 11:18:27+00:00,0.0,0.1093,neutral,"['made k', 'mariano', 'k', 'made']"
410,stepaistyle,2023-06-09 08:20:40+00:00,0.0,0.6341,positive,['wow']
411,gaofeng631,2023-06-09 11:53:04+00:00,0.0,0.3654,neutral,"['open', 'shop', 'zero', 'easy', 'service']"
411,lizakoshy,2023-06-09 07:09:13+00:00,0.0,0.2216,neutral,"['heart_suit', 'heart_suit heart_suit']"
411,jenny_vidaurri,2023-06-09 00:48:15+00:00,0.0,0.9753,positive,"['back', 'spiritual', 'lost', 'came back', 'guidance']"
411,mag_j011,2023-06-09 00:13:30+00:00,0.0,-0.2591,negative,"['husband', 'put', 'instagram', 'searching', 'existed']"
411,ann_lu279,2023-06-08 23:56:16+00:00,0.0,0.9496,positive,"['husband', 'marriage', 'days', 'back', 'marriage contacted']"
412,biswambharbarman1official,2023-06-09 07:32:16+00:00,0.0,0.9731,positive,"['wooow', 'beautiful']"
412,biswambharbarman1official,2023-06-09 07:32:07+00:00,0.0,0.5861,positive,['nice']
412,aleksandr_aleksandr2020,2023-06-08 23:00:09+00:00,0.0,0.0333,neutral,['sun_with_face']
412,its_memebbyy,2023-06-08 17:34:18+00:00,0.0,0.959,positive,"['red_heart sparkles', 'soo', 'sparkles', 'red_heart']"
412,tatebalance,2023-06-07 15:51:29+00:00,0.0,-0.0137,neutral,['gorgeos']
412,rashawnglass,2023-06-07 09:23:56+00:00,0.0,-0.114,neutral,"['mirror', 'see', 'look']"
412,lone_wolves007,2023-06-07 08:57:24+00:00,0.0,0.0068,neutral,['baby']
412,dasolkimm_,2023-06-06 13:49:50+00:00,0.0,-0.026,neutral,['icon']
416,ritadecassia101525,2023-06-08 23:19:50+00:00,1.0,0.0321,neutral,[]
416,edimaycon_ofc,2023-06-03 21:09:37+00:00,0.0,-0.014,neutral,"['apenas', 'oportunidade', 'uma', 'folded_hands', 'de']"
416,monicabsm50,2023-06-03 12:47:28+00:00,0.0,0.0363,neutral,"['clapping_hands_medium dark_skin_tone', 'clapping_hands_medium', 'dark_skin_tone', 'red_heart red_heart', 'red_heart']"
416,_thiagozampieri_,2023-06-02 04:20:16+00:00,0.0,0.3069,neutral,['fire']
416,willianvidotti,2023-06-01 22:12:24+00:00,0.0,0.0824,neutral,"['fire clapping_hands', 'clapping_hands', 'fire']"
416,ritadecassia101525,2023-06-08 23:19:47+00:00,0.0,0.728,positive,"['smiling_face_with_heart eyes', 'smiling_face_with_heart', 'eyes']"
417,gaudess,2023-06-09 16:52:25+00:00,0.0,-0.1155,neutral,"['folded_hands', 'orange_heart']"
417,lifestylelookbook,2023-06-08 17:56:37+00:00,0.0,0.9373,positive,['gorgeous']
417,lucky_point81,2023-06-08 16:45:49+00:00,0.0,0.9237,positive,['beautiful']
417,lucky_point81,2023-06-08 16:45:48+00:00,0.0,0.9008,positive,"['wow smiling_face_with_heart', 'wow', 'smiling_face_with_heart eyes', 'smiling_face_with_heart', 'eyes']"
417,amusementproductions.la,2023-06-08 15:14:42+00:00,0.0,0.7201,positive,"['film_frames', 'love']"
417,enriqueata___check_dstories__,2023-06-08 13:37:27+00:00,0.0,0.4408,neutral,['smiling_face_with_sunglasses']
417,jesus_amorcito,2023-06-08 05:47:54+00:00,0.0,0.8726,positive,"['eyes smiling_face_with_heart', 'smiling_face_with_heart eyes', 'smiling_face_with_heart', 'eyes', 'crown']"
417,melissameyers,2023-06-08 04:20:52+00:00,1.0,0.7661,positive,['stunning']
417,zoworeg.fafylu,2023-06-07 23:45:25+00:00,0.0,0.9152,positive,"['promise', 'checked', 'wallet', 'step', 'good work']"
419,rennandinizz,2023-06-05 23:25:48+00:00,0.0,0.0175,neutral,[]
419,soudealgodao,2023-06-05 16:08:55+00:00,0.0,0.0797,neutral,"['handshake', 'seedling', 'medium dark_skin_tone', 'dark_skin_tone', 'medium']"
420,cristinavitorios,2023-06-02 20:51:20+00:00,0.0,0.1033,neutral,['red_heart']
420,voizaurademari,2023-06-02 01:20:26+00:00,0.0,0.1033,neutral,['red_heart']
420,lunnamontty,2023-06-01 19:27:45+00:00,0.0,0.0929,neutral,"['dark_skin_tone', 'black_heart']"
420,yasminlaboure,2023-06-01 18:14:39+00:00,0.0,0.0494,neutral,"['brilho', 'muito', 'amei', 'mais', 'star']"
420,giovana_broglio,2023-06-01 16:22:20+00:00,0.0,-0.0151,neutral,[]
420,eupeutrindade,2023-06-01 15:39:59+00:00,1.0,0.0527,neutral,"['é incrível', 'vc é', 'vc', 'incrível', 'fire red_heart']"
421,stepaistyle,2023-06-08 07:35:37+00:00,0.0,0.9295,positive,"['love set', 'set', 'love', 'fire']"
421,laurentaylorstyle,2023-06-06 19:46:07+00:00,0.0,0.7971,positive,"['eyes smiling_face_with_heart', 'smiling_face_with_heart eyes', 'smiling_face_with_heart', 'eyes', 'second slide']"
421,fashionterial,2023-06-06 14:25:02+00:00,0.0,0.7274,positive,"['fire', 'insane', 'fire fire', 'second', 'look']"
421,amaka.hamelijnck,2023-06-06 09:12:00+00:00,0.0,0.1033,neutral,['red_heart']
421,je_suis_gayane,2023-06-06 07:36:02+00:00,0.0,0.2445,neutral,"['clapping_hands', 'clapping_hands clapping_hands']"
421,zycazebecyga,2023-06-06 05:10:18+00:00,0.0,0.986,positive,"['smiling_face_with_smiling_eyes', 'lost', 'trading', 'smiling_face_with_smiling_eyes smiling_face_with_smiling_eyes', 'done']"
421,zycazebecyga,2023-06-06 05:10:15+00:00,0.0,-0.0513,neutral,"['ᴡɪᴛʜ', 'ɪ', 'ʙᴜᴛ', 'ɪᴛ', 'opening']"
423,danielbrunograndl,2023-05-23 07:47:52+00:00,0.0,0.3237,neutral,['face_with_tears_of_joy']
425,brandytwilliams,2023-06-09 13:09:31+00:00,0.0,0.9428,positive,"['proud red_heart', 'brother', 'proud', 'red_heart']"
425,skza_king_saif,2023-06-09 11:44:27+00:00,0.0,-0.4819,negative,"['gone', 'another', 'crying_face']"
425,tobs_orlane_,2023-06-09 09:19:39+00:00,0.0,-0.1302,neutral,"['process', 'mentally', 'money', 'think']"
425,luna01sab,2023-06-09 08:51:37+00:00,0.0,-0.9282,negative,"['versace', 'much']"
425,all__in125,2023-06-09 19:09:33+00:00,0.0,-0.4156,neutral,"['donate', 'whatever', 'customer', 'hungry', 'sick']"
427,miacountris_,2023-06-06 17:47:32+00:00,0.0,0.0321,neutral,[]
427,miacountris_,2023-06-06 17:46:46+00:00,0.0,0.0321,neutral,[]
427,ericatversace,2023-06-06 16:25:28+00:00,0.0,0.9722,positive,"['color', 'love', 'fire']"
427,collection_adnan_,2023-06-06 07:45:14+00:00,0.0,0.7074,positive,"['smiling_face_with_heart eyes', 'smiling_face_with_heart', 'eyes', 'eyes smiling_face_with_heart']"
427,onlinemarketing779b,2023-06-05 13:30:30+00:00,0.0,0.1033,neutral,['red_heart']
427,alejandrobuztoz,2023-06-05 00:55:46+00:00,0.0,0.1531,neutral,"['donate', 'different', 'come', 'however', 'months']"
428,mariameleonas,2023-06-09 13:54:21+00:00,0.0,-0.0816,neutral,[]
428,ericatversace,2023-06-06 16:26:04+00:00,0.0,0.3823,neutral,"['size please', 'dallas', 'size', 'need', 'please']"
428,sewing_z666,2023-06-06 13:23:20+00:00,0.0,0.0321,neutral,[]
428,sewing_z666,2023-06-06 13:22:52+00:00,0.0,0.8402,positive,"['eyes smiling_face_with_heart', 'smiling_face_with_heart eyes', 'smiling_face_with_heart', 'eyes']"
428,bechic_qr,2023-06-04 05:54:54+00:00,0.0,0.9893,positive,"['loved', 'butterfly', 'show', 'beautiful']"
428,tayumic25,2023-06-02 18:37:46+00:00,0.0,0.0321,neutral,[]
428,tayumic25,2023-06-02 18:37:31+00:00,0.0,0.0321,neutral,[]
428,tayumic25,2023-06-02 18:37:20+00:00,0.0,0.0321,neutral,[]
429,wcatec40,2023-06-08 18:46:32+00:00,0.0,0.2279,neutral,"['jewellery', 'silver', 'making', 'start', 'fashion']"
429,saintaviv,2023-06-07 02:38:58+00:00,0.0,0.4576,positive,"['slide fire', 'slide', 'fire']"
429,ericatversace,2023-06-06 16:28:18+00:00,0.0,0.779,positive,"['elegance', 'beyond', 'butterfly', 'time', 'two_hearts']"
429,catroy60,2023-06-06 03:41:31+00:00,0.0,0.8947,positive,"['love boots', 'boots smiling_face_with_heart', 'boots', 'love', 'smiling_face_with_heart eyes']"
429,rodrigoalves945,2023-06-04 21:00:01+00:00,0.0,0.004,neutral,['belo']
429,paint_clothes_and_help,2023-06-02 18:23:43+00:00,0.0,0.9692,positive,"['butterfly', 'love', 'fire']"
429,gretakiss7,2023-06-02 13:07:52+00:00,0.0,0.201,neutral,"['greta kiss', 'greta', 'kiss']"
430,carminebaldassarreking9,2023-02-22 02:15:06+00:00,0.0,0.0383,neutral,['high']
430,_campus_code,2022-11-17 16:31:35+00:00,0.0,0.868,positive,"['eyes smiling_face_with_heart', 'smiling_face_with_heart eyes', 'smiling_face_with_heart', 'eyes']"
430,fashioninstasush,2022-11-02 00:52:42+00:00,0.0,0.2783,neutral,['wow']
430,montell80,2022-10-28 20:29:31+00:00,0.0,0.9793,positive,"['attractive', 'content', 'check dm', 'please check', 'hey']"
430,qopetam,2022-10-27 22:13:23+00:00,0.0,-0.2153,neutral,"['scary', 'bella', 'omg']"
430,elena_zhosan_makeup,2022-10-07 14:39:14+00:00,0.0,0.2749,neutral,"['red_heart red_heart', 'red_heart']"
430,flopicohen,2022-10-05 12:11:48+00:00,0.0,0.2036,neutral,"['clapping_hands', 'clapping_hands clapping_hands', 'fire', 'fire fire', 'fire clapping_hands']"
430,carolinecrowdesigns,2022-09-20 18:13:40+00:00,0.0,0.0278,neutral,"['fire', 'fire fire']"
431,cza_101,2023-06-08 14:31:29+00:00,0.0,0.9832,positive,"['love smiling_face_with_heart', 'omg', 'love', 'smiling_face_with_heart eyes', 'smiling_face_with_heart']"
431,julietalugea,2023-06-08 01:09:37+00:00,0.0,0.0321,neutral,[]
431,ericatversace,2023-06-06 16:28:55+00:00,0.0,0.04,neutral,"['dallas', 'raising_hands red_heart', 'red_heart raising_hands', 'need', 'red_heart']"
431,odontologiamacedo129497sp,2023-06-04 19:07:08+00:00,0.0,0.1766,neutral,"['mil', 'menos', 'só', 'pelo', 'um']"
431,paint_clothes_and_help,2023-06-02 17:54:42+00:00,0.0,0.95,positive,"['love smiling_face_with_heart', 'love', 'smiling_face_with_heart eyes', 'smiling_face_with_heart', 'eyes']"
431,elsecretodelasmadres,2023-06-01 14:19:02+00:00,0.0,-0.066,neutral,"['woman_technologist_medium light_skin_tone', 'woman_technologist_medium', 'money_bag', 'en', 'casa']"
431,frijolezzmusic,2023-05-30 07:40:42+00:00,0.0,-0.1738,neutral,"['fire fire', 'fire']"
432,queen_.quynh,2023-06-08 02:28:46+00:00,0.0,0.0981,neutral,[]
432,queen_.quynh,2023-06-08 02:28:45+00:00,0.0,-0.1939,neutral,['wowww']
432,bonita.photos,2023-06-07 22:19:31+00:00,1.0,0.0321,neutral,[]
432,malvi_jaan_02,2023-06-07 19:15:54+00:00,0.0,0.0263,neutral,"['pic backhand_index_pointing_right', 'backhand_index_pointing_right', 'send pic', 'pic', 'send']"
432,baddiebeyiv.4,2023-06-07 19:11:21+00:00,0.0,0.0278,neutral,"['fire', 'fire fire']"
432,fashionweek,2023-06-07 19:11:07+00:00,3.0,0.0992,neutral,['dashing_away']
432,madelinemulvey,2023-06-07 19:09:00+00:00,0.0,-0.0665,neutral,['fire']
433,everything.brandi,2023-06-06 00:31:05+00:00,1.0,0.7583,positive,"['fire', 'baby fire', 'fire fire', 'red_heart', 'red_heart red_heart']"
433,sinaurity,2023-06-05 22:16:22+00:00,0.0,0.2253,neutral,"['recruiting', 'models', 'available', 'photo', 'required']"
433,mohamedkhalel27,2023-06-05 09:25:22+00:00,0.0,-0.0742,neutral,"['created', 'john', 'mens', 'someone', 'grinning_face']"
433,ac2cute,2023-06-09 00:27:10+00:00,1.0,-0.0082,neutral,"['medium dark_skin_tone', 'dark_skin_tone', 'medium']"
433,thederekdoll,2023-06-09 01:03:35+00:00,0.0,0.2744,neutral,"['red_heart', 'red_heart red_heart']"
434,ayoo._.jordan,2023-06-06 18:12:10+00:00,0.0,0.1939,neutral,['join']
434,shennigan_nyc,2023-06-01 18:10:13+00:00,0.0,0.2088,neutral,"['heart_suit white_heart', 'orange_heart green_heart', 'purple_heart yellow_heart', 'black_heart purple_heart', 'yellow_heart sparkling_heart']"
434,dorothyhiggins278,2023-06-01 05:02:16+00:00,0.0,0.6624,positive,"['loose', 'fire love', 'colors', 'fire', 'fire fire']"
434,euodia.asmerom,2023-05-31 23:01:54+00:00,1.0,0.2485,neutral,"['smiling_face_with_tear', 'medium_skin_tone']"
434,kevinthekiwi,2023-05-31 09:13:48+00:00,0.0,0.4491,positive,"['massive', 'massive slay', 'slay']"
434,callmeaannii,2023-05-31 05:00:40+00:00,0.0,0.1593,neutral,['yess']
434,christineevans,2023-05-31 05:00:22+00:00,0.0,0.3666,neutral,"['clapping_hands', 'clapping_hands clapping_hands']"
434,karmenwms,2023-05-31 03:15:21+00:00,1.0,0.0321,neutral,[]
435,cristiansanntos,2023-06-09 18:03:32+00:00,0.0,-0.019,neutral,"['consigo', 'estar', 'sonho', 'perfeição', 'um']"
435,ashkan.mohsenni,2023-06-08 11:44:37+00:00,0.0,0.9748,positive,"['amazing smiling_face_with_heart', 'amazing', 'smiling_face_with_heart eyes', 'smiling_face_with_heart', 'eyes']"
435,hallanbastos,2023-06-07 02:17:00+00:00,0.0,-0.1281,neutral,['heart_on_fire']
435,ericatversace,2023-06-06 16:27:30+00:00,0.0,0.9459,positive,"['successful', 'fabulous', 'red_heart']"
435,oliver127449,2023-06-06 15:59:02+00:00,0.0,-0.9023,negative,"['cheap', 'face', 'confounded_face', 'poor', 'care']"
435,catroy60,2023-06-06 03:40:28+00:00,0.0,0.1586,neutral,"['gem_stone', 'jeans', 'jeans jeans', 'gem_stone gem_stone']"
435,sem.ginemo,2023-06-05 19:22:19+00:00,1.0,0.5099,positive,"['fire', 'fire fire', 'handsome']"
435,onlinemarketing779b,2023-06-05 13:30:41+00:00,0.0,0.1033,neutral,['red_heart']
435,charles007326,2023-06-04 19:10:38+00:00,0.0,0.0415,neutral,"['fire fire', 'fire']"
435,chef__abood,2023-06-04 05:47:35+00:00,0.0,0.5115,positive,"['fire', 'fire fire', 'fire smiling_face_with_heart', 'smiling_face_with_heart eyes', 'smiling_face_with_heart']"
436,ayoo._.jordan,2023-06-06 18:12:40+00:00,0.0,-0.125,neutral,['sign']
436,thecanvasnyc,2023-06-06 16:57:54+00:00,0.0,0.0181,neutral,"['red_heart fire', 'red_heart', 'red_heart red_heart', 'fire']"
436,petitcarmelino,2023-06-05 21:50:00+00:00,0.0,-0.0665,neutral,['fire']
436,luanazumm,2023-06-05 08:43:54+00:00,0.0,0.868,positive,"['eyes smiling_face_with_heart', 'smiling_face_with_heart eyes', 'smiling_face_with_heart', 'eyes']"
436,rafaelyau,2023-06-02 00:28:38+00:00,0.0,0.9642,positive,"['nicely done', 'done keep', 'nicely', 'done', 'keep']"
436,hector.murillo.33886305,2023-06-01 22:47:43+00:00,0.0,-0.1137,neutral,"['los', 'mucho', 'siempre', 'desfiles', 'moda']"
436,dawidtomaszewski,2023-06-01 14:45:30+00:00,0.0,0.8343,positive,"['star struck', 'struck', 'star', 'eyes smiling_face_with_hearts', 'struck smiling_face_with_heart']"
436,dorothyhiggins278,2023-06-01 05:02:52+00:00,0.0,0.728,positive,"['smiling_face_with_heart eyes', 'smiling_face_with_heart', 'eyes']"
436,realydigital,2023-05-31 21:24:45+00:00,0.0,-0.0127,neutral,"['sewing_needle', 'artist_palette']"
436,yangdana1993,2023-05-31 18:59:56+00:00,0.0,0.0072,neutral,"['confetti_ball', 'confetti_ball confetti_ball']"
437,photo.sardana,2023-06-03 23:07:47+00:00,0.0,0.9008,positive,"['wow smiling_face_with_heart', 'wow', 'smiling_face_with_heart eyes', 'smiling_face_with_heart', 'eyes']"
437,shennigan_nyc,2023-06-03 06:59:59+00:00,0.0,0.215,neutral,"['brown_heart yellow_heart', 'purple_heart black_heart', 'heart_suit white_heart', 'green_heart sparkling_heart', 'orange_heart green_heart']"
437,yeison_jonathan2,2023-06-02 17:24:28+00:00,0.0,0.286,neutral,"['red_heart', 'clapping_hands', 'clapping_hands raising_hands', 'red_heart red_heart', 'raising_hands red_heart']"
438,thecanvasnyc,2023-06-06 16:58:19+00:00,0.0,0.2019,neutral,"['red_heart', 'red_heart red_heart']"
438,ljrbeyourself,2023-05-30 11:02:24+00:00,0.0,0.5308,positive,['thumbs_up']
438,sinaurity,2023-05-29 11:52:36+00:00,0.0,0.3419,neutral,"['location', 'location whoever', 'interested kindly', 'whoever interested', 'whoever']"
438,realydigital,2023-05-28 02:56:23+00:00,0.0,0.0309,neutral,"['sewing_needle', 'blossom', 'white_heart']"
438,scarce.hm,2023-05-26 14:37:11+00:00,0.0,0.0321,neutral,[]
438,kari_noren,2023-05-25 16:53:14+00:00,0.0,0.94,positive,"['love red_heart', 'red_heart clapping_hands', 'clapping_hands', 'love', 'red_heart']"
438,beetekon,2023-05-24 08:38:02+00:00,0.0,0.2019,neutral,"['red_heart', 'red_heart red_heart']"
438,christinek_hair,2023-05-23 20:16:49+00:00,0.0,0.8274,positive,"['drooling_face', 'green_heart']"
439,brown_girl__0007,2023-05-28 03:04:53+00:00,0.0,-0.0288,neutral,[]
439,brown_girl__0007,2023-05-28 03:04:52+00:00,0.0,0.0465,neutral,['forget']
439,brown_girl__0007,2023-05-28 03:04:50+00:00,0.0,-0.0051,neutral,['send']
439,sinaurity,2023-05-27 18:22:51+00:00,0.0,0.2223,neutral,"['location', 'models', 'hiring', 'interested models', 'location interested']"
439,mooshooshh,2023-05-27 18:13:12+00:00,0.0,0.0278,neutral,"['fire', 'fire fire']"
439,polishedmodels,2023-05-26 19:29:58+00:00,0.0,0.0321,neutral,[]
439,tinyjewishgirl,2023-05-26 19:27:27+00:00,3.0,-0.0225,neutral,['first']
440,queen_bizzum,2023-06-07 01:41:58+00:00,0.0,0.0573,neutral,"['fire', 'fire fire']"
440,shinewith_sushmita,2023-06-06 15:47:01+00:00,0.0,0.8368,positive,"['design', 'chi', 'elegant', 'face_blowing_a_kiss', 'smiling_face_with_heart eyes']"
440,rach_gurung,2023-06-06 07:43:37+00:00,0.0,0.7661,positive,['stunning']
440,mona_shroff_jewellery,2023-06-06 06:38:38+00:00,0.0,0.9854,positive,"['creativity', 'extremely', 'always smiling_face_with_heart', 'talented', 'always']"
440,hangma__chemjong,2023-06-05 17:02:32+00:00,0.0,0.5579,positive,"['creativity', 'smiling_face_with_heart eyes', 'smiling_face_with_heart', 'eyes']"
440,iamsonashrestha,2023-06-05 15:31:05+00:00,1.0,0.9812,positive,"['mesmerizing', 'series', 'designed', 'watching', 'elegant']"
440,amisakarki,2023-06-05 15:23:27+00:00,0.0,0.2783,neutral,['wow']
440,lindyhu,2023-06-05 11:45:31+00:00,0.0,-0.1695,neutral,[]
440,sanaya_available__0245,2023-06-05 07:26:18+00:00,0.0,0.3533,neutral,"['hot_face', 'drooling_face', 'available']"
441,thecanvasnyc,2023-06-06 16:58:06+00:00,0.0,0.0181,neutral,"['red_heart fire', 'red_heart', 'red_heart red_heart', 'fire']"
441,shaminderbiring,2023-06-01 02:53:17+00:00,0.0,0.0278,neutral,"['fire', 'fire fire']"
441,aknvas,2023-05-31 20:22:42+00:00,1.0,0.07,neutral,"['red_heart', 'red_heart red_heart']"
441,christianjuulnielsen,2023-05-31 20:22:00+00:00,0.0,0.4633,positive,['love']
441,i.mohsin_yousafzai,2023-05-28 12:15:04+00:00,0.0,0.0803,neutral,['clapping_hands']
441,sinaurity,2023-05-27 18:12:05+00:00,0.0,0.2223,neutral,"['location', 'models', 'hiring', 'interested models', 'location interested']"
441,scarce.hm,2023-05-27 17:22:54+00:00,0.0,0.0321,neutral,[]
441,christinek_hair,2023-05-27 16:29:13+00:00,0.0,0.9572,positive,"['loving', 'looks']"
441,iamexclussif,2023-05-27 16:08:20+00:00,0.0,0.223,neutral,[]
442,yolandamoralm,2023-05-29 15:05:17+00:00,0.0,0.2933,neutral,"['black_heart smiling_face_with_horns', 'smiling_face_with_horns', 'movie_camera black_heart', 'movie_camera', 'black_heart']"
442,shennigan_nyc,2023-05-25 20:02:21+00:00,0.0,0.24,neutral,"['orange_heart sparkling_heart', 'purple_heart orange_heart', 'black_heart purple_heart', 'brown_heart green_heart', 'yellow_heart black_heart']"
442,realydigital,2023-05-25 19:14:50+00:00,0.0,-0.0541,neutral,"['sewing_needle', 'artist_palette', 'ok_hand']"
442,iamexclussif,2023-05-25 00:42:35+00:00,0.0,-0.0311,neutral,"['white_heart white_heart', 'white_heart']"
442,allexclusive.us,2023-05-24 20:13:22+00:00,0.0,0.3024,neutral,"['clapping_hands', 'clapping_hands clapping_hands']"
442,jerrymask_123,2023-05-24 19:42:48+00:00,1.0,0.4334,neutral,"['creation', 'logo', 'store', 'help']"
442,bibhumohapatra,2023-05-24 16:52:13+00:00,0.0,0.1033,neutral,['red_heart']
442,nyfw,2023-05-24 16:35:24+00:00,0.0,0.5447,positive,"['runway', 'styleblogger']"
443,bkpr2024,2023-05-26 18:15:51+00:00,1.0,-0.0386,neutral,"['style fire', 'fire', 'style']"
443,ayeshamali.art,2023-05-26 08:28:12+00:00,1.0,0.6015,positive,"['wow red_heart', 'wow', 'red_heart']"
443,facehunter,2023-05-27 01:37:11+00:00,1.0,0.2606,neutral,"['sparkles', 'light_skin_tone sparkles', 'folded_hands_medium light_skin_tone', 'folded_hands_medium', 'light_skin_tone']"
444,mariackenny,2023-05-23 12:51:52+00:00,1.0,0.6683,positive,['welcome']
444,aquimibarbosa,2023-05-21 16:59:54+00:00,1.0,0.8402,positive,"['eyes smiling_face_with_heart', 'smiling_face_with_heart eyes', 'smiling_face_with_heart', 'eyes']"
444,bkpr2024,2023-05-21 16:58:59+00:00,1.0,-0.0524,neutral,['style']
444,94tago,2023-05-21 11:14:13+00:00,1.0,0.1033,neutral,['red_heart']
444,facehunter,2023-05-23 17:22:57+00:00,0.0,0.2609,neutral,['thanks']
445,mar_nakamura,2023-06-09 11:22:12+00:00,1.0,0.1033,neutral,['red_heart']
445,taquesx,2023-06-08 20:55:06+00:00,1.0,-0.0552,neutral,['know']
445,ateliermariajosephine,2023-06-08 20:01:37+00:00,1.0,-0.0562,neutral,"['e', 'depois de', 'nunca', 'queria', 'depois']"
445,renatamariasc,2023-06-09 12:37:56+00:00,1.0,0.644,positive,"['ahhh', 'sim', 'agora', 'vi', 'smiling_face_with_heart eyes']"
446,ragnheidur_palsdottir,2023-06-01 08:35:15+00:00,1.0,0.531,positive,['fantastic']
446,nazarenacalvi,2023-06-01 04:59:49+00:00,1.0,0.9347,positive,"['welcome', 'always', 'red_heart']"
446,nowiplus,2023-05-31 19:13:16+00:00,1.0,0.9532,positive,"['país', 'mi', 'white_heart']"
446,facehunter,2023-06-01 09:08:23+00:00,0.0,0.6549,positive,['smiling_face']
446,facehunter,2023-06-01 09:08:57+00:00,1.0,0.9597,positive,"['visit', 'soon', 'hope', 'thanks']"
447,summer22.08,2023-05-23 09:26:54+00:00,2.0,0.588,positive,"['smiling_face_with_hearts', 'très', 'vous', 'pour', 'smiling_face_with_hearts smiling_face_with_hearts']"
447,aninhateitei,2023-05-22 23:16:53+00:00,1.0,0.1033,neutral,['red_heart']
447,marianasucreacedo,2023-05-22 21:59:39+00:00,1.0,-0.0591,neutral,['party_popper']
447,terumando,2023-05-22 21:05:54+00:00,1.0,-0.2291,neutral,"['star struck', 'struck', 'star', 'face_screaming_in_fear', 'struck star']"
447,facehunter,2023-06-01 01:10:32+00:00,1.0,0.5525,positive,"['sparkles', 'sparkles light_skin_tone', 'light_skin_tone sparkles', 'light_skin_tone']"
447,facehunter,2023-06-01 01:10:45+00:00,1.0,0.6549,positive,['smiling_face']
448,wasna_ali,2023-05-14 19:54:27+00:00,0.0,0.9566,positive,"['love u', 'unique', 'u', 'love', 'smiling_face_with_heart eyes']"
448,bbsnapshot,2023-05-03 10:13:10+00:00,1.0,0.1033,neutral,['red_heart']
448,bbsnapshot,2023-05-03 10:13:05+00:00,1.0,0.1033,neutral,['red_heart']
448,yvanonstock,2023-05-03 05:23:41+00:00,1.0,0.1423,neutral,"['raising_hands', 'raising_hands raising_hands']"
448,yvanonstock,2023-05-02 18:47:18+00:00,1.0,0.1673,neutral,"['clapping_hands', 'clapping_hands clapping_hands']"
448,the_mighty_lulu,2023-05-02 13:18:30+00:00,1.0,0.5279,positive,"['rolling_on_the_floor_laughing', 'profile', 'folded_hands_light_skin_tone', 'heart_on_fire']"
448,facehunter,2023-05-14 20:18:12+00:00,0.0,0.6549,positive,['smiling_face']
449,johanssl,2023-05-06 08:21:07+00:00,1.0,0.7867,positive,"['smiling_face_with_heart eyes', 'smiling_face_with_heart', 'eyes', 'eyes smiling_face_with_heart']"
449,jkrynska,2023-05-05 09:57:28+00:00,1.0,0.2783,neutral,['wow']
449,bennycoasttocoast,2023-05-05 08:08:52+00:00,1.0,0.9471,positive,"['invited', 'well done', 'whole', 'page', 'done']"
449,paulixblack,2023-05-05 04:43:06+00:00,1.0,0.5791,positive,['star']
449,facehunter,2023-05-06 08:26:20+00:00,0.0,0.0442,neutral,['light_skin_tone']
449,facehunter,2023-05-06 13:38:31+00:00,0.0,-0.7149,negative,['years']
450,yuliaaevt,2023-05-14 06:13:55+00:00,0.0,0.728,positive,"['smiling_face_with_heart eyes', 'smiling_face_with_heart', 'eyes']"
450,marinaconunat,2023-05-13 08:43:03+00:00,0.0,0.9558,positive,"['jacket smiling_face_with_heart', 'know brand', 'jacket', 'brand', 'know']"
450,meron__arti,2023-05-12 17:58:33+00:00,0.0,-0.023,neutral,[]
450,manimass3737,2023-05-14 20:05:16+00:00,0.0,-0.0674,neutral,"['je', 'smiling_face_with_heart eyes', 'smiling_face_with_heart', 'eyes']"
451,mild.adventurers,2023-05-17 08:39:31+00:00,1.0,0.9717,positive,"['fascinating', 'sharing', 'thank']"
451,merve_ozgul,2023-05-16 22:36:13+00:00,2.0,-0.736,negative,"['exotic', 'familiar', 'peace', 'case', 'history']"
451,thelostgrrl,2023-05-16 19:06:00+00:00,1.0,0.9324,positive,"['fave', 'pic']"
451,olguitamallo,2023-05-16 13:45:37+00:00,2.0,-0.0094,neutral,"['fran', 'eyes']"
451,nomad.fran,2023-05-17 11:05:43+00:00,2.0,-0.0953,neutral,"['ahí', 'fotos', 'q', 'lo']"
451,olguitamallo,2023-05-17 18:05:35+00:00,2.0,0.0659,neutral,"['fran', 'el', 'grande']"
452,christinefjensen,2023-05-24 10:54:07+00:00,0.0,0.0321,neutral,[]
452,quittenmarmelade,2023-05-07 23:24:00+00:00,1.0,0.0556,neutral,"['jeans', 'know brand', 'expert', 'grinning_face_with_sweat', 'brand']"
452,mariacaterina_forte,2023-04-30 09:43:31+00:00,0.0,0.2744,neutral,"['red_heart', 'red_heart red_heart']"
452,quittenmarmelade,2023-05-16 19:34:43+00:00,0.0,0.8645,positive,"['trying', 'thanks', 'two_hearts']"
453,braaanddz,2023-06-09 08:49:40+00:00,0.0,0.1033,neutral,['red_heart']
453,trendopolis_,2023-06-09 04:51:08+00:00,0.0,0.7867,positive,"['smiling_face_with_heart eyes', 'smiling_face_with_heart', 'eyes', 'eyes smiling_face_with_heart']"
453,trendopolis_,2023-06-09 04:51:02+00:00,0.0,0.0278,neutral,"['fire', 'fire fire']"
453,mrwuorldwide,2023-06-09 01:56:06+00:00,0.0,0.7915,positive,"['album', 'red', 'smiling_face_with_smiling_eyes', 'like', 'red_heart']"
453,nayara_dums,2023-06-09 01:39:53+00:00,0.0,-0.0282,neutral,"['meu', 'é', 'de']"
453,marwaa_nasser31,2023-06-08 23:55:46+00:00,0.0,-0.0321,neutral,"['fire', 'fire fire']"
453,772nft,2023-06-08 02:26:38+00:00,0.0,-0.011,neutral,"['nft', 'prada']"
453,hoseinn_hesam,2023-06-07 22:53:48+00:00,0.0,0.7238,positive,"['smiling_face_with_sunglasses', 'smiling_face_with_sunglasses smiling_face_with_sunglasses']"
453,neudorferdeidamia,2023-06-07 20:37:24+00:00,0.0,0.1033,neutral,['red_heart']
454,shennigan_nyc,2023-05-21 06:47:03+00:00,0.0,0.1912,neutral,"['blue_heart', 'blue_heart orange_heart', 'orange_heart sparkling_heart', 'black_heart blue_heart', 'brown_heart green_heart']"
454,kar4sj,2023-05-21 05:16:11+00:00,0.0,-0.0332,neutral,"['z', 'v', 'я', 'v z', 'z я']"
454,kar4sj,2023-05-21 04:51:04+00:00,0.0,-0.1035,neutral,"['zf', 'я z', 'я', 'z']"
454,kar4sj,2023-05-21 04:50:59+00:00,0.0,-0.0587,neutral,"['я', 'z', 'я я', 'zz', 'raising_hands']"
454,kar4sj,2023-05-21 04:50:45+00:00,0.0,-0.0587,neutral,"['я', 'z', 'я я', 'zz', 'raising_hands']"
454,sheila_mode_style,2023-05-18 23:33:25+00:00,0.0,0.7867,positive,"['smiling_face_with_heart eyes', 'smiling_face_with_heart', 'eyes', 'eyes smiling_face_with_heart']"
454,zay_theone,2023-05-18 17:00:10+00:00,0.0,-0.0321,neutral,"['fire', 'fire fire']"
455,rising7_official,2023-06-07 09:56:17+00:00,0.0,0.1033,neutral,['red_heart']
455,sipa1_999,2023-06-06 15:41:11+00:00,0.0,0.3347,neutral,"['add', 'guys', 'pls']"
455,patrickdemorvan,2023-05-13 12:32:37+00:00,2.0,0.1033,neutral,['red_heart']
455,karikapela,2023-05-13 03:05:39+00:00,0.0,0.5499,positive,"['double_exclamation_mark', 'thumbs_up', 'hundred_points', 'smiling_face_with_sunglasses', 'sparkles']"
455,jeremy.moeller,2023-05-12 09:48:11+00:00,1.0,0.7074,positive,"['smiling_face_with_heart eyes', 'smiling_face_with_heart', 'eyes', 'eyes smiling_face_with_heart']"
455,sheila_mode_style,2023-05-10 17:40:33+00:00,1.0,0.7867,positive,"['smiling_face_with_heart eyes', 'smiling_face_with_heart', 'eyes', 'eyes smiling_face_with_heart']"
455,madelaidebenevides,2023-05-10 16:49:42+00:00,2.0,0.6154,positive,"['fotos', 'smiling_face_with_heart eyes', 'smiling_face_with_heart', 'eyes']"
455,realydigital,2023-05-10 16:45:16+00:00,1.0,0.2706,neutral,"['cool_button', 'hot_springs']"
456,kingdre_6,2023-06-09 04:23:40+00:00,0.0,0.3749,positive,"['fire', 'fire fire', 'bag fire', 'bag', 'need']"
456,sonya_chadha,2023-06-07 11:37:26+00:00,0.0,0.6619,positive,"['white_heart', 'wow white_heart', 'white_heart white_heart', 'wow']"
456,acessorios.haas,2023-06-07 10:56:09+00:00,0.0,0.6583,positive,"['smiling_face_with_heart eyes', 'smiling_face_with_heart', 'eyes']"
456,leila_k_hosseini,2023-06-06 11:21:51+00:00,0.0,0.3474,neutral,"['white_heart', 'clapping_hands', 'white_heart white_heart', 'clapping_hands clapping_hands']"
456,neudorferdeidamia,2023-06-05 22:24:53+00:00,0.0,0.1033,neutral,['red_heart']
456,moritz.store,2023-06-05 05:38:30+00:00,0.0,-0.0665,neutral,['fire']
456,almirvicentesdos,2023-06-04 16:42:06+00:00,0.0,0.1504,neutral,"['gem_stone', 'gem_stone gem_stone', 'israel']"
456,braaanddz,2023-06-04 14:16:09+00:00,0.0,0.1033,neutral,['red_heart']
456,soyturk_atila,2023-06-04 09:56:39+00:00,0.0,-0.0665,neutral,['fire']
456,gretakiss7,2023-06-04 08:02:12+00:00,1.0,0.1991,neutral,"['kiss red_heart', 'greta', 'greta kiss', 'kiss', 'red_heart']"
457,lilianarquejada,2023-05-25 15:27:04+00:00,0.0,0.728,positive,"['smiling_face_with_heart eyes', 'smiling_face_with_heart', 'eyes']"
457,taralevyphoto,2023-04-25 17:24:44+00:00,0.0,-0.0175,neutral,"['medium_skin_tone', 'medium_skin_tone medium_skin_tone']"
457,juanmederooficial,2023-04-25 03:13:13+00:00,0.0,0.0522,neutral,"['ok_hand', 'fire', 'star', 'fire fire']"
457,shennigan_nyc,2023-04-24 20:54:13+00:00,0.0,0.2373,neutral,"['orange_heart purple_heart', 'brown_heart green_heart', 'black_heart orange_heart', 'green_heart black_heart', 'yellow_heart brown_heart']"
457,modamanagementglobal,2023-04-24 08:29:53+00:00,0.0,0.5366,positive,['love']
457,rafaelyau,2023-04-24 00:07:13+00:00,0.0,0.9751,positive,"['nicely done', 'done keep', 'nicely', 'done', 'keep']"
457,e.f.fashion,2023-04-23 22:03:12+00:00,0.0,0.1033,neutral,['red_heart']
457,thevogueman_,2023-04-23 20:32:13+00:00,0.0,0.4351,neutral,"['classic', 'classic classic']"
458,neudorferdeidamia,2023-06-05 22:25:07+00:00,0.0,0.1033,neutral,['red_heart']
458,stereodino,2023-06-05 07:26:51+00:00,0.0,-0.7138,negative,"['price', 'increase', 'stuff', 'season', 'prada']"
458,luxurybrands_japan,2023-06-05 05:52:47+00:00,0.0,0.1565,neutral,"['raising_hands', 'raising_hands raising_hands']"
458,vide0g,2023-06-05 04:21:11+00:00,0.0,-0.2167,neutral,"['gone', 'bro']"
458,fordmodelsparis,2023-06-04 19:42:15+00:00,1.0,0.0278,neutral,"['fire', 'fire fire']"
458,castellidimitrii,2023-06-04 12:20:34+00:00,0.0,0.0803,neutral,['clapping_hands']
458,ugursenoglu34,2023-06-04 06:12:33+00:00,0.0,0.7074,positive,"['smiling_face_with_heart eyes', 'smiling_face_with_heart', 'eyes', 'eyes smiling_face_with_heart']"
458,cal_teles,2023-06-04 00:59:41+00:00,0.0,0.4543,neutral,"['australia criative', 'style perfect', 'globe_showing_asia australia', 'perfect globe_showing_asia', 'globe_showing_asia']"
459,photographies.zz.zakaria,2023-04-28 20:58:31+00:00,0.0,0.9313,positive,"['join profil', 'profil', 'join', 'beautiful']"
459,zerifkehidupan,2023-04-25 15:56:47+00:00,0.0,-0.0719,neutral,[]
459,xiaoyuanron,2023-04-20 14:43:35+00:00,0.0,0.8857,positive,"['eyes smiling_face_with_heart', 'smiling_face_with_heart eyes', 'smiling_face_with_heart', 'eyes']"
459,thepurelifemag,2023-04-20 11:46:11+00:00,0.0,0.2445,neutral,"['clapping_hands', 'clapping_hands clapping_hands']"
459,lazascrapart,2023-04-20 10:58:07+00:00,0.0,0.0134,neutral,"['two_hearts', 'black_heart', 'white_heart', 'black_heart red_heart', 'red_heart black_heart']"
459,modamanagementglobal,2023-04-20 10:23:21+00:00,0.0,0.0278,neutral,"['fire', 'fire fire']"
459,tropcoolamarquedutemps,2023-04-20 07:37:50+00:00,0.0,0.0976,neutral,['sun']
459,strangediamond,2023-04-20 02:12:36+00:00,0.0,0.9625,positive,"['fire', 'fire fire', 'amazing fire', 'amazing']"
459,csillaggyorgy,2023-04-19 13:28:48+00:00,0.0,-0.0639,neutral,['ill']
459,felitie23,2023-04-19 03:17:11+00:00,0.0,0.0727,neutral,"['ameiii', 'nossa']"
460,style.fa.na.ri,2023-05-02 20:48:17+00:00,0.0,0.0278,neutral,"['fire', 'fire fire']"
460,shennigan_nyc,2023-04-30 07:10:48+00:00,0.0,0.2336,neutral,"['brown_heart purple_heart', 'orange_heart brown_heart', 'yellow_heart green_heart', 'black_heart orange_heart', 'green_heart black_heart']"
460,juanmederooficial,2023-04-30 02:05:27+00:00,0.0,0.1038,neutral,"['star ok_hand', 'fire star', 'ok_hand', 'fire', 'star']"
460,yakupoguz_21,2023-04-30 00:57:16+00:00,0.0,0.2408,neutral,"['red_heart crying_face', 'last post', 'post', 'crying_face', 'last']"
460,robertaoro,2023-04-29 01:45:05+00:00,1.0,0.3927,neutral,"['fire smiling_face_with_sunglasses', 'smiling_face_with_sunglasses', 'clapping_hands', 'fire']"
460,la.mode_sima,2023-04-28 10:25:18+00:00,0.0,0.9376,positive,"['clapping_hands', 'clapping_hands clapping_hands', 'beautiful']"
460,bex_forrest,2023-04-28 00:45:45+00:00,0.0,0.9565,positive,['love']
460,quisqueyafashionweek,2023-04-27 17:49:22+00:00,1.0,0.3666,neutral,"['clapping_hands', 'clapping_hands clapping_hands']"
460,xiaoyuanron,2023-04-27 17:26:02+00:00,0.0,0.868,positive,"['eyes smiling_face_with_heart', 'smiling_face_with_heart eyes', 'smiling_face_with_heart', 'eyes']"
460,hubackova.marie,2023-04-27 17:04:03+00:00,0.0,0.7332,positive,"['eyes clapping_hands', 'clapping_hands', 'smiling_face_with_heart eyes', 'smiling_face_with_heart', 'eyes']"
461,ani_david_tayeng,2023-06-03 08:08:53+00:00,0.0,0.01,neutral,"['victory_hand', 'fire']"
461,kkpouiqi,2023-06-02 10:04:17+00:00,0.0,0.9799,positive,"['harry', 'love much', 'much', 'love']"
461,2009_michael28,2023-05-31 09:16:48+00:00,0.0,0.1791,neutral,"['popular', 'israel', 'maybe']"
461,2009_michael28,2023-05-31 09:16:35+00:00,0.0,0.9147,positive,"['artist', 'israel', 'favourite', 'harry', 'im']"
462,niyof33106,2023-03-28 01:48:05+00:00,0.0,-0.305,neutral,"['waters', 'test', 'start', 'days', 'got']"
462,niyof33106,2023-03-28 01:48:02+00:00,0.0,-0.0625,neutral,"['𝘁𝗼', '𝘆𝗼𝘂', '𝗼𝗳', 'lisa']"
462,espelho.meufer,2023-03-21 15:38:38+00:00,0.0,0.7867,positive,"['smiling_face_with_heart eyes', 'smiling_face_with_heart', 'eyes', 'eyes smiling_face_with_heart']"
462,ellen123ludlow,2023-01-31 20:42:40+00:00,0.0,0.1033,neutral,['red_heart']
462,sainafilm.ir,2022-10-07 20:14:41+00:00,0.0,-0.3259,neutral,"['women', 'get', 'teaching', 'men', 'world']"
463,faith.mp3,2023-01-08 06:49:42+00:00,0.0,0.0855,neutral,"['look', 'cold', 'makeup', 'often', 'youtube']"
463,marielamohr_,2022-06-07 15:25:07+00:00,0.0,-0.0665,neutral,['fire']
463,angelocolnaghi,2022-05-23 09:01:47+00:00,0.0,0.1033,neutral,['red_heart']
464,priestess_salomi_williams,2023-05-25 17:51:16+00:00,0.0,0.762,positive,"['see', 'message', 'blocked kindly', 'need honest', 'see around']"
464,hoothootmycootcoot,2022-11-18 14:21:17+00:00,0.0,-0.2084,neutral,[]
467,eli_lonati,2023-01-19 14:55:31+00:00,0.0,0.3004,neutral,"['red_heart red_heart', 'red_heart']"
469,jkk2.7,2023-06-09 19:18:40+00:00,0.0,-0.1878,neutral,[]
469,broa.derfashion78,2023-06-09 06:26:45+00:00,0.0,0.8388,positive,"['tops products', 'bikinis tops', 'stylish bikinis', 'us face_blowing_a_kiss', 'products message']"
469,w_4.6_,2023-06-08 19:04:07+00:00,0.0,0.0271,neutral,[]
469,helenaart00,2023-06-08 12:35:05+00:00,0.0,0.7661,positive,['stunning']
469,broa.derfashion78,2023-06-07 14:34:57+00:00,0.0,0.8388,positive,"['tops products', 'bikinis tops', 'stylish bikinis', 'us face_blowing_a_kiss', 'products message']"
469,mr_mann_rathor,2023-06-07 03:53:47+00:00,0.0,0.868,positive,"['eyes smiling_face_with_heart', 'smiling_face_with_heart eyes', 'smiling_face_with_heart', 'eyes']"
469,mr_mann_rathor,2023-06-07 03:53:45+00:00,0.0,0.8402,positive,"['eyes smiling_face_with_heart', 'smiling_face_with_heart eyes', 'smiling_face_with_heart', 'eyes']"
471,beccapaigebrown,2023-06-06 18:56:38+00:00,1.0,-0.9736,negative,"['customer', 'company', 'service', 'least', 'order']"
471,mierhkael,2023-06-06 10:06:06+00:00,0.0,0.935,positive,['love']
471,missyasmeenq,2023-06-06 08:15:10+00:00,0.0,0.1252,neutral,"['urgent', 'pls', 'reply', 'dm']"
471,granatehome,2023-06-06 01:24:02+00:00,0.0,0.728,positive,"['smiling_face_with_heart eyes', 'smiling_face_with_heart', 'eyes']"
476,lyzastarrz,2023-06-02 22:07:55+00:00,0.0,0.8616,positive,['loveee']
476,evans__pipcount,2023-06-02 15:35:51+00:00,0.0,0.7928,positive,"['word', 'five', 'supporting', 'might', 'year']"
476,trujillo_jess,2023-06-02 14:45:05+00:00,0.0,0.8258,positive,"['yes please', 'say', 'raising_hands fire', 'yes', 'fire red_heart']"
476,alyssathelibra,2023-06-02 14:28:29+00:00,1.0,-0.0027,neutral,"['star struck', 'struck', 'star', 'struck star']"
476,danceboy_moses,2023-06-02 14:06:54+00:00,1.0,0.2019,neutral,"['red_heart', 'red_heart red_heart']"
476,annabella_dittmar,2023-06-02 18:24:17+00:00,0.0,0.74,positive,"['beaming_face_with_smiling_eyes', 'beaming_face_with_smiling_eyes beaming_face_with_smiling_eyes']"
478,haydmel,2023-06-07 20:54:51+00:00,1.0,-0.0761,neutral,"['pas', 'ci', 'je']"
478,haydmel,2023-06-07 20:54:09+00:00,1.0,-0.0867,neutral,['je']
478,tarecques,2023-05-09 14:27:52+00:00,1.0,0.2503,neutral,"['high_voltage', 'high_voltage high_voltage']"
478,linahadid,2023-05-09 02:01:33+00:00,1.0,0.4637,positive,"['standing', 'destroyed', 'broken_heart', 'still', 'see']"
478,le_poi_art,2023-05-08 06:13:34+00:00,1.0,0.0803,neutral,['clapping_hands']
478,facehunter,2023-06-07 21:09:56+00:00,1.0,-0.0493,neutral,"['project', 'ce', 'est', 'en']"
479,agobo2023,2023-06-09 14:56:31+00:00,0.0,0.0656,neutral,"['fire', 'fire red_heart', 'red_heart fire', 'red_heart']"
479,andruemetoxen,2023-06-09 10:41:46+00:00,0.0,-0.6779,negative,"['check_mark', 'tongue', 'fuck', 'index_pointing_up', 'yes']"
479,vintg30,2023-06-09 00:21:35+00:00,0.0,0.0999,neutral,"['fire', 'fire red_heart', 'red_heart fire', 'red_heart', 'red_heart red_heart']"
479,barasko99,2023-06-07 12:28:19+00:00,0.0,0.1467,neutral,"['hi', 'girl']"
479,rashawnglass,2023-06-07 08:15:09+00:00,0.0,-0.1133,neutral,"['face_with_spiral_eyes', 'face_with_spiral_eyes face_with_spiral_eyes']"
479,_.highonfizzle_.rocks._,2023-06-06 16:47:10+00:00,0.0,0.0388,neutral,['hi']
479,jay_the_dad,2023-06-05 21:01:48+00:00,0.0,-0.9667,negative,"['u', 'red_heart']"
481,indi_zezovski,2023-06-09 04:26:53+00:00,0.0,0.0898,neutral,"['star struck', 'struck', 'star', 'struck star']"
481,prashilgangwani5,2023-06-08 12:57:02+00:00,0.0,0.1775,neutral,"['hot', 'tu', 'red_heart']"
481,nivaldo122antos,2023-06-08 11:51:06+00:00,0.0,0.2155,neutral,"['clapping_hands', 'zendaya', 'você', 'clapping_hands clapping_hands']"
481,thoma.s133675,2023-06-07 06:37:13+00:00,0.0,0.0806,neutral,"['fire', 'fire fire']"
481,acabbeatsofficial,2023-06-06 22:16:33+00:00,0.0,-0.0546,neutral,"['raising_hands fire', 'raising_hands', 'fire']"
481,jay_the_dad,2023-06-05 21:02:45+00:00,0.0,-0.8914,negative,['stop']
481,guguda39,2023-06-04 00:44:46+00:00,0.0,0.2744,neutral,"['red_heart', 'red_heart red_heart']"
481,bebeslo_6,2023-06-03 22:20:38+00:00,0.0,-0.8427,negative,"['nauseated_face', 'nauseated_face nauseated_face', 'face_vomiting', 'face_vomiting face_vomiting', 'boobs']"
481,gittingsportraiture,2023-06-03 17:46:26+00:00,0.0,0.728,positive,"['smiling_face_with_heart eyes', 'smiling_face_with_heart', 'eyes']"
482,solange_travels,2023-05-01 12:34:16+00:00,0.0,0.9373,positive,['gorgeous']
482,abbassfarahani.5,2022-08-21 20:38:36+00:00,0.0,0.5341,positive,"['face_savoring_food', 'winking_face', 'red_heart red_heart', 'red_heart', 'fire']"
482,velvetknife.archive,2022-08-16 12:38:40+00:00,0.0,0.8494,positive,"['omggg', 'smiling_face_with_heart eyes', 'smiling_face_with_heart', 'eyes']"
482,angelocolnaghi,2022-08-16 11:00:53+00:00,0.0,0.2744,neutral,"['red_heart', 'red_heart red_heart']"
483,lani.88la,2023-06-08 02:50:52+00:00,0.0,0.3744,neutral,['red_heart']
483,doonnaadd,2023-06-07 16:57:26+00:00,0.0,0.1033,neutral,['red_heart']
483,hina.queen20,2023-06-06 19:06:53+00:00,0.0,0.3136,neutral,"['red_heart', 'confetti_ball', 'red_heart red_heart']"
483,magda_landerossv,2023-06-06 15:26:49+00:00,0.0,0.7398,positive,"['growing_heart', 'growing_heart growing_heart']"
483,sahasra_lokesh,2023-06-06 12:45:23+00:00,0.0,0.0442,neutral,['light_skin_tone']
484,maikelvr55,2023-06-08 19:53:22+00:00,0.0,0.7695,positive,"['eyes smiling_face_with_heart', 'smiling_face_with_heart', 'smiling_face_with_heart eyes', 'eyes', 'fire']"
484,ahsad6216,2023-06-07 13:32:57+00:00,0.0,0.1033,neutral,['red_heart']
484,sagrandm,2023-06-06 20:50:49+00:00,0.0,-0.0665,neutral,['fire']
484,sagrandm,2023-06-06 20:50:49+00:00,0.0,-0.0665,neutral,['fire']
484,sagrandm,2023-06-06 20:50:48+00:00,0.0,-0.0665,neutral,['fire']
484,sagrandm,2023-06-06 20:50:48+00:00,0.0,-0.0665,neutral,['fire']
484,sagrandm,2023-06-06 20:50:48+00:00,0.0,-0.0665,neutral,['fire']
484,sagrandm,2023-06-06 20:50:48+00:00,0.0,-0.0665,neutral,['fire']
484,sagrandm,2023-06-06 20:50:48+00:00,0.0,-0.0665,neutral,['fire']
484,ridhoridho5651,2023-06-06 07:29:46+00:00,0.0,-0.0572,neutral,[]
485,kamihooligann,2023-06-09 18:37:16+00:00,0.0,0.3907,neutral,"['two_hearts', 'two_hearts two_hearts']"
485,norcalgal_408,2023-06-08 14:52:19+00:00,0.0,0.9737,positive,"['life', 'upside', 'young lady', 'down_face', 'next level']"
485,priestess_erryn_adams,2023-06-08 12:04:06+00:00,0.0,0.762,positive,"['see', 'message', 'blocked kindly', 'need honest', 'see around']"
485,nelson.cada,2023-06-07 21:26:40+00:00,0.0,0.9697,positive,"['red_heart red_heart', 'eyes smiling_face_with_heart', 'smiling_face_with_heart', 'smiling_face_with_heart eyes', 'eyes']"
485,nelson.cada,2023-06-07 21:24:39+00:00,0.0,0.9871,positive,"['smiling_face_with_heart', 'smiling_face_with_heart eyes', 'eyes', 'eyes smiling_face_with_heart', 'cute pink']"
485,nelson.cada,2023-06-07 21:21:07+00:00,0.0,0.9449,positive,"['eyes smiling_face_with_heart', 'smiling_face_with_heart eyes', 'smiling_face_with_heart', 'eyes', 'love smiling_face_with_heart']"
485,wnic446,2023-06-07 18:19:26+00:00,0.0,0.99,positive,"['eyes smiling_face_with_heart', 'smiling_face_with_heart', 'smiling_face_with_heart eyes', 'eyes', 'cute pink']"
485,alesh_ahhh,2023-06-06 04:42:22+00:00,0.0,0.6531,positive,"['tips', 'help', 'model', 'new', 'love']"
485,thekwekus,2023-06-05 19:57:52+00:00,0.0,0.4699,positive,"['blue_heart', 'blue_heart blue_heart']"
485,arii_bely,2023-06-05 14:46:27+00:00,0.0,0.7867,positive,"['smiling_face_with_heart eyes', 'smiling_face_with_heart', 'eyes', 'eyes smiling_face_with_heart']"
486,virgulit12,2023-05-28 05:44:03+00:00,0.0,0.0074,neutral,['che']
486,laura_lusuardi,2023-05-21 04:01:59+00:00,0.0,0.834,positive,"['clapping_hands', 'clapping_hands clapping_hands', 'smiling_face_with_heart eyes', 'smiling_face_with_heart', 'eyes']"
486,fdrculture,2023-05-20 18:55:20+00:00,1.0,-0.0672,neutral,[]
486,lolli_macchine_per_cucire,2023-05-20 16:40:29+00:00,0.0,0.3237,neutral,['face_with_tears_of_joy']
486,kaluany,2023-05-20 13:57:21+00:00,1.0,0.0321,neutral,[]
486,pinelucia.1,2023-05-20 13:21:03+00:00,2.0,-0.617,negative,"['face_screaming_in_fear', 'face_screaming_in_fear face_screaming_in_fear', 'oh god', 'co', 'god']"
486,filinnocenti,2023-05-20 07:07:56+00:00,3.0,0.0278,neutral,"['fire', 'fire fire']"
486,fdnfashion,2023-05-26 06:27:15+00:00,1.0,-0.0324,neutral,"['il', 'ha', 'fare il', 'mai', 'non l']"
487,udeesha.singh,2023-05-20 08:21:26+00:00,2.0,0.923,positive,"['sparkles sparkles', 'sparkles', 'clapping_hands', 'clapping_hands clapping_hands', 'red_heart sparkles']"
487,javier_brandwain,2023-05-20 07:56:51+00:00,2.0,0.0803,neutral,['clapping_hands']
487,saramaino_,2023-05-20 04:39:51+00:00,0.0,0.7804,positive,"['glowing_star', 'glowing_star glowing_star']"
487,gloriamariagallery,2023-05-19 20:10:36+00:00,1.0,0.3024,neutral,"['clapping_hands', 'clapping_hands clapping_hands']"
487,piece_clothing,2023-05-19 20:06:21+00:00,0.0,0.3932,neutral,"['clapping_hands', 'clapping_hands clapping_hands']"
487,esraaawarda,2023-05-19 19:36:01+00:00,0.0,0.2159,neutral,"['clapping_hands red_heart', 'clapping_hands', 'red_heart']"
487,cappiandrea,2023-05-19 18:50:02+00:00,2.0,0.016,neutral,['grande']
487,gisele_claudia_ntsama,2023-05-19 18:41:01+00:00,1.0,0.0806,neutral,"['fire', 'fire fire']"
487,will.i.am.mbiena,2023-05-19 18:33:06+00:00,0.0,0.7066,positive,"['clapping_hands smiling_face_with_heart', 'clapping_hands', 'smiling_face_with_heart eyes', 'smiling_face_with_heart', 'eyes']"
488,camerinannamaria,2023-05-15 13:17:30+00:00,0.0,0.2424,neutral,"['meraviglioso', 'clapping_hands red_heart', 'clapping_hands', 'red_heart']"
488,grandieliana,2023-05-14 08:29:01+00:00,0.0,0.1225,neutral,"['giorgio armani', 'giorgio', 'armani', 'grazie', 'red_heart']"
488,anna_a_1021_,2023-05-13 18:18:45+00:00,0.0,0.1208,neutral,"['meraviglioso red_heart', 'meraviglioso', 'red_heart']"
488,suitedbyzoe,2023-05-13 12:28:57+00:00,0.0,0.9219,positive,"['sparkles', 'sparkles sparkles']"
488,juliaetcello,2023-05-13 10:36:11+00:00,0.0,0.9436,positive,"['congratulations', 'red_heart']"
488,donatellodesigns,2023-05-13 00:40:38+00:00,0.0,0.728,positive,"['smiling_face_with_heart eyes', 'smiling_face_with_heart', 'eyes']"
488,maestra_rozalia,2023-05-12 20:29:21+00:00,0.0,0.0597,neutral,"['clapping_hands_light_skin_tone', 'clapping_hands_light_skin_tone clapping_hands_light_skin_tone']"
488,paolorossello,2023-05-12 19:23:30+00:00,0.0,0.3735,neutral,"['clapping_hands clapping_hands', 'clapping_hands']"
488,giorgiomilan777,2023-05-12 18:16:09+00:00,0.0,0.3024,neutral,"['clapping_hands', 'clapping_hands clapping_hands']"
488,bonaffini_marianna,2023-05-12 16:33:17+00:00,0.0,0.4054,neutral,"['clapping_hands', 'clapping_hands clapping_hands', 'clapping_hands red_heart', 'red_heart']"
489,rashawnglass,2023-06-07 08:32:34+00:00,0.0,-0.1262,neutral,"['face_with_spiral_eyes', 'face_with_spiral_eyes face_with_spiral_eyes']"
489,mandy_artes202,2023-06-06 20:24:02+00:00,0.0,-0.0107,neutral,['hermosa']
489,deginara,2023-06-05 16:46:41+00:00,0.0,0.9588,positive,"['proud red_heart', 'party_popper', 'proud', 'red_heart']"
489,bailuolan_luna,2023-06-04 16:56:09+00:00,2.0,0.7255,positive,"['smiling_face_with_heart eyes', 'smiling_face_with_heart', 'eyes']"
489,emrbeukes,2023-06-04 12:07:17+00:00,0.0,0.292,neutral,[]
489,tamarabrown835,2023-06-03 20:07:24+00:00,0.0,0.871,positive,"['dont', 'change', 'self', 'ever', 'beautiful']"
489,user6392020473920,2023-06-02 16:12:03+00:00,0.0,0.0133,neutral,['queen']
489,amosbagasa,2023-06-01 20:51:13+00:00,0.0,0.2019,neutral,"['red_heart', 'red_heart red_heart']"
489,ravenvalentinee,2023-05-31 13:33:03+00:00,0.0,0.9426,positive,"['literally', 'cutest', 'heart_exclamation', 'loudly_crying_face']"
490,ladycox_,2023-06-02 13:03:18+00:00,0.0,0.3049,neutral,"['red_heart red_heart', 'red_heart']"
490,vieira_r2,2023-05-18 13:40:47+00:00,0.0,-0.0254,neutral,"['com', 'dos', 'laranja', 'só', 'que']"
490,blanco_724,2023-05-07 15:24:14+00:00,0.0,0.0269,neutral,[]
490,plusagdesign,2023-05-06 23:46:19+00:00,0.0,0.2019,neutral,"['red_heart', 'red_heart red_heart']"
490,esthercorb,2023-05-06 19:41:17+00:00,0.0,0.0711,neutral,['heart_suit']
490,adelebargilli,2023-05-06 17:10:30+00:00,2.0,-0.0406,neutral,"['ormai', 'armani', 'anche', 'del', 'era']"
490,theo_cano,2023-05-06 14:14:42+00:00,0.0,0.8369,positive,"['smiling_face_with_heart eyes', 'smiling_face_with_heart', 'eyes', 'eyes smiling_face_with_heart', 'face_blowing_a_kiss']"
490,ellisantini,2023-05-06 04:03:08+00:00,0.0,0.945,positive,"['background', 'spectacular', 'smiling_face_with_hearts']"
490,daniele_pellegrinetti,2023-05-05 20:27:13+00:00,0.0,-0.0391,neutral,"['vedere una', 'vedere', 'così', 'cosa', 'una']"
491,afranio.silveira.3597,2023-05-31 19:41:21+00:00,0.0,-0.0859,neutral,[]
491,marciohenriquees,2023-05-31 12:30:57+00:00,0.0,0.0417,neutral,"['musa', 'light_skin_tone']"
491,paul_rikes,2023-05-30 06:06:39+00:00,0.0,0.1077,neutral,[]
491,georgiaamorimoficial,2023-05-30 03:27:02+00:00,0.0,0.1866,neutral,"['diva', 'clapping_hands', 'sempre', 'fire clapping_hands', 'raising_hands red_heart']"
491,janguimaraes,2023-05-29 18:30:46+00:00,0.0,-0.5066,negative,"['fake', 'mais']"
491,miranda_edgar87,2023-05-29 18:04:01+00:00,0.0,0.078,neutral,"['maravilhosa red_heart', 'maravilhosa', 'red_heart']"
491,tticialle,2023-05-29 14:22:03+00:00,0.0,-0.0525,neutral,"['clapping_hands', 'clapping_hands clapping_hands', 'fire', 'fire fire', 'modas']"
492,edelymancini,2023-05-31 19:16:14+00:00,0.0,0.2414,neutral,"['red_heart raising_hands', 'red_heart', 'raising_hands', 'red_heart red_heart']"
492,institutoinmode,2023-05-29 20:53:24+00:00,1.0,0.2749,neutral,"['red_heart red_heart', 'red_heart']"
492,ginaelimelekk,2023-05-29 20:17:44+00:00,1.0,0.281,neutral,"['interessante', 'todas', 'peças', 'bem', 'por']"
492,giovanapinheiroo,2023-05-29 18:40:09+00:00,1.0,0.728,positive,"['smiling_face_with_heart eyes', 'smiling_face_with_heart', 'eyes']"
492,amandakamby,2023-05-29 13:27:33+00:00,1.0,-0.0574,neutral,"['fundo', 'olha', 'meu vestido', 'vestido', 'meu']"
492,amandakamby,2023-05-29 13:27:09+00:00,3.0,0.3339,neutral,"['fundo', 'meu vestido', 'aí', 'vestido', 'meu']"
492,araujo.marcialoft,2023-05-29 10:16:01+00:00,1.0,0.2744,neutral,"['red_heart', 'red_heart red_heart']"
492,fidelidadebrasil,2023-05-29 10:01:21+00:00,1.0,0.0737,neutral,"['projeto', 'amei', 'red_heart']"
492,didaalves20,2023-05-29 02:58:48+00:00,2.0,0.0608,neutral,"['e', 'tudo que', 'com tudo', 'projeto', 'ainda']"
493,stok.baazar,2023-06-03 01:58:33+00:00,0.0,0.0494,neutral,"['black_heart', 'black_heart black_heart']"
493,gbi_araujo,2023-05-31 12:30:33+00:00,1.0,0.0321,neutral,[]
493,paschoalinedaniella,2023-05-30 21:17:22+00:00,0.0,0.2445,neutral,"['clapping_hands', 'clapping_hands clapping_hands']"
493,luizi.machado,2023-05-30 13:32:32+00:00,0.0,0.2427,neutral,"['yellow_heart', 'yellow_heart yellow_heart']"
493,ygorgohan,2023-05-30 00:48:46+00:00,0.0,-0.0723,neutral,['heart_on_fire']
493,elida.braz,2023-05-30 00:20:27+00:00,0.0,0.728,positive,"['smiling_face_with_heart eyes', 'smiling_face_with_heart', 'eyes']"
494,shennigan_nyc,2023-05-05 05:27:18+00:00,0.0,0.223,neutral,"['green_heart purple_heart', 'black_heart green_heart', 'yellow_heart brown_heart', 'orange_heart black_heart', 'purple_heart sparkling_heart']"
494,martinamedail,2023-05-03 11:35:45+00:00,2.0,0.771,positive,"['miuccia prada', 'miuccia', 'exposed', 'natural look', 'changed']"
494,charlotteventura4,2023-05-03 07:38:02+00:00,2.0,-0.0543,neutral,"['face_screaming_in_fear', 'face_screaming_in_fear face_screaming_in_fear', 'face_with_tears_of_joy', 'face_with_open_mouth face_with_tears_of_joy', 'dei']"
494,bluesteelmanagement,2023-05-03 05:18:16+00:00,0.0,0.5092,positive,"['confetti_ball', 'smiling_face_with_smiling_eyes']"
494,carmen_abed_1981,2023-05-03 04:48:34+00:00,0.0,-0.0516,neutral,"['miuccia prada', 'voi', 'miuccia', 'hairstyle', 'l']"
494,plusagdesign,2023-05-03 00:52:50+00:00,0.0,0.0941,neutral,['rose']
494,voizaurademari,2023-05-03 00:30:03+00:00,0.0,0.8581,positive,"['clapping_hands', 'smiling_face_with_hearts', 'clapping_hands clapping_hands', 'smiling_face_with_hearts smiling_face_with_hearts', 'smiling_face_with_hearts clapping_hands']"
495,anainamodasustentavel,2023-05-29 16:53:10+00:00,0.0,0.0549,neutral,"['cores', 'brown_heart']"
495,cabrine_cica,2023-05-29 04:31:35+00:00,0.0,0.2424,neutral,"['clapping_hands', 'vi', 'eu', 'e', 'clapping_hands clapping_hands']"
495,werllemdedeus,2023-05-28 22:09:43+00:00,0.0,0.6265,positive,"['smiling_face_with_heart eyes', 'smiling_face_with_heart', 'eyes', 'eyes smiling_face_with_heart', 'boa']"
495,marcosdianoo,2023-05-28 21:53:02+00:00,0.0,0.6885,positive,"['smiling_cat_with_heart', 'smiling_cat_with_heart eyes', 'eyes']"
495,ritadantas1655,2023-05-28 21:36:43+00:00,0.0,0.7867,positive,"['smiling_face_with_heart eyes', 'smiling_face_with_heart', 'eyes', 'eyes smiling_face_with_heart']"
496,espitia2094,2023-06-09 17:35:46+00:00,0.0,-0.017,neutral,"['take', 'photos', 'look']"
496,ha.charlotte,2023-06-09 15:26:40+00:00,0.0,-0.6184,negative,['face_vomiting']
496,kamel_meriva,2023-06-09 06:53:40+00:00,0.0,0.1375,neutral,"['tu', 'la', 'face_with_tears_of_joy']"
496,betx827,2023-06-09 02:59:02+00:00,0.0,-0.733,negative,"['face_with_tears_of_joy', 'face_with_tears_of_joy face_with_tears_of_joy', 'like', 'chick', 'lining']"
496,afraa.dashtmir,2023-06-08 12:54:22+00:00,0.0,0.0633,neutral,['red_heart']
496,rakesh009653,2023-06-08 11:13:27+00:00,0.0,0.8985,positive,['beautiful']
497,just_a_human_2.0,2023-06-06 20:54:51+00:00,0.0,-0.598,negative,"['middle', 'horrible', 'part', 'god', 'thank']"
497,wensdayeyez,2023-06-06 05:12:33+00:00,0.0,-0.0693,neutral,"['part', 'side', 'ever']"
497,xlaurenmichelex,2023-06-05 23:31:09+00:00,1.0,-0.222,neutral,"['middle', 'parts', 'photos']"
497,geritrue,2023-06-05 15:40:30+00:00,0.0,-0.6074,negative,"['created', 'gen', 'gen z', 'trend', 'pay']"
497,annamrangel,2023-06-05 13:30:39+00:00,1.0,-0.3601,neutral,['style']
497,kim_soberano00,2023-06-05 12:27:10+00:00,0.0,0.144,neutral,"['parts', 'gen', 'gen z', 'older', 'side']"
497,lyndall_louise,2023-06-05 11:09:18+00:00,1.0,0.3814,neutral,"['fashionable', 'enough', 'knew', 'long']"
497,aras13n,2023-06-05 05:05:36+00:00,0.0,-0.5241,negative,['guys']
498,ivonesauer,2023-06-09 17:21:37+00:00,0.0,0.0559,neutral,"['eu quero', 'quero', 'eu', 'red_heart']"
498,jesscdoc,2023-06-09 02:28:15+00:00,0.0,0.7867,positive,"['smiling_face_with_heart eyes', 'smiling_face_with_heart', 'eyes', 'eyes smiling_face_with_heart']"
498,neidecolanieri,2023-06-09 02:08:54+00:00,0.0,0.0803,neutral,['clapping_hands']
498,neidecolanieri,2023-06-09 02:08:52+00:00,0.0,0.0803,neutral,['clapping_hands']
498,neidecolanieri,2023-06-09 02:08:38+00:00,0.0,0.0803,neutral,['clapping_hands']
498,linabrito1949,2023-06-09 00:11:15+00:00,0.0,-0.0451,neutral,"['blusa', 'quanto']"
498,carla_pontessss,2023-06-08 21:05:58+00:00,0.0,0.0456,neutral,"['green_apple', 'boa tarde', 'tarde', 'writing_hand_medium', 'writing_hand_medium light_skin_tone']"
499,eunicemiranda739,2023-06-08 23:25:44+00:00,0.0,-0.0675,neutral,['valor']
499,neves_fatima20,2023-06-08 20:56:55+00:00,0.0,0.868,positive,"['eyes smiling_face_with_heart', 'smiling_face_with_heart eyes', 'smiling_face_with_heart', 'eyes']"
499,andreacristinarapado,2023-06-08 19:04:33+00:00,0.0,0.0004,neutral,"['melhor você', 'você também', 'pode', 'em contato', 'mesmo']"
499,carla_pontessss,2023-06-08 01:26:58+00:00,0.0,-0.0879,neutral,"['ticket', 'noite', 'boa noite', 'boa']"
503,carla_pontessss,2023-06-09 16:38:49+00:00,0.0,0.434,neutral,"['smiling_face_with_smiling_eyes', 'statue_of_liberty smiling_face_with_smiling_eyes', 'statue_of_liberty', 'boa tarde', 'tarde']"
503,italofassin,2023-06-02 15:24:45+00:00,0.0,0.0232,neutral,"['com', 'dm']"
503,difernandes,2023-05-31 04:52:55+00:00,1.0,0.1406,neutral,"['clapping_hands_light_skin_tone', 'red_heart']"
503,samiamaluf_oficial,2023-05-30 19:50:22+00:00,2.0,0.3666,neutral,"['clapping_hands', 'clapping_hands clapping_hands']"
503,anaasena,2023-05-30 19:00:57+00:00,0.0,0.7827,positive,"['eyes smiling_face_with_heart', 'smiling_face_with_heart eyes', 'smiling_face_with_heart', 'eyes', 'lindos']"
503,carla_pontessss,2023-06-09 16:39:11+00:00,0.0,0.444,neutral,"['selfie', 'statue_of_liberty smiling_face_with_smiling_eyes', 'statue_of_liberty', 'dudalina camisa', 'camisa']"
504,carla_pontessss,2023-06-08 19:37:47+00:00,0.0,-0.0264,neutral,"['light_skin_tone boa', 'woman_tipping_hand_medium', 'de vc', 'woman_tipping_hand_medium light_skin_tone', 'mais que']"
504,fatima.bernardo_,2023-06-06 21:40:35+00:00,0.0,-0.2884,neutral,['valor']
504,van_bulova,2023-06-06 04:54:13+00:00,1.0,-0.0065,neutral,"['branca', 'está', 'perfeita', 'é']"
504,anacorreia2000,2023-06-05 12:38:45+00:00,1.0,0.8259,positive,"['thumbs_up', 'thumbs_up thumbs_up']"
504,celiatexeira,2023-06-05 01:04:29+00:00,1.0,-0.0019,neutral,"['lindas', 'camisas']"
504,eliane_agg,2023-06-04 20:51:09+00:00,0.0,-0.0191,neutral,"['comprar', 'pra', 'como']"
504,carla_pontessss,2023-06-08 19:38:05+00:00,0.0,-0.0305,neutral,"['woman_tipping_hand_medium light_skin_tone', 'woman_tipping_hand_medium', 'ticket', 'light_skin_tone']"
505,artartart__q,2023-03-07 20:31:50+00:00,0.0,0.6951,positive,"['pic _', '_', 'send pic', 'beating_heart', 'pic']"
506,carla_pontessss,2023-06-08 01:28:15+00:00,0.0,0.078,neutral,"['family_man_woman_boy_boy', 'mais que', 'noite', 'boa noite', 'boa']"
507,qurxdz,2023-05-13 11:19:08+00:00,1.0,0.9121,positive,['beautiful']
507,shakilahmed7612,2023-05-05 06:24:34+00:00,0.0,-0.0665,neutral,['fire']
507,leeoliveira,2023-05-13 11:59:10+00:00,0.0,0.3252,neutral,"['thanks folded_hands', 'folded_hands', 'thanks']"
508,margaretdacota,2023-03-29 12:20:48+00:00,1.0,-0.7054,negative,"['face_with_steam_from_nose', 'p', 'n', 'promoting', 'seeking']"
508,kitkat996132,2023-03-29 22:35:15+00:00,1.0,-0.6575,negative,"['fake', 'face_with_tears_of_joy']"
509,robbalmeida,2023-04-23 15:38:51+00:00,1.0,0.7867,positive,"['smiling_face_with_heart eyes', 'smiling_face_with_heart', 'eyes', 'eyes smiling_face_with_heart']"
509,janaina_brot_von_engeln,2023-04-21 13:27:27+00:00,0.0,-0.1594,neutral,"['lá na', 'encontramos', 'estava', 'lá', 'na']"
509,oh_elgene,2023-04-20 21:00:45+00:00,1.0,0.4781,neutral,"['clapping_hands_medium_skin_tone', 'smiling_face_with_heart eyes', 'smiling_face_with_heart', 'eyes', 'red_heart']"
509,livio_damiano,2023-04-20 19:53:54+00:00,1.0,-0.0321,neutral,"['fire', 'fire fire']"
509,cristian.mohaded,2023-04-20 19:11:51+00:00,1.0,0.728,positive,"['smiling_face_with_heart eyes', 'smiling_face_with_heart', 'eyes']"
509,leeoliveira,2023-04-20 18:27:48+00:00,0.0,-0.0037,neutral,['salonedelmobile']
509,leeoliveira,2023-04-24 01:02:08+00:00,0.0,0.2284,neutral,['face_blowing_a_kiss']
510,gisellejay,2023-04-07 23:54:54+00:00,0.0,0.9283,positive,"['wait', 'jewelry', 'might', 'body', 'outfit']"
510,dimos_nanousis,2023-03-08 13:12:39+00:00,0.0,0.4425,neutral,"['ok_hand', 'glowing_star', 'face_with_open_mouth', 'ok_hand ok_hand', 'glowing_star glowing_star']"
510,louise.hastings111,2023-03-07 09:29:11+00:00,0.0,0.5426,positive,"['smiling_face_with_heart eyes', 'smiling_face_with_heart', 'eyes']"
511,neakeke._,2023-06-09 19:01:22+00:00,0.0,-0.0903,neutral,[]
511,mafesolartem_dds,2023-06-09 18:48:15+00:00,0.0,0.8433,positive,"['eyes smiling_face_with_heart', 'smiling_face_with_heart eyes', 'smiling_face_with_heart', 'eyes']"
511,kali_dc,2023-06-09 18:02:42+00:00,0.0,0.8245,positive,['baby']
511,_rameen.s_,2023-06-09 17:44:00+00:00,0.0,0.0803,neutral,['clapping_hands']
511,busraa_trgt01,2023-06-09 17:41:09+00:00,0.0,-0.0259,neutral,['n']
511,jennedierwilliams,2023-06-09 17:04:11+00:00,0.0,0.0321,neutral,[]
511,jennedierwilliams,2023-06-09 16:58:15+00:00,0.0,0.6536,positive,"['hyunjin', 'smiling_face_with_heart eyes', 'smiling_face_with_heart', 'eyes']"
511,shriyak_____,2023-06-09 16:50:44+00:00,0.0,0.4709,positive,"['stay', 'heart']"
512,fmolinares55,2023-06-07 04:43:38+00:00,0.0,0.1199,neutral,"['super model', 'super', 'model']"
512,ericatversace,2023-06-06 16:31:47+00:00,0.0,0.9886,positive,"['colors', 'see']"
512,moritz.store,2023-06-05 21:38:28+00:00,0.0,-0.0665,neutral,['fire']
512,tayumic25,2023-06-05 00:26:05+00:00,0.0,0.3534,neutral,"['hundred_points', 'dizzy', 'hundred_points hundred_points', 'dizzy dizzy', 'dizzy clapping_hands']"
512,danasunyy,2023-06-07 07:26:08+00:00,0.0,0.0437,neutral,"['believe', 'shows', 'beautiful life', 'voice', 'large']"
513,tayumic25,2023-06-05 12:04:00+00:00,0.0,0.3534,neutral,"['hundred_points', 'dizzy', 'hundred_points hundred_points', 'dizzy dizzy', 'dizzy clapping_hands']"
513,hubabuba_girl,2023-06-05 08:52:55+00:00,0.0,-0.0674,neutral,"['и', 'в', 'не', 'что', 'здравствуйте']"
513,jusst_aygun,2023-06-02 23:11:34+00:00,0.0,0.9596,positive,"['love u', 'u', 'blue_heart', 'love']"
513,tinirosenthal,2023-06-02 18:39:56+00:00,0.0,-0.0277,neutral,[]
513,mdumair7110,2023-05-31 17:20:01+00:00,0.0,0.068,neutral,['hiii']
513,esadivinaa,2023-05-31 15:13:43+00:00,0.0,0.719,positive,"['gave', 'fran', 'ms', 'fine', 'st']"
513,victoria.gezgin,2023-05-31 03:56:11+00:00,0.0,0.2445,neutral,"['clapping_hands', 'clapping_hands clapping_hands']"
513,mibellonicaragua,2023-05-30 03:56:52+00:00,0.0,0.007,neutral,[]
513,childerwinroduta,2023-05-29 18:54:23+00:00,0.0,0.7544,positive,"['thumbs', 'high', 'grinning_face_with_big_eyes', 'show']"
514,ericatversace,2023-06-06 16:32:19+00:00,0.0,0.9798,positive,"['rich', 'dallas', 'leather', 'need', 'raising_hands']"
514,catroy60,2023-06-06 03:48:49+00:00,0.0,0.607,positive,"['thumbs_up', 'thumbs_up thumbs_up', 'clapping_hands', 'clapping_hands clapping_hands']"
514,maxxmarketing.me,2023-06-05 00:58:33+00:00,0.0,0.2251,neutral,"['face_with_tears_of_joy', 'face_with_tears_of_joy face_with_tears_of_joy', 'hold', 'hat', 'made']"
514,badbisssss1,2023-06-03 21:30:47+00:00,0.0,0.0573,neutral,"['fire', 'fire fire']"
514,gitikaa_y,2023-06-02 14:46:12+00:00,0.0,0.7548,positive,"['purchase', 'damn', 'like']"
514,lwk.errands.service.hongkong,2023-05-30 15:33:29+00:00,0.0,0.5384,positive,"['shopping_bags', 'handshake', 'versace', 'eyes red_heart', 'smiling_face_with_heart']"
515,montzrhadid,2023-06-09 15:41:34+00:00,0.0,0.2564,neutral,"['face_with_tears_of_joy', 'else', 'noticed', 'anyone', 'face_with_tears_of_joy face_with_tears_of_joy']"
515,gretakiss7,2023-06-02 07:49:11+00:00,0.0,0.1991,neutral,"['kiss red_heart', 'greta', 'greta kiss', 'kiss', 'red_heart']"
515,producerthonny,2023-06-01 18:30:47+00:00,0.0,0.8721,positive,['love']
515,thatsmybeauty,2023-05-31 09:59:35+00:00,0.0,0.023,neutral,"['index_pointing_up', 'number', 'crown', 'one']"
515,pamelaniemand7186,2023-05-31 08:25:48+00:00,0.0,0.9851,positive,"['stunning fire', 'fire amazing', 'show', 'stunning', 'amazing']"
515,oost_emma,2023-05-30 17:14:40+00:00,0.0,0.8004,positive,['love']
515,fer.zevallos,2023-05-30 04:39:50+00:00,0.0,-0.6107,negative,"['much get', 'pay much', 'cost little', 'lb', 'lb policy']"
515,fer.zevallos,2023-05-30 04:37:10+00:00,0.0,-0.6107,negative,"['much get', 'pay much', 'cost little', 'lb', 'lb policy']"
516,sswek492,2023-05-30 12:23:52+00:00,0.0,-0.1909,neutral,[]
516,frijolezzmusic,2023-05-30 07:44:10+00:00,0.0,0.0573,neutral,"['fire', 'fire fire']"
516,valetendencias,2023-05-29 16:42:31+00:00,0.0,0.7043,positive,"['nice', 'clapping_hands']"
516,terrionag,2023-05-27 14:50:55+00:00,0.0,0.7023,positive,"['fourth', 'fourth slide', 'slide smiling_face_with_heart', 'talking', 'name']"
516,preciousleexoxo,2023-05-27 03:34:48+00:00,0.0,0.46,neutral,"['butterfly', 'butterfly butterfly']"
517,realkarinakoch1,2023-04-30 02:32:50+00:00,0.0,0.9144,positive,"['milano', 'golden', 'lovely']"
517,leeoliveira,2023-04-25 11:32:20+00:00,0.0,0.118,neutral,"['salonedelmobile', 'hermes']"
518,carla_pontessss,2023-06-09 16:36:57+00:00,0.0,-0.0072,neutral,"['selfie', 'boa tarde', 'tarde', 'sra dudalina', 'sra']"
518,carla_pontessss,2023-06-09 16:37:57+00:00,0.0,0.0566,neutral,[]
519,agobo2023,2023-06-09 14:56:11+00:00,0.0,0.2744,neutral,"['red_heart', 'red_heart red_heart']"
519,naldodaking,2023-06-07 08:47:16+00:00,0.0,-0.8352,negative,['god']
519,thoma.s133675,2023-06-07 06:34:14+00:00,0.0,0.7867,positive,"['smiling_face_with_heart eyes', 'smiling_face_with_heart', 'eyes', 'eyes smiling_face_with_heart']"
519,illegal_akram_307i,2023-06-06 09:37:53+00:00,0.0,0.1378,neutral,"['killer', 'eye', 'red_heart', 'red_heart red_heart']"
519,elmentsarukyan,2023-06-05 20:31:48+00:00,0.0,0.9662,positive,"['special', 'zendaya']"
519,satheeshkumar865,2023-06-05 17:31:03+00:00,0.0,0.9245,positive,"['sparkling_heart', 'sparkling_heart face_blowing_a_kiss', 'sparkling_heart sparkling_heart', 'beauty', 'face_blowing_a_kiss']"
519,selavare,2023-06-05 09:49:18+00:00,0.0,0.4857,positive,"['fire', 'fire fire', 'wowww']"
519,seoulfromseoul,2023-06-05 09:15:41+00:00,0.0,-0.4287,negative,"['loudly_crying_face red_heart', 'loudly_crying_face', 'omg', 'red_heart']"
519,lesliewelch792,2023-06-04 17:54:04+00:00,0.0,0.9894,positive,['happy']
519,javedjaangour,2023-06-03 15:18:22+00:00,0.0,-0.0121,neutral,['ok']
520,sinaurity,2023-05-29 11:51:46+00:00,0.0,0.3419,neutral,"['location', 'location whoever', 'interested kindly', 'whoever interested', 'whoever']"
520,hamzaxhabib,2023-05-24 18:40:03+00:00,0.0,0.6746,positive,"['sparkling_heart', 'red_heart sparkling_heart', 'red_heart']"
520,nysdesign,2023-05-23 18:45:31+00:00,0.0,-0.0321,neutral,"['fire', 'fire fire']"
520,leeoliveira,2023-05-22 21:14:29+00:00,1.0,0.08,neutral,"['camera_with_flash', 'red_heart', 'red_heart red_heart']"
520,yolandamoralm,2023-05-29 15:05:28+00:00,1.0,0.2933,neutral,"['black_heart smiling_face_with_horns', 'smiling_face_with_horns', 'movie_camera black_heart', 'movie_camera', 'black_heart']"
520,iamexclussif,2023-05-29 17:59:58+00:00,1.0,0.1033,neutral,['red_heart']
521,iamexclussif,2023-05-17 21:00:21+00:00,0.0,0.0023,neutral,"['black_heart black_heart', 'black_heart']"
521,shennigan_nyc,2023-05-16 22:17:49+00:00,0.0,0.2395,neutral,"['orange_heart purple_heart', 'brown_heart green_heart', 'yellow_heart black_heart', 'green_heart yellow_heart', 'black_heart orange_heart']"
521,mmcrypto0228,2023-05-15 22:34:16+00:00,0.0,-0.08,neutral,"['ᴡɪᴛʜ', 'ɪ', 'ᴏɴ', 'money_with_wings', 'heart_with_ribbon']"
521,voizaurademari,2023-05-15 18:14:44+00:00,0.0,0.8475,positive,"['smiling_face_with_hearts', 'smiling_face_with_hearts smiling_face_with_hearts', 'smiling_face_with_hearts red_heart', 'red_heart', 'red_heart red_heart']"
521,neon_mark_,2023-05-15 16:12:40+00:00,0.0,-0.5138,negative,"['inhumanity paying', 'inhumanity', 'let end', 'end inhumanity', 'faith']"
522,realydigital,2023-05-12 19:32:58+00:00,0.0,0.1169,neutral,"['hot_springs', 'dashing_away', 'artist_palette']"
522,leila_k_hosseini,2023-05-12 17:16:34+00:00,0.0,0.3099,neutral,"['purple_heart', 'purple_heart purple_heart', 'purple_heart black_heart', 'cherry_blossom', 'black_heart']"
522,khanyokandawire,2023-05-12 06:08:20+00:00,0.0,0.868,positive,"['eyes smiling_face_with_heart', 'smiling_face_with_heart eyes', 'smiling_face_with_heart', 'eyes']"
522,paperfolk.studio,2023-05-12 05:46:33+00:00,0.0,0.9288,positive,"['growing_heart', 'amazing']"
522,munnyhkkie,2023-05-12 02:59:00+00:00,0.0,0.728,positive,"['smiling_face_with_heart eyes', 'smiling_face_with_heart', 'eyes']"
522,lipikaofficialpage,2023-05-11 17:42:27+00:00,0.0,0.3436,neutral,"['growing_heart cherry_blossom', 'growing_heart', 'cherry_blossom']"
522,kikistylediary,2023-05-11 16:34:30+00:00,0.0,0.983,positive,"['look beautiful', 'every', 'two_hearts', 'look', 'beautiful']"
522,vanessataylorofficial,2023-05-11 16:29:12+00:00,0.0,0.7661,positive,['stunning']
523,i.mohsin_yousafzai,2023-05-23 12:17:21+00:00,0.0,-0.0276,neutral,['raising_hands']
523,unstoppable_1503,2023-05-22 15:39:48+00:00,0.0,0.0278,neutral,"['fire', 'fire fire']"
523,crochetmia,2023-05-22 15:16:26+00:00,1.0,0.0321,neutral,[]
525,hello_bhai12356,2023-03-21 23:17:37+00:00,0.0,0.2403,neutral,['promote']
526,dorothyhiggins278,2023-05-23 00:23:41+00:00,0.0,0.2532,neutral,"['look clapping_hands', 'clapping_hands fire', 'look', 'clapping_hands', 'fire']"
526,danielsosaavendano,2023-05-22 18:20:12+00:00,0.0,0.728,positive,"['smiling_face_with_heart eyes', 'smiling_face_with_heart', 'eyes']"
526,dawidtomaszewski,2023-05-19 13:02:32+00:00,0.0,0.6877,positive,['smiling_face_with_hearts']
526,dawidtomaszewski,2023-05-19 12:53:24+00:00,0.0,0.7817,positive,"['eyes star', 'star struck', 'struck', 'star', 'smiling_face_with_heart eyes']"
526,dawidtomaszewski,2023-05-17 06:35:58+00:00,0.0,0.7817,positive,"['eyes star', 'star struck', 'struck', 'star', 'smiling_face_with_heart eyes']"
526,dawidtomaszewski,2023-05-17 06:33:26+00:00,0.0,0.7328,positive,"['struck smiling_face_with_hearts', 'eyes star', 'struck', 'star struck', 'star']"
526,realydigital,2023-05-13 23:10:21+00:00,0.0,0.1416,neutral,"['hot_springs', 'artist_palette', 'heart_exclamation']"
526,lita__demill,2023-05-13 18:01:26+00:00,0.0,0.033,neutral,"['fire red_heart', 'red_heart fire', 'fire', 'red_heart']"
527,hebig,2023-06-09 19:21:00+00:00,0.0,-0.0146,neutral,['flexed_biceps']
527,hiramlatorre,2023-06-09 17:02:09+00:00,1.0,0.0946,neutral,[]
527,biacarminati,2023-06-09 16:33:33+00:00,1.0,-0.1074,neutral,['dizzy']
527,rarobasso,2023-06-09 15:14:46+00:00,1.0,0.2749,neutral,"['red_heart red_heart', 'red_heart']"
527,facehunter,2023-06-09 19:14:04+00:00,0.0,0.0675,neutral,['sparkles']
529,ralfebyralf,2023-06-07 11:24:51+00:00,0.0,0.9799,positive,"['favorite', 'look']"
529,kajalnainafinejewelry,2023-06-07 05:21:50+00:00,0.0,0.7867,positive,"['smiling_face_with_heart eyes', 'smiling_face_with_heart', 'eyes', 'eyes smiling_face_with_heart']"
529,eloise47963,2023-06-07 05:21:38+00:00,0.0,-0.2931,neutral,"['face_with_open_mouth', 'face_with_open_mouth face_with_open_mouth']"
529,mindfully_awakened,2023-06-07 03:10:48+00:00,0.0,0.0135,neutral,"['black_heart star', 'film_frames', 'movie_camera', 'star', 'black_heart']"
529,mnookmig,2023-06-07 02:07:27+00:00,1.0,0.0347,neutral,['look']
529,daniel__jmc_,2023-06-07 01:01:20+00:00,0.0,0.9624,positive,"['god', 'god bless', 'bless', 'grands first', 'first people']"
530,dorothyhiggins278,2023-05-23 00:22:45+00:00,0.0,-0.0321,neutral,"['fire', 'fire fire']"
530,suziane8888,2023-05-17 15:51:32+00:00,0.0,0.2744,neutral,"['red_heart', 'red_heart red_heart']"
530,donandressegura,2023-05-15 18:14:55+00:00,0.0,0.0715,neutral,"['brown_heart', 'brown_heart brown_heart']"
530,kiera_the_model,2023-05-11 23:56:52+00:00,0.0,0.8313,positive,"['vibes smiling_face_with_heart', 'vibes', 'smiling_face_with_heart eyes', 'smiling_face_with_heart', 'eyes']"
530,nyangathlual,2023-05-11 15:05:54+00:00,1.0,0.0746,neutral,"['face_with_steam_from_nose', 'sparkles']"
530,mohad.masoomi,2023-05-11 09:24:29+00:00,0.0,0.0049,neutral,[]
530,2_2_smoove,2023-05-11 01:30:00+00:00,0.0,0.9303,positive,"['fire', 'outfit everything', 'first outfit', 'fire fire', 'first']"
530,vugue2024,2023-05-11 00:39:39+00:00,0.0,0.0321,neutral,[]
530,achan_diana,2023-05-10 23:40:02+00:00,1.0,0.1033,neutral,['red_heart']
531,george_angelis,2023-04-16 16:26:06+00:00,0.0,0.1565,neutral,"['raising_hands', 'raising_hands raising_hands']"
532,mel.aviv,2023-06-09 08:33:56+00:00,0.0,0.0649,neutral,['pic']
532,muratsezmis,2023-06-09 07:26:40+00:00,0.0,0.0321,neutral,[]
532,miiz_ebony,2023-06-09 06:36:34+00:00,0.0,-0.2726,neutral,"['head', 'snake', 'living', 'glasses', 'ok']"
532,leannaloveblog,2023-06-09 05:28:12+00:00,0.0,0.0278,neutral,"['fire', 'fire fire']"
532,shopbabacool,2023-06-08 18:06:15+00:00,0.0,0.5457,positive,"['smiling_face_with_sunglasses star', 'smiling_face_with_sunglasses', 'struck', 'star struck', 'star']"
532,candiceyvette,2023-06-08 16:14:20+00:00,0.0,0.9326,positive,"['funky', 'yorkers', 'new yorkers', 'trend', 'shades']"
532,urbanlilyayiti,2023-06-08 15:52:21+00:00,0.0,0.1033,neutral,['red_heart']
532,izzyfletch6x,2023-06-08 14:30:11+00:00,0.0,0.6244,positive,"['entire', 'last slide', 'dude', 'lol', 'last']"
533,russojosse,2023-06-08 15:46:59+00:00,0.0,0.9588,positive,['love']
533,nverclothing,2023-06-06 20:15:24+00:00,0.0,0.9808,positive,"['products', 'great', 'stay', 'great thank', 'looking great']"
533,alexvvasquez_,2023-06-06 17:11:03+00:00,0.0,0.2339,neutral,"['ideas', 'fit', 'new', 'raising_hands']"
533,silver_golder,2023-05-31 02:41:56+00:00,1.0,0.0446,neutral,"['fire raising_hands', 'raising_hands', 'fire']"
533,rachelbalzarini,2023-05-30 09:07:51+00:00,0.0,0.0321,neutral,[]
533,cirstyburton,2023-05-30 08:44:06+00:00,0.0,0.7388,positive,"['smiling_face_with_hearts', 'smiling_face_with_hearts smiling_face_with_hearts']"
533,agoes.taman,2023-05-30 07:55:07+00:00,0.0,0.9701,positive,"['page', 'clapping_hands', 'love']"
533,thedelve,2023-05-30 05:38:22+00:00,0.0,0.868,positive,"['eyes smiling_face_with_heart', 'smiling_face_with_heart eyes', 'smiling_face_with_heart', 'eyes']"
534,wild_rose76,2023-06-08 20:50:44+00:00,0.0,0.0215,neutral,['ok_hand_light_skin_tone']
534,itsgiane_,2023-06-07 06:18:50+00:00,0.0,0.9446,positive,"['account smiling_face_with_heart', 'fav', 'account', 'smiling_face_with_heart eyes', 'smiling_face_with_heart']"
534,kemendola,2023-06-06 23:06:17+00:00,0.0,-0.3548,neutral,"['last slide', 'last', 'slide', 'heart_on_fire']"
534,uae_.explores_,2023-06-06 20:53:42+00:00,0.0,0.1956,neutral,"['japanese_symbol_for_beginner', '𝑫𝑴', 'hundred_points', 'folded_hands', '𝑴𝒂𝒌𝒆']"
534,jsanjones,2023-06-06 18:58:39+00:00,0.0,0.0278,neutral,"['fire', 'fire fire']"
534,khyen3,2023-06-06 11:46:06+00:00,0.0,0.9607,positive,"['oh', 'lovely']"
534,olawanijkg,2023-06-06 09:05:36+00:00,0.0,0.0112,neutral,"['issa', 'least', 'n', 'vibe', 'last']"
534,olawanijkg,2023-06-06 09:02:40+00:00,0.0,0.8533,positive,"['issa', 'double_exclamation_mark', 'mood', 'less', 'say']"
534,seniwent_artwork,2023-06-06 04:03:55+00:00,0.0,0.7562,positive,['awesome']
535,shemifinch,2023-04-26 04:59:47+00:00,1.0,0.9056,positive,"['dead', 'folded_hands_light_skin_tone', 'love']"
535,robbalmeida,2023-04-24 12:24:31+00:00,1.0,0.7324,positive,"['eyes red_heart', 'smiling_face_with_heart eyes', 'smiling_face_with_heart', 'eyes', 'red_heart']"
535,chloechill,2023-04-24 10:45:13+00:00,0.0,0.9531,positive,"['dream smiling_face_with_heart', 'ahhhh', 'dream', 'smiling_face_with_heart', 'smiling_face_with_heart eyes']"
535,ramlna_1011,2023-04-24 07:14:44+00:00,1.0,0.9257,positive,"['love smiling_face_with_heart', 'love', 'smiling_face_with_heart eyes', 'smiling_face_with_heart', 'eyes']"
535,darianwesle,2023-04-24 02:07:39+00:00,1.0,0.9257,positive,"['love smiling_face_with_heart', 'love', 'smiling_face_with_heart eyes', 'smiling_face_with_heart', 'eyes']"
535,leeoliveira,2023-04-26 07:51:39+00:00,0.0,0.6573,positive,"['chair', 'divine', 'design', 'week', 'everything']"
536,costa_del_sol_updates,2023-06-06 12:36:59+00:00,0.0,-0.2062,neutral,"['iconic', 'fire']"
536,xamen_moi,2023-06-04 15:51:55+00:00,0.0,0.2744,neutral,"['red_heart', 'red_heart red_heart']"
536,uniquemagazine_,2023-06-02 08:15:13+00:00,0.0,-0.0723,neutral,"['taking', 'ask', 'take', 'permission', 'first']"
536,tarrynthetaurus,2023-06-02 06:26:19+00:00,0.0,0.9117,positive,"['breath', 'fresh']"
536,eye.sea.starr,2023-06-02 00:33:25+00:00,0.0,0.742,positive,['clapping_hands']
536,misschero,2023-06-01 22:51:49+00:00,0.0,0.9836,positive,"['sparkles', 'partying_face', 'fabulous', 'party_popper', 'happy birthday']"
536,elenarobinn,2023-06-01 21:57:30+00:00,0.0,0.9894,positive,"['darling', 'bday', 'happy bday', 'voice', 'everything smiling_face_with_heart']"
536,helenalaporte,2023-06-01 21:56:23+00:00,0.0,0.1021,neutral,"['fit', 'second']"
536,mrs.but.first.coffee,2023-06-01 21:14:00+00:00,0.0,0.9793,positive,"['king', 'happy birthday', 'birthday', 'happy', 'style']"
536,mont.beire,2023-06-01 19:43:07+00:00,0.0,0.0321,neutral,[]
537,brutal_architecture,2023-05-08 06:22:28+00:00,1.0,0.5753,positive,['great']
537,xandra002,2023-04-27 07:21:01+00:00,1.0,0.0405,neutral,"['merci pour', 'merci', 'ces', 'pour', 'folded_hands_light_skin_tone']"
537,kesariya_vilayati_001,2023-04-27 05:42:36+00:00,0.0,0.0561,neutral,"['picture', 'cars', 'modern', 'seems', 'model']"
537,victoria.chenais,2023-04-27 04:57:20+00:00,1.0,0.1005,neutral,"['très', 'belle', 'est', 'photo', 'la']"
537,bkpr2024,2023-04-26 15:33:59+00:00,1.0,0.8229,positive,['amazing']
537,facehunter,2023-05-08 06:23:19+00:00,1.0,-0.1281,neutral,['heart_on_fire']
538,david_mat2023,2023-06-09 15:25:02+00:00,1.0,0.0473,neutral,['omg']
538,r.lboutiquee,2023-06-06 21:40:05+00:00,0.0,0.91,positive,"['neck', 'gonna', 'need']"
538,fibrojourney,2023-06-04 01:07:13+00:00,0.0,0.9793,positive,"['mesmerizing', 'second', 'oh', 'girl', 'looks']"
538,vikky_singh8666,2023-06-03 06:32:23+00:00,0.0,0.868,positive,"['eyes smiling_face_with_heart', 'smiling_face_with_heart eyes', 'smiling_face_with_heart', 'eyes']"
538,renbornn,2023-06-03 01:42:04+00:00,0.0,0.4264,positive,"['nobody', 'made', 'wish', 'something', 'people']"
538,gigihadid,2023-06-02 09:26:48+00:00,6.0,0.9637,positive,['best']
538,andweballin,2023-06-02 07:01:13+00:00,0.0,0.0321,neutral,[]
538,watchingnewyork,2023-06-09 16:06:55+00:00,0.0,0.3024,neutral,"['clapping_hands', 'clapping_hands clapping_hands']"
539,graesmama,2023-06-08 22:20:25+00:00,0.0,0.0122,neutral,"['took', 'ny', 'slide', 'back']"
539,newyorks1,2023-05-30 00:37:45+00:00,0.0,-0.2255,neutral,"['comet', 'send']"
539,irina.btm,2023-05-28 14:58:48+00:00,0.0,-0.2819,neutral,"['costume', 'kid', 'wants', 'dressed', 'know']"
539,m.el_90,2023-05-28 06:17:16+00:00,0.0,0.0876,neutral,"['future', 'use', 'gonna', 'account', 'fashion']"
539,melindamaryseventyone,2023-05-28 04:12:54+00:00,0.0,-0.8325,negative,"['eat', 'food', 'yet', 'nobody', 'damn']"
539,bessiejking,2023-05-27 18:18:23+00:00,0.0,-0.0228,neutral,['williamsburg']
540,ericatversace,2023-06-06 16:29:19+00:00,0.0,0.9432,positive,"['well done', 'clapping_hands', 'everyone', 'done', 'well']"
540,salapaola190,2023-06-06 04:56:12+00:00,0.0,0.728,positive,"['smiling_face_with_heart eyes', 'smiling_face_with_heart', 'eyes']"
540,onlinemarketing779b,2023-06-05 13:30:57+00:00,0.0,0.1033,neutral,['red_heart']
540,7artsublime3,2023-06-04 19:22:56+00:00,0.0,0.2305,neutral,"['face_savoring_food', 'gem_stone', 'face_blowing_a_kiss', 'heart_suit']"
540,jw2style,2023-06-04 14:25:15+00:00,0.0,0.7048,positive,"['black_heart', 'princess_light_skin_tone', 'bad', 'versace', 'never']"
540,maysa312022,2023-06-03 19:20:23+00:00,0.0,0.728,positive,"['smiling_face_with_heart eyes', 'smiling_face_with_heart', 'eyes']"
540,bkittike30,2023-06-02 15:25:31+00:00,0.0,0.7867,positive,"['smiling_face_with_heart eyes', 'smiling_face_with_heart', 'eyes', 'eyes smiling_face_with_heart']"
541,7jlr,2023-04-21 17:11:04+00:00,1.0,-0.1012,neutral,['white_heart']
541,4dldll,2023-04-21 01:43:17+00:00,1.0,-0.1343,neutral,"['white_heart', 'white_heart white_heart', 'pleading_face']"
541,noor._ghalib,2023-04-21 00:11:08+00:00,1.0,-0.0884,neutral,['white_heart']
541,lolanc,2023-04-20 23:44:41+00:00,1.0,-0.0828,neutral,['orange_heart']
541,mena.7s,2023-04-20 23:39:49+00:00,1.0,-0.2259,neutral,[]
541,facehunter,2023-04-21 17:11:24+00:00,0.0,0.0553,neutral,['dizzy']
542,haydmel,2023-06-07 21:01:00+00:00,1.0,0.5571,positive,"['ir', 'ver', 'esto', 'que', 'smiling_face_with_heart']"
542,justcountrymama,2023-03-01 02:20:23+00:00,1.0,0.7282,positive,"['years ago', 'ago', 'photo shoot', 'shoot', 'years']"
542,evitammme,2023-02-28 15:04:36+00:00,0.0,-0.9079,negative,"['stop', 'years ago', 'happened', 'ago', 'history']"
542,whoisvella,2023-02-28 12:02:23+00:00,1.0,0.0278,neutral,"['fire', 'fire fire']"
542,anapaulasanta,2023-02-27 23:37:04+00:00,0.0,-0.1408,neutral,[]
542,3achour,2023-02-27 20:11:19+00:00,1.0,0.7613,positive,"['culture', 'none', 'exist', 'fact', 'forget']"
542,facehunter,2023-03-01 11:53:32+00:00,0.0,0.7616,positive,['cool']
543,pauladdiniz,2023-05-27 19:14:05+00:00,0.0,0.2818,neutral,"['tho', 'girl', 'blue_heart', 'face_with_tears_of_joy']"
543,shameonyouworld,2023-05-27 08:36:34+00:00,0.0,0.0886,neutral,"['je', 'la', 'de', 'states', 'avec']"
543,lauratates20,2023-05-26 12:08:24+00:00,1.0,0.1423,neutral,"['raising_hands', 'raising_hands raising_hands']"
543,mairiona,2023-05-26 11:07:45+00:00,0.0,0.0321,neutral,[]
544,sigma.chi.steph,2023-03-21 13:24:17+00:00,0.0,0.1138,neutral,['red_heart']
544,marianasucreacedo,2023-03-14 00:27:56+00:00,1.0,-0.7846,negative,"['stories', 'history', 'sad']"
545,peigicatriona,2023-03-05 22:47:00+00:00,1.0,0.728,positive,"['smiling_face_with_heart eyes', 'smiling_face_with_heart', 'eyes']"
545,chorengel,2023-03-05 17:37:39+00:00,1.0,0.728,positive,"['smiling_face_with_heart eyes', 'smiling_face_with_heart', 'eyes']"
545,nicogallo__,2023-03-05 17:34:13+00:00,1.0,0.7867,positive,"['smiling_face_with_heart eyes', 'smiling_face_with_heart', 'eyes', 'eyes smiling_face_with_heart']"
545,dimasaidi,2023-03-05 06:09:07+00:00,1.0,-0.4753,negative,['obsessed']
545,elisabeta_danciu,2023-03-05 05:47:21+00:00,1.0,-0.0665,neutral,['fire']
545,facehunter,2023-03-06 07:03:53+00:00,0.0,0.0675,neutral,['sparkles']
546,i_am_ruaa,2023-05-02 15:40:08+00:00,2.0,0.3672,neutral,"['modern', 'elements', 'identity', 'process', 'means']"
546,mw_city_photography,2023-04-15 18:06:39+00:00,1.0,0.9219,positive,"['buildings', 'famous', 'collection', 'beautiful']"
546,dhersz,2023-04-15 11:23:08+00:00,1.0,0.7074,positive,"['smiling_face_with_heart eyes', 'smiling_face_with_heart', 'eyes', 'eyes smiling_face_with_heart']"
546,ahmad.aldabagh,2023-04-15 04:40:54+00:00,0.0,0.9747,positive,"['sharing', 'folded_hands_light_skin_tone', 'thanks', 'beautiful']"
546,aliciakuczman,2023-04-14 19:32:14+00:00,1.0,0.7867,positive,"['smiling_face_with_heart eyes', 'smiling_face_with_heart', 'eyes', 'eyes smiling_face_with_heart']"
546,facehunter,2023-04-15 18:08:57+00:00,0.0,0.1324,neutral,"['nerd_face', 'thanks']"
548,gem.search,2023-02-28 15:47:51+00:00,1.0,0.2778,neutral,"['ok_hand_medium_skin_tone', 'scarf']"
548,sahib_esau_amor,2023-02-26 15:37:27+00:00,1.0,0.9245,positive,['beautiful']
548,gionnibic,2023-02-26 12:25:28+00:00,1.0,0.1945,neutral,"['buona', 'look clapping_hands', 'complimenti', 'look', 'clapping_hands']"
548,mariackenny,2023-02-26 10:50:20+00:00,1.0,-0.0203,neutral,"['came', 'back']"
548,alyssaperry0505,2023-02-26 00:17:52+00:00,1.0,0.9807,positive,"['beautiful red_heart', 'yes', 'beautiful', 'red_heart']"
548,facehunter,2023-03-01 11:53:48+00:00,1.0,-0.0968,neutral,"['search', 'star struck', 'struck', 'star']"
549,kayleighjwilson,2023-06-08 22:42:09+00:00,0.0,-0.4201,negative,['brady']
549,lucwnstr,2023-06-07 11:54:29+00:00,0.0,0.9456,positive,['love']
549,sara_soso_ff,2023-06-06 04:06:02+00:00,0.0,0.1242,neutral,"['rolling_on_the_floor_laughing', 'rolling_on_the_floor_laughing rolling_on_the_floor_laughing', 'red_heart']"
549,its.mary.12,2023-06-06 00:38:33+00:00,0.0,0.9467,positive,"['posted', 'love']"
549,jv5s0,2023-06-05 15:34:42+00:00,0.0,0.0843,neutral,"['woozy_face', 'woozy_face woozy_face']"
549,may.piu,2023-06-04 11:44:10+00:00,0.0,0.9512,positive,['talented']
549,yagmurain36,2023-06-04 09:42:32+00:00,0.0,0.3237,neutral,['face_with_tears_of_joy']
550,end2end,2023-04-22 00:10:16+00:00,0.0,-0.0486,neutral,"['gonna make', 'famous', 'gonna', 'make']"
551,f.t.th.wo_o,2023-05-31 07:27:20+00:00,0.0,0.9685,positive,"['voice', 'butterfly', 'beautiful']"
551,studiomeuble,2023-04-26 10:06:38+00:00,1.0,0.8424,positive,"['inspiring', 'red_heart']"
551,888karar,2023-04-25 15:17:45+00:00,1.0,0.7074,positive,"['smiling_face_with_heart eyes', 'smiling_face_with_heart', 'eyes', 'eyes smiling_face_with_heart']"
551,vandamner,2023-04-25 14:32:02+00:00,1.0,0.7592,positive,"['anatomical_heart', 'capture', 'stories', 'humanity', 'folded_hands_medium_skin_tone']"
551,huda.abd99,2023-04-25 11:23:02+00:00,1.0,0.9775,positive,"['beautiful lady', 'actually', 'angel', 'lady', 'think']"
551,facehunter,2023-04-26 10:09:59+00:00,1.0,0.0333,neutral,"['yup', 'heart_on_fire']"
552,thishousewecallhome,2023-04-16 12:54:56+00:00,0.0,0.0272,neutral,"['mexican', 'bag', 'raising_hands']"
552,francesca_venaria,2023-04-16 08:15:20+00:00,0.0,0.3024,neutral,"['clapping_hands', 'clapping_hands clapping_hands']"
552,slcsmmh,2023-04-14 12:02:19+00:00,1.0,0.075,neutral,"['bag', 'red_heart']"
552,beamblr,2023-04-14 10:27:26+00:00,0.0,0.728,positive,"['smiling_face_with_heart eyes', 'smiling_face_with_heart', 'eyes']"
552,sophiaaberg,2023-04-14 06:34:22+00:00,0.0,0.0624,neutral,"['light_skin_tone', 'light_skin_tone light_skin_tone', 'tulip']"
552,leojahnribeir,2023-04-14 03:50:29+00:00,0.0,0.1327,neutral,['two_hearts']
552,pauline.paaris,2023-04-13 14:37:43+00:00,0.0,0.7074,positive,"['smiling_face_with_heart eyes', 'smiling_face_with_heart', 'eyes', 'eyes smiling_face_with_heart']"
552,mariellehaon,2023-04-13 13:41:24+00:00,0.0,0.728,positive,"['smiling_face_with_heart eyes', 'smiling_face_with_heart', 'eyes']"
553,ayshe.gun,2023-03-05 16:24:05+00:00,1.0,0.9705,positive,"['city', 'lovely', 'people']"
553,noursalippa,2023-03-05 11:07:15+00:00,1.0,0.1658,neutral,"['bei', 'close', 'come back', 'back', 'come']"
553,_gabrielity,2023-03-03 19:31:45+00:00,1.0,0.1728,neutral,"['folded_hands_medium light_skin_tone', 'folded_hands_medium', 'purple_heart', 'light_skin_tone']"
553,sabrinafidalgoo,2023-03-03 18:13:31+00:00,2.0,0.7702,positive,"['boots smiling_face_with_heart', 'boots', 'want', 'smiling_face_with_heart eyes', 'smiling_face_with_heart']"
553,facehunter,2023-03-05 16:25:16+00:00,1.0,-0.0917,neutral,"['gun', 'yup', 'star struck', 'struck', 'star']"
554,kobe.armstrong,2023-06-07 14:58:49+00:00,0.0,0.0519,neutral,['black_heart']
554,fatima._rami,2023-06-07 04:41:15+00:00,0.0,0.2445,neutral,"['clapping_hands', 'clapping_hands clapping_hands']"
554,claararosadoo,2023-06-01 13:36:55+00:00,0.0,0.9866,positive,"['soooooo', 'youuuu']"
554,fabiafabiafabiafabiafabia,2023-05-29 22:49:52+00:00,0.0,0.5671,positive,['lovely']
554,defneisildak,2023-05-27 12:10:42+00:00,0.0,0.0519,neutral,['black_heart']
554,melldy788,2023-05-26 14:42:44+00:00,0.0,0.8989,positive,"['cute red_heart', 'cute', 'red_heart']"
554,___mynameispy,2023-05-20 14:02:13+00:00,0.0,0.1033,neutral,['red_heart']
555,d.ksaybi,2023-04-24 14:51:28+00:00,1.0,0.8077,positive,['amazing']
555,joseriosjr,2023-04-24 01:10:01+00:00,1.0,0.1033,neutral,['red_heart']
555,marievti,2023-04-23 07:52:54+00:00,2.0,0.216,neutral,"['clapping_hands', 'clapping_hands clapping_hands', 'merci pour', 'merci', 'ces']"
555,nesrine_lila,2023-04-23 06:26:29+00:00,2.0,-0.0678,neutral,"['jours', 'bas', 'lui', 'à', 'ces']"
555,eyeswideshut1982,2023-04-23 00:19:21+00:00,1.0,0.1033,neutral,['red_heart']
555,facehunter,2023-04-24 14:52:05+00:00,0.0,0.4523,neutral,['thanks']
556,katie.wuertz,2023-06-09 04:53:38+00:00,0.0,-0.0223,neutral,[]
556,lani.88la,2023-06-08 02:58:15+00:00,0.0,0.3568,neutral,"['feel', 'red_heart']"
556,pcmusicvol1,2023-06-07 16:23:34+00:00,0.0,0.0321,neutral,[]
556,hina.queen20,2023-06-06 19:08:07+00:00,0.0,0.9895,positive,"['freaking', 'proud red_heart', 'harry', 'confetti_ball', 'congrats']"
556,ricardofbdeoliveira,2023-06-06 13:39:03+00:00,0.0,0.1102,neutral,['album']
556,ricardofbdeoliveira,2023-06-06 13:38:46+00:00,0.0,0.0554,neutral,['lindo']
556,ricardofbdeoliveira,2023-06-06 13:38:40+00:00,0.0,-0.0451,neutral,[]
556,roji.eus,2023-06-05 19:47:07+00:00,0.0,-0.0276,neutral,['raising_hands']
557,katy.c.george,2023-06-09 17:14:58+00:00,0.0,0.6207,positive,"['birthday red_heart', 'birthday', 'red_heart']"
557,xoriana,2023-06-06 09:31:04+00:00,0.0,0.6164,positive,"['purple_heart purple_heart', 'purple_heart']"
557,lily.jj_xoxo,2023-06-04 09:15:19+00:00,0.0,0.5098,positive,"['apart', 'r', 'days']"
557,xoriana,2023-06-03 21:09:30+00:00,0.0,-0.0953,neutral,['fire']
557,sandrapayen,2023-06-01 09:42:40+00:00,0.0,0.9799,positive,"['birthday red_heart', 'happy birthday', 'birthday', 'happy', 'red_heart']"
557,gagliardi_barbara,2023-06-01 03:31:52+00:00,0.0,0.6513,positive,"['smiling_face_with_heart eyes', 'smiling_face_with_heart', 'eyes']"
557,defneisildak,2023-05-27 12:10:56+00:00,0.0,0.0321,neutral,[]
557,khicca_89,2023-05-25 09:08:51+00:00,0.0,0.1226,neutral,"['raising_hands_light_skin_tone', 'red_heart']"
558,solarlexis,2023-06-08 20:23:05+00:00,0.0,-0.1593,neutral,"['era', 'right']"
558,tinystephyshop_thrift,2023-06-08 16:24:36+00:00,0.0,0.9305,positive,"['styles', 'amazing', 'smiling_face_with_heart eyes', 'smiling_face_with_heart', 'eyes']"
558,liatrocano,2023-06-06 17:47:42+00:00,0.0,0.844,positive,"['seen', 'well', 'happy', 'much']"
558,nobanjo,2023-06-06 03:40:30+00:00,1.0,-0.9692,negative,['fucking']
558,djbigpeach,2023-06-06 02:44:01+00:00,0.0,0.0863,neutral,"['tall', 'dms', 'pls', 'slide']"
558,one99four,2023-06-06 01:12:40+00:00,0.0,0.7574,positive,"['ugh', 'chains', 'duo', 'babe', 'sparkles']"
558,priestess_anastasia_76,2023-06-05 22:29:02+00:00,0.0,0.6093,positive,"['message', 'see', 'blocked toxic', 'partner', 'toxic']"
558,coeurebouriffe,2023-06-05 20:01:31+00:00,0.0,0.8471,positive,"['smiling_face_with_heart eyes', 'smiling_face_with_heart', 'eyes', 'number', 'eyes smiling_face_with_heart']"
560,vida802023,2023-04-26 02:33:29+00:00,0.0,-0.0235,neutral,"['gostei', 'todos', 'de']"
560,anario33,2023-04-21 22:36:29+00:00,0.0,0.796,positive,"['lindooo', 'smiling_face_with_heart eyes', 'smiling_face_with_heart', 'eyes', 'eyes smiling_face_with_heart']"
560,mysashaofficial,2023-04-10 21:40:50+00:00,0.0,0.7074,positive,"['smiling_face_with_heart eyes', 'smiling_face_with_heart', 'eyes', 'eyes smiling_face_with_heart']"
560,brandonjohnsonfx,2023-04-10 20:57:49+00:00,0.0,0.3927,neutral,"['first people', 'paying', 'people message', 'victory_hand', 'first']"
560,xiaoyuanron,2023-04-10 14:00:33+00:00,0.0,0.8402,positive,"['eyes smiling_face_with_heart', 'smiling_face_with_heart eyes', 'smiling_face_with_heart', 'eyes']"
560,iamklemie,2023-04-08 17:19:17+00:00,0.0,0.3024,neutral,"['clapping_hands', 'clapping_hands clapping_hands']"
560,pear3644,2023-04-08 15:56:16+00:00,0.0,0.5861,positive,['nice']
560,vaironsleslunetiers,2023-04-08 13:12:04+00:00,0.0,0.5406,positive,"['smiling_face_with_sunglasses', 'smiling_face_with_sunglasses smiling_face_with_sunglasses']"
560,rafaelyau,2023-04-08 11:56:06+00:00,0.0,0.9629,positive,"['fantastic', 'shot', 'love']"
560,7aqsinn,2023-04-08 03:20:11+00:00,0.0,0.053,neutral,"['last post', 'post please', 'comment', 'post', 'last']"
561,dieyna_balde_fans,2023-04-15 04:54:05+00:00,0.0,0.8054,positive,"['want', 'customers', 'backhand_index_pointing_up', 'rocket', 'official']"
561,pimuori,2023-04-14 08:29:12+00:00,0.0,0.6389,positive,"['eyes fire', 'fire', 'smiling_face_with_heart eyes', 'smiling_face_with_heart', 'eyes']"
561,xiaoyuanron,2023-04-13 16:41:22+00:00,0.0,0.8402,positive,"['eyes smiling_face_with_heart', 'smiling_face_with_heart eyes', 'smiling_face_with_heart', 'eyes']"
561,amma_rainbow,2023-04-13 09:14:32+00:00,0.0,0.0321,neutral,[]
561,dawnmasoninc,2023-04-12 10:28:42+00:00,0.0,-0.0276,neutral,['raising_hands']
561,shennigan_nyc,2023-04-12 08:01:40+00:00,0.0,0.2172,neutral,"['blue_heart orange_heart', 'brown_heart yellow_heart', 'orange_heart green_heart', 'black_heart purple_heart', 'yellow_heart sparkling_heart']"
561,modamanagementglobal,2023-04-12 07:44:16+00:00,0.0,0.7641,positive,"['love brown_heart', 'dizzy', 'brown_heart', 'love']"
561,donatellodesigns,2023-04-12 05:04:10+00:00,0.0,0.728,positive,"['smiling_face_with_heart eyes', 'smiling_face_with_heart', 'eyes']"
561,thebawseprint,2023-04-11 23:09:23+00:00,0.0,0.7867,positive,"['smiling_face_with_heart eyes', 'smiling_face_with_heart', 'eyes', 'eyes smiling_face_with_heart']"
561,razanidesign,2023-04-11 21:51:42+00:00,0.0,0.6541,positive,"['red_heart smiling_face_with_heart', 'smiling_face_with_heart eyes', 'smiling_face_with_heart', 'eyes', 'red_heart']"
562,sanayuilll,2023-06-06 10:25:40+00:00,0.0,-0.3598,neutral,"['look like', 'like', 'look']"
562,gretakiss7,2023-06-05 17:56:39+00:00,0.0,0.1991,neutral,"['kiss red_heart', 'greta', 'greta kiss', 'kiss', 'red_heart']"
562,sonivaidu,2023-06-01 15:36:16+00:00,0.0,-0.1208,neutral,"['सदस य', 'सदस', 'य']"
562,sonivaidu,2023-06-01 15:36:07+00:00,0.0,0.6933,positive,"['clapping_hands fire', 'eyes clapping_hands', 'clapping_hands', 'fire', 'smiling_face_with_heart eyes']"
562,sonivaidu,2023-06-01 15:36:01+00:00,0.0,-0.1013,neutral,"['सदस य', 'सदस', 'क', 'य']"
562,northern_sun2023,2023-06-01 15:23:33+00:00,0.0,0.3304,neutral,"['rose', 'rose rose']"
562,animals.truth,2023-06-01 15:04:07+00:00,0.0,0.1033,neutral,['red_heart']
562,animals.truth,2023-06-01 15:04:05+00:00,0.0,0.1033,neutral,['red_heart']
562,animals.truth,2023-06-01 15:03:58+00:00,0.0,0.1033,neutral,['red_heart']
562,animals.truth,2023-06-01 15:03:57+00:00,0.0,0.1033,neutral,['red_heart']
565,rising7_official,2023-06-07 09:57:05+00:00,0.0,0.1033,neutral,['red_heart']
565,_stemzy,2023-05-31 12:31:38+00:00,0.0,0.0321,neutral,[]
565,jodreema,2023-04-15 13:48:49+00:00,0.0,0.0278,neutral,"['fire', 'fire fire']"
565,theaifashioninspo,2023-04-13 05:37:57+00:00,0.0,0.2342,neutral,['baby']
565,sashi.reynoso,2023-04-09 05:39:03+00:00,0.0,-0.0961,neutral,['face_with_open_mouth']
565,vaironsleslunetiers,2023-04-08 13:12:24+00:00,0.0,0.4408,neutral,['smiling_face_with_sunglasses']
565,stallone.66188,2023-04-04 14:32:39+00:00,1.0,-0.1976,neutral,['red_heart']
565,sarenity.enticemodels,2023-04-03 22:06:54+00:00,0.0,0.8998,positive,"['red_heart dm', 'love red_heart', 'dm', 'love', 'red_heart']"
565,faustosarlie088,2023-04-03 18:15:30+00:00,0.0,0.9586,positive,"['beauty', 'us', 'us send', 'stuff', 'let us']"
565,julesndoyee,2023-05-31 12:38:03+00:00,0.0,-0.4571,negative,"['dead', 'fire']"
566,kylesweeney_illustration,2023-06-06 04:56:56+00:00,0.0,0.7616,positive,['cool']
566,agatakvonm,2023-06-02 08:01:44+00:00,0.0,0.7415,positive,"['smiling_face_with_heart eyes', 'smiling_face_with_heart', 'eyes', 'eyes smiling_face_with_heart']"
566,the_wolf_den_movement_llc,2023-05-31 13:58:28+00:00,0.0,0.7059,positive,"['ladies', 'dresses', 'summer', 'page', 'new']"
566,mydezinsonspreadshirt,2023-05-30 16:43:28+00:00,0.0,0.1033,neutral,['red_heart']
566,hideo.gyotoku,2023-05-30 14:45:19+00:00,1.0,0.3585,neutral,"['clapping_hands', 'clapping_hands clapping_hands']"
566,trendingvibeshq,2023-05-30 13:34:50+00:00,0.0,0.9014,positive,"['pretty fire', 'pretty', 'fire', 'smiling_face_with_heart eyes', 'smiling_face_with_heart']"
566,keoma_diamante,2023-05-29 15:07:47+00:00,1.0,0.1033,neutral,['red_heart']
566,tookk2169,2023-05-29 10:39:42+00:00,0.0,0.5201,positive,"['kiss_mark kiss_mark', 'kiss_mark', 'beating_heart two_hearts', 'revolving_hearts', 'rose']"
566,cal_teles,2023-05-29 06:35:32+00:00,0.0,0.8778,positive,"['clapping_hands prada', 'criative clapping_hands', 'gorgeos', 'style perfect', 'globe_showing_asia']"
566,santos.uchiha,2023-05-29 06:00:03+00:00,0.0,0.7616,positive,['cool']
567,hrm_queendiamond,2023-05-14 08:57:39+00:00,0.0,0.9555,positive,"['sparkling_heart', 'sparkling_heart sparkling_heart', 'lovely']"
567,bijoux_zor_paris,2023-05-03 08:05:51+00:00,1.0,0.7996,positive,"['exotic', 'original']"
567,putefica,2023-04-13 20:21:04+00:00,0.0,0.1281,neutral,"['eso', 'hay', 'esto', 'es', 'por']"
567,juanmederooficial,2023-04-05 02:58:01+00:00,0.0,0.0278,neutral,"['fire', 'fire fire']"
567,eveflr_tlse,2023-04-03 18:34:26+00:00,1.0,0.2792,neutral,"['red_heart red_heart', 'red_heart']"
567,csillaggyorgy,2023-03-30 14:22:33+00:00,0.0,-0.1067,neutral,"['ez', 'sem', 'le']"
567,shennigan_nyc,2023-03-29 04:44:39+00:00,1.0,0.2107,neutral,"['purple_heart yellow_heart', 'yellow_heart sparkling_heart', 'black_heart green_heart', 'green_heart purple_heart', 'orange_heart black_heart']"
567,javad11sharifi,2023-03-28 11:55:43+00:00,0.0,0.6056,positive,['good']
567,everythingcouturefashion,2023-03-26 21:53:48+00:00,0.0,0.886,positive,"['incredible red_heart', 'incredible', 'red_heart']"
568,santaamaliabcn,2022-05-10 20:34:45+00:00,1.0,0.9742,positive,"['shoot', 'love']"
568,giovanavanderbro,2022-05-09 18:58:54+00:00,1.0,0.8508,positive,"['simply', 'stunning']"
568,miafoltin,2022-05-09 18:26:34+00:00,1.0,0.975,positive,"['jacquard', 'collections', 'older', 'favourite', 'one']"
569,agatakvonm,2023-06-02 08:01:37+00:00,0.0,0.7113,positive,"['smiling_face_with_heart eyes', 'smiling_face_with_heart', 'eyes', 'eyes smiling_face_with_heart']"
569,haiku_et_le_nouveau_cubisme,2023-06-02 04:22:21+00:00,0.0,0.0066,neutral,[]
569,ajisaka4534,2023-06-01 13:16:03+00:00,0.0,0.6056,positive,['good']
569,pinedaariel_,2023-06-01 03:17:45+00:00,0.0,0.9702,positive,"['things', 'appreciate', 'time', 'spend', 'thick']"
569,masterpiecesofthegalaxy,2023-06-01 02:44:36+00:00,0.0,0.3666,neutral,"['clapping_hands', 'clapping_hands clapping_hands']"
569,p89claudia,2023-06-01 01:28:27+00:00,0.0,0.9756,positive,"['eyes smiling_face_with_heart', 'smiling_face_with_heart', 'smiling_face_with_heart eyes', 'eyes', 'simple']"
569,millie_megelfl,2023-05-31 22:28:49+00:00,0.0,0.2019,neutral,"['red_heart', 'red_heart red_heart']"
569,castellidimitrii,2023-05-31 14:59:48+00:00,0.0,0.0803,neutral,['clapping_hands']
569,mydezinsonspreadshirt,2023-05-30 16:43:19+00:00,0.0,0.1033,neutral,['red_heart']
569,mydezinsonspreadshirt,2023-05-30 16:43:15+00:00,0.0,0.1033,neutral,['red_heart']
570,hrm_queendiamond,2023-05-14 08:57:08+00:00,0.0,0.9876,positive,"['love smiling_face_with_heart', 'eyes red_heart', 'red_heart', 'love', 'red_heart red_heart']"
570,porjaviervega,2023-04-02 18:57:31+00:00,0.0,0.728,positive,"['smiling_face_with_heart eyes', 'smiling_face_with_heart', 'eyes']"
570,koochieklone,2023-04-01 00:44:13+00:00,0.0,0.0519,neutral,['black_heart']
570,csillaggyorgy,2023-03-30 14:17:50+00:00,1.0,-0.0861,neutral,['ez']
570,annabellagutman,2023-03-29 22:27:04+00:00,1.0,-0.2083,neutral,"['check_mark_button', 'check_mark_button check_mark_button']"
570,johanna_une_poupee_972,2023-03-29 11:45:52+00:00,1.0,-0.0315,neutral,"['magnifique', 'star struck', 'struck', 'star']"
570,trthefashiondesigner,2023-03-29 11:28:48+00:00,1.0,0.1371,neutral,"['designs', 'better']"
570,lazascrapart,2023-03-29 09:32:23+00:00,1.0,0.4243,neutral,"['rose', 'purple_heart', 'red_heart']"
570,beijingcowboy,2023-03-29 07:42:51+00:00,0.0,-0.0808,neutral,"['face_with_steam_from_nose', 'fire']"
570,shennigan_nyc,2023-03-29 04:44:34+00:00,2.0,0.2107,neutral,"['purple_heart yellow_heart', 'yellow_heart sparkling_heart', 'black_heart green_heart', 'green_heart purple_heart', 'orange_heart black_heart']"
571,rising7_official,2023-06-07 09:56:55+00:00,0.0,0.1033,neutral,['red_heart']
571,urstrulyrahul0307,2023-04-13 03:57:25+00:00,0.0,0.5374,positive,['fire']
571,sashi.reynoso,2023-04-09 05:37:51+00:00,0.0,-0.0961,neutral,['face_with_open_mouth']
571,brunooliveira9tres,2023-04-06 17:29:30+00:00,0.0,0.7171,positive,"['msg', 'like work', 'would like', 'work', 'send']"
571,modamanagementglobal,2023-04-05 09:55:15+00:00,0.0,-0.0665,neutral,['fire']
571,donatellodesigns,2023-04-05 05:55:25+00:00,0.0,0.728,positive,"['smiling_face_with_heart eyes', 'smiling_face_with_heart', 'eyes']"
571,donatellodesigns,2023-04-05 03:08:49+00:00,0.0,0.728,positive,"['smiling_face_with_heart eyes', 'smiling_face_with_heart', 'eyes']"
571,shennigan_nyc,2023-04-03 18:37:00+00:00,0.0,0.2134,neutral,"['purple_heart green_heart', 'black_heart purple_heart', 'yellow_heart sparkling_heart', 'green_heart yellow_heart', 'orange_heart black_heart']"
571,hubackova.marie,2023-04-03 14:54:30+00:00,0.0,0.7332,positive,"['eyes clapping_hands', 'clapping_hands', 'smiling_face_with_heart eyes', 'smiling_face_with_heart', 'eyes']"
572,hashimotoakiko0511,2023-04-13 12:57:44+00:00,0.0,-0.1013,neutral,"['oтвeт я', 'oтвeт', 'я в', 'я', 'в']"
572,gatangatan_cat,2023-04-11 07:26:20+00:00,0.0,-0.0982,neutral,[]
572,alexscottboyles,2023-03-27 14:48:17+00:00,0.0,0.2102,neutral,"['fire clapping_hands', 'clapping_hands red_heart', 'clapping_hands', 'fire', 'red_heart']"
572,patrickdemorvan,2023-03-23 08:54:00+00:00,0.0,0.1033,neutral,['red_heart']
572,singularartefact,2023-03-22 11:03:19+00:00,0.0,0.801,positive,"['en', 'en mi', 'hola te', 'follow us', 'somos']"
572,shennigan_nyc,2023-03-22 06:02:57+00:00,0.0,0.2155,neutral,"['orange_heart green_heart', 'purple_heart yellow_heart', 'black_heart purple_heart', 'yellow_heart sparkling_heart', 'green_heart black_heart']"
572,donatellodesigns,2023-03-22 05:22:24+00:00,0.0,0.728,positive,"['smiling_face_with_heart eyes', 'smiling_face_with_heart', 'eyes']"
572,rhys_eva,2023-03-21 22:14:50+00:00,0.0,0.1033,neutral,['red_heart']
572,idoko_jude_iheanacho,2023-03-21 20:21:28+00:00,0.0,0.2749,neutral,"['red_heart red_heart', 'red_heart']"
572,_chinnnnnn.0,2023-03-21 11:28:39+00:00,0.0,0.2792,neutral,"['red_heart red_heart', 'red_heart']"
573,naharowshan,2023-05-06 15:11:27+00:00,1.0,0.9311,positive,"['luck', 'clapping_hands', 'good', 'clapping_hands clapping_hands']"
573,ishtar_obaid,2023-05-06 00:46:27+00:00,1.0,0.2749,neutral,"['red_heart red_heart', 'red_heart']"
573,krstyclrk,2023-05-05 20:44:03+00:00,1.0,0.9586,positive,"['love buy', 'artwork', 'print', 'possible', 'moment']"
573,facehunter,2023-05-06 15:14:37+00:00,0.0,0.0463,neutral,"['folded_hands_medium light_skin_tone', 'folded_hands_medium', 'light_skin_tone']"
574,desmondlex042,2023-04-20 23:47:51+00:00,0.0,0.4128,neutral,"['creativity', 'fire', 'fire fire']"
574,senja_xo,2023-04-17 14:09:50+00:00,0.0,-0.3294,neutral,"['rolling_on_the_floor_laughing', 'rolling_on_the_floor_laughing rolling_on_the_floor_laughing', 'put', 'last', 'girl']"
574,stefanomadeline,2023-03-25 14:42:38+00:00,0.0,0.2049,neutral,[]
574,taylorcdavis_,2023-03-24 16:01:16+00:00,0.0,-0.0218,neutral,"['spiral_shell', 'white_heart']"
574,alissacalderone,2023-03-24 00:22:56+00:00,0.0,0.7867,positive,"['smiling_face_with_heart eyes', 'smiling_face_with_heart', 'eyes', 'eyes smiling_face_with_heart']"
574,famille_lesamjuni,2023-03-23 19:07:26+00:00,0.0,-0.0281,neutral,"['pas', 'c est', 'est', 'c', 'bas']"
574,ruiofficial.me,2023-03-23 18:18:30+00:00,1.0,-0.0276,neutral,['raising_hands']
574,md.tan0,2023-03-23 09:34:26+00:00,0.0,-0.1106,neutral,"['oтвeт я', 'oтвeт', 'я в', 'я', 'в']"
576,petronilla_eligo,2023-05-22 04:37:34+00:00,1.0,0.0278,neutral,"['fire', 'fire fire']"
578,kamihooligann,2023-06-09 18:37:28+00:00,0.0,0.3907,neutral,"['two_hearts', 'two_hearts two_hearts']"
578,bettiealewis_219,2023-06-07 08:17:43+00:00,0.0,0.4841,positive,"['statement', 'moment', 'words', 'without', 'glowing_star']"
578,p3t1t_pr1nc3,2023-06-02 13:50:24+00:00,0.0,0.2106,neutral,"['thousand', 'dis', 'put', 'one']"
578,emma._.curras_,2023-05-31 05:11:03+00:00,0.0,0.3797,neutral,"['yes raising_hands', 'raising_hands red_heart', 'yes', 'raising_hands', 'red_heart']"
578,maceybrietenback,2023-05-28 19:24:37+00:00,0.0,-0.0578,neutral,"['anyone know', 'anyone', 'know']"
578,maceybrietenback,2023-05-28 19:17:26+00:00,0.0,-0.277,negative,"['makeup', 'killer', 'smiling_face_with_heart eyes', 'smiling_face_with_heart', 'eyes']"
578,rubydiachi,2023-05-24 06:11:34+00:00,0.0,-0.2578,neutral,[]
579,nikhilbagai1,2023-06-09 17:46:42+00:00,0.0,0.2744,neutral,"['red_heart', 'red_heart red_heart']"
579,studio_artini,2023-06-09 04:28:44+00:00,0.0,0.2468,neutral,['green_heart']
579,sarrusarru,2023-06-08 18:37:48+00:00,0.0,0.1281,neutral,"['prada', 'green_heart']"
579,shakiracastle01,2023-06-06 16:41:24+00:00,0.0,0.0737,neutral,[]
579,investevery,2023-06-06 11:54:11+00:00,0.0,0.8402,positive,"['eyes smiling_face_with_heart', 'smiling_face_with_heart eyes', 'smiling_face_with_heart', 'eyes']"
579,okmoda.ru,2023-06-05 13:52:11+00:00,0.0,0.1033,neutral,['red_heart']
579,chanelverdugo,2023-06-05 12:52:26+00:00,0.0,0.7763,positive,"['fire', 'fire fire', 'red_heart red_heart', 'red_heart', 'smiling_face_with_heart']"
579,nnofficial24,2023-06-05 10:37:31+00:00,0.0,0.2273,neutral,"['classy fire', 'classy', 'fire']"
579,derome_official,2023-06-05 06:00:58+00:00,0.0,-0.0665,neutral,['fire']
580,emma._.curras_,2023-05-31 05:11:24+00:00,0.0,-0.5283,negative,"['red_heart red_heart', 'red_heart', 'goddess']"
580,rubydiachi,2023-05-24 06:11:48+00:00,0.0,-0.3277,neutral,['thanks']
580,arlindodelton,2023-05-22 13:13:41+00:00,0.0,-0.0135,neutral,"['fire', 'fire fire', 'tudo bem', 'bem', 'tudo']"
580,alichristinelee,2023-05-20 00:46:42+00:00,0.0,0.982,positive,"['u', 'beautiful']"
580,tess__ep,2023-05-19 22:23:42+00:00,1.0,0.7601,positive,"['pure', 'art', 'revolving_hearts', 'sparkles']"
580,jazbrunner,2023-05-17 12:33:22+00:00,1.0,-0.0665,neutral,['fire']
580,__jerryy_ot7,2023-05-17 09:54:58+00:00,1.0,0.0416,neutral,[]
580,heartloveforeverinmylife,2023-05-04 18:47:26+00:00,0.0,0.8785,positive,"['forever', 'everything', 'red_heart']"
580,manzoorahmedbozdar,2023-05-03 15:58:42+00:00,0.0,0.2744,neutral,"['red_heart', 'red_heart red_heart']"
581,p3t1t_pr1nc3,2023-06-02 13:53:19+00:00,0.0,0.0197,neutral,"['w', 'dis', 'ya', 'yeah']"
581,ralleyalex90,2023-06-01 03:44:41+00:00,0.0,0.2744,neutral,"['red_heart', 'red_heart red_heart']"
581,ralleyalex90,2023-06-01 03:44:39+00:00,0.0,0.8812,positive,"['u lots', 'lots love', 'sending u', 'lots', 'sending']"
581,ralleyalex90,2023-06-01 03:44:33+00:00,0.0,0.9456,positive,"['good pic', 'pic', 'good']"
581,fahedmjk,2023-05-19 00:37:14+00:00,0.0,0.0792,neutral,"['fire clapping_hands', 'red_heart fire', 'clapping_hands', 'fire', 'red_heart']"
581,jisoo1995mm,2023-05-16 16:11:16+00:00,0.0,0.0278,neutral,"['fire', 'fire fire']"
581,jyotsna_p_5,2023-05-13 18:52:48+00:00,0.0,-0.0698,neutral,['hai']
581,heartloveforeverinmylife,2023-05-04 18:50:54+00:00,1.0,0.9811,positive,"['future', 'forever', 'zendaya', 'love']"
581,swade6799,2023-05-02 18:56:47+00:00,0.0,-0.1041,neutral,[]
581,sunnyvarkey_,2023-04-30 22:09:06+00:00,0.0,0.1811,neutral,['clean']
582,topdollarnguyen24,2023-06-05 13:21:53+00:00,1.0,0.1556,neutral,"['ribbon', 'love_letter', 'crown', 'dark_skin_tone']"
582,ralleyalex90,2023-05-30 01:58:49+00:00,0.0,0.9683,positive,"['love u', 'u', 'much', 'love']"
582,jermainejones06,2023-05-23 04:16:56+00:00,0.0,0.3004,neutral,"['red_heart red_heart', 'red_heart']"
582,vanrohui,2023-05-12 07:38:37+00:00,0.0,0.4057,neutral,['purple_heart']
582,koffirichard593,2023-05-11 08:29:41+00:00,0.0,-0.0017,neutral,['salut']
582,mahamedbahnan12,2023-05-07 17:28:39+00:00,0.0,0.2792,neutral,"['red_heart red_heart', 'red_heart']"
582,heartloveforeverinmylife,2023-05-04 18:49:08+00:00,0.0,0.9905,positive,"['red_heart red_heart', 'red_heart', 'red_heart love', 'zendaya', 'love much']"
582,swade6799,2023-05-02 18:52:07+00:00,0.0,-0.1275,neutral,"['called', 'found', 'zendaya', 'new', 'would']"
582,sophiasilva22ss,2023-04-29 20:08:22+00:00,0.0,0.2792,neutral,"['red_heart red_heart', 'red_heart']"
583,hudsonbess3,2023-06-02 23:26:03+00:00,0.0,-0.1266,neutral,"['brazil', 'fire']"
583,keke_ch07,2023-06-02 23:07:37+00:00,0.0,0.1033,neutral,['red_heart']
583,vianna_xzs,2023-06-02 21:46:58+00:00,0.0,0.6964,positive,"['ne', 'e', 'smiling_face_with_heart', 'smiling_face_with_heart eyes', 'eyes']"
583,vianna_xzs,2023-06-02 21:46:26+00:00,0.0,0.7074,positive,"['smiling_face_with_heart eyes', 'smiling_face_with_heart', 'eyes', 'eyes smiling_face_with_heart']"
583,vianna_xzs,2023-06-02 21:46:21+00:00,0.0,0.7867,positive,"['smiling_face_with_heart eyes', 'smiling_face_with_heart', 'eyes', 'eyes smiling_face_with_heart']"
583,021_alaniss,2023-06-02 21:12:48+00:00,0.0,0.7273,positive,"['smiling_face_with_heart', 'smiling_face_with_heart eyes', 'eyes', 'eyes smiling_face_with_heart', 'fire']"
583,l7nnoncharts,2023-06-02 20:52:52+00:00,0.0,0.0278,neutral,"['fire', 'fire fire']"
583,master_piste,2023-06-02 18:07:13+00:00,0.0,0.1441,neutral,[]
583,hassanchauhdry,2023-06-02 17:38:53+00:00,0.0,0.1033,neutral,['red_heart']
583,ryuuken01,2023-06-02 14:21:10+00:00,0.0,0.728,positive,"['smiling_face_with_heart eyes', 'smiling_face_with_heart', 'eyes']"
584,kamihooligann,2023-06-09 18:37:41+00:00,0.0,0.3907,neutral,"['two_hearts', 'two_hearts two_hearts']"
584,issindina,2023-06-05 12:07:10+00:00,0.0,0.1033,neutral,['red_heart']
584,thenightfallgroup,2023-06-05 03:53:08+00:00,1.0,0.0494,neutral,"['black_heart', 'black_heart black_heart']"
584,mahir____lsk____pvt,2023-06-04 10:45:35+00:00,0.0,0.0204,neutral,"['heart_with_arrow', 'red_heart']"
584,cosmo_park_mrfancy_xatauoi,2023-06-04 04:17:23+00:00,0.0,-0.112,neutral,['mouth_face']
584,kamihooligann,2023-06-03 17:28:59+00:00,0.0,0.0321,neutral,[]
584,kamihooligann,2023-06-03 17:28:28+00:00,0.0,0.7763,positive,"['two_hearts', 'face_exhaling two_hearts', 'face_exhaling', 'two_hearts two_hearts', 'smiling_face_with_heart eyes']"
584,p3t1t_pr1nc3,2023-06-02 13:52:01+00:00,0.0,-0.319,neutral,"['dat', 'dressed', 'without', 'women', 'style']"
584,sanjukasdekar801,2023-05-31 10:29:30+00:00,0.0,-0.0046,neutral,[]
584,emma._.curras_,2023-05-31 05:12:17+00:00,0.0,0.0928,neutral,"['ring', 'slay', 'red_heart']"
585,nlembalove,2023-06-09 06:06:19+00:00,0.0,0.7074,positive,"['smiling_face_with_heart eyes', 'smiling_face_with_heart', 'eyes', 'eyes smiling_face_with_heart']"
585,a7m12o8,2023-06-02 06:26:27+00:00,0.0,0.0781,neutral,"['looks like', 'looks', 'like']"
585,ralleyalex90,2023-06-01 03:44:50+00:00,1.0,0.2744,neutral,"['red_heart', 'red_heart red_heart']"
585,rubydiachi,2023-05-24 06:14:06+00:00,1.0,0.0302,neutral,[]
585,not.shalisa,2023-05-23 18:38:59+00:00,2.0,-0.9745,negative,"['straight', 'wear', 'make', 'outfit']"
585,x_beats_143,2023-05-23 02:49:03+00:00,1.0,0.3635,neutral,"['face_with_tears_of_joy', 'face_with_tears_of_joy face_with_tears_of_joy']"
585,heartloveforeverinmylife,2023-05-04 18:51:18+00:00,0.0,0.9893,positive,"['collaborate', 'collaboration', 'wish', 'awesome', 'ever']"
585,swade6799,2023-05-02 18:57:26+00:00,0.0,0.2687,neutral,['u']
585,dawidtomaszewski,2023-05-02 16:30:09+00:00,0.0,0.7328,positive,"['struck smiling_face_with_hearts', 'eyes star', 'struck', 'star struck', 'star']"
585,prettygold5435,2023-05-02 07:43:34+00:00,0.0,0.2744,neutral,"['red_heart', 'red_heart red_heart']"
586,holycowconsignment,2023-04-27 01:48:58+00:00,0.0,0.9373,positive,['gorgeous']
586,alex_samarelli,2023-04-21 11:23:05+00:00,0.0,0.2484,neutral,"['clapping_hands fire', 'fire', 'fire fire', 'clapping_hands']"
586,irena_illy_28,2023-04-21 10:48:48+00:00,0.0,0.1033,neutral,['red_heart']
586,amyplincoln,2023-04-21 10:07:18+00:00,0.0,0.3067,neutral,"['green_heart yellow_heart', 'orange_heart', 'purple_heart', 'yellow_heart', 'green_heart']"
586,nickmontori,2023-04-21 10:05:38+00:00,0.0,0.1565,neutral,"['raising_hands', 'raising_hands raising_hands']"
586,andreavigneri,2023-04-21 10:00:29+00:00,0.0,0.1033,neutral,['red_heart']
586,nettie.rodgers558,2023-04-21 09:51:09+00:00,0.0,0.5193,positive,"['figure', 'smiling_face_with_hearts smiling_face_with_heart', 'smiling_face_with_hearts', 'like', 'smiling_face_with_heart eyes']"
587,ritejelaidi,2023-05-27 21:07:15+00:00,1.0,0.5482,positive,"['collision red_heart', 'styles', 'collision', 'cool', 'red_heart']"
588,dorothylibellula,2023-04-23 19:16:31+00:00,1.0,0.9259,positive,"['beautiful red_heart', 'beautiful', 'red_heart']"
588,dyenn_fashiondesigner,2023-04-22 10:38:06+00:00,1.0,0.8404,positive,"['eyes smiling_face_with_heart', 'smiling_face_with_heart eyes', 'smiling_face_with_heart', 'eyes', 'eyes red_heart']"
588,campanini_concept_simplyluxury,2023-04-21 17:24:29+00:00,1.0,0.728,positive,"['smiling_face_with_heart eyes', 'smiling_face_with_heart', 'eyes']"
588,irena_illy_28,2023-04-21 16:37:56+00:00,0.0,0.7295,positive,"['brown_heart', 'brown_heart smiling_face_with_heart', 'brown_heart brown_heart', 'smiling_face_with_heart eyes', 'smiling_face_with_heart']"
588,paninaro_paninara,2023-04-21 16:17:22+00:00,1.0,-0.0696,neutral,"['oggi', 'dal', 'su', 'al', 'un']"
588,kripasri,2023-04-21 15:59:23+00:00,1.0,-0.8995,negative,"['looked', 'went', 'person', 'loudly_crying_face', 'good']"
589,ladycox_,2023-06-02 13:04:51+00:00,0.0,0.9642,positive,"['red_heart red_heart', 'red_heart', 'italy', 'best']"
589,irena_illy_28,2023-04-19 16:33:55+00:00,0.0,0.2019,neutral,"['red_heart', 'red_heart red_heart']"
589,giglio_boutique,2023-04-19 12:02:21+00:00,0.0,0.8402,positive,"['eyes smiling_face_with_heart', 'smiling_face_with_heart eyes', 'smiling_face_with_heart', 'eyes']"
589,styledfw,2023-04-19 11:21:53+00:00,0.0,0.2931,neutral,"['orange_heart', 'orange_heart orange_heart']"
589,shennigan_nyc,2023-04-19 02:17:13+00:00,0.0,0.2117,neutral,"['purple_heart green_heart', 'green_heart sparkling_heart', 'brown_heart purple_heart', 'orange_heart brown_heart', 'yellow_heart black_heart']"
589,buonocorefelicia,2023-04-18 18:44:04+00:00,0.0,0.3585,neutral,"['clapping_hands', 'clapping_hands clapping_hands']"
589,sabrina.fashionist,2023-04-18 17:08:56+00:00,0.0,0.0132,neutral,"['meravigliosi', 'star struck', 'struck', 'star']"
589,gallogioiellidesign,2023-04-18 16:17:42+00:00,0.0,0.728,positive,"['smiling_face_with_heart eyes', 'smiling_face_with_heart', 'eyes']"
589,dorothylibellula,2023-04-18 16:17:11+00:00,0.0,-0.0276,neutral,['raising_hands']
590,zhani.online,2023-04-23 21:51:14+00:00,0.0,0.0803,neutral,['clapping_hands']
590,vinz_gra,2023-04-21 12:39:43+00:00,0.0,0.218,neutral,"['omg', 'red_heart']"
590,cleofegiugni,2023-04-20 20:42:07+00:00,0.0,0.1033,neutral,['red_heart']
590,parislifeandsex,2023-04-20 20:36:38+00:00,0.0,-0.0912,neutral,"['vintage', 'choice', 'hermes', 'man', 'check']"
590,fanzy.mp,2023-04-20 18:20:02+00:00,0.0,0.2744,neutral,"['red_heart', 'red_heart red_heart']"
590,vicino635,2023-04-20 15:38:04+00:00,0.0,0.7848,positive,"['j adore', 'adore', 'j', 'smiling_face_with_heart eyes', 'smiling_face_with_heart']"
590,sirapevida,2023-04-20 15:31:43+00:00,1.0,0.2744,neutral,"['red_heart', 'red_heart red_heart']"
590,manuelavalceschini,2023-04-20 14:34:00+00:00,0.0,0.7383,positive,"['smiling_face_with_heart eyes', 'smiling_face_with_heart', 'eyes']"
590,maisonvalentino,2023-04-20 08:39:47+00:00,1.0,0.2744,neutral,"['red_heart', 'red_heart red_heart']"
590,blanco_724,2023-04-21 22:50:35+00:00,0.0,-0.2645,neutral,[]
591,rachelderpa,2023-05-29 00:39:16+00:00,1.0,0.1775,neutral,['spot']
591,bella.viotti,2023-05-27 23:03:16+00:00,0.0,0.2816,neutral,['yes']
591,the_lilqween,2023-05-27 07:32:42+00:00,1.0,-0.908,negative,['chair']
591,alijohnson_,2023-05-27 05:25:18+00:00,2.0,0.2153,neutral,"['scorpio', 'fr', 'lamp', 'sun']"
592,parislifeandsex,2023-04-21 11:34:25+00:00,0.0,0.4076,neutral,"['hot', 'hot know', 'else hot', 'hot paris', 'blog profile']"
592,carla.lopes.7921975,2023-04-20 23:45:13+00:00,0.0,0.8402,positive,"['eyes smiling_face_with_heart', 'smiling_face_with_heart eyes', 'smiling_face_with_heart', 'eyes']"
592,evelyoliveira,2023-04-20 20:07:57+00:00,0.0,0.4315,neutral,"['presa', 'tô', 'mds', 'face_with_open_mouth smiling_face_with_heart', 'face_with_open_mouth']"
592,wladi_diamond,2023-04-20 19:03:35+00:00,0.0,0.2276,neutral,"['gem_stone', 'gem_stone gem_stone']"
592,tizyfashion,2023-04-20 19:03:32+00:00,0.0,0.1033,neutral,['red_heart']
592,guerrerolaly57,2023-04-20 18:27:00+00:00,0.0,0.7478,positive,"['bello smiling_face_with_heart', 'smiling_face_with_heart', 'smiling_face_with_heart eyes', 'eyes', 'muy']"
593,kamihooligann,2023-06-09 18:37:35+00:00,0.0,0.3907,neutral,"['two_hearts', 'two_hearts two_hearts']"
593,bettiealewis_219,2023-06-07 08:22:54+00:00,0.0,0.2074,neutral,"['classics', 'time', 'glowing_star']"
593,shuvomdshuvoahmed,2023-06-05 17:02:03+00:00,0.0,0.1436,neutral,"['clapping_hands fire', 'clapping_hands', 'fire']"
593,ralleyalex90,2023-05-30 01:58:24+00:00,0.0,0.8812,positive,"['u lots', 'lots love', 'sending u', 'lots', 'sending']"
593,_heribalazs_,2023-05-28 06:09:06+00:00,0.0,0.008,neutral,[]
593,me_im_just_me_bre,2023-05-25 18:57:28+00:00,0.0,0.9463,positive,"['oh', 'pretty']"
593,rubydiachi,2023-05-24 06:13:34+00:00,1.0,-0.5157,negative,['nothing']
593,partono486,2023-05-19 20:52:18+00:00,0.0,0.728,positive,"['smiling_face_with_heart eyes', 'smiling_face_with_heart', 'eyes']"
594,fina2_77,2023-05-30 21:29:57+00:00,0.0,0.9704,positive,"['information message', 'major', 'biography', 'account biography', 'certainly']"
594,cleidemara20166,2023-05-29 15:13:00+00:00,0.0,0.0448,neutral,"['modas', 'perfeição', 'comprar', 'raising_hands clapping_hands', 'vocês']"
594,angela.bonilha.71,2023-05-28 20:23:54+00:00,1.0,0.062,neutral,"['casaco', 'valor', 'por']"
595,romifrenkel,2023-04-20 16:57:16+00:00,0.0,0.728,positive,"['smiling_face_with_heart eyes', 'smiling_face_with_heart', 'eyes']"
595,abcdelnegozio,2023-04-20 06:17:02+00:00,0.0,0.7867,positive,"['smiling_face_with_heart eyes', 'smiling_face_with_heart', 'eyes', 'eyes smiling_face_with_heart']"
595,irena_illy_28,2023-04-19 16:22:21+00:00,0.0,0.5795,positive,"['brown_heart smiling_face_with_heart', 'brown_heart', 'smiling_face_with_heart eyes', 'smiling_face_with_heart', 'eyes']"
595,nalesso_graziella_,2023-04-19 12:50:43+00:00,0.0,0.2019,neutral,"['red_heart', 'red_heart red_heart']"
595,mumlife_giu,2023-04-19 12:05:53+00:00,0.0,0.6006,positive,"['bellissimo smiling_face_with_heart', 'bellissimo', 'smiling_face_with_heart eyes', 'smiling_face_with_heart', 'eyes']"
595,apartment_lm,2023-04-19 11:49:21+00:00,0.0,0.728,positive,"['smiling_face_with_heart eyes', 'smiling_face_with_heart', 'eyes']"
595,trussardi,2023-04-19 10:21:28+00:00,1.0,0.0519,neutral,['black_heart']
595,luxuryoperandi,2023-04-19 09:39:39+00:00,0.0,0.7074,positive,"['smiling_face_with_heart eyes', 'smiling_face_with_heart', 'eyes', 'eyes smiling_face_with_heart']"
595,amin__nk_,2023-04-19 07:49:41+00:00,0.0,0.8925,positive,"['nude', 'better', 'nice', 'white_heart']"
596,casa_bastia_milano,2023-06-06 16:15:54+00:00,0.0,-0.0237,neutral,[]
596,m.haircoach,2023-04-23 08:02:04+00:00,0.0,0.1033,neutral,['red_heart']
596,petronilla_eligo,2023-04-21 20:15:14+00:00,0.0,0.1041,neutral,"['red_heart', 'red_heart red_heart', 'red_heart fire', 'fire']"
596,campanini_concept_simplyluxury,2023-04-21 18:51:09+00:00,0.0,0.728,positive,"['smiling_face_with_heart eyes', 'smiling_face_with_heart', 'eyes']"
596,thevogueman_,2023-04-21 18:19:18+00:00,0.0,0.4351,neutral,"['classic', 'classic classic']"
596,thevogueman_,2023-04-21 18:19:02+00:00,0.0,0.4351,neutral,"['classic', 'classic classic']"
596,irena_illy_28,2023-04-21 17:59:07+00:00,0.0,-0.0126,neutral,"['heart_on_fire', 'heart_on_fire heart_on_fire']"
596,looking4_store,2023-04-21 17:48:41+00:00,0.0,0.0859,neutral,"['fire', 'che', 'fire fire']"
598,lucabarengo,2023-04-22 16:44:14+00:00,0.0,0.0721,neutral,"['folded_hands_medium light_skin_tone', 'folded_hands_medium', 'light_skin_tone', 'black_heart']"
598,parislifeandsex,2023-04-21 11:33:53+00:00,0.0,0.4076,neutral,"['hot', 'hot know', 'else hot', 'hot paris', 'blog profile']"
598,campanini_concept_simplyluxury,2023-04-20 22:07:15+00:00,0.0,0.728,positive,"['smiling_face_with_heart eyes', 'smiling_face_with_heart', 'eyes']"
598,raygutierrezr,2023-04-20 21:53:04+00:00,0.0,0.3291,neutral,['glowing_star']
598,dyenn_fashiondesigner,2023-04-20 16:14:21+00:00,0.0,0.2744,neutral,"['red_heart', 'red_heart red_heart']"
598,irena_illy_28,2023-04-20 15:43:41+00:00,0.0,0.7295,positive,"['brown_heart', 'brown_heart smiling_face_with_heart', 'brown_heart brown_heart', 'smiling_face_with_heart eyes', 'smiling_face_with_heart']"
598,maddalenaferrarotti,2023-04-20 13:45:28+00:00,0.0,-0.0592,neutral,"['dei', 'di']"
598,thevogueman_,2023-04-20 13:31:17+00:00,0.0,0.3291,neutral,"['classic', 'classic classic']"
598,thevogueman_,2023-04-20 13:31:09+00:00,0.0,0.3291,neutral,"['classic', 'classic classic']"
599,roseredhair3,2023-06-02 11:28:43+00:00,0.0,0.1033,neutral,['red_heart']
599,kallilnepomuceno,2023-05-30 01:29:09+00:00,0.0,0.3907,neutral,"['clapping_hands', 'clapping_hands clapping_hands']"
599,crisnunesbrecho,2023-05-29 02:39:56+00:00,0.0,0.2404,neutral,"['clapping_hands', 'clapping_hands clapping_hands', 'belíssima', 'pura']"
599,somodasprime,2023-05-29 00:53:21+00:00,0.0,0.5405,positive,"['melhor smiling_face_with_heart', 'foi', 'melhor', 'smiling_face_with_heart eyes', 'smiling_face_with_heart']"
599,carlacika87,2023-05-29 00:33:30+00:00,0.0,-0.0377,neutral,"['este', 'queria', 'laranja', 'maravilhoso', 'vestido']"
599,carlacika87,2023-05-29 00:32:29+00:00,0.0,0.1512,neutral,"['clapping_hands', 'clapping_hands clapping_hands', 'agora', 'desfile', 'mais']"
599,grayportela,2023-05-28 22:34:35+00:00,0.0,0.0976,neutral,"['pura', 'blue_heart white_heart', 'blue_heart', 'white_heart']"
599,erica_mbaebie_oficial,2023-05-28 22:29:47+00:00,0.0,0.2612,neutral,"['meu deus', 'louca', 'eu sou', 'aí', 'que lindo']"
599,etiene.pontes,2023-05-28 16:15:29+00:00,0.0,0.0062,neutral,"['peças', 'desfile', 'lindo', 'de', 'que']"
600,carla_pontessss,2023-05-21 00:58:14+00:00,0.0,-0.0231,neutral,"['green_apple', 'noite sra', 'family_man_woman_boy_boy', 'domingo', 'boa noite']"
600,felipefontenele2,2023-05-20 19:45:49+00:00,0.0,-0.0204,neutral,"['em que', 'podem', 'tentei', 'vidas', 'para']"
601,justasyathings,2023-06-08 19:38:32+00:00,1.0,0.2189,neutral,"['last one', 'sure', 'last', 'one']"
601,court_mcpherson_,2023-06-03 23:10:09+00:00,0.0,0.728,positive,"['smiling_face_with_heart eyes', 'smiling_face_with_heart', 'eyes']"
601,amy_janemc,2023-06-03 19:35:08+00:00,0.0,0.3237,neutral,['face_with_tears_of_joy']
601,sophvics,2023-06-02 16:43:15+00:00,0.0,0.0321,neutral,[]
601,kdfeaster22,2023-06-02 04:29:09+00:00,0.0,-0.0396,neutral,['right']
602,luezy1,2023-06-03 10:48:52+00:00,0.0,0.1457,neutral,"['pic _', 'promotion', '_', 'send pic', 'pic']"
602,piercingbarmx,2023-06-01 04:32:50+00:00,0.0,0.9615,positive,"['love white_heart', 'white_heart', 'love']"
602,thebetterdiamonds,2023-05-31 20:33:13+00:00,0.0,0.601,positive,"['massive', 'massive slay', 'w', 'slay']"
602,broccati_official,2023-05-31 15:04:58+00:00,0.0,0.2749,neutral,"['red_heart red_heart', 'red_heart']"
602,_julihey,2023-05-31 13:33:10+00:00,0.0,0.1327,neutral,['two_hearts']
602,gemmagracejewelry,2023-05-31 01:44:51+00:00,0.0,0.8906,positive,"['usual', 'loving', 'white_heart']"
603,carla_pontessss,2023-05-26 23:16:51+00:00,1.0,-0.0308,neutral,"['grupo', 'popcorn', 'dudalina camisa', 'ticket', 'mais que']"
603,mayfeijo,2023-05-26 15:36:47+00:00,2.0,0.0823,neutral,['heart_suit']
603,yvesbrij,2023-05-26 02:52:33+00:00,1.0,0.0667,neutral,"['jaqueta', 'essa', 'fire']"
603,sirleimjsilva,2023-05-25 23:27:13+00:00,0.0,-0.0262,neutral,"['jaqueta', 'e tamanho', 'dessa', 'tamanho', 'valor']"
603,x8bbb,2023-05-25 22:20:47+00:00,1.0,0.6885,positive,"['smiling_cat_with_heart', 'smiling_cat_with_heart eyes', 'eyes']"
603,lemesbia,2023-05-25 20:36:03+00:00,1.0,0.1033,neutral,['red_heart']
603,luizad,2023-05-25 20:33:30+00:00,1.0,0.728,positive,"['smiling_face_with_heart eyes', 'smiling_face_with_heart', 'eyes']"
604,marcosdianoo,2023-05-28 21:52:36+00:00,0.0,0.6885,positive,"['smiling_cat_with_heart', 'smiling_cat_with_heart eyes', 'eyes']"
604,saranaotemnome,2023-05-28 20:33:44+00:00,1.0,-0.0401,neutral,"['vem', 'depois de', 'roupa', 'depois', 'somos']"
604,saranaotemnome,2023-05-28 20:30:35+00:00,1.0,-0.1109,neutral,"['ainda', 'não', 'que']"
604,caldara_re,2023-05-28 17:23:25+00:00,0.0,0.2429,neutral,"['red_heart', 'red_heart red_heart', 'red_heart clapping_hands', 'que', 'clapping_hands']"
604,_flavia_ferreira_8,2023-05-28 05:07:12+00:00,0.0,0.3907,neutral,"['clapping_hands', 'clapping_hands clapping_hands']"
604,carloscgms,2023-05-28 01:47:24+00:00,0.0,0.344,neutral,"['clapping_hands', 'clapping_hands clapping_hands', 'raising_hands clapping_hands', 'raising_hands']"
604,modaanacorreia,2023-05-28 01:40:05+00:00,0.0,0.3585,neutral,"['clapping_hands', 'clapping_hands clapping_hands']"
605,_jackraf,2023-05-30 20:56:14+00:00,0.0,0.0204,neutral,"['libera', 'aí', 'ingresso', 'comprar', 'os']"
605,carolguimaraaess,2023-05-28 18:15:47+00:00,0.0,-0.0796,neutral,"['às', 'compro', 'desfile', 'dia']"
605,modaanacorreia,2023-05-28 06:04:11+00:00,0.0,0.7324,positive,"['eyes red_heart', 'smiling_face_with_heart eyes', 'smiling_face_with_heart', 'eyes', 'red_heart']"
605,_izabella.rodrigues,2023-05-28 05:33:49+00:00,0.0,-0.0101,neutral,"['compro ingresso', 'de domingo', 'desfile de', 'compro', 'domingo']"
605,fasuez,2023-05-28 03:31:22+00:00,0.0,0.003,neutral,"['são', 'face_savoring_food', 'rosa', 'tenho', 'lindos']"
605,ritadantas1655,2023-05-28 02:38:33+00:00,0.0,0.7324,positive,"['eyes red_heart', 'smiling_face_with_heart eyes', 'smiling_face_with_heart', 'eyes', 'red_heart']"
606,marcosdianoo,2023-05-28 21:52:24+00:00,0.0,0.6885,positive,"['smiling_cat_with_heart', 'smiling_cat_with_heart eyes', 'eyes']"
606,marthahandazzari,2023-05-28 20:36:38+00:00,0.0,0.1351,neutral,"['arrasou', 'mega', 'linda']"
606,dayene.guasti,2023-05-28 19:27:12+00:00,1.0,0.8928,positive,"['eyes smiling_face_with_heart', 'smiling_face_with_heart eyes', 'smiling_face_with_heart', 'eyes', 'maravilhosa smiling_face_with_heart']"
607,marieaperez1,2023-06-06 00:50:21+00:00,0.0,0.2572,neutral,"['giant', 'green']"
607,jules.kae,2023-06-05 00:24:01+00:00,0.0,0.141,neutral,"['raising_hands', 'raising_hands raising_hands']"
607,goodlkarma,2023-06-03 20:12:24+00:00,0.0,-0.0554,neutral,[]
607,arlina_carolina,2023-06-03 08:53:32+00:00,0.0,0.9841,positive,"['good smiling_face_with_heart', 'looks good', 'always', 'looks', 'good']"
607,manareltamimiy,2023-06-02 19:48:12+00:00,0.0,0.728,positive,"['smiling_face_with_heart eyes', 'smiling_face_with_heart', 'eyes']"
607,jaybaygrapes,2023-06-01 16:15:29+00:00,0.0,-0.9728,negative,"['gross', 'become', 'kind', 'content', 'show']"
607,isthatlucie,2023-06-01 14:03:11+00:00,0.0,-0.8733,negative,"['nd pic', 'nd', 'pic']"
607,anthony_bay4,2023-06-01 08:15:28+00:00,0.0,0.1486,neutral,"['red_heart red_heart', 'red_heart']"
607,brendavantol_w,2023-05-31 23:23:10+00:00,4.0,-0.1196,neutral,"['shein', 'looks like', 'something', 'looks', 'like']"
608,mayraliguori12,2023-05-29 19:29:31+00:00,1.0,0.8729,positive,"['eyes smiling_face_with_heart', 'smiling_face_with_heart eyes', 'smiling_face_with_heart', 'eyes', 'red_heart red_heart']"
608,candyalcantara,2023-05-27 15:37:35+00:00,1.0,0.2749,neutral,"['red_heart red_heart', 'red_heart']"
608,candyalcantara,2023-05-27 15:37:32+00:00,1.0,0.0278,neutral,"['fire', 'fire fire']"
608,marialucia.soares.14268769,2023-05-27 10:58:22+00:00,1.0,0.1033,neutral,['red_heart']
608,ireneshalom123,2023-05-27 10:10:50+00:00,1.0,-0.0503,neutral,"['maravilha', 'q', 'amei']"
608,camilla_saori_oficial,2023-05-27 08:58:33+00:00,1.0,0.4327,neutral,"['red_heart orange_heart', 'purple_heart red_heart', 'blue_heart green_heart', 'green_heart purple_heart', 'amo']"
608,vanessapiazera,2023-05-26 21:29:01+00:00,2.0,0.554,positive,"['lindo smiling_face_with_heart', 'olha', 'que lindo', 'lindo', 'que']"
608,sapiazera,2023-05-27 19:20:29+00:00,0.0,0.634,positive,"['maravilhoso smiling_face_with_heart', 'maravilhoso', 'smiling_face_with_heart eyes', 'smiling_face_with_heart', 'eyes']"
609,adewumi3118,2023-05-31 22:53:12+00:00,0.0,-0.0241,neutral,['nose']
609,sararek_,2023-05-31 19:25:01+00:00,0.0,-0.1807,neutral,"['thought', 'lol', 'one']"
609,museedeleventail,2023-05-31 08:23:58+00:00,0.0,0.3049,neutral,"['red_heart red_heart', 'red_heart']"
609,7y76_lyle,2023-05-31 03:03:47+00:00,0.0,0.0101,neutral,['print']
609,dum80085,2023-05-30 22:34:23+00:00,0.0,-0.5652,negative,['nose']
609,fashinzaofficial,2023-05-30 11:22:44+00:00,0.0,0.99,positive,"['approach', 'romantic', 'ever smiling_face_with_heart', 'early', 'elements']"
609,hassansaraya,2023-05-30 11:06:41+00:00,2.0,0.0321,neutral,[]
609,amynielsn,2023-05-30 00:16:00+00:00,0.0,0.0056,neutral,"['pink', 'black', 'really', 'face_with_tears_of_joy']"
610,juicyuzy,2023-06-06 13:57:25+00:00,0.0,-0.2417,neutral,[]
610,148_148_148_148_banglado,2023-05-24 08:40:47+00:00,0.0,0.1268,neutral,"['hyunjin', 'beating_heart']"
610,marriia_kovaleva,2023-05-24 06:10:18+00:00,0.0,0.0321,neutral,[]
610,claudixz,2023-05-23 19:22:50+00:00,2.0,0.0516,neutral,"['donatella versace', 'donatella', 'versace', 'purple_heart']"
611,adakoseogluu,2022-10-31 12:29:05+00:00,0.0,0.1326,neutral,['two_hearts']
611,franciscocarreradiaz,2022-08-16 05:39:19+00:00,0.0,-0.406,neutral,['linda']
612,thevogueman_,2023-04-20 11:42:57+00:00,0.0,0.4351,neutral,"['classic', 'classic classic']"
612,thevogueman_,2023-04-20 11:42:52+00:00,0.0,0.4351,neutral,"['classic', 'classic classic']"
612,irena_illy_28,2023-04-20 11:37:21+00:00,0.0,0.0715,neutral,"['brown_heart', 'brown_heart brown_heart']"
612,_rmxsm,2023-04-20 11:30:58+00:00,0.0,-0.0045,neutral,[]
612,florbibas,2023-04-20 11:01:55+00:00,0.0,0.3024,neutral,"['clapping_hands', 'clapping_hands clapping_hands']"
612,aemonaofficial,2023-04-20 10:57:47+00:00,0.0,0.728,positive,"['smiling_face_with_heart eyes', 'smiling_face_with_heart', 'eyes']"
613,roseane.mrdasilva,2023-05-20 20:21:08+00:00,0.0,-0.2884,neutral,['valor']
613,camilla_saori_oficial,2023-05-20 10:29:57+00:00,1.0,0.2744,neutral,"['red_heart', 'red_heart red_heart']"
613,absalibe,2023-05-19 17:02:35+00:00,1.0,0.0915,neutral,"['perfeita red_heart', 'perfeita', 'red_heart']"
613,carla_pontessss,2023-05-19 03:39:44+00:00,0.0,-0.0573,neutral,"['bem', 'novo', 'woman_technologist_medium', 'modelo', 'woman_technologist_medium light_skin_tone']"
613,vania_lucia811,2023-05-18 18:22:14+00:00,0.0,-0.0006,neutral,"['sobre', 'thought_balloon', 'em que', 'encontrei', 'desde']"
613,rafael.cynthia,2023-05-17 23:58:18+00:00,1.0,0.2749,neutral,"['red_heart red_heart', 'red_heart']"
613,neves_fatima20,2023-05-17 22:58:42+00:00,1.0,0.3585,neutral,"['clapping_hands', 'clapping_hands clapping_hands']"
613,carla_pontessss,2023-05-21 00:58:39+00:00,0.0,-0.1177,neutral,['airplane']
613,dudalina,2023-05-22 13:47:25+00:00,0.0,0.0052,neutral,"['e', 'essa', 'para', 'peças acesse', 'essa peça']"
614,nabeeatrix,2023-05-30 20:53:53+00:00,0.0,0.4434,neutral,"['incrível', 'muito', 'smiling_face_with_heart eyes', 'smiling_face_with_heart', 'eyes']"
614,crisnunesbrecho,2023-05-29 02:38:09+00:00,0.0,0.7648,positive,"['clapping_hands', 'clapping_hands clapping_hands', 'clapping_hands smiling_face_with_heart', 'smiling_face_with_heart eyes', 'smiling_face_with_heart']"
614,chyntiabarcellos,2023-05-29 01:54:54+00:00,0.0,0.0576,neutral,"['parabéns', 'nosso', 'por', 'e', 'red_heart']"
614,_bya.melo,2023-05-29 01:43:38+00:00,0.0,0.896,positive,"['eyes smiling_face_with_heart', 'smiling_face_with_heart eyes', 'smiling_face_with_heart', 'eyes']"
614,babipaulaa,2023-05-29 01:17:11+00:00,0.0,0.6978,positive,"['perfeito smiling_face_with_heart', 'smiling_face_with_heart', 'smiling_face_with_heart eyes', 'eyes', 'perfeito']"
614,diedesigner_,2023-05-28 22:49:37+00:00,0.0,0.0575,neutral,"['foi', 'incrível', 'red_heart']"
615,bunny_tel_aviv,2023-05-22 06:52:46+00:00,0.0,0.6577,positive,"['fantasy', 'perfect', 'girl']"
615,thecustomcloset,2023-05-22 04:06:11+00:00,0.0,0.9891,positive,"['red_heart red_heart', 'red_heart', 'red', 'man', 'love']"
615,a_c_a_n.v,2023-05-22 01:38:13+00:00,0.0,0.5523,positive,"['give', 'like']"
615,amilcarland,2023-05-21 20:01:05+00:00,0.0,0.7902,positive,"['mood', 'red', 'man', 'red_heart']"
615,heymamayeah,2023-05-21 16:07:37+00:00,0.0,0.2026,neutral,"['lived', 'williamsburg', 'dressing', 'street style', 'street']"
615,arthurjia,2023-05-21 09:59:07+00:00,0.0,0.0207,neutral,"['bunch', 'looking like', 'looking', 'face_with_tears_of_joy', 'like']"
615,lexur,2023-05-21 01:23:30+00:00,0.0,-0.0665,neutral,['fire']
615,jotycepeda,2023-05-20 22:20:34+00:00,1.0,0.6256,positive,['thats']
615,blackmarket_archives,2023-05-29 02:55:10+00:00,0.0,-0.405,neutral,[]
616,lena_whooo,2023-06-07 17:49:54+00:00,0.0,0.0278,neutral,"['fire', 'fire fire']"
616,all_business_promo___,2023-05-23 17:23:53+00:00,0.0,0.3579,neutral,"['check inbox', 'information', 'inbox', 'dear want', 'give']"
616,all_business_promo___,2023-05-23 17:23:52+00:00,0.0,0.9559,positive,"['ok_hand', 'talk dm', 'ok_hand ok_hand', 'talk', 'lot']"
616,handsomelance,2023-05-21 13:48:30+00:00,0.0,0.7696,positive,"['fly', 'damn', 'oh', 'looking']"
616,alejandracarrenos,2023-05-18 20:21:32+00:00,0.0,0.8851,positive,"['cool', 'want']"
616,jessica_pro07,2023-05-18 16:36:48+00:00,0.0,-0.0144,neutral,"['blood_type', 'envelope_with_arrow', 'check_mark_button', 'check_mark_button check_mark_button', '𝙩𝙤']"
616,sell.be,2023-05-18 12:19:14+00:00,0.0,0.0321,neutral,[]
616,candiceyvette,2023-05-18 04:19:04+00:00,0.0,0.4928,positive,"['people', 'funky', 'walking', 'many people', 'ill']"
616,dawnlee1962,2023-05-17 23:41:07+00:00,0.0,0.0465,neutral,"['call', 'manhattan']"
617,irena_illy_28,2023-04-20 16:27:36+00:00,0.0,0.0711,neutral,['heart_suit']
617,arash.gbnzdh,2023-04-20 15:21:54+00:00,0.0,0.7975,positive,"['smiling_face_with_heart eyes', 'smiling_face_with_heart', 'eyes', 'eyes smiling_face_with_heart', 'red_heart smiling_face_with_heart']"
617,ivanildo.oliveira.1272010,2023-04-20 14:52:44+00:00,0.0,0.3669,neutral,"['clapping_hands', 'clapping_hands clapping_hands', 'excelente']"
618,ivonayw,2023-04-27 19:34:26+00:00,1.0,0.9141,positive,"['evil_monkey', 'speak', 'experience', 'incredible', 'going']"
618,artiandi,2023-04-22 03:29:46+00:00,1.0,0.8045,positive,"['basis', 'traditional', 'mauritania', 'speak', 'living']"
618,4f.fd,2023-03-19 09:30:07+00:00,1.0,0.9121,positive,['beautiful']
618,denizzdemirtass,2023-02-26 19:06:50+00:00,1.0,0.6593,positive,"['seems like', 'movie', 'raising_hands_light_skin_tone', 'seems', 'set']"
618,facehunter,2023-04-27 19:34:50+00:00,1.0,0.0303,neutral,"['heart_on_fire', 'heart_on_fire heart_on_fire']"
620,uniquemagazine_,2023-06-02 08:22:47+00:00,0.0,-0.9199,negative,"['number', 'gross', 'fashion']"
620,awholesomepurpose,2023-05-21 19:53:06+00:00,0.0,-0.3515,neutral,"['probably', 'fourth', 'fourth slide', 'grinning_squinting_face', 'guy']"
620,whatsmoxie,2023-05-17 16:19:32+00:00,0.0,0.1238,neutral,"['guy', 'musa']"
620,itz._.me_.bukhari,2023-05-16 10:54:01+00:00,0.0,-0.792,negative,"['wtf', 'happened', 'men', 'crying_face']"
620,susecsilva,2023-05-16 07:47:18+00:00,1.0,0.9862,positive,"['inspiring', 'humanity', 'revolving_hearts', 'hope', 'thanks']"
620,richdarktones,2023-05-16 04:18:19+00:00,0.0,0.7389,positive,"['oh hi', 'slide smiling_face_with_heart', 'oh', 'slide', 'hi']"
620,cars_of_danville,2023-05-16 01:47:19+00:00,1.0,-0.1959,neutral,"['fire', 'fire fire', 'pic fire', 'shoes', 'pic']"
620,laurenrusseell,2023-05-15 21:06:28+00:00,0.0,0.4702,neutral,"['raising_hands', 'page', 'follow', 'red_heart raising_hands', 'raising_hands raising_hands']"
621,zoe.mahony,2023-05-23 23:30:09+00:00,0.0,-0.0287,neutral,['model']
621,vip_tickets1,2023-05-23 16:16:15+00:00,0.0,0.0846,neutral,"['australia', 'clapping_hands', 'clapping_hands clapping_hands']"
621,anettehannah_,2023-05-22 17:13:35+00:00,0.0,-0.0239,neutral,"['white_heart dizzy', 'dizzy', 'white_heart']"
621,alaskanmystic23,2023-05-19 22:32:06+00:00,0.0,0.5877,positive,"['yellow_heart', 'sparkles']"
621,moretta08,2023-05-19 09:16:07+00:00,0.0,0.935,positive,"['clapping_hands', 'wow smiling_face_with_heart', 'clapping_hands fire', 'eyes clapping_hands', 'wow']"
621,memorial__pics,2023-05-18 01:41:45+00:00,0.0,0.0321,neutral,[]
621,memorial__pics,2023-05-18 01:41:29+00:00,0.0,0.5416,positive,"['paintbrush', 'paintbrush artist_palette', 'top_hat', 'film_frames', 'artist_palette']"
621,ml._.privd,2023-05-17 17:13:34+00:00,0.0,-0.0473,neutral,"['parece', 'flushed_face', 'se', 'la']"
621,maaaifreitas,2023-05-15 22:16:38+00:00,0.0,0.9873,positive,"['partner', 'amazing red_heart', 'would love', 'would', 'amazing']"
622,costa_del_sol_updates,2023-06-06 12:45:39+00:00,0.0,0.7951,positive,"['dog', 'poor', 'pink', 'growing_heart', 'bag']"
622,diosarahh,2023-05-26 14:20:46+00:00,1.0,-0.0257,neutral,['yo']
622,sonofqetesh,2023-05-18 02:01:57+00:00,0.0,0.0366,neutral,"['shoes', 'slide']"
622,rinat_alatin,2023-05-14 01:14:25+00:00,0.0,0.7766,positive,"['inspiration red_heart', 'inspiration', 'us', 'red_heart', 'red_heart red_heart']"
622,priestess_anna___,2023-05-13 22:52:52+00:00,0.0,0.762,positive,"['see', 'message', 'blocked kindly', 'need honest', 'see around']"
622,uniquemagazine_,2023-06-02 08:26:01+00:00,1.0,0.7396,positive,"['fire', 'fire fire', 'amazing style', 'fire amazing', 'style']"
623,musclemachoxiao0,2023-03-14 07:39:19+00:00,1.0,0.9557,positive,"['red_heart red_heart', 'red_heart', 'awesome']"
623,my.land.my.people,2023-03-12 05:17:44+00:00,1.0,0.7394,positive,"['ok_hand', 'great']"
623,enrico_costantini,2023-02-19 20:34:26+00:00,1.0,0.728,positive,"['smiling_face_with_heart eyes', 'smiling_face_with_heart', 'eyes']"
623,mild.adventurers,2023-02-14 08:21:30+00:00,2.0,0.726,positive,"['mate', 'mauritania', 'loving', 'clapping_hands']"
623,facehunter,2023-03-14 07:57:40+00:00,0.0,0.8422,positive,"['sparkles', 'sparkles sparkles']"
624,jonathan_roditi,2023-01-24 10:38:29+00:00,1.0,0.0125,neutral,"['peacock', 'au', 'de la', 'ces', 'photo']"
624,edna.beni.eimalumdwaelt,2023-01-22 13:14:35+00:00,1.0,0.0278,neutral,"['fire', 'fire fire']"
624,amys500,2023-01-21 20:32:31+00:00,1.0,0.528,positive,"['smiling_face_with_heart eyes', 'smiling_face_with_heart', 'eyes']"
624,laurys54,2023-01-21 20:10:52+00:00,1.0,0.0183,neutral,"['mucho', 'hace', 'agadir', 'ahí', 'nos']"
624,biljana_27,2023-01-21 18:12:27+00:00,1.0,0.1108,neutral,"['agadir', 'red_heart raising_hands', 'raising_hands', 'red_heart']"
624,facehunter,2023-01-24 11:42:35+00:00,0.0,0.0991,neutral,"['à', 'beauté', 'l']"
625,walkenhome,2023-06-01 00:02:09+00:00,0.0,-0.0111,neutral,"['last one', 'last', 'one']"
625,samybastianellireal,2023-05-25 14:09:09+00:00,0.0,0.9843,positive,"['follow', 'fashion', 'great also', 'invogamagazine', 'follow fashion']"
625,mostlyeating,2023-05-15 22:43:57+00:00,0.0,0.7994,positive,"['probably', 'looking great', 'slide', 'looking', 'great']"
625,nigello_,2023-05-15 17:02:01+00:00,0.0,0.6856,positive,"['extremely', 'worthy', 'time', 'know']"
625,gabbyferguson22,2023-05-14 16:51:35+00:00,0.0,0.9826,positive,"['love outfit', 'outfit', 'love']"
625,indianbohoman,2023-05-10 04:37:34+00:00,0.0,0.8495,positive,"['cherry_blossom', 'see', 'smiling_face_with_heart eyes', 'smiling_face_with_heart', 'eyes']"
625,lielatoure,2023-05-09 22:20:14+00:00,1.0,0.0255,neutral,"['cocktail_glass', 'snake', 'green_heart']"
625,beautylife859,2023-05-08 15:46:36+00:00,0.0,0.224,neutral,"['japanese_symbol_for_beginner', '𝑫𝑴', 'hundred_points', 'folded_hands', '𝒊𝒕 𝒗𝒊𝒓𝒂𝒍']"
625,bitti.gatti,2023-05-08 12:05:27+00:00,0.0,0.9784,positive,"['yorkers', 'new yorkers', 'god', 'new', 'love']"
626,lalai,2023-02-12 11:56:58+00:00,1.0,-0.0398,neutral,"['sem', 'eu', 'que', 'fire']"
626,chinguitty.voyages,2023-02-12 01:48:13+00:00,0.0,-0.0184,neutral,"['mauritania', 'visit']"
626,thisgirlobsessed,2023-02-09 18:59:33+00:00,1.0,0.934,positive,"['breathtaking', 'adventure']"
626,bkpr2024,2023-02-09 17:42:05+00:00,1.0,0.9746,positive,"['adventure', 'wow amazing', 'sun', 'amazing', 'wow']"
626,facehunter,2023-02-12 12:19:48+00:00,1.0,-0.1755,neutral,"['sim', 'heart_on_fire']"
626,stachuoz,2023-02-13 19:57:32+00:00,1.0,0.1553,neutral,[]
627,alejitao,2023-01-14 13:49:40+00:00,1.0,0.9459,positive,"['beautiful smiling_face_with_heart', 'beautiful', 'smiling_face_with_heart eyes', 'smiling_face_with_heart', 'eyes']"
627,liarodrigues,2023-01-13 03:46:05+00:00,1.0,0.0803,neutral,['clapping_hands']
627,lisa_pronove,2023-01-12 18:03:01+00:00,1.0,0.5665,positive,"['eyes dizzy', 'dizzy', 'smiling_face_with_heart eyes', 'smiling_face_with_heart', 'eyes']"
627,facehunter,2023-01-14 21:10:38+00:00,0.0,0.5084,positive,['yay']
627,alejitao,2023-01-14 22:43:17+00:00,0.0,0.4309,positive,"['boy', 'miss']"
628,sritabonetta,2023-04-17 08:58:15+00:00,1.0,0.879,positive,"['big fan', 'given', 'countries', 'media', 'fan']"
628,ambre_beauties,2023-02-28 18:10:10+00:00,1.0,0.9107,positive,"['beautiful blue_heart', 'blue_heart', 'beautiful']"
628,omarba5,2023-02-23 02:01:22+00:00,2.0,0.7867,positive,"['smiling_face_with_heart eyes', 'smiling_face_with_heart', 'eyes', 'eyes smiling_face_with_heart']"
628,sabrinafidalgoo,2023-02-18 18:39:07+00:00,1.0,0.8747,positive,"['smiling_face_with_heart eyes', 'smiling_face_with_heart', 'eyes', 'wow smiling_face_with_heart', 'eyes smiling_face_with_heart']"
628,azizasega,2023-02-18 17:51:22+00:00,1.0,0.2415,neutral,"['yellow_heart', 'yellow_heart yellow_heart']"
628,facehunter,2023-04-17 09:26:28+00:00,0.0,0.9893,positive,"['thank much', 'appreciate', 'glad', 'heart_exclamation', 'people']"
629,osono.jewelry,2023-05-24 13:10:22+00:00,1.0,0.9835,positive,"['incredible red_heart', 'incredible', 'work', 'red_heart']"
629,manoelabosworth,2023-04-11 13:44:26+00:00,1.0,0.9121,positive,['beautiful']
629,goiania.co,2023-02-05 22:39:17+00:00,0.0,0.7393,positive,"['styling', 'curious', 'face_with_open_mouth smiling_face_with_heart', 'face_with_open_mouth', 'amazing']"
629,facehunter,2023-05-24 13:10:42+00:00,0.0,0.0604,neutral,"['jewelry', 'folded_hands_medium light_skin_tone', 'folded_hands_medium', 'light_skin_tone']"
630,youroldclothes,2023-05-11 15:20:26+00:00,0.0,0.7025,positive,['glad']
630,high_priestess_danielle,2023-05-08 14:29:15+00:00,0.0,0.762,positive,"['see', 'message', 'blocked kindly', 'need honest', 'see around']"
630,itstoriscarlett,2023-05-07 14:13:47+00:00,0.0,0.4869,positive,"['fire', 'fire fire', 'kid', 'outfit fire', 'dude']"
630,hectic__eclectic,2023-05-03 10:52:15+00:00,1.0,-0.0899,neutral,"['second slide', 'thought', 'second', 'slide', 'fire red_heart']"
630,itsgiane_,2023-05-03 10:49:41+00:00,0.0,0.9458,positive,"['account smiling_face_with_heart', 'account', 'smiling_face_with_heart eyes', 'smiling_face_with_heart', 'eyes']"
630,hbdoeshair,2023-05-03 02:22:46+00:00,0.0,0.9067,positive,"['giving', 'lol', 'vibes', 'beautiful']"
630,annieisaboyname,2023-05-02 23:29:33+00:00,0.0,-0.0461,neutral,"['turn', 'crying_face', 'face_with_tears_of_joy']"
630,priestess_cassandra_45,2023-05-02 14:44:53+00:00,0.0,-0.4794,negative,"['energy chakras', 'chakras', 'energy', 'palm picture', 'past inbox']"
630,yhjtyht,2023-05-02 10:43:29+00:00,1.0,-0.0978,neutral,"['working', 'like']"
630,miabelladonna,2023-05-02 05:46:47+00:00,1.0,0.6621,positive,"['fire', 'fire fire', 'slay', 'day']"
631,fatmasaltwater,2023-02-11 22:53:26+00:00,1.0,0.8402,positive,"['eyes smiling_face_with_heart', 'smiling_face_with_heart eyes', 'smiling_face_with_heart', 'eyes']"
631,sabrinafidalgoo,2023-02-10 11:32:30+00:00,1.0,0.9862,positive,"['soooo', 'cool', 'red_heart']"
631,chorengel,2023-02-10 04:51:16+00:00,1.0,0.0278,neutral,"['fire', 'fire fire']"
631,lovenaturetruly,2023-02-09 22:18:49+00:00,1.0,-0.0512,neutral,['clapping_hands']
631,fatmasaltwater,2023-02-11 22:56:36+00:00,1.0,0.1384,neutral,"['cowboy', 'story', 'hat', 'must', 'tell']"
631,facehunter,2023-02-11 22:57:05+00:00,1.0,0.1747,neutral,['sure']
632,candido2492,2023-05-21 13:34:08+00:00,2.0,0.5298,positive,"['quero', 'calça', 'smiling_face_with_heart eyes', 'smiling_face_with_heart', 'eyes']"
632,carla_pontessss,2023-05-21 00:57:12+00:00,1.0,-0.002,neutral,"['airplane', 'noite sra', 'family_man_woman_boy_boy', 'ribbon', 'boa noite']"
632,m_z_gil,2023-05-21 00:01:38+00:00,1.0,-0.1209,neutral,"['das camisas', 'não encontrei', 'encontrei', 'camisas', 'site']"
632,dudalina,2023-05-22 13:45:11+00:00,0.0,-0.0133,neutral,"['pode', 'site ou', 'pode buscar', 'pode conversar', 'ajuda escolher']"
633,sahib_esau_amor,2023-02-07 04:33:47+00:00,2.0,0.9327,positive,"['red_heart red_heart', 'red_heart']"
633,zeenasaifi,2023-02-06 16:21:10+00:00,1.0,0.9695,positive,"['photos', 'beautiful']"
633,nacera.bous,2023-02-06 14:30:12+00:00,1.0,0.1033,neutral,['red_heart']
633,ivonayw,2023-02-06 13:27:20+00:00,1.0,0.9638,positive,"['story', 'beautiful', 'red_heart']"
633,facehunter,2023-02-07 09:45:07+00:00,1.0,0.7311,positive,"['beaming_face_with_smiling_eyes', 'beaming_face_with_smiling_eyes beaming_face_with_smiling_eyes']"
634,manareltamimiy,2023-06-01 19:58:17+00:00,0.0,-0.0665,neutral,['fire']
634,castellidimitrii,2023-05-31 18:32:12+00:00,0.0,0.0803,neutral,['clapping_hands']
634,ugursenoglu34,2023-05-28 23:59:55+00:00,0.0,0.728,positive,"['smiling_face_with_heart eyes', 'smiling_face_with_heart', 'eyes']"
634,mohamadyahyaieofficial,2023-05-28 09:03:31+00:00,0.0,-0.5763,negative,"['elegant', 'fire']"
634,cal_teles,2023-05-28 07:57:29+00:00,0.0,0.4869,positive,"['criative clapping_hands', 'clapping_hands prada', 'criative', 'style perfect', 'globe_showing_asia']"
634,leila_k_hosseini,2023-05-28 06:46:21+00:00,0.0,0.3666,neutral,"['clapping_hands', 'clapping_hands clapping_hands']"
634,sidiropoulouolympias,2023-05-28 06:45:22+00:00,0.0,0.2744,neutral,"['red_heart', 'red_heart red_heart']"
634,clementlomellini,2023-05-28 06:41:01+00:00,0.0,0.2216,neutral,"['heart_suit', 'heart_suit heart_suit']"
634,richardaguilar662,2023-05-28 06:28:14+00:00,0.0,0.9711,positive,"['l', 'wallet', 'received', 'address', 'believe']"
635,rajaniingnam,2023-05-16 02:12:13+00:00,0.0,0.0555,neutral,"['fire', 'fire fire', 'red_heart', 'red_heart red_heart', 'red_heart fire']"
635,dreamcastle_yun,2023-05-16 02:01:54+00:00,0.0,0.9417,positive,"['fire', 'fire fire', 'together', 'history', 'victory_hand']"
635,tekhnoremont.msk,2023-05-15 20:35:13+00:00,0.0,0.0806,neutral,"['fire', 'fire fire']"
635,jeremyntran,2023-05-14 15:18:38+00:00,0.0,0.1565,neutral,"['raising_hands', 'raising_hands raising_hands']"
635,the_maaya_design_studio,2023-05-14 11:28:51+00:00,0.0,0.9328,positive,"['last picture', 'rocks', 'last', 'picture', 'smiling_face_with_heart eyes']"
635,szakarin,2023-05-14 09:00:10+00:00,0.0,0.9365,positive,['two']
635,emathley_erdy,2023-05-14 07:57:24+00:00,0.0,0.1779,neutral,"['raising_hands red_heart', 'red_heart', 'raising_hands', 'red_heart red_heart']"
635,bingchen,2023-05-14 07:03:29+00:00,0.0,0.7867,positive,"['smiling_face_with_heart eyes', 'smiling_face_with_heart', 'eyes', 'eyes smiling_face_with_heart']"
635,aloof.scribbler,2023-05-14 05:47:27+00:00,0.0,0.7074,positive,"['smiling_face_with_heart eyes', 'smiling_face_with_heart', 'eyes', 'eyes smiling_face_with_heart']"
635,mandalay_official,2023-05-14 05:46:27+00:00,0.0,0.9114,positive,"['prabal', 'love']"
636,elyna_lili_,2023-05-28 16:57:16+00:00,0.0,0.2445,neutral,"['clapping_hands', 'clapping_hands clapping_hands']"
636,sveta.268,2023-05-27 09:24:38+00:00,0.0,0.7543,positive,"['thumbs_up', 'thumbs_up thumbs_up', 'folded_hands', 'smiling_face_with_hearts']"
636,dream.purses,2023-05-26 11:25:21+00:00,0.0,0.6541,positive,"['red_heart smiling_face_with_heart', 'smiling_face_with_heart eyes', 'smiling_face_with_heart', 'eyes', 'red_heart']"
636,niyan._____,2023-05-26 10:47:18+00:00,0.0,0.078,neutral,"['raising_hands red_heart', 'raising_hands', 'red_heart']"
636,rasprekrasnaya555,2023-05-26 08:47:30+00:00,0.0,0.0803,neutral,['clapping_hands']
636,chevli_official,2023-05-26 06:37:34+00:00,0.0,0.0321,neutral,[]
636,harry_rivera6655,2023-05-26 02:59:00+00:00,0.0,0.9636,positive,"['excellence', 'better', 'way', 'work', 'thanks']"
637,prarthana690,2023-06-09 17:48:59+00:00,0.0,0.3475,neutral,"['purple_heart', 'nd']"
637,soofis_08,2023-06-07 15:52:00+00:00,0.0,0.7074,positive,"['smiling_face_with_heart eyes', 'smiling_face_with_heart', 'eyes', 'eyes smiling_face_with_heart']"
637,kobe.armstrong,2023-06-07 14:58:07+00:00,0.0,0.484,neutral,"['purple_heart green_heart', 'purple_heart', 'green_heart']"
637,imnot_.kylee,2023-06-04 17:15:53+00:00,0.0,0.0331,neutral,[]
637,francinaraaa_,2023-06-04 12:41:13+00:00,0.0,-0.8392,negative,"['missed', 'day']"
637,aliciasmanioto,2023-06-03 00:25:17+00:00,0.0,-0.0413,neutral,"['depois', 'todo', 'show']"
637,beth.ann.77,2023-06-02 18:19:27+00:00,0.0,-0.3213,neutral,"['flushed_face', 'upside down_face', 'upside', 'down_face']"
637,julia.melissa,2023-06-02 14:30:58+00:00,0.0,-0.0469,neutral,[]
637,babioliveira_03,2023-05-29 18:38:19+00:00,0.0,0.0667,neutral,"['white_heart', 'white_heart white_heart']"
638,bhaakhattar,2023-05-28 10:08:21+00:00,0.0,-0.3913,neutral,[]
638,trendyshoeblog,2023-05-28 01:45:49+00:00,0.0,0.0806,neutral,"['fire', 'fire fire']"
638,ichaewon1,2023-05-27 15:41:45+00:00,0.0,0.4621,positive,"['raising_hands_light_skin_tone', 'wow']"
638,prada.lye.spitz,2023-05-27 14:52:54+00:00,0.0,0.0321,neutral,[]
638,polinakiou,2023-05-27 07:17:50+00:00,0.0,0.2749,neutral,"['red_heart red_heart', 'red_heart']"
638,gianluca_dagnino,2023-05-26 16:55:25+00:00,0.0,0.019,neutral,"['vestire', 'clapping_hands']"
638,emeraldshama,2023-05-26 16:52:52+00:00,0.0,0.7074,positive,"['smiling_face_with_heart eyes', 'smiling_face_with_heart', 'eyes', 'eyes smiling_face_with_heart']"
638,soyturk_atila,2023-05-26 11:12:52+00:00,0.0,-0.0665,neutral,['fire']
638,broccati_official,2023-05-26 09:27:40+00:00,0.0,0.1033,neutral,['red_heart']
638,travelwithmeinstyle,2023-05-26 09:02:45+00:00,0.0,0.1847,neutral,"['raising_hands', 'raising_hands raising_hands', 'red_heart raising_hands', 'red_heart', 'red_heart red_heart']"
639,eatyourconchas,2023-06-05 18:17:54+00:00,0.0,-0.119,neutral,[]
639,eatyourconchas,2023-06-05 18:17:45+00:00,0.0,0.0321,neutral,[]
639,lvhary,2023-05-31 00:34:04+00:00,0.0,0.5556,positive,"['white_heart white_heart', 'white_heart', 'found', 'glowing_star star', 'sparkle']"
639,horsens_hs_nr1,2023-05-28 10:22:32+00:00,0.0,0.0321,neutral,[]
639,liahveiga,2023-05-24 22:18:39+00:00,0.0,0.1314,neutral,[]
639,mense_92,2023-05-22 18:12:59+00:00,0.0,0.4527,neutral,"['two_hearts', 'blue_heart']"
639,idaameiton,2023-05-22 08:03:29+00:00,0.0,0.1033,neutral,['red_heart']
639,darksidenicolee,2023-06-08 11:27:31+00:00,0.0,-0.1932,neutral,['baby']
640,z.compte.w,2023-03-14 20:08:55+00:00,0.0,0.9472,positive,"['join profil', 'profil', 'gallery', 'join', 'beautiful']"
640,my_fashionupdates,2023-03-12 20:44:24+00:00,0.0,0.1033,neutral,['red_heart']
640,tildas_gems,2023-03-12 14:42:17+00:00,0.0,-0.0872,neutral,"['red_heart fire', 'fire', 'red_heart']"
640,agence.lbds,2023-03-11 21:34:39+00:00,0.0,0.9843,positive,"['moments', 'beautiful', 'behind', 'look stunning', 'scenes']"
640,lillyvalentinee,2023-03-11 21:23:23+00:00,1.0,0.9696,positive,"['land', 'whole', 'slay']"
640,itsahmedaqib,2023-03-11 18:55:51+00:00,0.0,0.2503,neutral,"['hugging_face', 'check dm', 'please check', 'check', 'sparkling_heart']"
640,cryinginvogue,2023-03-11 18:42:05+00:00,0.0,-0.0083,neutral,['dove']
640,carolinaprezga,2023-03-11 14:11:42+00:00,1.0,0.1833,neutral,"['white_heart', 'red_heart']"
640,hubackova.marie,2023-03-11 10:53:08+00:00,1.0,0.7066,positive,"['clapping_hands smiling_face_with_heart', 'clapping_hands', 'smiling_face_with_heart eyes', 'smiling_face_with_heart', 'eyes']"
641,sanayuilll,2023-06-06 10:31:27+00:00,0.0,0.0418,neutral,['prada']
641,sanayuilll,2023-06-06 10:30:28+00:00,0.0,-0.0732,neutral,"['sana', 'sent', 'u']"
641,nadiamonteiro7262,2023-05-31 15:12:13+00:00,0.0,0.2019,neutral,"['red_heart', 'red_heart red_heart']"
642,bartackagency,2023-05-10 08:23:14+00:00,0.0,0.9907,positive,"['spirit', 'good love', 'outfit fire', 'looks good', 'outfit']"
642,iamklemie,2023-03-16 18:48:56+00:00,0.0,0.0803,neutral,['clapping_hands']
642,xiaoyuanron,2023-03-16 13:16:54+00:00,0.0,0.8857,positive,"['eyes smiling_face_with_heart', 'smiling_face_with_heart eyes', 'smiling_face_with_heart', 'eyes']"
642,lillylovesummer,2023-03-16 08:16:20+00:00,0.0,0.3024,neutral,"['clapping_hands', 'clapping_hands clapping_hands']"
642,benguherel,2023-03-16 07:06:20+00:00,0.0,-0.1675,neutral,[]
642,lilly48387,2023-03-15 20:33:19+00:00,0.0,0.9839,positive,"['store', 'speech_balloon', 'shein', 'platform', 'online']"
642,stephane_ashpool,2023-03-15 08:31:10+00:00,0.0,-0.1796,neutral,[]
642,k44t11,2023-03-15 08:28:45+00:00,0.0,0.1333,neutral,"['fire', 'fire fire', 'red_heart', 'red_heart red_heart', 'fire red_heart']"
642,trigui.abdou,2023-03-15 07:47:32+00:00,0.0,0.7074,positive,"['smiling_face_with_heart eyes', 'smiling_face_with_heart', 'eyes', 'eyes smiling_face_with_heart']"
643,ludd.ibarra,2023-06-09 16:00:06+00:00,0.0,0.0692,neutral,"['te amo', 'amo', 'te']"
643,msunflower.vol6,2023-06-08 10:29:33+00:00,0.0,0.0668,neutral,[]
643,kobe.armstrong,2023-06-07 14:57:00+00:00,0.0,0.2267,neutral,['blue_heart']
643,bieleka,2023-06-07 03:25:40+00:00,0.0,0.2186,neutral,"['come back', 'back', 'come']"
643,arusaal_,2023-06-05 00:33:55+00:00,0.0,0.0419,neutral,['volvé']
643,lildraculita,2023-06-04 22:23:04+00:00,8.0,0.2035,neutral,"['mi', 'de', 'pronto', 'en mi', 'esta']"
643,_whoscaty,2023-06-03 22:33:59+00:00,0.0,-0.2641,neutral,"['miss', 'time']"
643,_jael_parra,2023-06-03 14:07:15+00:00,0.0,0.0096,neutral,"['pensive_face', 'hola te', 'hola', 'te']"
643,ohhhhhchill,2023-06-03 07:30:48+00:00,0.0,-0.1125,neutral,"['más', 'volvé', 'te']"
643,noah_fuerbringer_,2023-06-01 16:11:55+00:00,0.0,0.0278,neutral,"['fire', 'fire fire']"
644,glowhunterlondon,2023-06-01 15:30:21+00:00,0.0,0.2744,neutral,"['red_heart', 'red_heart red_heart']"
644,ecreativoe,2023-06-01 13:25:34+00:00,0.0,0.123,neutral,"['white_heart yellow_heart', 'yellow_heart green_heart', 'black_heart white_heart', 'orange_heart black_heart', 'orange_heart']"
644,castellidimitrii,2023-05-31 18:22:31+00:00,0.0,0.0803,neutral,['clapping_hands']
644,debora_freitas1607,2023-05-31 10:06:43+00:00,0.0,0.1085,neutral,"['segunda', 'melhor', 'é', 'red_heart']"
644,mariam_n307,2023-05-31 05:56:07+00:00,0.0,-0.6464,negative,"['pretty woman', 'awful', 'awful dresses', 'dresses', 'woman']"
644,mezy37,2023-05-31 05:01:27+00:00,0.0,0.7613,positive,"['eyes red_heart', 'smiling_face_with_heart eyes', 'smiling_face_with_heart', 'eyes', 'eyes smiling_face_with_heart']"
644,des_wi_ro,2023-05-30 12:24:37+00:00,0.0,0.6541,positive,"['red_heart smiling_face_with_heart', 'smiling_face_with_heart eyes', 'smiling_face_with_heart', 'eyes', 'red_heart']"
644,missanya2017,2023-05-30 08:46:15+00:00,0.0,-0.8924,negative,"['awful', 'awful dresses', 'says', 'dresses', 'truly']"
644,sjlyhxwf,2023-05-29 15:56:01+00:00,0.0,0.728,positive,"['smiling_face_with_heart eyes', 'smiling_face_with_heart', 'eyes']"
644,semenhripunov,2023-05-29 14:34:30+00:00,0.0,-0.1076,neutral,[]
645,shalineserpes,2023-05-23 18:36:39+00:00,0.0,0.9825,positive,"['fire', 'fire fire', 'outstanding', 'ur', 'collection']"
645,supe5858,2023-05-15 14:22:56+00:00,0.0,-0.0205,neutral,"['ᴏɴ', 'ɪᴛ']"
645,supe5858,2023-05-15 14:22:37+00:00,0.0,-0.1938,neutral,"['o_button_ blood_type', 'blood_type', 'o_button_', 'blood_type o_button_', 'p_button o_button_']"
645,supe5858,2023-05-15 14:22:20+00:00,0.0,-0.1938,neutral,"['o_button_ blood_type', 'blood_type', 'o_button_', 'blood_type o_button_', 'p_button o_button_']"
645,purvabhatnagar03,2023-05-15 13:33:41+00:00,0.0,0.8477,positive,"['johnny suh', 'suh', 'johnny', 'fine', 'looking']"
645,kathyengbowen,2023-05-15 03:00:11+00:00,0.0,0.2744,neutral,"['red_heart', 'red_heart red_heart']"
645,thesidneyking,2023-05-14 15:58:25+00:00,0.0,0.3666,neutral,"['clapping_hands', 'clapping_hands clapping_hands']"
645,pimphairoj,2023-05-14 13:33:20+00:00,0.0,0.2715,neutral,"['johnny', 'red_heart']"
645,sharma_shashi69,2023-05-14 12:07:38+00:00,0.0,0.9898,positive,"['smiling_face_with_hearts', 'smiling_face_with_hearts smiling_face_with_hearts', 'years old', 'sir', 'ad']"
645,fionafidela,2023-05-14 07:01:21+00:00,0.0,0.0824,neutral,"['johnny suh', 'suh', 'johnny', 'green_heart']"
646,jadarius_smith_,2023-06-07 03:35:10+00:00,0.0,0.4155,positive,['haha']
646,jhadeyvilladean,2023-05-18 07:54:32+00:00,0.0,0.0422,neutral,['turn']
646,ayyo.adam,2023-05-05 05:31:33+00:00,0.0,0.0176,neutral,"['coming', 'season']"
646,heartloveforeverinmylife,2023-05-04 18:56:06+00:00,1.0,0.9689,positive,"['journey', 'supporting', 'forever', 'awesome', 'always']"
646,swade6799,2023-05-02 18:35:54+00:00,1.0,-0.7891,negative,"['getting', 'like']"
646,kellyann1467,2023-04-28 06:15:07+00:00,0.0,0.2726,neutral,"['rue', 'goes', 'especially', 'literally', 'show']"
646,kellyann1467,2023-04-28 06:14:14+00:00,2.0,0.9864,positive,"['rue', 'journey', 'matter', 'continue', 'since']"
646,leticia_godoy_castello,2023-04-26 21:15:51+00:00,0.0,0.9672,positive,"['love red_heart', 'love', 'red_heart']"
646,leticia_godoy_castello,2023-04-26 21:15:29+00:00,0.0,0.628,positive,"['te amo', 'amo', 'te', 'smiling_face_with_heart eyes', 'smiling_face_with_heart']"
646,janine_wonderland,2023-05-20 18:09:27+00:00,0.0,0.9186,positive,"['pain', 'yeah', 'especially', 'h', 'soo']"
647,carolguimaraaess,2023-05-28 18:15:21+00:00,0.0,-0.0157,neutral,"['compro ingresso', 'compro', 'ingresso']"
647,_flavia_ferreira_8,2023-05-28 16:52:51+00:00,0.0,0.3666,neutral,"['clapping_hands', 'clapping_hands clapping_hands']"
647,voizaurademari,2023-05-28 16:38:48+00:00,0.0,0.8867,positive,"['smiling_face_with_hearts', 'smiling_face_with_hearts smiling_face_with_hearts', 'clapping_hands', 'clapping_hands clapping_hands', 'smiling_face_with_hearts clapping_hands']"
647,ro15rodrigo,2023-05-28 15:53:57+00:00,0.0,0.3585,neutral,"['clapping_hands', 'clapping_hands clapping_hands']"
647,modaanacorreia,2023-05-28 15:27:37+00:00,0.0,0.7874,positive,"['clapping_hands', 'clapping_hands smiling_face_with_heart', 'clapping_hands clapping_hands', 'smiling_face_with_heart eyes', 'smiling_face_with_heart']"
648,kamihooligann,2023-06-09 18:38:00+00:00,0.0,0.1801,neutral,"['two_hearts', 'face_exhaling two_hearts', 'face_exhaling', 'two_hearts two_hearts']"
648,not_graygray,2023-06-04 00:19:30+00:00,0.0,0.4502,positive,"['interesting', 'style']"
648,gittingsportraiture,2023-06-03 17:48:27+00:00,0.0,0.4633,positive,['love']
648,ralleyalex90,2023-06-01 03:45:16+00:00,0.0,0.1033,neutral,['red_heart']
648,ralleyalex90,2023-06-01 03:45:15+00:00,0.0,0.9456,positive,"['good pic', 'pic', 'good']"
648,benny_fragrance_,2023-05-27 00:43:19+00:00,0.0,0.4682,positive,"['queen', 'face_with_tears_of_joy']"
648,benny_fragrance_,2023-05-27 00:42:58+00:00,0.0,0.9688,positive,"['sexy', 'smiling_face_with_heart eyes', 'smiling_face_with_heart', 'eyes']"
648,chelsearose.h,2023-05-26 20:41:18+00:00,0.0,0.1975,neutral,"['red_heart red_heart', 'red_heart']"
648,chelsearose.h,2023-05-26 20:41:12+00:00,0.0,0.9866,positive,"['best ever', 'ever', 'best', 'wow']"
648,chelsearose.h,2023-05-26 20:40:50+00:00,0.0,0.9828,positive,['cool']
650,kigori_gioielli,2023-04-23 07:15:48+00:00,0.0,0.1033,neutral,['red_heart']
650,zh.touch,2023-04-22 14:54:54+00:00,0.0,0.0806,neutral,"['fire', 'fire fire']"
650,nalesso_graziella_,2023-04-22 09:33:31+00:00,0.0,0.1972,neutral,"['red_heart clapping_hands', 'clapping_hands', 'red_heart']"
650,thequincydashco,2023-04-21 19:11:30+00:00,1.0,0.2019,neutral,"['red_heart', 'red_heart red_heart']"
650,verba.volant.writing,2023-04-21 18:20:26+00:00,1.0,0.9632,positive,"['pure', 'brazil', 'world', 'beauty']"
650,ilbaulediale,2023-04-21 16:13:11+00:00,1.0,0.7074,positive,"['smiling_face_with_heart eyes', 'smiling_face_with_heart', 'eyes', 'eyes smiling_face_with_heart']"
650,fashionstudiomagazine,2023-04-21 14:14:42+00:00,1.0,0.9121,positive,['beautiful']
650,raygutierrezr,2023-04-21 13:04:25+00:00,0.0,0.3291,neutral,['glowing_star']
650,dawnmasoninc,2023-04-21 12:19:26+00:00,0.0,-0.0276,neutral,['raising_hands']
650,mery.coco24,2023-04-21 11:41:49+00:00,1.0,-0.0431,neutral,"['il', 'da', 'sulle', 'milano', 'trovo']"
651,peachyvic,2023-05-28 21:37:56+00:00,0.0,0.0058,neutral,"['sus', 'manhattan', 'statue_of_liberty', 'su', 'amo']"
651,my_radiant_glow,2023-05-26 11:46:50+00:00,0.0,0.8088,positive,"['slide smiling_face_with_heart', 'slide', 'eyes red_heart', 'smiling_face_with_heart eyes', 'smiling_face_with_heart']"
651,capitanaoats,2023-05-25 20:02:39+00:00,0.0,0.1104,neutral,"['genius', 'two piece', 'cardigan', 'slide wearing', 'th slide']"
651,mateblaga,2023-05-25 18:33:59+00:00,0.0,-0.9269,negative,[]
651,ashleybonilla__,2023-05-21 23:56:10+00:00,0.0,-0.2375,neutral,"['tag', 'wondering', 'dude', 'fashion', 'people']"
651,chillems,2023-05-21 23:42:19+00:00,0.0,0.0165,neutral,[]
651,numemory93,2023-05-21 18:59:50+00:00,0.0,-0.6037,negative,"['dude', 'first']"
651,ashtwigg,2023-05-21 05:20:54+00:00,0.0,-0.044,neutral,[]
651,christopherebaird,2023-05-21 04:41:44+00:00,0.0,-0.5323,negative,"['fucking', 'ny', 'rolling_on_the_floor_laughing', 'tell', 'like']"
652,hazal786786,2023-06-09 18:53:02+00:00,0.0,0.2411,neutral,"['victory_hand', 'beauty']"
652,not_graygray,2023-06-04 00:20:34+00:00,1.0,0.9165,positive,[]
652,liger3462,2023-06-03 14:00:02+00:00,0.0,0.3719,neutral,"['face_with_tears_of_joy', 'face_with_tears_of_joy face_with_tears_of_joy']"
652,wasee_m2384,2023-06-02 18:02:32+00:00,0.0,-0.4234,negative,['u']
652,user6392020473920,2023-06-02 16:12:35+00:00,0.0,0.2219,neutral,"['sparkles white_heart', 'sparkles', 'white_heart']"
652,vellykania,2023-06-02 00:46:31+00:00,0.0,0.1033,neutral,['red_heart']
652,frxgo_,2023-06-09 18:53:43+00:00,0.0,-0.2256,neutral,"['race', 'yet', 'also']"
653,ellenduguid,2023-05-24 13:28:11+00:00,0.0,0.9891,positive,"['thank much', 'red_heart', 'feature', 'red_heart red_heart', 'thank']"
653,leila_thompsonnn,2023-05-24 04:44:15+00:00,0.0,0.6903,positive,['adorable']
653,lisalosquadro,2023-05-23 17:28:53+00:00,0.0,0.8905,positive,"['thats', 'face_with_hand_over_mouth', 'white_heart']"
653,sillyalysa,2023-05-23 15:44:04+00:00,1.0,-0.2192,neutral,['face_screaming_in_fear']
653,sneakerqueenscustoms,2023-05-23 15:39:20+00:00,0.0,0.728,positive,"['smiling_face_with_heart eyes', 'smiling_face_with_heart', 'eyes']"
654,kareenmix,2023-02-20 11:26:48+00:00,1.0,0.9171,positive,"['creative', 'smiling_face_with_heart eyes', 'smiling_face_with_heart', 'eyes']"
654,nobodyknowsmarc,2023-02-19 21:12:21+00:00,1.0,-0.0665,neutral,['fire']
654,robbalmeida,2023-02-19 20:15:52+00:00,1.0,0.7867,positive,"['smiling_face_with_heart eyes', 'smiling_face_with_heart', 'eyes', 'eyes smiling_face_with_heart']"
654,jessicsm,2023-02-19 17:19:53+00:00,1.0,-0.3092,negative,"['interesting', 'shows', 'seem', 'styling', 'less']"
654,greivy,2023-02-19 16:02:15+00:00,1.0,0.0602,neutral,"['fire', 'fire fire']"
654,monicamendes,2023-02-19 09:49:29+00:00,1.0,0.3024,neutral,"['clapping_hands', 'clapping_hands clapping_hands']"
654,kmbef,2023-02-19 00:45:43+00:00,1.0,-0.7813,negative,"['oh god', 'god', 'oh']"
654,leeoliveira,2023-02-20 08:02:53+00:00,1.0,0.1033,neutral,['red_heart']
655,cemssalih,2023-03-20 19:48:31+00:00,1.0,0.7616,positive,['cool']
655,marketlamode,2023-03-19 10:35:44+00:00,0.0,0.9808,positive,['beautiful']
655,rodriges8272,2023-03-18 20:44:37+00:00,1.0,0.728,positive,"['smiling_face_with_heart eyes', 'smiling_face_with_heart', 'eyes']"
655,life_in_swiss2000,2023-03-18 14:13:22+00:00,1.0,0.9421,positive,"['smiling_face_with_heart eyes', 'smiling_face_with_heart', 'eyes']"
655,leeoliveira,2023-03-20 22:29:23+00:00,1.0,0.7241,positive,"['smiling_face_with_smiling_eyes', 'folded_hands']"
656,lamaseva,2023-03-19 08:39:17+00:00,1.0,0.9866,positive,"['photo', 'red_heart', 'beautiful', 'red_heart red_heart']"
656,eliano.donoven,2023-03-19 00:57:04+00:00,1.0,0.9714,positive,"['face_blowing_a_kiss', 'face_blowing_a_kiss face_blowing_a_kiss', 'collaboration', 'face_blowing_a_kiss love', 'love content']"
656,end2end,2023-03-18 15:05:02+00:00,2.0,0.5343,positive,"['france', 'miss', 'soon', 'smiling_face_with_heart eyes', 'smiling_face_with_heart']"
657,shop.afrm,2023-04-17 15:12:01+00:00,0.0,0.8402,positive,"['eyes smiling_face_with_heart', 'smiling_face_with_heart eyes', 'smiling_face_with_heart', 'eyes']"
657,kvffvk,2023-04-16 20:04:00+00:00,1.0,0.9747,positive,"['pieces', 'love', 'red_heart']"
657,george_angelis,2023-04-16 16:18:01+00:00,0.0,0.0278,neutral,"['fire', 'fire fire']"
657,daughter_of_god_apt,2023-04-16 15:51:05+00:00,0.0,0.6672,positive,"['crown sparkles', 'crown', 'purple_heart', 'sparkles']"
657,theionfashion,2023-04-16 15:38:58+00:00,0.0,0.0002,neutral,"['house', 'raising_hands fire', 'red_heart raising_hands', 'raising_hands', 'fire']"
658,marinalameu,2023-05-28 21:05:54+00:00,0.0,0.1463,neutral,"['clapping_hands', 'clapping_hands clapping_hands', 'arrasou', 'maravilhoso', 'que']"
658,virginia.presentesespeciais,2023-05-28 19:37:38+00:00,0.0,0.0163,neutral,"['de vc', 'vc', 'de', 'que']"
658,nomundodalolabrecho,2023-05-28 19:06:23+00:00,0.0,0.5943,positive,"['incrível', 'clapping_hands', 'smiling_face_with_heart eyes', 'smiling_face_with_heart', 'eyes']"
658,biatavares12,2023-05-28 18:11:17+00:00,0.0,0.0561,neutral,"['amigo', 'melhor fotógrafo', 'fotógrafo', 'ele é', 'ele']"
658,anire.niara,2023-05-28 17:24:54+00:00,0.0,0.0246,neutral,[]
658,pemax__,2023-05-28 17:20:51+00:00,1.0,-0.0199,neutral,"['fotógrafo', 'melhor fotógrafo', 'melhor']"
658,finaacadjancu,2023-05-28 05:14:47+00:00,0.0,-0.0262,neutral,[]
658,dani_sfcardoso,2023-05-27 23:22:57+00:00,1.0,-0.0126,neutral,"['incrível', 'foto']"
658,assucenaassucena,2023-05-27 23:08:33+00:00,2.0,0.063,neutral,"['maravilhosa red_heart', 'maravilhosa', 'sempre', 'red_heart']"
660,stok.baazar,2023-06-05 01:27:48+00:00,0.0,0.0432,neutral,"['black_heart', 'black_heart black_heart']"
660,edson_r_nahas,2023-05-31 14:05:44+00:00,0.0,0.0289,neutral,['brilho']
660,emanoelpaier,2023-05-29 10:58:47+00:00,0.0,0.0806,neutral,"['fire', 'fire fire']"
660,tonnyantonyo,2023-05-28 20:54:42+00:00,0.0,-0.0665,neutral,['fire']
660,_lucasevangelista,2023-05-28 15:10:54+00:00,0.0,0.5932,positive,"['dark_skin_tone', 'smiling_face_with_heart eyes', 'smiling_face_with_heart', 'eyes']"
660,adrielesantos1992,2023-05-28 15:00:04+00:00,0.0,0.3024,neutral,"['clapping_hands', 'clapping_hands clapping_hands']"
660,b.nunes95,2023-05-28 13:24:36+00:00,0.0,0.1028,neutral,"['foi', 'perfeito', 'red_heart']"
661,monipercast,2023-05-29 17:49:47+00:00,0.0,0.7867,positive,"['smiling_face_with_heart eyes', 'smiling_face_with_heart', 'eyes', 'eyes smiling_face_with_heart']"
661,naluandselene,2023-05-28 00:28:21+00:00,0.0,0.078,neutral,"['raising_hands red_heart', 'raising_hands', 'red_heart']"
661,emdaavfro,2023-05-25 20:07:46+00:00,0.0,0.7867,positive,"['smiling_face_with_heart eyes', 'smiling_face_with_heart', 'eyes', 'eyes smiling_face_with_heart']"
662,ninaannac,2023-05-31 17:39:11+00:00,0.0,0.2744,neutral,"['red_heart', 'red_heart red_heart']"
662,lucindalsb,2023-05-28 01:11:15+00:00,0.0,0.9871,positive,"['behind scenes', 'scenes', 'behind', 'houses', 'red_heart love']"
662,annacampofiorito,2023-05-25 15:04:19+00:00,0.0,0.9657,positive,"['lovely red_heart', 'lovely', 'red_heart']"
662,juh.costura,2023-05-24 10:23:07+00:00,0.0,0.9628,positive,"['clapping_hands', 'clapping_hands clapping_hands', 'clapping_hands red_heart', 'love', 'red_heart']"
662,ezorezzo,2023-05-23 22:46:01+00:00,0.0,0.5163,positive,['smiling_face_with_hearts']
662,larissavidal12390,2023-05-23 20:47:15+00:00,0.0,0.83,positive,"['cherry_blossom cherry_blossom', 'cherry_blossom', 'sparkling_heart', 'sparkling_heart sparkling_heart', 'two_hearts']"
662,mmaccarini,2023-05-22 18:42:33+00:00,0.0,-0.0317,neutral,['face_with_open_mouth']
662,widia_kusuma89,2023-05-22 10:17:49+00:00,0.0,0.9448,positive,['nice']
663,guxstavou,2023-05-30 10:17:13+00:00,0.0,0.1986,neutral,"['ai', 'haha', 'que']"
663,grazielapbaldo,2023-05-29 14:52:47+00:00,0.0,-0.0271,neutral,"['rolling_on_the_floor_laughing', 'rolling_on_the_floor_laughing rolling_on_the_floor_laughing', 'nunca']"
663,estilistadonacissa,2023-05-29 12:59:16+00:00,0.0,-0.1781,neutral,"['melhor', 'não', 'e']"
663,breilacristinaa,2023-05-28 22:11:32+00:00,0.0,-0.0211,neutral,"['lá', 'sei']"
664,nilati__collection,2023-05-29 06:22:28+00:00,0.0,-0.0321,neutral,"['fire', 'fire fire']"
664,australian_luxury_brands,2023-05-28 07:05:28+00:00,0.0,0.8933,positive,"['stunning', 'clapping_hands']"
664,pinedaariel_,2023-05-28 01:19:08+00:00,0.0,0.7127,positive,"['fuel', 'innovation', 'esto', 'es', 'para']"
664,sofiaa_nava,2023-05-27 19:40:21+00:00,0.0,0.2744,neutral,"['red_heart', 'red_heart red_heart']"
664,minminthyv,2023-05-27 15:45:23+00:00,0.0,0.2019,neutral,"['red_heart', 'red_heart red_heart']"
664,k4rmelian,2023-05-27 11:50:09+00:00,0.0,0.8789,positive,"['wow', 'smiling_face_with_heart eyes', 'smiling_face_with_heart', 'eyes']"
664,torontotimepieceshow,2023-05-27 03:47:10+00:00,0.0,0.981,positive,"['beautiful dress', 'dress red_heart', 'dress', 'beautiful', 'red_heart']"
664,neudorferdeidamia,2023-05-26 17:22:59+00:00,0.0,0.1033,neutral,['red_heart']
664,slmjewelryy,2023-05-26 17:02:00+00:00,0.0,0.9519,positive,"['beautiful red_heart', 'red_heart', 'beautiful', 'red_heart red_heart']"
665,mducarmow,2023-05-27 19:51:32+00:00,0.0,0.2744,neutral,"['red_heart', 'red_heart red_heart']"
665,biia_ddd,2023-05-27 15:49:38+00:00,0.0,0.039,neutral,"['de domingo', 'domingo', 'ingresso', 'david', 'desfile']"
665,maripassarelli,2023-05-27 14:49:40+00:00,0.0,0.0597,neutral,"['clapping_hands_light_skin_tone', 'clapping_hands_light_skin_tone clapping_hands_light_skin_tone']"
665,gabrielssequeira,2023-05-27 14:27:55+00:00,0.0,0.306,neutral,"['clapping_hands', 'clapping_hands clapping_hands', 'collision']"
665,vanessamayarah,2023-05-27 14:09:05+00:00,0.0,0.2792,neutral,"['red_heart red_heart', 'red_heart']"
665,cxlore,2023-05-27 14:06:59+00:00,0.0,0.7374,positive,"['mds', 'smiling_face_with_heart eyes', 'smiling_face_with_heart', 'eyes']"
665,tainamuller,2023-05-27 13:32:15+00:00,1.0,0.1033,neutral,['red_heart']
666,yasmins_wf,2023-06-02 21:36:43+00:00,0.0,0.1146,neutral,['lindooo']
666,pedrosotnas,2023-05-30 14:56:35+00:00,0.0,-0.0534,neutral,"['é', 'dono da', 'dono', 'familia', 'e sua']"
666,carlosjunio.r,2023-05-30 12:14:58+00:00,0.0,0.2445,neutral,"['clapping_hands', 'clapping_hands clapping_hands']"
666,so.depaula,2023-05-30 03:00:34+00:00,0.0,-0.4182,negative,['loudly_crying_face']
666,supersu85,2023-05-29 21:33:13+00:00,0.0,0.3702,neutral,"['face_with_tears_of_joy', 'face_with_tears_of_joy face_with_tears_of_joy']"
666,supersu85,2023-05-29 21:32:23+00:00,0.0,-0.5902,negative,['crying_face']
666,adrielesantos1992,2023-05-29 16:47:36+00:00,0.0,-0.038,neutral,[]
666,lethycia._,2023-05-29 16:34:42+00:00,6.0,-0.0419,neutral,"['tá', 'de']"
667,annacampofiorito,2023-05-24 15:21:57+00:00,0.0,0.9875,positive,"['extremely', 'team', 'versace', 'best', 'beautiful']"
667,jk.hayden,2023-05-24 13:54:50+00:00,0.0,-0.0596,neutral,"['versace', 'ever', 'fire']"
667,missscarlett.thelabel,2023-05-23 04:30:41+00:00,0.0,0.9702,positive,"['white_heart', 'loooooove', 'white_heart white_heart']"
667,babygurlbrownskinn,2023-05-22 03:47:31+00:00,0.0,0.7867,positive,"['smiling_face_with_heart eyes', 'smiling_face_with_heart', 'eyes', 'eyes smiling_face_with_heart']"
667,anasofia.lorena,2023-05-20 01:38:16+00:00,0.0,-0.0202,neutral,['juan']
667,valdineicapoeira,2023-05-18 18:28:51+00:00,0.0,0.9456,positive,['love']
667,valdineicapoeira,2023-05-18 18:28:44+00:00,0.0,0.7867,positive,"['smiling_face_with_heart eyes', 'smiling_face_with_heart', 'eyes', 'eyes smiling_face_with_heart']"
667,cristinaganymede,2023-05-17 09:43:28+00:00,0.0,0.9667,positive,"['genius', 'amazing dress', 'dress', 'amazing']"
667,tokanbox,2023-05-15 23:47:20+00:00,0.0,0.3077,neutral,"['g', 'z', 'n', 'fire red_heart', 'dress']"
668,sebastian_barragan93,2023-06-02 23:18:24+00:00,0.0,-0.0089,neutral,['como']
668,earah.hunger,2023-06-02 07:00:12+00:00,0.0,-0.0961,neutral,['face_with_open_mouth']
668,jabbatech,2023-06-01 18:34:59+00:00,0.0,0.1949,neutral,"['tips', 'self']"
668,valy_cat14,2023-05-31 21:23:50+00:00,0.0,0.0278,neutral,"['fire', 'fire fire']"
668,broccati_official,2023-05-31 15:03:40+00:00,0.0,0.2749,neutral,"['red_heart red_heart', 'red_heart']"
668,florlombardi_22,2023-05-31 05:17:11+00:00,0.0,0.874,positive,"['account', 'follow', 'new', 'eyes fire', 'fire red_heart']"
668,ledamasca,2023-05-30 02:52:18+00:00,0.0,-0.8584,negative,[]
668,trythywi,2023-05-29 20:51:53+00:00,0.0,0.1033,neutral,['red_heart']
668,fragrancedubois,2023-05-29 16:41:14+00:00,0.0,0.1033,neutral,['red_heart']
668,rdzomar95,2023-06-03 01:46:09+00:00,0.0,-0.9226,negative,[]
669,lennyvitaro,2023-06-05 13:40:56+00:00,0.0,-0.5512,negative,[]
669,lissethfigueroa1,2023-06-04 22:24:39+00:00,0.0,0.9721,positive,"['shades smiling_face_with_heart', 'super cool', 'shades', 'mine', 'sunglasses']"
669,lindz_withn_a,2023-05-27 02:01:58+00:00,0.0,0.4633,positive,['love']
669,imhette,2023-05-24 11:12:42+00:00,0.0,0.6467,positive,"['vibes fire', 'vibes', 'fire', 'fire fire']"
669,alexandera.demetriou,2023-05-23 17:18:04+00:00,0.0,0.9632,positive,"['rose', 'rose rose', 'beautiful']"
669,nataliavfan,2023-05-19 18:29:58+00:00,0.0,-0.8246,negative,"['smirking_face', 'lips', 'understand']"
670,sozanfarag,2023-03-27 07:46:27+00:00,1.0,-0.0218,neutral,[]
670,anniemwyatt,2023-03-27 00:48:23+00:00,0.0,0.6895,positive,['smiling_face_with_hearts']
670,kellywilliard,2023-03-26 01:16:56+00:00,0.0,-0.0308,neutral,[]
670,ttnlaluna,2023-03-25 22:48:35+00:00,0.0,-0.0665,neutral,['fire']
670,lilandpicasso,2023-03-25 11:58:20+00:00,0.0,0.9894,positive,"['trends', 'thanks', 'us', 'love', 'smiling_face_with_heart eyes']"
670,_lozenger_,2023-03-25 11:39:12+00:00,0.0,0.7867,positive,"['smiling_face_with_heart eyes', 'smiling_face_with_heart', 'eyes', 'eyes smiling_face_with_heart']"
670,charlottedit,2023-03-25 05:24:06+00:00,0.0,0.0007,neutral,['bag']
670,juleskent,2023-03-27 20:44:09+00:00,0.0,-0.0086,neutral,['wish']
671,niiamhf,2023-06-01 19:42:23+00:00,0.0,0.9827,positive,"['kevin', 'handsome', 'red_heart']"
671,mbb.nc,2023-05-27 13:51:39+00:00,1.0,0.5491,positive,"['kevin', 'babe']"
671,milan_ajani,2023-05-27 02:42:07+00:00,0.0,-0.2135,neutral,[]
671,lorihaglund,2023-05-26 18:23:24+00:00,0.0,0.1033,neutral,['red_heart']
671,jainesilva9023,2023-05-26 12:37:40+00:00,1.0,0.0321,neutral,[]
671,estherbellido_,2023-05-25 22:26:35+00:00,1.0,0.1033,neutral,['red_heart']
671,frafrafrancisca,2023-05-25 16:35:34+00:00,1.0,0.7074,positive,"['smiling_face_with_heart eyes', 'smiling_face_with_heart', 'eyes', 'eyes smiling_face_with_heart']"
671,syedasaraanwar,2023-05-25 15:15:43+00:00,2.0,0.1033,neutral,['red_heart']
671,aprilpasu,2023-05-25 15:00:38+00:00,1.0,0.896,positive,"['eyes smiling_face_with_heart', 'smiling_face_with_heart eyes', 'smiling_face_with_heart', 'eyes']"
671,jherlina,2023-05-25 14:08:34+00:00,1.0,-0.0411,neutral,"['lord', 'folded_hands_medium_skin_tone']"
672,trusttheghost,2023-06-05 09:35:11+00:00,0.0,0.2169,neutral,"['kissing_face_with_closed_eyes thumbs_up_light_skin_tone', 'thumbs_up_light_skin_tone', 'kissing_face_with_closed_eyes']"
672,trusttheghost,2023-06-05 09:33:46+00:00,0.0,0.2169,neutral,"['kissing_face_with_closed_eyes thumbs_up_light_skin_tone', 'thumbs_up_light_skin_tone', 'kissing_face_with_closed_eyes']"
672,mountainspringthang,2023-06-03 20:53:24+00:00,0.0,0.1327,neutral,['two_hearts']
672,mrayala218,2023-06-02 17:55:33+00:00,0.0,-0.4948,negative,"['damn', 'fire', 'fire fire']"
672,heartloveforeverinmylife,2023-05-31 18:32:13+00:00,0.0,0.9858,positive,"['love much', 'much', 'love']"
672,withgoodgrace_,2023-05-31 04:42:30+00:00,0.0,0.9361,positive,"['play', 'would', 'never forget', 'box', 'website']"
672,karolvolpi6,2023-05-28 17:39:09+00:00,0.0,0.7867,positive,"['smiling_face_with_heart eyes', 'smiling_face_with_heart', 'eyes', 'eyes smiling_face_with_heart']"
672,genesislunav,2023-05-27 22:51:28+00:00,0.0,0.8188,positive,"['smiling_face_with_hearts smiling_face_with_heart', 'smiling_face_with_heart eyes', 'smiling_face_with_heart', 'eyes', 'smiling_face_with_hearts']"
672,ricardomartinesszzt,2023-05-27 13:40:57+00:00,0.0,0.8402,positive,"['eyes smiling_face_with_heart', 'smiling_face_with_heart eyes', 'smiling_face_with_heart', 'eyes']"
672,ahoyerik,2023-05-27 03:19:48+00:00,0.0,0.9494,positive,"['handsome smiling_face_with_heart', 'handsome', 'smiling_face_with_heart eyes', 'smiling_face_with_heart', 'eyes']"
673,anthonysneedfilm,2023-05-08 20:52:09+00:00,0.0,0.6475,positive,"['green', 'wow']"
673,hotgirllogic,2023-05-02 17:07:27+00:00,0.0,0.9225,positive,"['lil', 'fav', 'ok', 'fit', 'girl']"
673,kushagra_tokas,2023-05-01 02:34:50+00:00,0.0,0.5172,positive,"['super', 'red_heart']"
673,ournaturalstateofbeing,2023-04-29 20:39:00+00:00,0.0,0.9235,positive,"['keep', 'let', 'great', 'style']"
673,joeydnyc228,2023-04-29 10:07:44+00:00,0.0,0.9861,positive,"['love nyc', 'street style', 'making', 'street', 'nyc']"
673,adaynosoycolau,2023-04-29 07:57:18+00:00,0.0,0.5645,positive,"['de', 'lo', 'que', 'eyes smiling_face_with_heart', 'smiling_face_with_heart']"
674,jacopomarchettii,2023-05-20 07:56:55+00:00,1.0,0.1033,neutral,['red_heart']
674,deeree732,2023-05-19 20:13:08+00:00,1.0,0.2744,neutral,"['red_heart', 'red_heart red_heart']"
674,mafeacampanha,2023-05-19 16:41:24+00:00,0.0,-0.1332,neutral,"['tá', 'maravilhosa', 'bella']"
674,msakira_,2023-05-19 15:49:49+00:00,0.0,0.6727,positive,"['watch', 'sexy']"
674,couturesoireebyadeel,2023-05-19 10:37:44+00:00,1.0,-0.0894,neutral,"['serve', 'fire']"
674,demotskhvedadze,2023-05-19 10:11:30+00:00,0.0,-0.0907,neutral,[]
674,demotskhvedadze,2023-05-19 10:11:15+00:00,1.0,0.0622,neutral,"['pleading_face', 'red_heart']"
674,pioya_girl,2023-05-19 10:07:23+00:00,0.0,-0.0429,neutral,"['fire send', 'send', 'fire']"
674,datewithversace,2023-05-19 08:28:34+00:00,0.0,0.0544,neutral,"['kimkardashian', 'veryversace', 'veryversace versaceeverywhere', 'gianniversace', 'gianniversace versacecelebrities']"
675,theondinedivineshrine,2023-05-21 22:03:05+00:00,0.0,0.5463,positive,"['second', 'last', 'fire']"
675,corbinluxury,2023-05-21 04:27:58+00:00,0.0,-0.0449,neutral,['camera_with_flash']
675,hijabsgateway,2023-05-06 15:41:51+00:00,0.0,0.99,positive,"['photos', 'look stunning', 'bit', 'loving every', 'absolutely amazing']"
675,recthrpy,2023-05-03 03:10:47+00:00,0.0,0.0321,neutral,[]
675,whitemomoh_08,2023-05-02 10:06:00+00:00,0.0,-0.0043,neutral,"['fire fire', 'fire']"
675,lesbiggerstaff,2023-04-27 14:19:54+00:00,0.0,0.2007,neutral,"['clapping_hands red_heart', 'red_heart raising_hands', 'raising_hands', 'clapping_hands', 'red_heart']"
675,aleatheasapp,2023-04-26 01:27:26+00:00,0.0,0.9854,positive,"['red_heart love', 'red_heart', 'red_heart red_heart', 'love']"
676,hiyamayapapaya,2023-05-27 23:46:49+00:00,0.0,-0.7373,negative,['trends']
676,cjoybellc,2023-05-27 02:17:45+00:00,0.0,-0.953,negative,"['okay', 'never']"
676,onewholovesfashion,2023-05-27 00:11:15+00:00,0.0,0.8701,positive,"['thick', 'nice']"
676,onewholovesfashion,2023-05-27 00:10:29+00:00,0.0,-0.1203,neutral,"['anyone tell', 'anyone', 'tell']"
676,jayla.t2021,2023-05-26 15:39:11+00:00,0.0,0.3681,neutral,"['justin', 'ex', 'face_with_tears_of_joy']"
676,tayl0rn8er,2023-05-26 13:16:25+00:00,0.0,-0.8478,negative,"['brows', 'deal', 'trends', 'whole', 'keep']"
676,commonpeoplearewe,2023-05-26 08:12:22+00:00,0.0,-0.2232,neutral,"['brows', 'five', 'eye', 'old']"
676,donnaeliserink,2023-05-26 06:52:17+00:00,0.0,0.6472,positive,"['idk', 'girls', 'love']"
677,roxtesar,2023-05-24 16:53:25+00:00,0.0,0.0321,neutral,[]
677,mlq.boutique,2023-05-03 03:03:06+00:00,0.0,0.3763,neutral,"['pic fire', 'st', 'pic', 'fire']"
677,regalsuggestion,2023-04-24 15:09:42+00:00,0.0,0.7755,positive,"['nd', 'cherry_blossom', 'look']"
677,sabenor__,2023-04-23 18:09:46+00:00,0.0,-0.1769,neutral,"['bother', 'greetings', 'inbox envelope_with_arrow', 'check inbox', 'sorry']"
677,asay_b,2023-04-23 09:09:06+00:00,0.0,-0.057,neutral,"['th slide', 'inspired', 'culture', 'th', 'seems']"
677,hargunmeet_singh,2023-04-22 17:35:56+00:00,1.0,0.9446,positive,"['looking good', 'fire looking', 'closet', 'brother', 'eyes fire']"
678,oldhead_42,2023-06-05 00:28:45+00:00,0.0,0.198,neutral,"['fire', 'fire fire']"
678,xoxo.sh007,2023-05-24 15:39:02+00:00,0.0,0.8456,positive,"['third', 'slide fire', 'slide', 'girl', 'fire']"
678,jerica.janee,2023-05-04 17:06:59+00:00,0.0,0.1033,neutral,['red_heart']
678,fashion__majazine_,2023-04-20 19:24:11+00:00,0.0,-0.0539,neutral,"['𝘆𝗼𝘂𝗿', '𝗗𝗠', '𝗗𝗼', '𝗗𝗼 𝘆𝗼𝘂', '𝗮𝗰𝗰𝗼𝘂𝗻𝘁']"
678,fashion__majazine_,2023-04-20 19:24:10+00:00,0.0,0.9881,positive,"['beautiful want', 'amazing beautiful', 'shot really', 'messages inbox', 'backhand_index_pointing_right shot']"
678,fashion__majazine_,2023-04-20 19:24:08+00:00,0.0,0.1956,neutral,"['japanese_symbol_for_beginner', '𝑫𝑴', 'hundred_points', 'folded_hands', '𝑴𝒂𝒌𝒆']"
679,princeplay2016,2023-05-05 01:14:47+00:00,0.0,-0.0282,neutral,"['instagram com', 'instagram', 'vibes', 'com']"
679,sshapirocohen1982,2023-05-04 21:33:44+00:00,0.0,0.0222,neutral,"['face_with_tears_of_joy face_with_tears_of_joy', 'face_with_tears_of_joy']"
679,don_wa,2023-05-03 22:49:36+00:00,0.0,0.1004,neutral,"['face_with_tears_of_joy face_with_tears_of_joy', 'face_with_tears_of_joy']"
679,missjlh_,2023-05-03 19:17:31+00:00,0.0,0.264,neutral,"['janelle', 'natural', 'black', 'white']"
679,bertieholmes66,2023-05-02 22:33:11+00:00,0.0,0.3237,neutral,['face_with_tears_of_joy']
679,flairdefaux,2023-05-02 21:21:47+00:00,1.0,0.5331,positive,"['l', 'heart_on_fire', 'eyes star', 'work', 'smiling_face_with_sunglasses']"
679,autumn_rain18,2023-05-02 20:05:48+00:00,0.0,0.2861,neutral,['fire']
679,shennigan_nyc,2023-05-02 20:01:33+00:00,0.0,0.223,neutral,"['green_heart purple_heart', 'black_heart green_heart', 'yellow_heart brown_heart', 'orange_heart black_heart', 'purple_heart sparkling_heart']"
679,zarah_mida_,2023-05-02 17:45:07+00:00,1.0,0.9158,positive,"['janelle', 'awww', 'adorable', 'loudly_crying_face', 'looks']"
679,christinarelations,2023-05-02 17:11:25+00:00,0.0,0.2598,neutral,"['yess', 'clapping_hands', 'clapping_hands clapping_hands']"
680,costa_del_sol_updates,2023-06-06 12:50:12+00:00,0.0,0.0173,neutral,"['slay', 'fire red_heart', 'fire', 'red_heart']"
680,mitchiemonroe,2023-04-26 16:53:05+00:00,1.0,0.7808,positive,"['omg smiling_face_with_heart', 'omg', 'smiling_face_with_heart eyes', 'smiling_face_with_heart', 'eyes']"
680,anicebyangel,2023-04-25 05:14:42+00:00,1.0,0.0645,neutral,"['necklace', 'earring', 'al', 'set', 'available']"
680,krlr21,2023-04-24 10:21:15+00:00,1.0,0.0546,neutral,['see']
680,dasick,2023-04-20 03:06:16+00:00,0.0,0.6018,positive,['boy']
680,southernsocialite85,2023-04-20 02:38:31+00:00,2.0,0.0321,neutral,[]
680,united.beauty__7,2023-04-15 15:45:05+00:00,0.0,-0.0539,neutral,"['𝘆𝗼𝘂𝗿', '𝗗𝗠', '𝗗𝗼', '𝗗𝗼 𝘆𝗼𝘂', '𝗮𝗰𝗰𝗼𝘂𝗻𝘁']"
680,united.beauty__7,2023-04-15 15:45:04+00:00,0.0,0.9881,positive,"['beautiful want', 'amazing beautiful', 'shot really', 'messages inbox', 'backhand_index_pointing_right shot']"
680,united.beauty__7,2023-04-15 15:45:03+00:00,0.0,0.1956,neutral,"['japanese_symbol_for_beginner', '𝑫𝑴', 'hundred_points', 'folded_hands', '𝑴𝒂𝒌𝒆']"
680,paulinalambaskis,2023-04-26 18:08:33+00:00,0.0,0.8225,positive,"['smiling_face_with_hearts', 'smiling_face_with_hearts smiling_face_with_hearts']"
681,elizabethdiazo0,2023-05-17 15:47:14+00:00,0.0,0.0427,neutral,"['cap', 'days']"
681,gome_zmlau,2023-05-13 00:48:08+00:00,0.0,-0.1132,neutral,['slay']
681,wmyd8486,2023-05-11 09:01:56+00:00,0.0,0.1033,neutral,['red_heart']
681,heartloveforeverinmylife,2023-05-04 18:57:51+00:00,0.0,0.9811,positive,"['always love', 'love forever', 'ill', 'tonight', 'love']"
681,legistmedia,2023-04-25 21:25:52+00:00,0.0,0.2445,neutral,"['clapping_hands', 'clapping_hands clapping_hands']"
681,ashokchandelg,2023-04-23 16:19:12+00:00,0.0,0.0517,neutral,['hii']
681,studytheholybible,2023-03-15 02:56:36+00:00,6.0,0.3019,neutral,"['god', 'john', 'father', 'seen', 'one']"
681,flooweryy445,2023-03-08 21:51:36+00:00,0.0,0.9654,positive,"['eyes smiling_face_with_heart', 'smiling_face_with_heart eyes', 'smiling_face_with_heart', 'eyes', 'dreamy']"
681,naw4playplay,2023-03-07 11:22:20+00:00,1.0,0.0293,neutral,"['fly', 'camera_with_flash', 'pictures', 'oh']"
682,lescanoi,2023-06-02 17:28:32+00:00,0.0,0.3024,neutral,"['clapping_hands', 'clapping_hands clapping_hands']"
682,fg_australia,2023-05-31 22:54:57+00:00,0.0,-0.0321,neutral,"['fire', 'fire fire']"
682,_leninhrosilenebarros,2023-05-28 17:05:08+00:00,0.0,0.8845,positive,"['brazil brazil', 'brazil', 'u', 'loudly_crying_face loudly_crying_face', 'loudly_crying_face']"
682,diamond.girl_1,2023-05-28 13:28:38+00:00,0.0,0.6916,positive,"['collision', 'nice']"
682,makapakamacio,2023-05-27 20:01:47+00:00,0.0,-0.0321,neutral,"['fire', 'fire fire']"
682,diego_2189777,2023-05-26 20:16:50+00:00,3.0,-0.0151,neutral,"['original', 'q', 'el', 'mas', 'para']"
682,arlenassayagi,2023-05-26 16:20:06+00:00,0.0,0.0665,neutral,"['fire', 'fire fire']"
683,emnapsy,2023-05-24 13:58:48+00:00,0.0,-0.4144,neutral,"['must', 'u', 'pic']"
683,exzeegee,2023-05-23 00:50:21+00:00,3.0,-0.777,negative,"['youtube', 'existed', 'weird', 'yesterday', 'song']"
683,tylermaul,2023-05-06 05:30:29+00:00,0.0,0.758,positive,"['power', 'talented', 'beautiful']"
683,heartloveforeverinmylife,2023-05-04 18:57:30+00:00,1.0,0.983,positive,"['love forever', 'love', 'forever', 'love much', 'much']"
683,iamerica2023,2023-04-26 09:19:06+00:00,0.0,0.9456,positive,"['please tell', 'movie', 'tell', 'cool', 'would']"
683,markpaul2855,2023-04-20 10:04:58+00:00,0.0,-0.5902,negative,['crying_face']
683,michellejensen3555,2023-04-17 13:58:28+00:00,0.0,0.2448,neutral,"['red_heart two_hearts', 'sunflower', 'dove', 'red_heart', 'two_hearts']"
684,sahara2000,2023-05-21 00:49:50+00:00,0.0,0.1957,neutral,['vibes']
684,_ashleyaro_,2023-05-11 20:28:23+00:00,0.0,0.0321,neutral,[]
684,thelonious_napz,2023-05-06 21:59:03+00:00,0.0,-0.0665,neutral,['fire']
684,singleislandbyron,2023-04-26 20:31:37+00:00,0.0,0.2019,neutral,"['red_heart', 'red_heart red_heart']"
684,ahmad_abdulla293,2023-04-19 23:36:50+00:00,0.0,0.8872,positive,"['artwork', 'clean', 'love buy', 'collections', 'approach']"
684,dala__bala,2023-04-16 09:10:58+00:00,0.0,0.9758,positive,"['sooooo', 'awesome']"
684,sherrypipi1904,2023-04-14 04:41:56+00:00,0.0,0.9549,positive,"['colours', 'love']"
684,coeurebouriffe,2023-04-12 19:41:20+00:00,0.0,0.5608,positive,"['number', 'smiling_face_with_heart eyes', 'smiling_face_with_heart', 'eyes', 'eyes smiling_face_with_heart']"
684,ae_smileznsunshine,2023-04-12 17:59:19+00:00,0.0,0.9398,positive,"['fun', 'much']"
684,silkrysal,2023-04-12 11:27:09+00:00,0.0,0.0258,neutral,"['friends', 'one', 'people', 'sparkling_heart']"
685,jenna_marie777,2023-05-19 18:26:48+00:00,0.0,0.9759,positive,"['absolute', 'favorite', 'color']"
685,mels_illusion,2023-05-17 05:18:53+00:00,0.0,0.9114,positive,"['red_heart orange_heart', 'next level', 'orange_heart yellow_heart', 'sparkles red_heart', 'next']"
685,notreallyjbutsoon,2023-05-08 12:43:25+00:00,0.0,-0.0932,neutral,['face_with_hand_over_mouth']
685,anuj.070,2023-05-07 15:50:51+00:00,0.0,-0.0051,neutral,['send']
685,bmanleybates,2023-05-07 12:55:39+00:00,0.0,0.1565,neutral,"['raising_hands', 'raising_hands raising_hands']"
685,christophroberts,2023-05-06 21:43:24+00:00,0.0,-0.6575,negative,"['seem', 'millions', 'almost', 'feature', 'white']"
685,stand640,2023-05-06 18:34:01+00:00,0.0,0.7867,positive,"['smiling_face_with_heart eyes', 'smiling_face_with_heart', 'eyes', 'eyes smiling_face_with_heart']"
685,danielbaja.photography,2023-05-06 02:48:08+00:00,0.0,0.9847,positive,"['ok_hand', 'ok_hand ok_hand', 'looks amazing', 'winking_face', 'looks']"
685,shennigan_nyc,2023-05-05 05:26:46+00:00,0.0,0.223,neutral,"['green_heart purple_heart', 'black_heart green_heart', 'yellow_heart brown_heart', 'orange_heart black_heart', 'purple_heart sparkling_heart']"
685,alice_catelyn9,2023-05-04 18:00:59+00:00,0.0,0.0434,neutral,['confetti_ball']
686,caro_solis_vasconez,2023-06-08 21:36:07+00:00,0.0,0.9573,positive,"['together', 'raising_hands_medium light_skin_tone', 'wanted', 'yo', 'raising_hands_medium']"
686,vandanajaiswal825,2023-06-06 18:32:13+00:00,0.0,0.7723,positive,"['eyes clapping_hands', 'clapping_hands red_heart', 'clapping_hands', 'smiling_face_with_heart eyes', 'smiling_face_with_heart']"
686,itsayemarkio,2023-06-04 05:10:09+00:00,0.0,0.6885,positive,"['smiling_cat_with_heart', 'smiling_cat_with_heart eyes', 'eyes']"
686,livvyparkerr,2023-06-02 17:10:45+00:00,0.0,0.6096,positive,"['jealous', 'saved', 'song', 'ur']"
686,s.b_iham17,2023-06-01 14:49:55+00:00,0.0,0.257,neutral,"['smiling_face_with_heart eyes', 'smiling_face_with_heart', 'eyes']"
686,macpandey,2023-05-31 13:03:22+00:00,0.0,0.0385,neutral,"['r', 'u', 'u red_heart', 'hlo', 'bro']"
686,macpandey,2023-05-31 13:03:15+00:00,0.0,0.1033,neutral,['red_heart']
686,roop_doley,2023-05-29 18:04:46+00:00,0.0,0.9861,positive,"['handsome smiling_face_with_heart', 'handsome', 'awesome', 'smiling_face_with_heart eyes', 'smiling_face_with_heart']"
686,sachin98480,2023-05-28 01:00:11+00:00,0.0,0.2019,neutral,"['red_heart', 'red_heart red_heart']"
687,i.mohsin_yousafzai,2023-05-03 14:53:13+00:00,0.0,0.0112,neutral,[]
687,phyllismolloy,2023-05-02 23:31:01+00:00,0.0,-0.3457,neutral,"['capture', 'j', 'one']"
687,shennigan_nyc,2023-05-02 20:01:27+00:00,0.0,0.223,neutral,"['green_heart purple_heart', 'black_heart green_heart', 'yellow_heart brown_heart', 'orange_heart black_heart', 'purple_heart sparkling_heart']"
687,anjali_phougat6,2023-05-02 17:27:54+00:00,0.0,0.2749,neutral,"['red_heart red_heart', 'red_heart']"
687,valery.dorothee,2023-05-02 16:48:47+00:00,1.0,0.9125,positive,"['two', 'smiling_face_with_heart eyes', 'smiling_face_with_heart', 'eyes', 'red_heart']"
687,lyvansb,2023-05-02 15:23:22+00:00,0.0,-0.0321,neutral,"['fire', 'fire fire']"
687,blanco_724,2023-05-02 15:17:41+00:00,0.0,-0.082,neutral,[]
688,markupka,2023-05-04 05:52:12+00:00,0.0,0.1225,neutral,[]
688,sheznathere,2023-05-04 00:14:37+00:00,0.0,-0.8852,negative,"['poor', 'another']"
689,sultan_draws,2023-05-11 10:02:49+00:00,0.0,-0.0546,neutral,"['become', 'bro', 'trying']"
689,lumenluxure,2023-05-09 15:08:42+00:00,0.0,0.2783,neutral,['wow']
689,nimim_labe_darya,2023-05-05 17:04:52+00:00,0.0,-0.2223,neutral,[]
689,foodgram20202023,2023-05-05 06:08:12+00:00,0.0,-0.8891,negative,[]
689,__.j0hn,2023-05-04 20:41:50+00:00,0.0,-0.8405,negative,"['face_vomiting nauseated_face', 'face_vomiting', 'nauseated_face']"
689,anna_nastasiaa,2023-05-04 20:30:52+00:00,0.0,-0.9541,negative,"['nauseated_face', 'nauseated_face nauseated_face', 'wtf']"
690,nesrine_lila,2023-05-08 20:37:16+00:00,1.0,-0.0035,neutral,"['le', 'spot', 'merci', 'ou', 'dire']"
690,yohghurt,2023-01-11 15:54:32+00:00,1.0,0.949,positive,"['city', 'beautiful', 'smiling_face_with_heart eyes', 'smiling_face_with_heart', 'eyes']"
690,ghozalirambo,2023-01-11 14:44:05+00:00,1.0,0.5581,positive,"['fire smiling_face_with_heart', 'eyes fire', 'smiling_face_with_heart eyes', 'smiling_face_with_heart', 'eyes']"
690,nesrine_lila,2023-05-09 07:34:07+00:00,1.0,-0.0201,neutral,"['de casa', 'jours', 'trop', 'va', 'merci pour']"
690,facehunter,2023-05-09 15:04:47+00:00,0.0,-0.0449,neutral,[]
691,naluandselene,2023-05-26 12:52:14+00:00,0.0,0.1023,neutral,"['red_heart raising_hands', 'raising_hands', 'red_heart']"
691,anitalegallyblondie,2023-05-25 05:28:28+00:00,0.0,0.8685,positive,"['nr', 'ove', 'excellent', 'wear', 'il']"
691,mykitsch,2023-05-25 04:23:15+00:00,0.0,0.2744,neutral,"['red_heart', 'red_heart red_heart']"
691,iconicmementos,2023-05-25 02:09:56+00:00,0.0,0.051,neutral,"['quite', 'style']"
692,zita_impex,2023-03-20 19:29:28+00:00,0.0,-0.0665,neutral,['fire']
692,_infinitejest,2023-03-14 15:57:43+00:00,0.0,-0.0174,neutral,[]
692,juanmederooficial,2023-03-14 03:12:44+00:00,0.0,0.1038,neutral,"['star ok_hand', 'fire star', 'ok_hand', 'fire', 'star']"
692,taya_tata_tati,2023-03-13 21:11:28+00:00,0.0,0.0806,neutral,"['fire', 'fire fire']"
692,platanias24,2023-03-13 19:38:48+00:00,0.0,0.5787,positive,"['fire', 'clapping_hands fire', 'clapping_hands', 'smiling_face_with_heart', 'smiling_face_with_heart eyes']"
692,gillyraffa,2023-03-09 20:26:11+00:00,0.0,-0.0321,neutral,"['fire', 'fire fire']"
692,binta_ndiay,2023-03-09 17:59:42+00:00,0.0,0.2366,neutral,"['red_heart', 'red_heart red_heart']"
692,eleganzaa.india,2023-03-09 15:34:44+00:00,0.0,0.1832,neutral,"['diva', 'truly', 'style']"
692,siki_mochilaswayuu,2023-03-09 00:11:51+00:00,0.0,0.6262,positive,"['lindo smiling_face_with_heart', 'todo', 'muy', 'lindo', 'smiling_face_with_heart eyes']"
692,zin_jewelry,2023-03-08 21:37:04+00:00,0.0,0.9373,positive,['gorgeous']
693,arifsuart,2022-12-13 19:20:15+00:00,1.0,0.8111,positive,"['paintbrush', 'paintbrush artist_palette', 'artist_palette', 'beaming_face_with_smiling_eyes', 'thumbs_up']"
693,robertgenillard,2022-12-13 16:32:28+00:00,1.0,0.3907,neutral,"['clapping_hands', 'clapping_hands clapping_hands']"
693,thisisvivp,2022-12-13 15:39:17+00:00,2.0,0.9582,positive,"['met', 'came', 'week', 'last', 'people']"
693,deaquiydealla___,2022-12-13 13:49:18+00:00,1.0,0.9349,positive,"['fabulous', 'smiling_face_with_heart eyes', 'smiling_face_with_heart', 'eyes']"
693,facehunter,2022-12-13 19:23:50+00:00,0.0,0.8868,positive,"['sparkles sparkles', 'sparkles']"
694,cosdenimroduta,2023-05-06 20:34:16+00:00,0.0,0.7233,positive,"['fire red_heart', 'nice', 'fire', 'red_heart']"
694,octavia_chicstyle,2023-05-05 15:57:44+00:00,0.0,-0.0208,neutral,['ok_hand_dark_skin_tone']
694,shennigan_nyc,2023-05-05 05:26:52+00:00,0.0,0.223,neutral,"['green_heart purple_heart', 'black_heart green_heart', 'yellow_heart brown_heart', 'orange_heart black_heart', 'purple_heart sparkling_heart']"
694,chelseywayte,2023-05-04 21:10:13+00:00,0.0,-0.0665,neutral,['fire']
694,latinforglory,2023-05-04 14:11:41+00:00,0.0,0.7973,positive,"['far', 'dressed', 'best']"
694,je_suis_gayane,2023-05-04 08:02:13+00:00,0.0,0.1423,neutral,"['raising_hands', 'raising_hands raising_hands']"
694,ingridsywak,2023-05-04 01:49:21+00:00,0.0,0.9121,positive,['beautiful']
694,voizaurademari,2023-05-04 00:15:06+00:00,0.0,0.8523,positive,"['smiling_face_with_hearts', 'smiling_face_with_hearts smiling_face_with_hearts', 'clapping_hands', 'clapping_hands clapping_hands', 'smiling_face_with_hearts clapping_hands']"
694,milennn789,2023-05-03 22:45:22+00:00,1.0,0.1491,neutral,"['fire', 'fire fire']"
694,larry.klein_,2023-05-03 22:16:45+00:00,0.0,-0.6755,negative,"['inhumanity paying', 'end inhumanity', 'inhumanity', 'let end', 'tough']"
695,divanvinicius,2023-05-25 09:32:37+00:00,0.0,0.5273,positive,"['tee', 'come back', 'miss', 'back', 'come']"
695,everythingdigitalofficial,2023-05-22 08:35:09+00:00,0.0,-0.1281,neutral,['heart_on_fire']
695,matgark.90,2023-05-22 06:20:51+00:00,0.0,-0.1578,neutral,['red_heart']
695,ag.burns,2023-05-22 02:26:45+00:00,3.0,-0.0915,neutral,['shirt']
695,creativecherries.co,2023-05-22 01:39:28+00:00,1.0,0.9312,positive,['love']
695,hedge______,2023-05-22 00:43:40+00:00,0.0,0.0278,neutral,"['fire', 'fire fire']"
695,fa_clothess,2023-05-21 23:53:48+00:00,0.0,0.9505,positive,"['eyes smiling_face_with_heart', 'smiling_face_with_heart eyes', 'smiling_face_with_heart', 'eyes']"
696,jetzyapp,2022-12-16 19:35:47+00:00,0.0,0.9169,positive,"['interested', 'please dm', 'purpose', 'admired', 'dm us']"
696,marinakulik,2022-12-08 05:58:25+00:00,1.0,0.1309,neutral,"['nails', 'fire']"
696,rodri_goc,2022-12-06 15:42:42+00:00,1.0,0.6519,positive,"['amei smiling_face_with_heart', 'amei', 'smiling_face_with_heart eyes', 'smiling_face_with_heart', 'eyes']"
696,thalohalo,2022-12-06 14:56:20+00:00,1.0,0.3024,neutral,"['clapping_hands', 'clapping_hands clapping_hands']"
696,facehunter,2022-12-06 14:54:51+00:00,0.0,0.022,neutral,['art']
696,rafaellabraga,2022-12-06 14:52:04+00:00,1.0,0.043,neutral,"['querido', 'obrigada', 'red_heart']"
696,facehunter,2022-12-08 06:00:12+00:00,0.0,-0.1281,neutral,['heart_on_fire']
697,swain.uk,2023-06-08 18:18:32+00:00,0.0,0.1033,neutral,['red_heart']
697,acessorios.haas,2023-06-07 10:55:56+00:00,0.0,0.0499,neutral,"['vem', 'fire']"
697,_matteo_cesana,2023-06-06 21:44:51+00:00,0.0,0.1023,neutral,"['red_heart raising_hands', 'raising_hands', 'red_heart']"
697,charliupdatezszs,2023-06-06 17:46:09+00:00,0.0,0.9826,positive,"['good red_heart', 'omg', 'good', 'red_heart']"
697,mellollady,2023-06-06 17:36:48+00:00,0.0,0.1627,neutral,"['bag', 'red_heart']"
697,m77.jewelry,2023-06-06 07:51:27+00:00,0.0,0.0321,neutral,[]
697,derome_official,2023-06-06 07:45:04+00:00,0.0,-0.0665,neutral,['fire']
697,chanelverdugo,2023-06-06 03:31:09+00:00,0.0,-0.0321,neutral,"['fire', 'fire fire']"
697,neudorferdeidamia,2023-06-05 22:24:37+00:00,0.0,0.1033,neutral,['red_heart']
698,golddiamond_spa_massage,2023-05-13 10:18:21+00:00,0.0,-0.1598,neutral,"['دایرکت چک', 'چک نکردین', 'چک', 'واقعا دایرکت', 'واقعا']"
698,jorgesanchezaleman,2023-05-09 18:27:06+00:00,0.0,-0.0245,neutral,"['buen', 'vestir']"
698,hoanglamtubao,2023-05-09 14:34:38+00:00,0.0,0.1033,neutral,['red_heart']
698,ireallydontlikeyallnfs,2023-05-05 23:23:24+00:00,0.0,0.0806,neutral,"['fire', 'fire fire']"
698,q3171417740,2023-05-05 18:35:43+00:00,0.0,0.7417,positive,"['bad', 'really']"
698,soyturk_atila,2023-05-05 15:38:55+00:00,0.0,-0.0665,neutral,['fire']
698,beachhaus_swim,2023-05-05 15:25:51+00:00,1.0,0.9373,positive,['gorgeous']
699,clau_andre_britez,2023-04-15 22:39:45+00:00,0.0,-0.0455,neutral,[]
699,selenovabest,2023-04-15 12:39:26+00:00,0.0,0.0321,neutral,[]
699,swissway_by_olgaschmidt,2023-03-16 18:45:56+00:00,0.0,-0.0665,neutral,['fire']
699,eli.sofi.twins,2023-03-15 21:09:34+00:00,0.0,0.0123,neutral,['top_arrow']
699,lordpagliarello,2023-03-15 04:29:14+00:00,0.0,0.7453,positive,"['fire', 'fire fire', 'stunning']"
699,hamzasaeed444444444,2023-03-14 19:31:36+00:00,0.0,0.0995,neutral,"['keeps', 'make new', 'famous', 'trying', 'make']"
699,giglio_boutique,2023-03-14 05:33:34+00:00,0.0,0.8402,positive,"['eyes smiling_face_with_heart', 'smiling_face_with_heart eyes', 'smiling_face_with_heart', 'eyes']"
699,_violafabbrii,2023-03-13 21:26:11+00:00,0.0,0.0321,neutral,[]
699,iamklemie,2023-03-13 18:20:43+00:00,0.0,0.2445,neutral,"['clapping_hands', 'clapping_hands clapping_hands']"
699,ivanildo.oliveira.1272010,2023-03-13 12:51:14+00:00,0.0,0.1958,neutral,"['clapping_hands', 'clapping_hands clapping_hands', 'clapping_hands sucesso', 'conforto', 'sucesso']"
700,rivasinghfashiondesigner,2023-04-12 10:31:04+00:00,0.0,0.879,positive,"['nice', 'smiling_face_with_heart eyes', 'smiling_face_with_heart', 'eyes']"
700,world_record_promotion_,2023-04-09 18:55:39+00:00,0.0,0.4616,neutral,"['red_heart dear', 'inbox_tray', 'question', 'read', 'inbox']"
700,world_record_promotion_,2023-04-09 18:55:36+00:00,0.0,0.4043,neutral,"['camera_with_flash', 'profile', 'deserves', 'red_heart dear', 'checked']"
700,world_record_promotion_,2023-04-09 18:55:35+00:00,0.0,0.9176,positive,"['dm interested', 'share post', 'network', 'inbox_tray', 'envelope_with_arrow']"
700,_black_model_.__,2023-04-09 18:48:13+00:00,0.0,0.5129,positive,"['check dm', 'something', 'reply', 'check', 'message']"
700,_black_model_.__,2023-04-09 18:48:13+00:00,0.0,-0.0564,neutral,"['backhand_index_pointing_down', 'hey question', 'question', 'inbox', 'hey']"
700,__neighborhoodher0__,2023-04-01 15:32:20+00:00,0.0,0.8467,positive,"['putting', 'gave', 'receiving', 'honestly', 'face']"
700,_jus.josh,2023-04-01 13:49:16+00:00,0.0,0.9469,positive,"['work', 'good work', 'responsible', 'step', 'changed life']"
700,lilia_lifestyle_,2023-03-28 13:27:42+00:00,0.0,0.0278,neutral,"['fire', 'fire fire']"
701,ljrbeyourself,2023-05-13 19:39:46+00:00,0.0,0.5308,positive,['thumbs_up']
701,timelessfashionnews,2023-03-21 16:08:34+00:00,0.0,0.611,positive,"['raising_hands smiling_face_with_heart', 'raising_hands', 'smiling_face_with_heart eyes', 'smiling_face_with_heart', 'eyes']"
701,sorelle_collezioniprivate,2023-03-12 22:04:02+00:00,0.0,-0.0167,neutral,['chic']
701,seadbeadyblogs,2023-03-10 12:31:22+00:00,0.0,0.9796,positive,"['like great', 'looks like', 'collection', 'great', 'looks']"
701,melania.lavia,2023-03-09 07:12:47+00:00,1.0,-0.0229,neutral,"['fosse', 'uno', 'ce', 'ne', 'bello']"
701,melania.lavia,2023-03-09 07:10:53+00:00,1.0,-0.0176,neutral,[]
701,melania.lavia,2023-03-09 07:10:26+00:00,1.0,-0.0628,neutral,"['suoi', 'valentino', 'tutti', 'così', 'ha']"
701,melania.lavia,2023-03-09 07:09:13+00:00,1.0,-0.046,neutral,"['valentino', 'è il', 'flushed_face', 'questo', 'con']"
702,peerless_apparel.london,2023-03-31 12:34:06+00:00,0.0,-0.1589,neutral,[]
702,maralafontan,2023-03-17 07:20:31+00:00,0.0,0.2019,neutral,"['red_heart', 'red_heart red_heart']"
702,nrhzrhh_,2023-03-12 06:48:47+00:00,0.0,0.2744,neutral,"['red_heart', 'red_heart red_heart']"
702,leoniehanne,2023-03-12 04:59:04+00:00,2.0,0.0061,neutral,"['medium light_skin_tone', 'medium', 'light_skin_tone', 'light_skin_tone medium']"
702,plusagdesign,2023-03-12 00:48:51+00:00,0.0,-0.0356,neutral,['hibiscus']
702,nu.ggats,2023-03-10 23:14:39+00:00,0.0,0.1024,neutral,"['clapping_hands_medium light_skin_tone', 'clapping_hands_medium', 'light_skin_tone']"
702,editorialesdemoda,2023-03-10 21:35:19+00:00,0.0,0.2744,neutral,"['red_heart', 'red_heart red_heart']"
702,kleos_elif,2023-03-10 06:42:42+00:00,1.0,0.0278,neutral,"['fire', 'fire fire']"
703,agustinmartinez589,2023-04-10 03:58:22+00:00,0.0,-0.0875,neutral,['в']
703,liza_meier_photo,2023-03-19 21:31:18+00:00,0.0,-0.0122,neutral,['clapping_hands_medium_skin_tone']
703,swissway_by_olgaschmidt,2023-03-16 21:16:10+00:00,0.0,0.0278,neutral,"['fire', 'fire fire']"
703,villacoccapanipignattimorano,2023-03-15 06:50:11+00:00,0.0,0.0803,neutral,['clapping_hands']
703,motivatingworld01,2023-03-14 16:23:03+00:00,0.0,0.9842,positive,"['make', 'day', 'follow us', 'positive', 'simple']"
703,tralalitralalo,2023-03-13 08:44:20+00:00,0.0,-0.4849,negative,"['walking', 'vittoria', 'kendall', 'front', 'sad']"
703,sorelle_collezioniprivate,2023-03-12 22:05:17+00:00,0.0,-0.0167,neutral,['chic']
703,kigori_gioielli,2023-03-12 21:21:22+00:00,0.0,0.1033,neutral,['red_heart']
703,ashleycurly_,2023-03-12 16:05:13+00:00,0.0,0.2158,neutral,"['red_heart', 'red_heart red_heart']"
703,pulpvic,2023-03-12 14:18:51+00:00,1.0,0.0075,neutral,"['donatella versace', 'donatella', 'versace', 'grande', 'è']"
704,vani_nichole,2022-11-29 23:53:24+00:00,0.0,0.3002,neutral,"['check dm', 'important', 'kindly', 'check', 'dm']"
704,arune_urbonaite,2022-11-28 18:44:20+00:00,1.0,0.9692,positive,"['girl smiling_face_with_heart', 'girl', 'beautiful', 'smiling_face_with_heart eyes', 'smiling_face_with_heart']"
704,facehunter,2022-11-28 15:36:49+00:00,0.0,0.1876,neutral,"['innovation', 'london', 'architect', 'architecture']"
704,natlapro,2022-11-28 14:49:19+00:00,1.0,0.868,positive,"['eyes smiling_face_with_heart', 'smiling_face_with_heart eyes', 'smiling_face_with_heart', 'eyes']"
704,facehunter,2022-11-28 18:44:51+00:00,0.0,0.7515,positive,"['yes', 'sparkles']"
705,paristommorow,2023-05-11 17:48:54+00:00,0.0,-0.0142,neutral,['paris']
705,paristommorow,2023-05-11 17:48:46+00:00,0.0,0.2144,neutral,"['everyone', 'hi']"
705,steph_shep,2023-05-09 02:19:45+00:00,0.0,0.429,neutral,"['dream', 'dress']"
705,l8822_jamy,2023-05-09 01:47:24+00:00,0.0,-0.0043,neutral,"['fire fire', 'fire']"
705,mirintheparadise,2023-05-08 22:56:57+00:00,0.0,0.2744,neutral,"['red_heart', 'red_heart red_heart']"
705,shiesbeautyofficial,2023-05-08 22:44:44+00:00,0.0,0.1033,neutral,['red_heart']
705,poornagraphy,2023-05-08 22:33:24+00:00,0.0,0.2744,neutral,"['red_heart', 'red_heart red_heart']"
705,shrrycola,2023-05-08 21:46:08+00:00,0.0,0.2594,neutral,['kiss_mark']
705,i12rene,2023-05-08 21:31:55+00:00,0.0,0.2744,neutral,"['red_heart', 'red_heart red_heart']"
706,losamantespasajeros,2023-01-12 16:16:20+00:00,1.0,-0.9233,negative,['get']
706,swilks,2023-01-08 08:19:52+00:00,1.0,0.9715,positive,"['mix', 'last year', 'went', 'interesting', 'year']"
706,fabdefabio,2023-01-07 21:05:08+00:00,0.0,0.6828,positive,"['designed', 'architect', 'city', 'visit']"
706,waastaa,2023-01-07 18:39:55+00:00,1.0,0.2019,neutral,"['red_heart', 'red_heart red_heart']"
706,facehunter,2023-01-08 16:01:38+00:00,0.0,0.8378,positive,"['architecture', 'true', 'loved', 'lot']"
708,emicapenklis,2022-12-04 09:48:37+00:00,1.0,0.0803,neutral,['clapping_hands']
708,ivonayw,2022-10-26 17:40:37+00:00,1.0,0.7009,positive,"['eyes smiling_face_with_hearts', 'medium light_skin_tone', 'medium', 'light_skin_tone', 'smiling_face_with_hearts']"
708,fridaberntson,2022-10-24 13:21:58+00:00,1.0,0.8699,positive,"['makes', 'pleading_face']"
708,ameliasmith3297,2022-10-22 23:01:13+00:00,1.0,0.0278,neutral,"['fire', 'fire fire']"
708,emicapenklis,2022-12-04 09:49:22+00:00,1.0,0.8376,positive,"['hope', 'well', 'red_heart']"
708,facehunter,2022-12-04 09:52:01+00:00,1.0,0.9685,positive,"['feeling', 'hope', 'good']"
709,seth.m.york,2023-01-30 00:44:22+00:00,0.0,0.1033,neutral,['red_heart']
709,bodana.rameshwar,2023-01-18 00:48:01+00:00,0.0,0.5861,positive,['nice']
709,christianlawson_soraya.2g,2023-01-17 19:24:15+00:00,1.0,0.5861,positive,['nice']
709,vanessa.flair.robert.rovo,2023-01-15 00:22:06+00:00,1.0,0.6056,positive,['good']
709,gheetarhd3d,2023-01-12 19:22:53+00:00,1.0,0.2665,neutral,"['state', 'golden']"
709,hakiabehsera,2023-01-11 22:41:39+00:00,1.0,0.8407,positive,"['great look', 'shot', 'collision', 'great', 'look']"
709,jeetusaini1008,2023-01-11 14:47:09+00:00,0.0,-0.0927,neutral,"['face_with_open_mouth', 'face_with_open_mouth face_with_open_mouth']"
709,leeoliveira,2023-01-11 11:01:40+00:00,0.0,0.0054,neutral,[]
710,losamantespasajeros,2023-01-12 16:16:56+00:00,1.0,-0.0501,neutral,[]
710,_ssmbo_,2023-01-09 19:23:09+00:00,1.0,0.6607,positive,"['star struck', 'struck', 'star', 'amazing']"
710,casacoupure,2023-01-09 15:43:28+00:00,0.0,0.728,positive,"['smiling_face_with_heart eyes', 'smiling_face_with_heart', 'eyes']"
710,bkpr2024,2023-01-08 18:21:15+00:00,1.0,-0.0524,neutral,['style']
710,ivonayw,2023-01-08 16:30:26+00:00,1.0,0.5736,positive,"['medium_skin_tone', 'smiling_face_with_heart eyes', 'smiling_face_with_heart', 'eyes', 'eyes smiling_face_with_heart']"
710,facehunter,2023-01-10 22:04:04+00:00,0.0,-0.0315,neutral,['nerd_face']
711,omhlondon,2022-11-05 13:48:30+00:00,1.0,0.9531,positive,"['bought', 'coat', 'amazing', 'fire']"
711,marineliketheocean,2022-10-27 19:57:01+00:00,1.0,0.141,neutral,"['raising_hands', 'raising_hands raising_hands']"
711,mathiasdovalle,2022-10-27 15:51:53+00:00,1.0,0.9624,positive,"['amazing smiling_face_with_heart', 'red_heart clapping_hands', 'eyes red_heart', 'amazing', 'clapping_hands']"
711,facehunter,2022-10-27 20:21:36+00:00,1.0,0.8422,positive,"['sparkles', 'sparkles sparkles']"
712,ivanildo.oliveira.1272010,2023-04-20 14:48:55+00:00,0.0,0.6514,positive,"['clapping_hands', 'clapping_hands clapping_hands', 'clapping_hands sucesso', 'excellence', 'sucesso']"
712,reisnewsbr,2023-04-10 20:13:58+00:00,0.0,0.9481,positive,"['eyes sparkles', 'sparkles', 'smiling_face_with_heart eyes', 'smiling_face_with_heart', 'eyes']"
712,avemshoes,2023-03-20 22:07:42+00:00,0.0,0.2216,neutral,"['heart_suit', 'heart_suit heart_suit']"
712,kokol1541,2023-03-18 12:13:14+00:00,0.0,-0.8388,negative,['outfit']
712,swissway_by_olgaschmidt,2023-03-16 21:16:05+00:00,0.0,0.0803,neutral,['clapping_hands']
712,mila_stca,2023-03-16 13:52:06+00:00,0.0,-0.8114,negative,"['people', 'many people', 'many', 'genocide', 'countries']"
712,asadicon,2023-03-14 15:05:47+00:00,0.0,0.9211,positive,"['congratulations', 'raising_hands red_heart', 'raising_hands', 'red_heart']"
712,e75.li,2023-03-14 11:55:11+00:00,0.0,0.1033,neutral,['red_heart']
712,yasuyoshi4488,2023-03-14 09:40:35+00:00,0.0,0.1791,neutral,"['bouquet', 'bouquet bouquet', 'confetti_ball', 'confetti_ball confetti_ball', 'everywhere']"
712,donatellodesigns,2023-03-14 06:57:08+00:00,0.0,0.728,positive,"['smiling_face_with_heart eyes', 'smiling_face_with_heart', 'eyes']"
713,wfwalcott,2023-03-28 12:13:59+00:00,0.0,0.0278,neutral,"['fire', 'fire fire']"
713,tanmayaboutiques,2023-03-25 13:37:51+00:00,1.0,0.9193,positive,"['designs', 'nice', 'red_heart', 'red_heart red_heart']"
713,leleberlin,2023-03-24 14:23:11+00:00,0.0,-0.0071,neutral,"['white_heart', 'white_heart white_heart']"
713,milanesionfilm,2023-03-22 22:20:47+00:00,0.0,0.8874,positive,"['one', 'smiling_face_with_heart eyes', 'smiling_face_with_heart', 'eyes']"
713,tiagoamaralok,2023-03-21 16:01:28+00:00,0.0,0.985,positive,"['ideas', 'thanks folded_hands', 'send message', 'content', 'think']"
713,claytn__,2023-03-21 15:15:54+00:00,0.0,-0.0321,neutral,"['fire', 'fire fire']"
713,safebet_manifatture,2023-03-21 08:59:03+00:00,0.0,0.1033,neutral,['red_heart']
713,agnieszkamosu,2023-03-21 03:27:20+00:00,0.0,0.8172,positive,"['sparkling_heart', 'growing_heart']"
713,ladyyfrancesca,2023-03-21 03:01:17+00:00,0.0,0.7074,positive,"['smiling_face_with_heart eyes', 'smiling_face_with_heart', 'eyes', 'eyes smiling_face_with_heart']"
714,wadi_rum_red_sand_camp,2023-04-20 23:31:26+00:00,0.0,0.728,positive,"['smiling_face_with_heart eyes', 'smiling_face_with_heart', 'eyes']"
714,luxbottlelight,2023-04-20 08:33:08+00:00,0.0,0.7074,positive,"['smiling_face_with_heart eyes', 'smiling_face_with_heart', 'eyes', 'eyes smiling_face_with_heart']"
714,shennigan_nyc,2023-04-19 02:17:18+00:00,0.0,0.2117,neutral,"['purple_heart green_heart', 'green_heart sparkling_heart', 'brown_heart purple_heart', 'orange_heart brown_heart', 'yellow_heart black_heart']"
714,aesteticamakeup,2023-04-19 01:27:28+00:00,0.0,0.728,positive,"['smiling_face_with_heart eyes', 'smiling_face_with_heart', 'eyes']"
714,elenadoct,2023-04-18 19:29:01+00:00,0.0,0.1108,neutral,"['adoro', 'red_heart']"
714,florida.mehmeti79,2023-04-18 17:14:11+00:00,1.0,-0.0248,neutral,['di']
714,trendylingua,2023-04-18 15:40:01+00:00,0.0,-0.1013,neutral,"['face_with_open_mouth', 'face_with_open_mouth face_with_open_mouth']"
714,andre.gal99,2023-04-18 14:56:32+00:00,0.0,0.1217,neutral,"['può', 'vedere', 'dove', 'si']"
714,ali.pakniyyat,2023-04-18 13:39:23+00:00,1.0,0.9374,positive,"['design', 'wonderful', 'smiling_face_with_heart eyes', 'smiling_face_with_heart', 'eyes']"
715,theconfusedarab,2022-11-27 09:46:14+00:00,1.0,0.0052,neutral,"['chez moi', 'est chez', 'moi', 'chez', 'c est']"
715,biljana_27,2022-11-25 17:34:01+00:00,2.0,-0.159,neutral,['check_mark_button']
715,enya_lifelover,2022-11-25 17:01:40+00:00,1.0,0.9466,positive,"['real', 'great', 'raising_hands', 'smiling_face_with_heart eyes', 'smiling_face_with_heart']"
715,carolina.d.botelho,2022-11-25 10:56:18+00:00,1.0,0.345,neutral,[]
715,facehunter,2022-11-27 16:05:46+00:00,0.0,0.1018,neutral,"['j ai', 'ai', 'j', 'light_skin_tone']"
716,olalala5678,2023-04-03 08:47:41+00:00,0.0,-0.0928,neutral,"['situation', 'paris']"
716,fans_de_may_y_ana_,2023-03-31 17:20:26+00:00,0.0,0.4454,positive,"['relationship', 'help', 'spell', 'months', 'husband']"
716,mangomegmeg,2023-03-31 15:36:04+00:00,4.0,-0.0541,neutral,"['standard', 'ne']"
716,end2end,2023-03-31 14:47:57+00:00,0.0,0.645,positive,"['hundred_points', 'smiling_face_with_heart eyes', 'smiling_face_with_heart', 'eyes']"
716,maayanwintermua,2023-04-01 18:40:49+00:00,1.0,0.2744,neutral,"['red_heart', 'red_heart red_heart']"
717,adelineblackwood,2022-12-17 17:23:56+00:00,1.0,0.9858,positive,"['gorgeous love', 'love style', 'style', 'gorgeous', 'love']"
717,lafemmeregine,2022-12-13 12:35:51+00:00,1.0,-0.3322,neutral,"['face_blowing_a_kiss', 'mein', 'sorry', 'face_blowing_a_kiss face_blowing_a_kiss', 'im']"
717,gulsehgal,2022-12-04 18:07:47+00:00,1.0,0.5861,positive,['nice']
717,motarawa,2022-12-04 14:06:06+00:00,1.0,0.9107,positive,"['beautiful blue_heart', 'blue_heart', 'beautiful']"
717,bee.alvez,2022-12-04 13:28:50+00:00,1.0,0.728,positive,"['smiling_face_with_heart eyes', 'smiling_face_with_heart', 'eyes']"
717,facehunter,2022-12-17 18:26:25+00:00,0.0,0.1441,neutral,['grinning_face']
718,enjoythechaosx,2023-05-09 14:37:27+00:00,0.0,0.7074,positive,"['smiling_face_with_heart eyes', 'smiling_face_with_heart', 'eyes', 'eyes smiling_face_with_heart']"
718,karine_oliveiram,2023-05-07 20:34:40+00:00,0.0,0.7867,positive,"['smiling_face_with_heart eyes', 'smiling_face_with_heart', 'eyes', 'eyes smiling_face_with_heart']"
718,alinamos1,2023-05-07 14:37:12+00:00,0.0,0.0604,neutral,"['top_arrow', 'top']"
718,etta_59g,2023-05-06 19:26:32+00:00,0.0,-0.0503,neutral,[]
718,lyrehs.sagrav,2023-05-06 06:59:50+00:00,0.0,0.0321,neutral,[]
718,dallalova,2023-05-06 05:13:15+00:00,0.0,-0.2822,neutral,[]
718,thrifthis.mf,2023-05-06 05:01:24+00:00,0.0,0.6389,positive,"['eyes fire', 'fire', 'smiling_face_with_heart eyes', 'smiling_face_with_heart', 'eyes']"
718,thevividangel,2023-05-06 00:14:17+00:00,0.0,0.5171,positive,"['bomb', 'fire red_heart', 'look', 'fire', 'red_heart']"
718,janicewine,2023-05-15 13:03:27+00:00,0.0,0.1223,neutral,['talking']
719,kayparrot,2023-05-31 01:21:51+00:00,0.0,0.8102,positive,"['adidas', 'get free', 'gift', 'send message', 'big']"
719,aimanunver,2023-05-28 17:03:09+00:00,0.0,-0.1939,neutral,['wowww']
719,fantomas_1900,2023-05-28 07:28:01+00:00,0.0,-0.1824,neutral,['enough']
719,rubaiyas_makeup_diary,2023-05-28 01:03:04+00:00,0.0,0.9596,positive,"['awesome', 'smiling_face_with_heart eyes', 'smiling_face_with_heart', 'eyes']"
719,whosmayerli,2023-05-28 00:43:16+00:00,0.0,0.6541,positive,"['red_heart smiling_face_with_heart', 'smiling_face_with_heart eyes', 'smiling_face_with_heart', 'eyes', 'red_heart']"
719,ana0silva04,2023-05-28 00:16:57+00:00,0.0,0.0826,neutral,"['heart_suit', 'k', 'l']"
719,iwannameo,2023-05-27 16:05:34+00:00,0.0,0.9695,positive,"['tulip', 'adorable', 'look']"
719,benedy.bk,2023-05-27 15:46:14+00:00,0.0,-0.0406,neutral,"['shoe', 'second slide', 'second', 'slide']"
719,hassane.lifestylez,2023-05-27 13:03:18+00:00,0.0,0.1033,neutral,['red_heart']
719,afsal_2_0_0_1,2023-05-27 04:57:45+00:00,0.0,-0.0517,neutral,[]
723,xjudith.jpg,2023-05-20 21:10:38+00:00,0.0,-0.0576,neutral,"['cannes', 'fire']"
723,dream.purses,2023-05-16 09:20:34+00:00,0.0,0.7324,positive,"['eyes red_heart', 'smiling_face_with_heart eyes', 'smiling_face_with_heart', 'eyes', 'red_heart']"
723,_sabina_sargon,2023-05-15 07:56:36+00:00,0.0,-0.109,neutral,"['такие', 'не']"
723,vvaleriapuebla,2023-05-14 05:51:12+00:00,1.0,0.3341,neutral,['sparkles']
723,soshyant9680,2023-05-13 21:01:12+00:00,1.0,-0.175,neutral,[]
723,golddiamond_spa_massage,2023-05-13 10:14:50+00:00,0.0,-0.1771,neutral,"['دایرکت چک', 'چک نکردین', 'چک', 'واقعا دایرکت', 'واقعا']"
725,vanessapiazera,2023-05-16 22:43:27+00:00,1.0,0.728,positive,"['smiling_face_with_heart eyes', 'smiling_face_with_heart', 'eyes']"
725,carla_pontessss,2023-05-16 22:25:40+00:00,1.0,-0.0563,neutral,['popcorn']
725,carla_pontessss,2023-05-17 02:56:42+00:00,0.0,0.0035,neutral,"['light_skin_tone', 'woman_bowing_medium', 'woman_bowing_medium light_skin_tone', 'handshake', 'writing_hand_medium light_skin_tone']"
727,dudanillo,2023-05-18 12:26:04+00:00,1.0,0.3024,neutral,"['clapping_hands', 'clapping_hands clapping_hands']"
727,dudanillo,2023-05-18 12:26:02+00:00,1.0,0.2744,neutral,"['red_heart', 'red_heart red_heart']"
727,dudanillo,2023-05-18 12:26:00+00:00,1.0,0.7867,positive,"['smiling_face_with_heart eyes', 'smiling_face_with_heart', 'eyes', 'eyes smiling_face_with_heart']"
727,mariadefatimaalban,2023-05-18 11:47:45+00:00,2.0,0.1206,neutral,"['dudalina', 'de', 'clapping_hands', 'tem', 'clapping_hands clapping_hands']"
727,ivoneceni,2023-05-17 23:05:52+00:00,0.0,0.0024,neutral,[]
727,ruan_pablo_silvaa,2023-05-17 21:40:56+00:00,1.0,0.6034,positive,"['melhor smiling_face_with_heart', 'melhor', 'smiling_face_with_heart eyes', 'smiling_face_with_heart', 'eyes']"
727,dudalina,2023-05-18 17:03:17+00:00,0.0,0.061,neutral,"['vocês', 'ah', 'da nossa', 'como é', 'é bom']"
728,merrickmeans,2022-11-16 01:00:22+00:00,1.0,0.086,neutral,"['lamp', 'kind', 'thought', 'face_with_tears_of_joy']"
728,valeriesdt,2022-11-15 20:48:54+00:00,1.0,0.4433,positive,[]
728,facehunter,2022-11-15 20:10:14+00:00,0.0,-0.0183,neutral,"['france', 'architecture']"
728,l_a_b_i_a_n_c_a,2022-11-15 16:50:18+00:00,1.0,0.1033,neutral,['red_heart']
728,facehunter,2022-11-16 07:18:26+00:00,0.0,0.1618,neutral,"['actually', 'top', 'picture']"
729,khamis.santino,2023-05-14 09:10:52+00:00,0.0,0.7858,positive,"['red_heart smiling_face_with_heart', 'red_heart', 'red_heart red_heart', 'smiling_face_with_heart eyes', 'smiling_face_with_heart']"
729,anjulinanda,2023-05-12 14:50:24+00:00,0.0,0.9121,positive,['beautiful']
729,dzifagray,2023-05-12 05:43:33+00:00,0.0,0.7175,positive,"['red_heart smiling_face_with_heart', 'eyes red_heart', 'smiling_face_with_heart eyes', 'smiling_face_with_heart', 'eyes']"
729,sampathgummadi,2023-05-12 05:06:16+00:00,0.0,0.8857,positive,"['eyes smiling_face_with_heart', 'smiling_face_with_heart eyes', 'smiling_face_with_heart', 'eyes']"
730,malla_roshan_singh,2023-05-13 13:29:53+00:00,0.0,0.9394,positive,"['eyes smiling_face_with_heart', 'smiling_face_with_heart eyes', 'smiling_face_with_heart', 'eyes']"
730,myexpergefactor,2023-05-13 04:15:33+00:00,0.0,0.9893,positive,"['thumbs_up', 'gorgeous outfit', 'isha', 'outfit thumbs_up', 'isha looking']"
731,atassa2l,2023-04-19 12:26:01+00:00,1.0,0.3024,neutral,"['clapping_hands', 'clapping_hands clapping_hands']"
731,hma_shopping_woman,2023-04-19 12:24:00+00:00,0.0,0.2749,neutral,"['red_heart red_heart', 'red_heart']"
731,kar.amilo,2023-04-19 12:22:27+00:00,1.0,0.0806,neutral,"['fire', 'fire fire']"
731,mohamed_majjad1,2023-04-19 12:17:58+00:00,0.0,0.1023,neutral,"['red_heart raising_hands', 'raising_hands', 'red_heart']"
731,malu.mzdf00,2023-04-19 08:51:28+00:00,1.0,0.9162,positive,"['correct', 'understanding', 'visit', 'people', 'thank']"
731,visit_city.ma,2023-03-06 02:35:56+00:00,0.0,-0.0009,neutral,['sahara']
731,osaoud,2023-02-25 08:18:35+00:00,0.0,-0.0767,neutral,"['l', 'toi', 'et', 'chez', 'est']"
731,facehunter,2023-04-19 12:26:14+00:00,0.0,0.8422,positive,"['sparkles', 'sparkles sparkles']"
732,myexpergefactor,2023-05-13 04:13:37+00:00,0.0,0.9901,positive,"['isha', 'isha looking', 'gorgeous outfit', 'outfit thumbs_up', 'eyes lovely']"
732,tantrik_bhairavnath_official,2023-05-12 04:09:38+00:00,0.0,-0.049,neutral,"['ᴏꜰ', 'ɪꜱ', 'ᴛʜᴇʀᴇ', 'ᴛʜᴇ', 'ᴘʜɪʟᴏꜱᴏᴘʜʏ']"
732,legit_stevee,2023-05-12 03:58:53+00:00,0.0,0.0172,neutral,"['logo cartoon', 'need business', 'business logo', 'anyone need', 'cartoon version']"
733,oreo.3x,2023-05-13 06:26:24+00:00,1.0,0.0748,neutral,"['g', 'x', 'clapping_hands']"
733,oreo.3x,2023-05-13 06:26:23+00:00,0.0,-0.2997,neutral,"['clapping_hands', 'crying_face', 'clapping_hands clapping_hands']"
733,oreo.3x,2023-05-13 06:25:35+00:00,0.0,-0.168,neutral,"['xx', 'zf', 'clapping_hands', 'raising_hands clapping_hands', 'x']"
734,sampathgummadi,2023-05-12 05:06:04+00:00,0.0,0.728,positive,"['smiling_face_with_heart eyes', 'smiling_face_with_heart', 'eyes']"
734,tantrik_bhairavnath_official,2023-05-12 04:09:41+00:00,0.0,-0.049,neutral,"['ᴏꜰ', 'ɪꜱ', 'ᴛʜᴇʀᴇ', 'ᴛʜᴇ', 'ᴘʜɪʟᴏꜱᴏᴘʜʏ']"
734,legit_stevee,2023-05-12 03:59:04+00:00,0.0,0.0172,neutral,"['logo cartoon', 'need business', 'business logo', 'anyone need', 'cartoon version']"
735,smileymamata,2023-05-12 20:50:44+00:00,0.0,0.9062,positive,"['talented', 'super']"
735,myexpergefactor,2023-05-12 14:59:48+00:00,0.0,0.977,positive,"['prabal thumbs_up', 'creation prabal', 'lovely creation', 'prabal', 'creation']"
735,deepalishresta,2023-05-12 13:22:54+00:00,0.0,0.0321,neutral,[]
735,dipti_dewan20,2023-05-12 13:13:42+00:00,0.0,0.0321,neutral,[]
735,georgyporgie_,2023-05-12 12:56:41+00:00,0.0,0.0824,neutral,"['fire clapping_hands', 'clapping_hands', 'fire']"
735,iccy._.miyuki,2023-05-12 12:38:23+00:00,0.0,-0.0872,neutral,"['red_heart fire', 'fire', 'red_heart']"
736,ovie117,2023-05-13 15:53:48+00:00,0.0,0.9566,positive,"['red_heart', 'brilliant', 'forward', 'brother', 'red_heart red_heart']"
736,myexpergefactor,2023-05-12 15:02:28+00:00,0.0,0.9849,positive,"['amazing lovely', 'prabal thumbs_up', 'creation prabal', 'lovely creation', 'prabal']"
736,malla_roshan_singh,2023-05-12 05:05:07+00:00,0.0,0.9452,positive,"['eyes smiling_face_with_heart', 'smiling_face_with_heart', 'smiling_face_with_heart eyes', 'eyes', 'lovely smiling_face_with_heart']"
737,sastopasal23,2023-05-17 12:46:33+00:00,0.0,0.0321,neutral,[]
739,kunwar.uma9384,2023-05-14 23:00:15+00:00,0.0,0.5407,positive,['nice']
739,myexpergefactor,2023-05-12 15:00:56+00:00,0.0,0.9849,positive,"['amazing lovely', 'prabal thumbs_up', 'creation prabal', 'lovely creation', 'prabal']"
739,lavanyacoodly,2023-05-12 12:21:00+00:00,0.0,0.0422,neutral,"['met gala', 'mean', 'gala', 'met', 'right']"
740,bombayunmapped,2023-05-12 06:05:25+00:00,0.0,0.8921,positive,"['clapping_hands', 'clapping_hands clapping_hands', 'outstanding']"
741,dwainebyrdphotography,2023-05-16 17:46:32+00:00,0.0,0.8673,positive,"['face_with_open_mouth smiling_face_with_heart', 'face_with_open_mouth', 'wow', 'smiling_face_with_heart eyes', 'smiling_face_with_heart']"
741,jaewell__,2023-05-12 15:39:04+00:00,0.0,0.0806,neutral,"['fire', 'fire fire']"
741,shennigan_nyc,2023-05-02 20:03:27+00:00,0.0,0.223,neutral,"['green_heart purple_heart', 'black_heart green_heart', 'yellow_heart brown_heart', 'orange_heart black_heart', 'purple_heart sparkling_heart']"
741,tweek_eek,2023-05-02 14:45:36+00:00,0.0,0.728,positive,"['smiling_face_with_heart eyes', 'smiling_face_with_heart', 'eyes']"
741,bree_jamaika,2023-05-02 05:16:00+00:00,0.0,0.8005,positive,"['love fire', 'love', 'fire']"
741,jillianwestphal,2023-05-02 00:26:39+00:00,0.0,0.3113,neutral,['chic']
741,dominickaffka,2023-05-01 21:50:19+00:00,0.0,0.2235,neutral,"['raising_hands clapping_hands', 'red_heart raising_hands', 'raising_hands', 'clapping_hands', 'red_heart']"
741,mysashaofficial,2023-05-01 21:36:42+00:00,0.0,0.2019,neutral,"['red_heart', 'red_heart red_heart']"
741,thevogueman_,2023-05-01 21:22:30+00:00,0.0,0.0259,neutral,"['fabric', 'fabric fabric']"
742,kamil_hewavitharana,2023-04-22 13:58:18+00:00,0.0,0.9323,positive,"['gorgeous red_heart', 'gorgeous', 'red_heart']"
742,thevogueman_,2023-04-20 01:30:03+00:00,0.0,0.3291,neutral,"['classic', 'classic classic']"
742,thevogueman_,2023-04-20 01:29:40+00:00,0.0,0.3291,neutral,"['classic', 'classic classic']"
742,kissmykite,2023-04-20 00:46:38+00:00,1.0,0.9121,positive,['beautiful']
742,i.mohsin_yousafzai,2023-04-19 20:52:20+00:00,1.0,-0.0276,neutral,['raising_hands']
742,rodarte,2023-04-19 20:29:47+00:00,0.0,0.2744,neutral,"['red_heart', 'red_heart red_heart']"
742,yanruyu_catelyn7,2023-04-19 20:14:40+00:00,1.0,0.2047,neutral,['party_popper']
742,moth__goth,2023-04-19 19:57:08+00:00,0.0,0.9685,positive,['love']
743,lucythewarriorprincess,2023-04-12 11:46:18+00:00,1.0,0.9803,positive,"['bae', 'medium dark_skin_tone', 'hat', 'dark_skin_tone', 'medium']"
743,snake_a_relli,2023-04-03 13:46:47+00:00,1.0,0.1628,neutral,"['cap', 'name', 'everyone', 'lol', 'wearing']"
743,metoyerblessed,2023-03-28 03:17:59+00:00,0.0,0.1033,neutral,['red_heart']
743,irvingt.taborn,2023-03-24 18:30:10+00:00,0.0,0.018,neutral,['family']
743,yeahsheatethat,2023-03-24 04:10:17+00:00,0.0,-0.069,neutral,"['tough', 'pinched_fingers_medium', 'gloves', 'pinched_fingers_medium dark_skin_tone', 'ms']"
743,ktireland,2023-03-24 02:35:07+00:00,0.0,0.1867,neutral,['sure']
743,normajean3122,2023-03-23 23:59:45+00:00,2.0,0.8018,positive,"['london', 'co', 'see', 'eyes red_heart', 'smiling_face_with_heart eyes']"
746,razanidesign,2023-04-25 04:16:51+00:00,0.0,0.1064,neutral,"['dove', 'dress', 'blue_heart']"
746,marthaluna,2023-04-24 23:07:40+00:00,0.0,0.6453,positive,"['medium_skin_tone', 'queen', 'smiling_face_with_hearts']"
746,iamexclussif,2023-04-24 23:00:56+00:00,0.0,0.0457,neutral,"['black_heart red_heart', 'black_heart', 'red_heart black_heart', 'black_heart black_heart', 'red_heart']"
746,shennigan_nyc,2023-04-24 20:55:14+00:00,0.0,0.2373,neutral,"['orange_heart purple_heart', 'brown_heart green_heart', 'black_heart orange_heart', 'green_heart black_heart', 'yellow_heart brown_heart']"
746,valslooks,2023-04-24 16:57:33+00:00,0.0,-0.0968,neutral,['h']
746,thevogueman_,2023-04-24 16:40:59+00:00,0.0,0.4351,neutral,"['classic', 'classic classic']"
747,peachcobblerqueen,2023-05-25 14:24:38+00:00,0.0,0.9827,positive,"['lil', 'eyes love', 'riding', 'hands', 'love fire']"
747,aliensarefromhere,2023-05-24 04:10:11+00:00,0.0,0.0321,neutral,[]
747,janah_menguito,2023-04-22 16:59:19+00:00,0.0,-0.0177,neutral,"['hey question', 'check inbox', 'question', 'request', 'inbox']"
747,sanpatialen_________,2023-04-08 02:13:31+00:00,0.0,0.9859,positive,['loooooove']
747,weavism,2023-04-06 08:43:22+00:00,0.0,0.0278,neutral,"['fire', 'fire fire']"
747,so_funny_world_,2023-04-06 04:55:15+00:00,0.0,0.1732,neutral,"['orange_heart yellow_heart', 'green_heart red_heart', 'black_heart blue_heart', 'purple_heart orange_heart', 'blue_heart green_heart']"
747,urbanlilyayiti,2023-04-05 19:35:02+00:00,0.0,0.4333,neutral,"['green_heart', 'green_heart green_heart']"
747,brokenarm2,2023-04-05 19:01:24+00:00,0.0,0.9807,positive,"['lived', 'love nyc', 'nyc', 'years', 'love']"
748,weekendeventsberlin,2023-04-24 13:30:03+00:00,1.0,0.6351,positive,"['face_with_open_mouth smiling_face_with_heart', 'face_with_open_mouth', 'smiling_face_with_heart eyes', 'smiling_face_with_heart', 'eyes']"
748,mickycamerini,2023-04-24 11:29:59+00:00,1.0,-0.1882,neutral,['elegance']
748,dawidtomaszewski,2023-04-24 08:10:11+00:00,0.0,0.7817,positive,"['eyes star', 'star struck', 'struck', 'star', 'smiling_face_with_heart eyes']"
748,saucepapii_sa,2023-04-23 20:25:02+00:00,2.0,-0.8347,negative,['crying_face']
748,alisa.clements15,2023-04-23 14:58:33+00:00,1.0,-0.6213,negative,"['real', 'hope']"
748,jmonarc,2023-04-23 02:28:15+00:00,1.0,0.2744,neutral,"['red_heart', 'red_heart red_heart']"
748,yourdiamondguru,2023-04-22 17:32:22+00:00,1.0,0.0806,neutral,"['fire', 'fire fire']"
748,eviehoneyrose,2023-04-22 17:18:25+00:00,1.0,0.9223,positive,"['inspired', 'big', 'red_heart']"
749,metoyerblessed,2023-03-28 03:18:34+00:00,0.0,0.1033,neutral,['red_heart']
749,irenelafxvie,2023-03-27 20:30:14+00:00,0.0,0.7867,positive,"['smiling_face_with_heart eyes', 'smiling_face_with_heart', 'eyes', 'eyes smiling_face_with_heart']"
749,ursulabetteridge,2023-03-26 00:45:53+00:00,0.0,0.0845,neutral,"['slide wearing', 'last slide', 'wearing', 'last', 'slide']"
749,exprimere__te,2023-03-24 08:07:12+00:00,0.0,0.2744,neutral,"['red_heart', 'red_heart red_heart']"
749,mothspectre,2023-03-23 00:22:31+00:00,1.0,-0.027,neutral,[]
749,leeza._.c,2023-03-22 17:13:27+00:00,0.0,-0.0851,neutral,[]
749,amariecalvo,2023-03-21 18:35:12+00:00,0.0,0.7867,positive,"['smiling_face_with_heart eyes', 'smiling_face_with_heart', 'eyes', 'eyes smiling_face_with_heart']"
749,seattle_0055,2023-03-21 11:14:23+00:00,0.0,0.0228,neutral,['dm']
749,lexxinthecityyyyyy,2023-03-20 09:38:17+00:00,0.0,0.7679,positive,"['eyes smiling_face_with_heart', 'smiling_face_with_heart eyes', 'smiling_face_with_heart', 'eyes', 'dress smiling_face_with_heart']"
750,baileyinsa1,2023-05-02 14:20:19+00:00,0.0,-0.8323,negative,"['tight', 'dresses', 'made', 'look', 'much better']"
750,thecatherineaddai,2023-05-02 02:48:08+00:00,0.0,0.6352,positive,"['fire', 'fire looking', 'looking like', 'fire fire', 'young']"
750,amorvincitomnia15,2023-05-02 02:21:01+00:00,0.0,-0.8555,negative,"['st', 'seems like', 'may', 'seems', 'bad']"
750,shiesbeautyofficial,2023-05-02 02:07:52+00:00,0.0,0.0278,neutral,"['fire', 'fire fire']"
750,46fatima88,2023-05-02 01:47:47+00:00,0.0,-0.223,neutral,"['speech_balloon', 'envelope_with_arrow', 'hundred_points', 'sparkles']"
751,shennigan_nyc,2023-04-25 19:51:22+00:00,0.0,0.2273,neutral,"['purple_heart orange_heart', 'green_heart sparkling_heart', 'orange_heart brown_heart', 'black_heart purple_heart', 'brown_heart green_heart']"
751,samrak999,2023-04-25 17:29:24+00:00,1.0,-0.8269,negative,[]
751,yocamicastro,2023-04-25 16:41:19+00:00,0.0,0.2019,neutral,"['red_heart', 'red_heart red_heart']"
751,thevogueman_,2023-04-25 16:24:42+00:00,0.0,0.0259,neutral,"['fabric', 'fabric fabric']"
751,thevogueman_,2023-04-25 16:24:33+00:00,0.0,0.0259,neutral,"['fabric', 'fabric fabric']"
751,nina_plus_nina,2023-04-25 16:01:08+00:00,6.0,-0.1004,neutral,"['crack', 'den', 'fresh', 'collection']"
751,__.eliana__,2023-04-27 03:12:30+00:00,1.0,0.0467,neutral,['lmao']
752,ritaaraujomejias,2021-11-02 10:49:23+00:00,0.0,0.5314,positive,"['maravilhoso smiling_face_with_heart', 'casaco', 'maravilhoso', 'smiling_face_with_heart eyes', 'smiling_face_with_heart']"
752,taylorgavin,2021-04-13 18:58:12+00:00,1.0,-0.2543,neutral,[]
752,theofficialjalexander,2021-04-13 18:39:47+00:00,0.0,0.9602,positive,"['shoe', 'still', 'man', 'love', 'smiling_face_with_heart eyes']"
753,frodosmuse,2023-05-25 03:29:27+00:00,0.0,0.9141,positive,"['god', 'fire']"
753,keelin.mcdonagh,2023-05-24 22:59:41+00:00,1.0,-0.3398,neutral,['think']
753,jeanjersantos,2023-05-23 02:50:45+00:00,0.0,-0.0365,neutral,['justin']
753,ann__marsh,2023-05-22 09:26:53+00:00,0.0,0.0573,neutral,"['fire', 'fire fire']"
753,neferboobiz,2023-05-21 08:15:41+00:00,9.0,0.0813,neutral,['justin']
753,ladyjofhollywood,2023-05-20 21:37:53+00:00,0.0,0.117,neutral,"['fire red_heart', 'red_heart fire', 'red_heart', 'fire']"
753,alba_lea,2023-05-20 12:45:29+00:00,0.0,0.6004,positive,"['smiling_face_with_heart eyes', 'smiling_face_with_heart', 'eyes']"
753,khadijasalem__,2023-05-20 05:07:22+00:00,1.0,-0.5514,negative,['versace']
753,cedrick6130,2023-05-20 00:04:00+00:00,0.0,0.3932,neutral,"['clapping_hands', 'clapping_hands clapping_hands']"
754,kimma.enigma,2023-05-29 13:19:16+00:00,0.0,-0.1203,neutral,['winking_face']
754,bigsaggy_,2023-05-25 19:33:15+00:00,0.0,-0.0276,neutral,['raising_hands']
754,shashshejej,2023-05-25 15:14:16+00:00,0.0,0.1013,neutral,"['ke', 'follow']"
754,fashinzaofficial,2023-05-25 08:14:15+00:00,0.0,0.9878,positive,"['rock', 'breathtaking', 'absolutely stunning', 'beyond', 'birthday']"
754,biancamasalaa,2023-05-23 11:05:59+00:00,0.0,-0.0176,neutral,"['io', 'quando']"
754,kk_recovering_perfectionist_,2023-05-23 03:24:14+00:00,1.0,0.9649,positive,"['best ever', 'ever', 'best', 'red_heart']"
754,intentionalagency,2023-05-23 01:15:59+00:00,0.0,0.0675,neutral,['sparkles']
756,weyniiiii,2022-10-19 11:54:06+00:00,1.0,-0.1072,neutral,"['face_with_open_mouth', 'face_with_open_mouth face_with_open_mouth']"
756,monica.spru,2022-10-18 06:49:08+00:00,1.0,0.9841,positive,"['place', 'omg', 'best', 'smiling_face_with_heart eyes', 'smiling_face_with_heart']"
756,katewojt,2022-10-18 04:51:36+00:00,2.0,0.0527,neutral,['another']
756,amllmt,2022-10-18 02:47:53+00:00,1.0,0.608,positive,"['yes please', 'yes', 'please']"
756,milaabbb,2022-10-17 11:12:53+00:00,1.0,0.1477,neutral,"['yellow_heart green_heart', 'heart_suit', 'yellow_heart', 'green_heart']"
756,facehunter,2022-10-18 07:03:47+00:00,0.0,0.008,neutral,"['heart_on_fire', 'heart_on_fire heart_on_fire']"
757,rosinhabf,2023-05-12 15:56:57+00:00,0.0,0.9307,positive,"['loved', 'heart_with_ribbon', 'bag', 'one', 'much']"
757,joartbyjo,2022-09-17 14:19:55+00:00,0.0,0.882,positive,"['cool smiling_face_with_heart', 'cool', 'smiling_face_with_heart eyes', 'smiling_face_with_heart', 'eyes']"
757,dashing_mr.maher,2021-05-11 01:05:25+00:00,0.0,0.9464,positive,"['watch', 'early', 'creation', 'im', 'prada']"
757,katiebeanis,2021-05-07 23:03:17+00:00,0.0,0.0709,neutral,"['peacock', 'w', 'must', 'make']"
757,cserant,2021-05-07 17:36:14+00:00,0.0,-0.0506,neutral,"['questo', 'account', 'per', 'fire']"
757,elisastecca,2021-05-07 15:11:20+00:00,0.0,0.0473,neutral,['eternal']
757,elrayo_verde,2021-05-07 13:55:16+00:00,0.0,0.8312,positive,['best']
757,alantrowe,2021-05-07 05:24:50+00:00,0.0,0.2216,neutral,"['heart_suit', 'heart_suit heart_suit']"
757,venicewytch,2021-05-07 04:41:12+00:00,0.0,0.8912,positive,"['raising_hands', 'raising_hands raising_hands', 'blocking', 'color']"
758,pckyperson,2021-03-16 13:11:54+00:00,1.0,0.7911,positive,"['mary', 'vintage', 'collection', 'prada', 'thank']"
758,_ariannenicole_,2021-03-10 22:14:57+00:00,0.0,0.0278,neutral,"['fire', 'fire fire']"
758,pescegiampiero,2021-03-10 21:13:01+00:00,0.0,0.9343,positive,"['best', 'prada best', 'shoes', 'prada', 'ever']"
759,broccati_official,2023-05-31 15:05:11+00:00,0.0,0.3024,neutral,"['clapping_hands', 'clapping_hands clapping_hands']"
759,fashionbeautyy18,2023-05-31 04:00:17+00:00,0.0,0.1697,neutral,"['jennie', 'fire']"
759,rafst188,2023-05-26 09:05:13+00:00,0.0,0.5846,positive,"['send _', 'fire send', 'wow fire', '_', 'life']"
759,bear__022,2023-05-25 13:41:21+00:00,0.0,0.9803,positive,"['white_heart', 'look pretty', 'jennie', 'pretty white_heart', 'pretty']"
759,roxirais,2023-05-24 17:02:46+00:00,0.0,0.0017,neutral,"['porfavor', 'más', 'cannes', 'lo', 'de']"
759,shaivyabhatt,2023-05-24 15:02:55+00:00,1.0,-0.0377,neutral,"['raising_hands fire', 'raising_hands', 'fire']"
759,groovydana,2023-05-24 14:53:45+00:00,0.0,0.5628,positive,"['wow fire', 'wow', 'fire']"
760,mariackenny,2022-10-11 19:55:15+00:00,1.0,0.3024,neutral,"['clapping_hands', 'clapping_hands clapping_hands']"
760,inongchin,2022-10-11 14:47:56+00:00,0.0,0.0321,neutral,[]
760,facehunter,2022-10-11 19:55:34+00:00,0.0,0.8422,positive,"['sparkles', 'sparkles sparkles']"
761,joartbyjo,2022-09-17 14:20:21+00:00,0.0,0.9322,positive,"['great smiling_face_with_heart', 'great', 'smiling_face_with_heart eyes', 'smiling_face_with_heart', 'eyes']"
761,monicafoti,2021-05-23 11:34:21+00:00,1.0,-0.03,neutral,"['questa', 'dal', 'ho', 'amo', 'l']"
761,sitnikova7273,2021-05-19 22:43:02+00:00,0.0,0.968,positive,"['thumbs_up', 'section', 'really amazing', 'quite', 'media']"
761,mgparisberlin,2021-05-08 10:59:04+00:00,0.0,0.2492,neutral,"['sublime', 'ok_hand_dark_skin_tone']"
761,leonorvalenzuela,2021-05-08 00:46:51+00:00,1.0,0.2338,neutral,[]
761,alantrowe,2021-05-07 09:36:28+00:00,0.0,0.2267,neutral,['blue_heart']
761,marc_rego,2021-05-07 07:47:33+00:00,1.0,0.6361,positive,"['thinking_face', 'thinking', 'smiling_face_with_tear', 'prada']"
761,gregmyl,2021-05-06 22:09:16+00:00,0.0,0.5445,positive,"['prada', 'top', 'fire']"
761,fondazionezimei,2023-05-07 20:52:57+00:00,0.0,-0.0358,neutral,"['io', 'l']"
762,joartbyjo,2022-09-17 14:20:04+00:00,0.0,0.9485,positive,"['adorable', 'smiling_face_with_heart eyes', 'smiling_face_with_heart', 'eyes']"
762,spicerjanet5,2022-03-21 03:11:19+00:00,0.0,0.989,positive,"['red_heart', 'loved', 'red_heart red_heart', 'collection']"
762,riki.arad16,2022-03-09 14:46:25+00:00,0.0,-0.0134,neutral,[]
762,loulousfo,2021-09-20 08:02:48+00:00,0.0,0.9653,positive,"['green_heart', 'green_heart green_heart', 'love everything', 'everything', 'love']"
762,samsheed.collabs,2021-09-19 15:09:23+00:00,0.0,0.9881,positive,"['us send', 'send free', 'let us', 'feature', 'came']"
762,amber.jpg,2021-05-07 22:37:00+00:00,0.0,0.9808,positive,['amazing']
762,aurelijakeziene,2021-05-07 18:14:41+00:00,0.0,0.2019,neutral,"['red_heart', 'red_heart red_heart']"
762,volvita.app,2021-05-07 13:56:04+00:00,1.0,0.181,neutral,"['shop', 'black_heart white_heart', 'prada', 'us', 'check']"
762,mgparisberlin,2021-05-07 11:44:04+00:00,0.0,0.5888,positive,"['sublime', 'ok_hand_dark_skin_tone']"
763,pescegiampiero,2021-03-10 21:12:11+00:00,0.0,0.194,neutral,"['raising_hands', 'raising_hands raising_hands', 'raising_hands red_heart', 'red_heart']"
763,ruverco,2021-03-10 20:47:26+00:00,0.0,0.0762,neutral,['brown_heart']
763,juliahaggblom,2021-03-10 19:41:43+00:00,0.0,-0.1361,neutral,['drooling_face']
763,valejillg,2021-03-10 18:46:24+00:00,1.0,0.8677,positive,"['fav', 'white_heart']"
763,a.cardenas,2021-03-10 18:05:29+00:00,0.0,0.2766,neutral,['classic']
764,carla_pontessss,2023-05-11 13:22:45+00:00,0.0,-0.0245,neutral,"['dia sra', 'rosa', 'bom dia', 'wrapped_gift', 'sra dudalina']"
764,carla_pontessss,2023-05-03 18:58:29+00:00,0.0,-0.025,neutral,"['sun_with_face', 'dudalina amo', 'fique', 'suas', 'querida dudalina']"
764,edynovais5,2023-05-02 23:14:37+00:00,1.0,0.8402,positive,"['eyes smiling_face_with_heart', 'smiling_face_with_heart eyes', 'smiling_face_with_heart', 'eyes']"
764,edynovais5,2023-05-02 23:14:34+00:00,1.0,0.3666,neutral,"['clapping_hands', 'clapping_hands clapping_hands']"
764,candyalcantara,2023-05-02 22:28:16+00:00,1.0,-0.0321,neutral,"['white_heart white_heart', 'white_heart']"
764,_cidaborges_,2023-05-02 20:49:49+00:00,1.0,-0.0048,neutral,['ameiii']
764,advsandrarenata,2023-05-02 20:21:16+00:00,1.0,-0.0412,neutral,"['segunda', 'compra', 'camisa', 'na', 'da']"
764,carla_pontessss,2023-05-03 18:58:39+00:00,0.0,0.0294,neutral,"['sun_with_face', 'light_skin_tone fallen_leaf', 'sun_with_face sun_with_face', 'fallen_leaf', 'writing_hand_medium']"
765,dorotheaorsini,2021-04-13 19:16:09+00:00,1.0,0.0762,neutral,['brown_heart']
765,taylorgavin,2021-04-13 18:58:18+00:00,3.0,0.962,positive,"['season', 'ever', 'best']"
766,carolinesjewelsco,2023-05-29 06:09:46+00:00,0.0,0.1675,neutral,[]
766,lika.krachkovskaya,2023-05-24 11:33:07+00:00,1.0,0.0278,neutral,"['fire', 'fire fire']"
766,ljkinfluencer,2023-05-21 09:19:56+00:00,0.0,0.9885,positive,"['follow', 'latest', 'take care', 'cars', 'care']"
766,abhineet_kaur26,2023-05-21 08:49:15+00:00,2.0,0.1322,neutral,"['grandma', 'giving', 'vibe']"
766,skhanum____,2023-05-20 23:17:41+00:00,0.0,0.0321,neutral,[]
766,rafabenz_33,2023-05-20 22:56:57+00:00,0.0,0.2792,neutral,"['red_heart red_heart', 'red_heart']"
766,girlcali18,2023-05-20 22:51:10+00:00,1.0,-0.7472,negative,['looks']
766,dolzhenko_ivan,2023-05-20 14:49:40+00:00,1.0,0.7514,positive,"['smiling_face_with_hearts face_blowing_a_kiss', 'loudly_crying_face', 'lovely', 'face_blowing_a_kiss', 'star struck']"
766,ninachristi,2023-05-20 14:44:40+00:00,0.0,-0.1616,neutral,"['fire fire', 'fire']"
766,lamascodigo,2023-05-20 08:31:23+00:00,1.0,-0.8999,negative,"['inmates', 'respect', 'get']"
767,uviedogustavo73,2023-06-04 22:08:35+00:00,0.0,0.639,positive,"['hugging_face', 'princess_light_skin_tone', 'kissing_face_with_closed_eyes', 'smiling_face_with_smiling_eyes']"
767,valfendah,2023-05-24 17:43:26+00:00,0.0,0.7867,positive,"['smiling_face_with_heart eyes', 'smiling_face_with_heart', 'eyes', 'eyes smiling_face_with_heart']"
767,a1zhu,2023-05-24 16:17:12+00:00,0.0,-0.5551,negative,"['kill', 'dress']"
767,diannadigital,2023-05-21 19:48:50+00:00,0.0,0.1949,neutral,"['red_heart', 'el', 'vestido', 'red_heart red_heart']"
767,joshdukie,2023-05-24 18:22:07+00:00,0.0,0.7867,positive,"['opinion', 'think', 'saying', 'opinion matter', 'simply']"
768,svetlana_grishina_photo,2023-04-13 15:15:04+00:00,0.0,0.5224,positive,"['fire', 'fire fire', 'fire smiling_face_with_heart', 'smiling_face_with_heart eyes', 'smiling_face_with_heart']"
768,mirtus2023,2023-03-03 20:47:13+00:00,0.0,0.3024,neutral,"['clapping_hands', 'clapping_hands clapping_hands']"
768,shopmadkin,2023-03-03 14:41:19+00:00,0.0,0.98,positive,"['looks smiling_face_with_heart', 'love looks', 'looks', 'love', 'smiling_face_with_heart eyes']"
768,apartment_lm,2023-03-03 05:33:54+00:00,0.0,0.1565,neutral,"['raising_hands', 'raising_hands raising_hands']"
768,danielazeqo,2023-03-02 20:16:42+00:00,0.0,0.1023,neutral,"['red_heart raising_hands', 'raising_hands', 'red_heart']"
768,luciojack1977,2023-03-01 22:33:41+00:00,0.0,0.2649,neutral,"['clapping_hands', 'clapping_hands raising_hands', 'raising_hands fire', 'raising_hands', 'clapping_hands clapping_hands']"
768,the_tassiafreitas,2023-03-01 20:49:38+00:00,0.0,0.1891,neutral,"['belli', 'belli red_heart', 'red_heart']"
768,antonella.bussot,2023-03-01 19:45:24+00:00,1.0,0.7213,positive,"['sparkling_heart sparkles', 'star struck', 'struck', 'star', 'sparkling_heart']"
768,hristo140_,2023-03-01 07:12:21+00:00,0.0,-0.0075,neutral,"['raising_hands red_heart', 'red_heart fire', 'raising_hands', 'fire', 'red_heart']"
768,theplatformmagazine,2023-03-01 00:56:41+00:00,1.0,0.1033,neutral,['red_heart']
769,goodfundesignstore,2023-04-02 12:08:48+00:00,0.0,0.1641,neutral,"['yes', 'yes yes', 'omg', 'fire red_heart', 'fire']"
769,metoyerblessed,2023-03-28 03:18:41+00:00,0.0,0.1033,neutral,['red_heart']
769,daria_swn,2023-03-20 17:41:03+00:00,1.0,-0.1393,neutral,"['fire', 'fire fire', 'red_heart fire', 'red_heart']"
769,daria_swn,2023-03-19 21:50:12+00:00,0.0,0.0844,neutral,"['fire', 'fire fire', 'fire raising_hands', 'raising_hands red_heart', 'raising_hands']"
769,lubomirzahorec,2023-03-18 17:05:20+00:00,0.0,0.3219,neutral,"['face_with_tears_of_joy', 'face_with_tears_of_joy face_with_tears_of_joy', 'face_with_open_mouth face_with_tears_of_joy', 'face_with_open_mouth']"
769,hfhnhvg__,2023-03-18 15:03:00+00:00,0.0,0.762,positive,"['see', 'message', 'blocked kindly', 'need honest', 'see around']"
769,ju__bauer,2023-03-18 02:02:13+00:00,0.0,0.7735,positive,"['smiling_face_with_heart eyes', 'smiling_face_with_heart', 'eyes', 'omg smiling_face_with_heart', 'eyes smiling_face_with_heart']"
769,claudinhafantini,2023-03-17 16:55:21+00:00,0.0,0.021,neutral,"['ny', 'vc', 'em', 'é']"
770,amortajada,2023-05-14 23:38:59+00:00,3.0,-0.6533,negative,"['sad', 'kind', 'girl']"
770,gaxxtandoo.fds2,2023-05-14 22:02:55+00:00,0.0,0.8638,positive,"['backhand_index_pointing_down', 'nature', 'love', 'lot people', 'joy']"
770,_karimba_,2023-05-14 08:30:49+00:00,0.0,0.6612,positive,"['smiling_face_with_heart eyes', 'smiling_face_with_heart', 'eyes']"
770,kate_tyrlai,2023-05-14 06:22:29+00:00,0.0,0.8897,positive,"['favourite', 'model']"
770,manuel_veloz,2023-05-14 03:31:05+00:00,11.0,0.5991,positive,"['much better', 'kendall', 'better', 'bella', 'much']"
770,lesfemmedetail,2023-05-14 01:56:02+00:00,0.0,-0.1447,neutral,"['curious', 'beyond', 'say', 'talented', 'always']"
770,vicky_mvd,2023-05-14 00:12:39+00:00,0.0,0.0305,neutral,"['miss', 'queen', 'fashion', 'red_heart']"
770,elham_mryn,2023-05-16 03:20:37+00:00,0.0,0.888,positive,"['really talented', 'talented', 'tho', 'really']"
770,whoisteesh,2023-05-20 04:45:09+00:00,0.0,-0.9578,negative,"['age', 'point', 'wrong', 'okay', 'children']"
771,vlada01,2023-05-08 07:14:17+00:00,0.0,0.95,positive,"['love smiling_face_with_heart', 'love', 'smiling_face_with_heart eyes', 'smiling_face_with_heart', 'eyes']"
771,brandonjerrod,2023-05-07 22:45:29+00:00,0.0,-0.0321,neutral,"['fire', 'fire fire']"
771,hijabsgateway,2023-05-06 15:39:56+00:00,0.0,0.991,positive,"['outfit', 'sporty', 'outfit seen', 'outfit look', 'look pretty']"
771,evakivaf,2023-05-05 13:04:47+00:00,1.0,-0.1062,neutral,[]
771,whitemomoh_08,2023-05-02 10:06:26+00:00,0.0,-0.1559,neutral,"['fire', 'fire fire', 'red_heart red_heart', 'red_heart', 'red_heart fire']"
771,hunky_tonk,2023-04-29 02:42:51+00:00,1.0,0.0321,neutral,[]
771,milkahamid,2023-04-24 12:24:10+00:00,0.0,0.3073,neutral,"['eyes smiling_face_with_hearts', 'smiling_face_with_hearts', 'smiling_face_with_heart eyes', 'smiling_face_with_heart', 'eyes']"
771,wickedgm,2023-04-24 12:15:39+00:00,1.0,0.2743,neutral,"['clapping_hands', 'fire', 'clapping_hands clapping_hands', 'fire fire', 'clapping_hands fire']"
772,carla_pontessss,2023-05-11 14:00:17+00:00,0.0,0.0063,neutral,"['minha', 'na', 'light_skin_tone', 'por uma', 'dia sra']"
772,isabel.passalini,2023-04-30 14:56:09+00:00,0.0,-0.2884,neutral,['valor']
772,silva_jaquelaine_,2023-04-29 15:59:46+00:00,0.0,-0.024,neutral,"['das camisas', 'qual valor', 'qual', 'camisas', 'das']"
772,silva_jaquelaine_,2023-04-29 15:59:30+00:00,0.0,-0.0164,neutral,"['boa tarde', 'tarde', 'oi', 'boa']"
772,clotildesalvino,2023-04-28 18:50:04+00:00,0.0,-0.1258,neutral,"['não encontrei', 'encontrei', 'site', 'vestido', 'não']"
772,dudalina,2023-05-02 13:50:10+00:00,0.0,-0.0484,neutral,"['te enviamos', 'enviamos', 'direct', 'oi', 'uma']"
773,sampathgummadi,2023-05-12 05:22:20+00:00,0.0,0.8857,positive,"['eyes smiling_face_with_heart', 'smiling_face_with_heart eyes', 'smiling_face_with_heart', 'eyes']"
774,rosado_silvana,2023-05-16 17:23:33+00:00,0.0,0.0122,neutral,"['quanto', 'linda', 'é']"
774,carla_pontessss,2023-05-11 13:57:19+00:00,1.0,-0.0275,neutral,"['bom', 'como', 'uma', 'dudalina', 'de']"
774,dudalina,2023-05-16 20:36:08+00:00,0.0,0.0058,neutral,"['r', 'mais', 'de', 'peça que', 'entre em']"
775,autumn_rain18,2023-04-22 18:15:50+00:00,0.0,-0.3157,neutral,"['definitely', 'maybe', 'face_with_open_mouth']"
775,alexandra_schwoerer,2023-04-17 19:18:08+00:00,0.0,0.4035,neutral,"['red gown', 'gown', 'red', 'heart_on_fire', 'clapping_hands']"
775,sayaka.s.h2,2023-04-17 06:53:56+00:00,0.0,-0.0402,neutral,"['magnifique', 'fire']"
775,keys_rebelle,2023-04-16 21:48:16+00:00,2.0,0.9714,positive,"['red gown', 'gown', 'red', 'stunning']"
775,heatherashleyfoster,2023-04-16 19:58:43+00:00,0.0,0.4633,positive,['love']
775,mpilmcclain,2023-04-15 19:29:09+00:00,1.0,0.0177,neutral,"['confounded_face', 'dresses', 'first', 'omg', 'like']"
775,nunziabue,2023-04-15 13:56:20+00:00,0.0,0.2749,neutral,"['red_heart red_heart', 'red_heart']"
775,honornyc,2023-04-15 13:07:08+00:00,0.0,-0.0706,neutral,"['folded_hands', 'white_heart']"
775,je_suis_gayane,2023-04-15 08:02:45+00:00,0.0,0.1033,neutral,['red_heart']
776,carla_pontessss,2023-05-11 14:05:04+00:00,0.0,-0.0366,neutral,"['é', 'bom', 'light_skin_tone', 'light_skin_tone houses', 'vidas']"
776,barbaraasoaresss,2023-05-06 00:33:58+00:00,1.0,0.0458,neutral,"['alguém vende', 'vende', 'alguém', 'eu']"
776,selmaragao,2023-05-05 13:20:43+00:00,1.0,0.0041,neutral,"['que linda', 'esta', 'camisa', 'linda', 'que']"
776,studiois_,2023-05-05 11:45:30+00:00,1.0,0.8225,positive,"['smiling_face_with_hearts', 'smiling_face_with_hearts smiling_face_with_hearts']"
776,sandrawalendy,2023-05-05 08:00:42+00:00,1.0,0.8048,positive,"['clapping_hands', 'clapping_hands clapping_hands', 'clapping_hands smiling_face_with_heart', 'smiling_face_with_heart eyes', 'smiling_face_with_heart']"
776,candyalcantara,2023-05-04 20:27:54+00:00,1.0,0.2331,neutral,"['gem_stone', 'gem_stone gem_stone']"
776,cris_sinezio,2023-05-04 20:10:39+00:00,0.0,0.0413,neutral,"['da camisa', 'valor da', 'qual valor', 'qual', 'valor']"
776,dudalina,2023-05-06 12:40:43+00:00,0.0,0.0017,neutral,"['mais', 'em', 'entre em', 'detalhes', 'ref']"
777,jasiek_xcx,2023-05-30 16:22:32+00:00,0.0,0.3702,neutral,"['face_with_tears_of_joy', 'face_with_tears_of_joy face_with_tears_of_joy']"
777,inspiratetiendaonlineoficial,2023-05-28 21:49:31+00:00,0.0,0.7843,positive,"['world', 'aim', 'main', 'store', 'styles']"
777,tillygoldstein,2023-05-28 21:14:15+00:00,0.0,-0.0232,neutral,[]
777,fatemeeh_hajaviiii,2023-05-28 20:10:53+00:00,0.0,0.039,neutral,[]
777,fatemeeh_hajaviiii,2023-05-28 20:10:31+00:00,0.0,0.1895,neutral,"['face_with_tears_of_joy', 'face_with_tears_of_joy face_with_tears_of_joy', 'exactly']"
777,shop_floralsea.co,2023-05-27 21:02:12+00:00,0.0,0.6123,positive,"['blossom', 'sparkles', 'black_heart']"
777,shannon_r_sturm,2023-05-27 12:31:15+00:00,1.0,0.0321,neutral,[]
777,katerinakoulouvaris,2023-05-27 05:40:10+00:00,1.0,-0.0241,neutral,['us']
778,heloisade_oliveira_rios,2023-05-25 01:21:06+00:00,0.0,0.0192,neutral,"['da camisa', 'valor da', 'qual valor', 'qual', 'valor']"
778,carla_pontessss,2023-05-15 14:23:42+00:00,0.0,0.0008,neutral,"['droplet', 'woman_bowing_medium light_skin_tone', 'aqui', 'woman_bowing_medium', 'light_skin_tone boa']"
778,dudalina,2023-05-25 12:47:37+00:00,0.0,-0.0001,neutral,"['e', 'essa', 'para', 'conferir', 'essa e']"
779,parham1992__,2023-06-06 22:38:21+00:00,0.0,0.1586,neutral,"['face_with_open_mouth', 'face_with_open_mouth face_with_open_mouth', 'raising_hands smiling_face_with_heart', 'versace', 'red_heart clapping_hands']"
779,parham1992__,2023-06-06 22:37:43+00:00,0.0,0.141,neutral,"['raising_hands', 'raising_hands raising_hands']"
779,jorgesanchezaleman,2023-05-09 18:30:50+00:00,0.0,-0.0692,neutral,[]
779,houseofrichmanni,2023-05-03 17:05:48+00:00,0.0,0.0306,neutral,"['asap', 'need', 'fire']"
779,emtp.pablito,2023-05-03 07:03:45+00:00,0.0,0.0321,neutral,[]
779,golddiamond_spa_massage,2023-04-30 17:56:21+00:00,0.0,-0.1649,neutral,"['نکردین neutral_face', 'نکردین', 'چک نکردین', 'چک', 'واقعا دایرکت']"
779,kebschdana,2023-04-30 08:52:35+00:00,0.0,0.9767,positive,"['fire', 'want', 'fire fire', 'love']"
779,sequoyah7uw,2023-04-29 21:29:51+00:00,0.0,0.9702,positive,"['different', 'love']"
779,brigante7262,2023-04-29 18:51:43+00:00,0.0,0.7531,positive,"['thumbs_up smiling_face_with_sunglasses', 'thumbs_up', 'smiling_face_with_sunglasses']"
780,mariadefatimaalban,2023-05-09 17:51:07+00:00,0.0,-0.0139,neutral,"['blusa', 'linda é', 'seda', 'de seda', 'olá']"
780,nelci_silva_almeida,2023-05-08 09:37:18+00:00,1.0,0.1033,neutral,['red_heart']
780,barbaraasoaresss,2023-05-08 04:38:48+00:00,0.0,-0.023,neutral,"['ameiii alguém', 'alguém vende', 'vende', 'ameiii', 'alguém']"
780,utilshop_oficial,2023-05-08 02:10:45+00:00,1.0,-0.0665,neutral,['fire']
780,dudalina,2023-05-18 14:56:41+00:00,0.0,-0.0133,neutral,"['pode', 'site ou', 'pode buscar', 'pode conversar', 'ajuda escolher']"
781,garcia_glauce,2023-06-05 12:42:03+00:00,1.0,0.1446,neutral,"['jacquard', 'outra', 'lindas', 'tenho', 'camisas']"
781,danielefernandesc,2023-05-25 23:33:01+00:00,1.0,0.1739,neutral,"['amei', 'red_heart']"
781,michellemalab,2023-05-11 23:41:29+00:00,1.0,-0.0136,neutral,"['parece', 'tão', 'uma', 'linda', 'de']"
782,timacochi,2023-05-27 16:29:31+00:00,0.0,0.7867,positive,"['smiling_face_with_heart eyes', 'smiling_face_with_heart', 'eyes', 'eyes smiling_face_with_heart']"
782,shennigan_nyc,2023-04-30 07:11:17+00:00,0.0,0.2336,neutral,"['brown_heart purple_heart', 'orange_heart brown_heart', 'yellow_heart green_heart', 'black_heart orange_heart', 'green_heart black_heart']"
782,john_ojeda7502,2023-04-29 04:20:24+00:00,0.0,0.2019,neutral,"['red_heart', 'red_heart red_heart']"
782,shushs_iwork_,2023-04-28 16:46:13+00:00,0.0,-0.0051,neutral,['send']
782,pictures_shiny,2023-04-27 18:14:45+00:00,0.0,0.786,positive,"['friends', 'please', 'smiling_face_with_hearts']"
782,dualantidote,2023-04-27 18:09:09+00:00,1.0,0.728,positive,"['smiling_face_with_heart eyes', 'smiling_face_with_heart', 'eyes']"
783,modemajeure,2023-03-08 17:23:24+00:00,0.0,0.4565,positive,"['tim', 'clapping_hands fire', 'fire', 'fire clapping_hands', 'wow']"
784,jregastiari,2023-03-05 14:20:50+00:00,0.0,0.9161,positive,"['smiling_face_with_heart eyes', 'smiling_face_with_heart', 'eyes', 'iconic', 'eyes smiling_face_with_heart']"
784,insta_bee9,2023-03-05 12:56:45+00:00,0.0,0.1184,neutral,"['send pic', 'heart_exclamation', 'pic', 'send']"
784,wheresmydriver,2023-03-06 08:52:28+00:00,1.0,0.0775,neutral,"['correct', 'clapping_hands']"
787,leomieanderson,2023-03-06 07:41:54+00:00,0.0,0.0583,neutral,"['find', 'x', 'hey', 'pic']"
787,jdtwin,2023-03-05 16:13:24+00:00,0.0,0.984,positive,"['tim', 'spectacular', 'paris', 'glad', 'back']"
787,dymiryan,2023-03-03 20:45:32+00:00,0.0,0.7867,positive,"['smiling_face_with_heart eyes', 'smiling_face_with_heart', 'eyes', 'eyes smiling_face_with_heart']"
787,chrisellelim,2023-03-03 16:06:36+00:00,0.0,0.2019,neutral,"['red_heart', 'red_heart red_heart']"
787,wheresmydriver,2023-03-06 08:37:40+00:00,0.0,0.9737,positive,"['appreciate', 'really', 'thanks']"
787,leomieanderson,2023-03-06 15:55:19+00:00,0.0,0.0896,neutral,"['email', 'x', 'com']"
788,koreymichellegreen,2023-05-29 19:28:05+00:00,0.0,-0.1013,neutral,"['idk', 'brown', 'tho', 'jacket', 'skirt']"
788,kingjulianperry,2023-05-15 14:55:31+00:00,1.0,-0.184,neutral,[]
788,salote.yani,2023-04-16 21:05:41+00:00,1.0,0.7064,positive,"['following', 'inspiration', 'winter', 'smiling_face_with_heart', 'smiling_face_with_heart eyes']"
788,eben_4give,2023-04-14 16:59:31+00:00,0.0,-0.0665,neutral,['fire']
788,_sofiauvarova_,2023-04-12 15:30:55+00:00,0.0,0.1544,neutral,"['n', 'red_heart']"
788,farzaneh.khakbiz,2023-04-09 08:23:06+00:00,0.0,0.9885,positive,"['green_heart', 'shopping_bags', 'shot', 'green', 'woman']"
788,carakwithlove,2023-04-09 01:19:07+00:00,0.0,-0.726,negative,['pic']
788,sergio_sf1975,2023-04-08 01:29:50+00:00,0.0,-0.0629,neutral,[]
788,zhangliyithagreat,2023-05-24 21:28:08+00:00,0.0,-0.8887,negative,"['creative', 'attractive', 'try hard', 'mean', 'extra']"
790,adelane_magalhaes,2023-05-13 17:32:52+00:00,1.0,0.6652,positive,"['linda smiling_face_with_heart', 'linda', 'smiling_face_with_heart eyes', 'smiling_face_with_heart', 'eyes']"
790,soldatellicarolina,2023-05-13 00:45:45+00:00,1.0,0.018,neutral,"['lindo demais', 'demais', 'lindo']"
790,barbaraasoaresss,2023-05-11 17:41:46+00:00,0.0,-0.023,neutral,"['ameiii alguém', 'alguém vende', 'vende', 'ameiii', 'alguém']"
790,carla_pontessss,2023-05-11 14:02:18+00:00,0.0,-0.0374,neutral,"['bora', 'casa', 'de', 'light_skin_tone', 'de casa']"
792,adrianericmorales,2023-02-28 22:29:16+00:00,0.0,0.0803,neutral,['clapping_hands']
793,graceartsy1,2023-03-01 16:51:05+00:00,1.0,0.9281,positive,['love']
794,personal_shopper_pr,2023-05-01 11:45:26+00:00,0.0,0.2744,neutral,"['red_heart', 'red_heart red_heart']"
794,rabiaseridji,2023-04-19 17:12:55+00:00,0.0,0.0742,neutral,"['red_heart red_heart', 'red_heart', 'salut', 'tu']"
794,booksbycc,2023-04-14 13:47:33+00:00,0.0,0.8968,positive,"['fire', 'fire fire', 'fit', 'skirt', 'top']"
794,mr_karaiby,2023-04-05 01:04:19+00:00,0.0,0.9716,positive,"['pinched_fingers_medium dark_skin_tone', 'pinched_fingers_medium', 'posts', 'street style', 'street']"
794,styledbysally,2023-04-04 22:54:58+00:00,0.0,0.3621,neutral,"['inspo', 'nyc', 'need', 'black_heart']"
794,fatale.nicola,2023-04-02 11:33:44+00:00,0.0,0.3024,neutral,"['clapping_hands', 'clapping_hands clapping_hands']"
794,mariasohn,2023-04-01 13:52:07+00:00,0.0,0.2448,neutral,"['popular', 'colors']"
794,saravegaoficial,2023-03-31 11:03:06+00:00,0.0,0.3004,neutral,"['red_heart red_heart', 'red_heart']"
794,mjm.216,2023-03-29 01:32:21+00:00,0.0,0.6333,positive,"['belt', 'nice']"
795,adrianericmorales,2023-02-23 11:56:44+00:00,0.0,-0.0105,neutral,[]
797,julianichelle,2023-03-06 12:42:47+00:00,0.0,0.0321,neutral,[]
797,adrianericmorales,2023-02-26 22:15:12+00:00,0.0,0.0803,neutral,['clapping_hands']
798,nataliattorresc,2023-03-01 03:27:08+00:00,0.0,0.174,neutral,"['deva', 'deva red_heart', 'red_heart']"
798,devacassel.bellucci,2023-02-28 22:24:18+00:00,0.0,0.287,neutral,"['deva', 'deva red_heart', 'red_heart', 'red_heart red_heart']"
799,fashion_promo.ig6,2023-02-25 07:36:51+00:00,0.0,-0.0176,neutral,"['𝐘𝐨𝐮𝐫 𝐏𝐢𝐜', '𝐘𝐨𝐮𝐫', '𝐒𝐞𝐧𝐝 𝐘𝐨𝐮𝐫', '𝐒𝐞𝐧𝐝', '𝐏𝐢𝐜']"
801,matthewrofficial,2023-05-12 19:54:14+00:00,0.0,0.6667,positive,"['bro', 'fresh', 'style', 'raising_hands']"
801,nverclothing,2023-05-08 05:06:34+00:00,0.0,0.9553,positive,"['signature', 'original', 'elevate', 'order today', 'hoodies']"
801,duyguboz,2023-04-21 16:20:05+00:00,1.0,0.1843,neutral,"['star struck', 'struck', 'star', 'red_heart']"
801,kingpixee,2023-04-19 14:27:30+00:00,2.0,0.7801,positive,"['smirking_face', 'crossbody love', 'crossbody', 'medium dark_skin_tone', 'dark_skin_tone']"
801,dear_stephan,2023-04-19 11:31:39+00:00,0.0,-0.4729,negative,"['though', 'neck', 'last slide', 'lol', 'last']"
801,adriannaredd,2023-04-19 10:10:22+00:00,2.0,0.8754,positive,"['crossbody love', 'yasssss', 'look red_heart', 'crossbody', 'love look']"
801,rabbit_wardrobe,2023-04-19 10:02:04+00:00,1.0,0.963,positive,"['fav', 'hat', 'lady', 'red', 'green_heart']"
801,printedpatternpeople,2023-04-19 03:01:24+00:00,1.0,0.8746,positive,"['raising_hands_medium dark_skin_tone', 'looove', 'eyes raising_hands_medium', 'raising_hands_medium', 'leather']"
801,w.morgs,2023-04-18 21:00:28+00:00,0.0,0.9844,positive,"['favorite', 'outfit']"
801,gym_legends._,2023-04-18 17:03:29+00:00,0.0,0.9809,positive,"['send best', 'amazing red_heart', 'pics', 'wow amazing', 'best']"
802,tsangtastic,2023-02-25 13:44:36+00:00,0.0,0.4305,neutral,"['beating_heart red_heart', 'beating_heart', 'face_blowing_a_kiss', 'red_heart']"
803,ziasijun,2023-02-26 18:36:53+00:00,0.0,0.256,neutral,"['red_heart', 'dk', 'red_heart red_heart', 'fire red_heart', 'fire']"
803,summersunnypie,2023-02-26 16:38:57+00:00,0.0,-0.0457,neutral,['dk']
803,karenrs93,2023-02-26 12:56:54+00:00,0.0,0.6269,positive,"['dk smiling_face_with_heart', 'dk', 'smiling_face_with_heart eyes', 'smiling_face_with_heart', 'eyes']"
803,booahae___,2023-02-26 09:33:08+00:00,0.0,0.8636,positive,"['gem_stone', 'thanks', 'pic', 'black_heart']"
803,icevernon,2023-02-26 03:42:55+00:00,0.0,0.4859,positive,"['dk smiling_face_with_heart', 'dk', 'smiling_face_with_heart eyes', 'smiling_face_with_heart', 'eyes']"
803,qksvkel,2023-02-26 03:14:27+00:00,0.0,0.8,positive,"['dk smiling_face_with_heart', 'smiling_face_with_heart eyes', 'smiling_face_with_heart', 'eyes', 'dk']"
803,v_vheng,2023-02-26 03:10:37+00:00,0.0,0.1238,neutral,"['dk', 'red_heart', 'red_heart red_heart']"
803,fitnstefen14,2023-02-25 21:53:45+00:00,0.0,0.9242,positive,"['send _', 'eyes send', 'explore', '_', 'wow smiling_face_with_heart']"
804,cocopenhagen,2023-02-11 16:01:24+00:00,1.0,0.7867,positive,"['smiling_face_with_heart eyes', 'smiling_face_with_heart', 'eyes', 'eyes smiling_face_with_heart']"
804,hind.abdellahi,2023-02-10 12:43:46+00:00,1.0,0.2019,neutral,"['red_heart', 'red_heart red_heart']"
804,ojitosdecorazon__,2023-02-06 06:00:10+00:00,1.0,-0.0321,neutral,"['fire', 'fire fire']"
804,kaiesbenamor,2023-02-05 11:30:58+00:00,1.0,0.8402,positive,"['eyes smiling_face_with_heart', 'smiling_face_with_heart eyes', 'smiling_face_with_heart', 'eyes']"
804,facehunter,2023-02-11 22:55:56+00:00,1.0,0.8422,positive,"['sparkles', 'sparkles sparkles']"
805,daammoor,2022-12-09 18:14:14+00:00,0.0,0.6113,positive,"['please like', 'hey', 'back', 'please', 'like']"
806,warren.m__,2022-08-12 04:22:31+00:00,0.0,0.1039,neutral,"['fire', 'fire fire', 'thousand', 'still', 'collection']"
806,bobby1215,2021-10-07 02:08:53+00:00,0.0,0.8136,positive,"['clapping_hands_medium light_skin_tone', 'clapping_hands_medium', 'light_skin_tone', 'finally', 'pair']"
806,awaru83,2021-02-13 07:45:05+00:00,0.0,0.8879,positive,"['wow fire', 'red_heart clapping_hands', 'fire red_heart', 'wow', 'clapping_hands']"
806,em_mrnt,2021-02-12 07:53:14+00:00,0.0,0.9347,positive,"['raising_hands_light_skin_tone', 'good']"
806,alantrowe,2021-02-12 05:56:31+00:00,0.0,0.5976,positive,"['blue_heart blue_heart', 'blue_heart']"
806,fadzyunos,2021-02-12 05:52:55+00:00,0.0,0.9738,positive,"['spectacular', 'men women', 'men', 'iconic', 'women']"
806,pepechongo,2021-02-12 05:51:01+00:00,0.0,0.7624,positive,"['years ago', 'tops', 'ago', 'v', 'denim']"
806,leoblancasravelo,2021-02-12 04:59:35+00:00,0.0,0.148,neutral,['yellow_heart']
806,joshualanceglass,2021-02-11 23:59:12+00:00,1.0,0.1033,neutral,['red_heart']
807,thrif.tinluxury,2023-05-19 20:58:58+00:00,0.0,0.4349,neutral,"['dark_skin_tone', 'young lady', 'anna', 'raising_hands_medium dark_skin_tone', 'eyes raising_hands_medium']"
807,moo_or23,2023-05-18 13:01:17+00:00,0.0,0.3024,neutral,"['clapping_hands', 'clapping_hands clapping_hands']"
807,violeta70s,2023-05-05 10:41:30+00:00,0.0,-0.0345,neutral,"['estou apaixonada', 'apaixonada', 'pelo', 'estou', 'look']"
807,farmer_amapeyman,2023-04-27 09:44:05+00:00,0.0,0.0633,neutral,"['clothes', 'feel', 'made', 'fire', 'fire red_heart']"
807,jay_cozy310,2023-04-26 22:55:14+00:00,0.0,-0.6017,negative,[]
807,dakota_cant,2023-04-23 15:24:32+00:00,2.0,0.0321,neutral,[]
807,lesleybracker,2023-04-22 02:04:38+00:00,0.0,0.0027,neutral,[]
807,scoutvintageldn,2023-04-21 18:56:08+00:00,0.0,0.0803,neutral,['clapping_hands']
807,juliana.pao05,2023-04-19 12:07:41+00:00,0.0,-0.1017,neutral,"['eyes', 'eyes face_with_open_mouth', 'face_with_open_mouth']"
809,shawn_badge_process,2023-06-06 03:47:50+00:00,0.0,0.0019,neutral,"['𝙩𝙤', '𝘿𝙢']"
809,mayramareee,2023-05-24 17:23:48+00:00,0.0,0.9906,positive,"['saw', 'amazing', 'two_hearts', 'love']"
809,inspirationxdesign,2023-05-12 17:13:43+00:00,0.0,0.2744,neutral,"['red_heart', 'red_heart red_heart']"
809,inspirationxdesign,2023-05-12 16:32:38+00:00,0.0,0.7867,positive,"['smiling_face_with_heart eyes', 'smiling_face_with_heart', 'eyes', 'eyes smiling_face_with_heart']"
809,hela_saldana,2023-05-12 01:01:53+00:00,0.0,0.893,positive,"['wooow', 'smiling_face_with_heart eyes', 'smiling_face_with_heart', 'eyes']"
809,allthatglams72,2023-05-11 20:43:18+00:00,0.0,0.3354,neutral,"['face_with_rolling_eyes', 'curious', 'really', 'know', 'would']"
809,allthatglams72,2023-05-11 20:42:42+00:00,0.0,-0.04,neutral,"['versace', 'know']"
809,allthatglams72,2023-05-11 20:42:18+00:00,0.0,-0.8314,negative,"['clear', 'understand', 'job', 'old', 'fashion']"
809,taylerbradford,2023-05-11 19:23:48+00:00,0.0,0.7349,positive,['incredible']
809,luca.castiglioni.7,2023-05-11 09:51:17+00:00,0.0,0.3174,neutral,['complimenti']
810,fashion_from_nature,2022-11-23 06:39:13+00:00,0.0,0.9787,positive,"['raising_hands_medium_skin_tone', 'best male', 'ever smiling_face_with_heart', 'clement', 'male']"
810,nyengyi1638,2021-02-17 14:30:27+00:00,0.0,0.1217,neutral,"['clement', 'red_heart']"
810,nige_squad,2021-02-12 11:40:01+00:00,0.0,0.1407,neutral,"['shots', 'iconic', 'red_heart']"
810,alantrowe,2021-02-12 05:55:14+00:00,1.0,0.9305,positive,"['clement', 'beautiful']"
810,andreax_13,2021-02-12 05:35:21+00:00,1.0,0.1217,neutral,"['clement', 'blue_heart']"
810,ytwohay,2021-02-12 05:24:58+00:00,0.0,0.2894,neutral,['harry']
810,1nstaglancer,2021-02-12 01:29:24+00:00,0.0,0.0166,neutral,"['face_with_rolling_eyes', 'ok_hand_light_skin_tone', 'k', 'r']"
811,tubavalon,2021-01-08 20:49:04+00:00,2.0,-0.5465,negative,"['shoot', 'know']"
811,wellingthon_lessa,2021-01-08 17:24:27+00:00,0.0,-0.0477,neutral,"['desfile', 'em', 'e', 'que', 'duas']"
812,alantrowe,2021-01-15 06:18:47+00:00,0.0,0.2216,neutral,"['heart_suit', 'heart_suit heart_suit']"
812,alberto.nidola,2021-01-14 22:45:40+00:00,1.0,-0.0089,neutral,['heart_with_arrow']
812,guineverevanseenus,2021-01-14 23:01:24+00:00,2.0,-0.0221,neutral,"['folded_hands_light_skin_tone', 'folded_hands_light_skin_tone folded_hands_light_skin_tone']"
813,culposupport,2023-03-03 21:57:12+00:00,0.0,0.728,positive,"['smiling_face_with_heart eyes', 'smiling_face_with_heart', 'eyes']"
814,eduardofritschy,2022-06-05 15:51:19+00:00,0.0,0.8812,positive,['favorite']
814,sir_pistolas,2021-12-10 15:30:23+00:00,0.0,0.1033,neutral,['red_heart']
814,a_r_t_v_a_n_d_e_l_a_y,2021-09-10 19:11:38+00:00,0.0,0.8015,positive,"['clapping_hands red_heart', 'wow', 'clapping_hands', 'red_heart']"
814,jose_lupa,2021-02-13 03:57:55+00:00,0.0,0.8721,positive,"['best ever', 'ever', 'best']"
814,ozzyandbetty,2021-02-12 13:29:58+00:00,0.0,-0.971,negative,"['would look', 'imagine', 'horrible', 'pants', 'would']"
814,boutiqueduchatel,2021-02-12 09:54:13+00:00,1.0,0.6277,positive,"['men', 'fashion', 'beautiful']"
814,grazianodicintio,2021-02-12 09:39:33+00:00,0.0,-0.2649,neutral,['iconic']
814,meathead_madrid,2021-02-12 07:46:52+00:00,1.0,0.7964,positive,"['prada', 'statement', 'prada best', 'men women', 'men']"
814,light_on_mars,2021-02-12 06:26:39+00:00,0.0,0.2035,neutral,"['outfits', 'red_heart', 'denim', 'red_heart red_heart']"
815,stylebydanielarose,2021-03-07 22:11:27+00:00,0.0,0.0929,neutral,"['black_heart', 'black_heart fire', 'fire', 'black_heart black_heart', 'fire fire']"
815,alantrowe,2021-01-09 18:25:13+00:00,0.0,0.0711,neutral,['heart_suit']
815,this_ones_in_love,2021-01-08 21:22:35+00:00,0.0,0.9861,positive,"['story', 'thank', 'best']"
816,alantrowe,2021-01-09 18:26:00+00:00,0.0,0.0711,neutral,['heart_suit']
816,gggutinho,2021-01-09 02:13:48+00:00,0.0,0.842,positive,"['silver', 'skirt', 'wow']"
816,manzanidap,2021-01-08 18:20:58+00:00,0.0,-0.0225,neutral,"['esta', 'es']"
817,moulana_sameer_ali_chisti,2023-05-12 03:56:12+00:00,1.0,-0.0778,neutral,"['क', 'स', 'य', 'ह', 'स ह']"
818,peterspeliopoulos,2021-01-15 01:20:38+00:00,1.0,0.959,positive,"['absolute', 'greatest', 'forever', 'collection', 'one']"
819,ohmybos,2023-05-03 22:26:30+00:00,0.0,-0.0665,neutral,['fire']
819,alantrowe,2021-01-15 06:19:13+00:00,0.0,0.2216,neutral,"['heart_suit', 'heart_suit heart_suit']"
821,kamihooligann,2023-06-09 18:37:51+00:00,0.0,0.2114,neutral,"['two_hearts', 'face_exhaling', 'two_hearts two_hearts']"
821,chief_ikuku_123,2023-05-08 18:22:31+00:00,0.0,0.1479,neutral,"['fire red_heart', 'fire', 'red_heart']"
821,heartloveforeverinmylife,2023-05-04 18:54:17+00:00,0.0,0.9409,positive,"['watching', 'awesome', 'last']"
821,xldavo,2023-04-22 07:21:05+00:00,0.0,-0.0665,neutral,['fire']
821,eliana_almeida_liana,2023-04-06 18:58:33+00:00,2.0,0.2368,neutral,"['linda red_heart', 'kkkk', 'linda', 'red_heart', 'red_heart red_heart']"
821,tinari96962023,2023-03-30 13:21:40+00:00,1.0,-0.1365,neutral,[]
821,vishal__chadrol,2023-03-22 11:50:14+00:00,0.0,0.4516,positive,"['red_heart face_with_tears_of_joy', 'face_with_tears_of_joy', 'red_heart', 'red_heart red_heart']"
822,thedramatiara,2021-01-05 20:29:21+00:00,0.0,-0.0089,neutral,['heart_with_arrow']
822,alantrowe,2021-01-04 10:38:18+00:00,0.0,0.2468,neutral,['green_heart']
823,alantrowe,2021-01-04 10:39:08+00:00,0.0,0.0711,neutral,['heart_suit']
824,fucknomtl,2023-05-21 15:13:23+00:00,0.0,-0.5239,negative,['spirit']
824,la_monro,2023-04-12 20:32:58+00:00,0.0,0.9836,positive,"['slide fire', 'adorable', 'slide', 'eyes red_heart', 'fire']"
824,samybastianellireal,2023-04-06 22:37:33+00:00,0.0,0.97,positive,"['follow', 'congratulations', 'fashion', 'like', 'magazine follow']"
824,nectarineuroticism,2023-04-04 20:01:33+00:00,0.0,-0.5526,negative,"['scary', 'bc', 'lmao', 'ai', 'could']"
824,xtnxclothing,2023-04-02 21:08:34+00:00,0.0,0.9814,positive,"['look nice', 'fr', 'wardrobe', 'something like', 'closet']"
824,joey_gianni,2023-04-02 10:15:21+00:00,0.0,0.1175,neutral,[]
824,goodfundesignstore,2023-04-02 01:42:04+00:00,0.0,0.9751,positive,"['love style', 'red_heart fire', 'style', 'love', 'fire']"
824,aidafirou,2023-04-02 00:48:59+00:00,0.0,0.1033,neutral,['red_heart']
824,fucknomtl,2023-05-21 15:14:30+00:00,1.0,0.9352,positive,"['makes us', 'honestly', 'early', 'street', 'long']"
825,gala_iri,2023-05-07 18:28:19+00:00,0.0,-0.0459,neutral,"['fire', 'fire fire']"
825,diego_roble,2023-05-05 12:43:55+00:00,0.0,-0.0961,neutral,['face_with_open_mouth']
825,booksbycc,2023-04-14 13:46:14+00:00,0.0,0.0386,neutral,"['last picture', 'last', 'picture']"
825,monikruby,2023-04-10 04:48:59+00:00,0.0,-0.9576,negative,"['nauseated_face', 'nauseated_face nauseated_face']"
825,torchikito,2023-04-09 23:51:49+00:00,74.0,-0.3055,neutral,['jacket']
825,njdc07,2023-04-08 15:06:35+00:00,0.0,0.0029,neutral,"['fire', 'fire fire', 'red_heart', 'red_heart red_heart', 'fire red_heart']"
825,kassomadebrand,2023-04-07 21:37:55+00:00,0.0,0.2029,neutral,"['fire red_heart', 'red_heart fire', 'fire', 'red_heart', 'brand']"
825,samybastianellireal,2023-04-06 22:40:54+00:00,0.0,0.97,positive,"['follow', 'congratulations', 'fashion', 'like', 'magazine follow']"
826,ladyjofhollywood,2023-05-20 21:38:01+00:00,0.0,0.2792,neutral,"['red_heart red_heart', 'red_heart']"
826,valle_es_valle_,2023-05-20 08:33:09+00:00,0.0,0.728,positive,"['smiling_face_with_heart eyes', 'smiling_face_with_heart', 'eyes']"
826,kaiomills,2023-05-19 18:54:38+00:00,0.0,-0.0787,neutral,"['runway', 'show', 'like']"
826,giuros76,2023-05-18 14:39:58+00:00,0.0,0.3118,neutral,"['wowwwww', 'face_with_open_mouth']"
826,heinzelena8,2023-05-18 14:16:26+00:00,0.0,0.6035,positive,"['cherry_blossom sparkling_heart', 'growing_heart cherry_blossom', 'cherry_blossom', 'growing_heart', 'sparkling_heart']"
826,datewithversace,2023-05-18 10:56:49+00:00,0.0,0.0456,neutral,"['kimkardashian', 'veryversace', 'veryversace versaceeverywhere', 'gianniversace', 'gianniversace versacecelebrities']"
827,neusa_mazzo,2023-05-12 23:19:12+00:00,1.0,0.868,positive,"['eyes smiling_face_with_heart', 'smiling_face_with_heart eyes', 'smiling_face_with_heart', 'eyes']"
827,dehromanonail,2023-05-12 19:41:59+00:00,1.0,0.5952,positive,"['que linda', 'linda', 'que', 'smiling_face_with_heart eyes', 'smiling_face_with_heart']"
827,carla_pontessss,2023-05-12 16:38:30+00:00,0.0,-0.0233,neutral,"['camisa', 'dudalina', 'vestir', 'mulher', 'zero']"
827,neideesteves68,2023-05-12 14:16:51+00:00,1.0,0.5917,positive,"['smiling_face_with_heart eyes', 'smiling_face_with_heart', 'eyes']"
827,bianca_agra,2023-05-12 10:45:02+00:00,0.0,-0.0472,neutral,"['pelo', 'não', 'e', 'tentei', 'consigo']"
