post_id,ownerUsername,timestamp,clean_comment,sentiment_label
1,wilsonjunior5055,2023-06-05 12:27:24+00:00,i have a proposal for u send me a dm please,positive
1,mariavmh,2023-06-04 16:46:40+00:00,woaaaah,neutral
1,mariavmh,2023-06-04 16:46:34+00:00,:smiling_face_with_hearteyes::smiling_face_with_hearteyes::smiling_face_with_hearteyes::smiling_face_with_hearteyes::smiling_face_with_hearteyes::smiling_face_with_hearteyes:,neutral
1,stylemesoftly_,2023-06-04 15:44:54+00:00,:red_heart::red_heart::red_heart:,neutral
1,jillviv,2023-06-04 15:06:03+00:00,:smiling_face_with_hearteyes::smiling_face_with_hearteyes::smiling_face_with_hearteyes: so glad you made it kilianparis,positive
1,sevdalaland,2023-06-04 08:39:28+00:00,:fire::fire::fire:,neutral
1,grace.hanna92,2023-06-03 22:47:32+00:00,this is perfection :smiling_face_with_hearteyes:,positive
1,vivi__1988,2023-06-03 22:47:21+00:00,the best ever :fire:,positive
1,samar.helou1,2023-06-03 22:47:06+00:00,youre so gorgeous :smiling_face_with_hearteyes:,positive
1,maria.boutros9,2023-06-03 22:46:31+00:00,stunning as usual :red_heart:,positive
2,scarlett.jones_95,2023-06-05 11:29:58+00:00,hey tina i just want to make sure you got my message :,positive
2,tropichics,2023-05-08 01:29:45+00:00,all the colors these are stunning,positive
2,nabeelageorge,2023-04-23 10:33:41+00:00,how did moccona get your home address though,neutral
2,madisonstyleblog,2023-04-16 11:01:27+00:00,so pretty :smiling_face_with_hearteyes:,positive
2,rolly.mag,2023-02-06 01:44:58+00:00,just caught up on this beautiful words :red_heart:,positive
2,antgeorgopoulos,2023-02-01 09:11:56+00:00,cristinadalton22,neutral
3,stylesprinter,2023-06-03 01:45:35+00:00,love this monochrome look :fire::fire::fire:,positive
3,gibz_photography,2023-05-30 14:43:44+00:00,:smiling_face_with_hearteyes:,neutral
3,annkurtoglyan,2023-05-30 13:42:55+00:00,mary this is incredible :smiling_face_with_hearteyes:,neutral
3,ileniatoma_,2023-05-30 09:33:28+00:00,the drama:fire:,neutral
3,gabrielaaamedinaaa,2023-05-30 06:38:53+00:00,love this look :smiling_face_with_hearteyes:,positive
3,valyamihei,2023-05-30 02:39:04+00:00,:white_heart:,neutral
3,verivanovaa,2023-05-30 02:29:51+00:00,:red_heart::red_heart:,neutral
3,zaharova_zoya_,2023-05-30 02:28:48+00:00,:broken_heart:,neutral
3,sashasergeva,2023-05-30 02:27:17+00:00,love this look,positive
4,pellelannefors,2023-05-31 17:23:45+00:00,:ok_hand_medium_skin_tone::white_heart::smiling_face_with_sunglasses:,neutral
4,talitakalloe,2023-04-27 13:46:38+00:00,zo terecht you are one of a kind :red_heart::clapping_hands_mediumdark_skin_tone::raising_hands_mediumdark_skin_tone:,positive
4,i.amivana,2023-04-16 11:09:17+00:00,babe what size are you wearing in the denim,neutral
4,bysiss,2023-04-03 08:03:22+00:00,:butterfly::butterfly::two_hearts::two_hearts:,neutral
4,joewest7114,2023-04-02 17:27:36+00:00,:white_heart::heart_exclamation::heart_on_fire::tulip::collision:,neutral
4,fabio__montedoro,2023-03-29 19:34:51+00:00,nice:black_heart:,neutral
4,lenalovefrank,2023-03-25 15:18:32+00:00,:fire:,neutral
4,riot_fox_,2023-03-20 19:39:58+00:00,love it:red_heart:,positive
4,carolineebo,2023-03-11 12:17:48+00:00,obsessed,negative
5,burttled,2023-05-24 19:58:32+00:00,:broken_heart:,neutral
5,cassaundrarose,2023-05-24 11:49:09+00:00,:heart_on_fire::heart_on_fire::heart_on_fire:,neutral
5,tatyanakochnova_official,2023-05-24 07:29:00+00:00,perfect match :broken_heart:,positive
5,amooooreeee_,2023-05-24 07:15:06+00:00,gorgeous :red_heart::red_heart::red_heart:,positive
5,myrluka,2023-05-24 07:10:01+00:00,dreams come true:smiling_face_with_hearteyes::fire:,positive
5,sweetmatchaicecreamira,2023-05-24 04:34:15+00:00,si belle :red_heart::smiling_face_with_hearteyes:,neutral
5,amalia_roumy,2023-05-24 02:58:50+00:00,love it so much :smiling_face_with_hearteyes:,positive
5,christellehawa,2023-05-24 02:58:22+00:00,wow so beautiful :hundred_points:,positive
5,noha_rached,2023-05-24 02:58:04+00:00,so elegant and classy :fire:,positive
5,jane_elhajj,2023-05-24 02:57:42+00:00,red suits you so much :red_heart:,neutral
6,ajgul_agayeva,2023-06-06 11:10:16+00:00,derde foto smelt :smiling_face_with_hearteyes:,neutral
6,josephinebredsted,2023-06-06 07:03:45+00:00,olive:smiling_face_with_hearteyes::olive::red_heart:,neutral
7,sherylunardi,2023-05-24 01:04:07+00:00,,neutral
7,masha_lobanovaa,2023-05-23 21:15:28+00:00,:red_heart:,neutral
7,sandra_soko,2023-05-23 19:14:23+00:00,:smiling_face_with_hearteyes::smiling_face_with_hearteyes::smiling_face_with_hearteyes::smiling_face_with_hearteyes::smiling_face_with_hearteyes:,neutral
7,lara_lepp,2023-05-23 03:10:06+00:00,:smiling_face_with_hearteyes::smiling_face_with_hearteyes::smiling_face_with_hearteyes:,neutral
7,selflover_studio,2023-05-22 23:43:30+00:00,:raising_hands::red_heart::fire:,neutral
7,pamarias,2023-05-22 23:36:00+00:00,stunning :smiling_face_with_hearteyes:,positive
7,fela_montparnasse_felappi,2023-05-22 22:45:21+00:00,the queen of cannes festival,positive
7,gabrielaaamedinaaa,2023-05-22 21:26:07+00:00,:red_heart:,neutral
7,pr_saymedia,2023-05-22 20:21:15+00:00,can you check direct,neutral
7,20.04th,2023-05-22 20:09:37+00:00,omg :smiling_face_with_hearteyes::smiling_face_with_hearteyes::smiling_face_with_hearteyes: you are so beautiful :smiling_face_with_hearteyes:,positive
8,frederikeschut,2023-06-05 06:33:22+00:00,zo mooi :black_heart::white_heart:,neutral
8,_jeanettemadsen_,2023-06-04 06:05:34+00:00,:red_heart:,neutral
8,maimoun_store,2023-06-04 01:54:01+00:00,wow :ribbon:,positive
8,sashashviderska,2023-06-03 17:41:10+00:00,:smiling_face_with_hearteyes:,neutral
8,erika_boldrin,2023-06-03 12:31:13+00:00,chic,positive
8,joysworld_,2023-06-03 11:21:17+00:00,perfect:smiling_face_with_hearteyes:,neutral
8,brunabear,2023-06-03 09:17:40+00:00,:smiling_face_with_hearteyes:,neutral
8,flavia.ippoliti,2023-06-03 07:01:01+00:00,:brown_heart::brown_heart::brown_heart:,neutral
8,rubyfranken,2023-06-03 06:26:51+00:00,mooi :red_heart:,neutral
8,___leipzigrotterdam,2023-06-02 22:40:42+00:00,:black_heart:,neutral
9,handritian,2023-05-27 04:46:58+00:00,just wow :red_heart:,positive
9,natalyosmann,2023-05-25 22:21:55+00:00,:smiling_face_with_hearteyes::smiling_face_with_hearteyes::smiling_face_with_hearteyes::smiling_face_with_hearteyes::clapping_hands::clapping_hands::clapping_hands::clapping_hands::clapping_hands:,neutral
9,stellainwonderland,2023-05-23 14:29:48+00:00,this is crazy:red_heart:,neutral
9,kirankkaur,2023-05-22 19:17:02+00:00,literally the audrey,neutral
9,grafinya.gorbunova,2023-05-22 10:32:35+00:00,take a picture take a picture :camera_with_flash:,neutral
9,hayedehsabouni,2023-05-22 10:09:18+00:00,really talented :starstruck::starstruck::starstruck::starstruck::smiling_face_with_hearteyes::smiling_face_with_hearteyes::smiling_face_with_hearteyes::smiling_face_with_hearteyes: brilliant chic i proud of u hassanzadeh_jewelry :beating_heart::red_heart::clapping_hands::clapping_hands::clapping_hands::clapping_hands::purple_heart::blue_heart::green_heart::red_heart:,positive
9,hayedehsabouni,2023-05-22 10:06:21+00:00,proud of my country iran:red_heart::beating_heart:,positive
9,o_kovaa,2023-05-22 09:40:19+00:00,:smiling_face_with_hearteyes:,neutral
9,yvonnetnt,2023-05-22 01:47:41+00:00,:dizzy::smiling_face_with_hearteyes:,neutral
9,germanlarkin,2023-05-22 00:41:21+00:00,took my breath away :sparkles:,neutral
10,1djun_,2023-06-05 21:49:40+00:00,:green_heart::green_heart::green_heart:,neutral
10,vanessaroseblair,2023-06-02 18:05:27+00:00,so lush :cloud::cloud::cloud:,neutral
10,marijnvanheijst,2023-06-02 15:09:50+00:00,cool mom :smiling_face_with_hearteyes::smiling_face_with_hearteyes::smiling_face_with_hearteyes::smiling_face_with_hearteyes:,positive
10,whatgigiwears,2023-06-02 12:01:46+00:00,:smiling_face_with_hearteyes::smiling_face_with_hearteyes::smiling_face_with_hearteyes::smiling_face_with_hearteyes:,neutral
10,flavia.ippoliti,2023-06-02 11:54:19+00:00,:black_heart::black_heart::black_heart:,neutral
10,saschabunge,2023-06-02 11:46:56+00:00,:white_heart: zo chic,positive
10,fabio__montedoro,2023-06-02 10:07:40+00:00,gorgeous :white_heart:,positive
10,emmavloeimans,2023-06-02 10:04:33+00:00,:smiling_face_with_hearteyes:,neutral
10,bcarven75,2023-06-02 09:32:02+00:00,love the tabis:red_heart:,positive
10,lindatol_,2023-06-01 23:18:07+00:00,:red_heart:,neutral
11,stylesprinter,2023-06-03 01:45:57+00:00,:fire::fire::fire::fire:,neutral
11,efde7100,2023-05-29 13:56:50+00:00,lvcelinhermesdiorfendichanelgucci:syy845,neutral
11,zackanderson864,2023-05-29 10:19:32+00:00,are those :melon::melon: real :thinking_face:,neutral
11,nicolepoede_,2023-05-29 07:25:52+00:00,:white_heart::white_heart:,neutral
11,lara_lepp,2023-05-28 23:55:55+00:00,:smiling_face_with_hearteyes::smiling_face_with_hearteyes::smiling_face_with_hearteyes:,neutral
11,official_cat,2023-05-28 10:31:26+00:00,this look :red_heart:,neutral
11,eleonora.yb,2023-05-28 03:28:43+00:00,,neutral
11,kristianlaliberte,2023-05-28 01:38:39+00:00,:fire::fire::fire:,neutral
11,julluce,2023-05-27 19:27:45+00:00,:red_heart::fire:,neutral
11,k_s_salon,2023-05-27 16:12:04+00:00,:fire::fire::fire:,neutral
12,roosebregt,2023-06-03 07:57:43+00:00,:smiling_face_with_hearteyes::smiling_face_with_hearteyes::smiling_face_with_hearteyes:,neutral
12,olssonjensen,2023-06-02 19:36:09+00:00,dream :thought_balloon:,positive
12,8989cha,2023-06-02 18:35:13+00:00,:red_heart:donkey,neutral
12,frederikeschut,2023-06-01 21:18:09+00:00,love :white_heart::white_heart:,positive
13,momsetproject,2023-05-29 20:07:13+00:00,:white_heart:,neutral
13,_legroni,2023-05-24 22:55:12+00:00,i feel this post,neutral
13,theceiling.shop,2023-05-24 11:35:42+00:00,:coin::coin::coin:,neutral
13,brigitte.tellier,2023-05-24 09:05:27+00:00,,neutral
13,mightymaitie,2023-05-24 08:00:43+00:00,is dat een gouden mossel aan je sleutelbos:spiral_shell::oyster: intrigued,neutral
14,wilsonjunior5055,2023-05-31 16:42:23+00:00,hey dm me,neutral
14,erika_boldrin,2023-05-30 19:24:05+00:00,you:smiling_face_with_hearteyes:,neutral
14,cottoncake_,2023-05-26 20:08:26+00:00,:smiling_face_with_hearteyes:,neutral
14,saschabunge,2023-05-26 09:33:37+00:00,:sparkling_heart:chic,neutral
14,cortnebonilla,2023-05-25 22:32:31+00:00,these jeans truly are perfect,positive
14,azarakhsh_akbari,2023-05-25 20:49:10+00:00,knapste mama :beating_heart:,neutral
14,hannamw,2023-05-25 20:13:19+00:00,youuuu:red_heart:,neutral
14,maimoun_store,2023-05-25 19:47:15+00:00,:red_heart::red_heart::red_heart:,neutral
14,caitlin__wheeler,2023-05-25 19:45:49+00:00,hiii where are these sunglasses from :smiling_face_with_sunglasses:,neutral
14,sleepysailormoon,2023-05-25 15:42:21+00:00,love this denim,positive
15,kydracolor,2023-05-28 09:30:17+00:00,dress :fire::fire::fire::fire::fire:,neutral
15,anna.skrypka.co,2023-05-26 22:41:40+00:00,:fire::fire:,neutral
15,hautemona,2023-05-26 21:43:09+00:00,:rose::kiss_mark:,neutral
15,stasiaer,2023-05-26 15:48:10+00:00,:smiling_face_with_hearteyes:,neutral
15,yuliapankratova,2023-05-26 12:50:15+00:00,:broken_heart::broken_heart::broken_heart:,neutral
15,thefrntalpr,2023-05-25 22:35:23+00:00,:red_heart::red_heart::red_heart:,neutral
15,lara_lepp,2023-05-25 09:37:38+00:00,:smiling_face_with_hearteyes::smiling_face_with_hearteyes::smiling_face_with_hearteyes:,neutral
15,lyu_volkova,2023-05-25 07:03:09+00:00,:red_heart::red_heart::red_heart:,neutral
15,shumakova.vera,2023-05-25 06:26:15+00:00,:smiling_face_with_hearteyes::fire::clapping_hands:,neutral
16,bron0176,2023-04-26 10:29:26+00:00,where are your leather look pants from please,positive
16,sharonjgreen,2023-04-26 06:35:39+00:00,a wonderful staple love all these looks can you please tell me where the green blazer is from been looking for something similar,positive
16,dilshan_pathirana,2023-04-26 03:10:12+00:00,nice,positive
16,cremusnoc,2023-04-25 14:00:26+00:00,uniqlo are the best is this the mens or womens version of this tee,positive
16,mil_co16,2023-04-25 09:01:09+00:00,whats the sizing like on the check coat,positive
16,caseyyhotch,2023-04-25 05:39:51+00:00,_insainslie_,neutral
16,tinaabeysekara,2023-04-26 17:25:44+00:00,sharonjgreen love this blazer as well one of my faves for 2 years now ive linked it in my links highlight and also in my outfit links in my bio :smiling_face_with_hearts:,positive
16,tinaabeysekara,2023-04-26 19:02:23+00:00,bron0176 zara i believe theyre back in stock now :smiling_face_with_hearts:,neutral
17,artipoppe,2023-05-16 08:58:28+00:00,love :raising_hands::black_heart:,positive
17,etoile_luxury_vintage,2023-05-12 09:22:19+00:00,love this,positive
17,marijnvanheijst,2023-05-11 15:13:51+00:00,cool in chanel :black_heart::white_heart:,positive
17,kristinegogsadze,2023-05-11 10:15:20+00:00,beauty :fire:,positive
17,kimberlybalten,2023-05-11 08:36:46+00:00,:heart_on_fire:,neutral
17,ellabroek,2023-05-11 05:28:38+00:00,:heart_exclamation::heart_exclamation::heart_exclamation:,neutral
17,lindatol_,2023-05-11 04:25:22+00:00,:red_heart:,neutral
17,meganadelaide,2023-05-10 22:41:27+00:00,:white_heart::white_heart:,neutral
17,_yycc99,2023-05-10 21:50:02+00:00,:fire::fire::fire:,neutral
17,faaar07,2023-05-10 21:31:52+00:00,:black_heart::black_heart::black_heart:,neutral
18,steevencee,2023-05-19 14:33:07+00:00,:crying_face::raising_hands:,neutral
18,k.jadereason,2023-05-17 19:40:06+00:00,:red_heart::red_heart::red_heart:,neutral
18,joycekamerbeek,2023-05-17 17:44:14+00:00,wat een leuk meisje heb je :red_heart:,neutral
18,yasdikkeboom,2023-05-17 10:27:22+00:00,motherhood looks so good on you:red_heart:,positive
18,joleomemeier,2023-05-16 18:33:37+00:00,:smiling_face_with_hearteyes::smiling_face_with_hearteyes::smiling_face_with_hearteyes::smiling_face_with_hearteyes::smiling_face_with_hearteyes::smiling_face_with_hearteyes:,neutral
18,xoxotsumi,2023-05-16 13:58:36+00:00,:smiling_face_with_hearteyes::smiling_face_with_hearteyes::smiling_face_with_hearteyes:,neutral
18,bykayleevanhaften,2023-05-16 09:50:49+00:00,:smiling_face_with_hearteyes::smiling_face_with_hearteyes:,neutral
18,artipoppe,2023-05-16 09:00:51+00:00,such a blessing :sparkling_heart:,positive
18,oumaymaboumeshouli,2023-05-16 08:11:03+00:00,:red_heart::red_heart::red_heart::red_heart::red_heart: :smiling_face_with_hearteyes:,neutral
19,doina,2023-05-10 18:47:13+00:00,the table :smiling_face_with_hearteyes:,neutral
19,fatmakaratas.t,2023-05-10 17:13:16+00:00,:clapping_hands:,neutral
19,k.jadereason,2023-05-08 23:39:45+00:00,:red_heart::red_heart::red_heart:,neutral
19,stephaniebroek,2023-05-10 19:23:22+00:00,doina :white_heart::white_heart::white_heart:,neutral
20,jessicagudlowski,2023-05-23 17:09:31+00:00,,neutral
20,pehr,2023-05-08 13:24:09+00:00,,neutral
20,haileychristine___,2023-05-07 13:48:27+00:00,love the ganni coat what size did you go with :black_heart:,positive
20,rachelleayoung,2023-05-07 09:56:40+00:00,love this first outfit :blue_heart:,positive
20,daan.de.ruijter,2023-05-06 22:22:06+00:00,:smiling_face_with_hearteyes::smiling_face_with_hearteyes::smiling_face_with_hearteyes:,neutral
20,sophievandaniels,2023-05-06 07:37:58+00:00,the coat :heart_on_fire::heart_on_fire:,neutral
20,jules_kidsconcept,2023-05-06 05:56:17+00:00,:red_heart:,neutral
20,at_venu,2023-05-06 05:49:04+00:00,:red_heart::red_heart::red_heart:,neutral
20,whatgigiwears,2023-05-05 21:49:28+00:00,so cool :fire:,positive
20,stephaniebroek,2023-05-08 19:12:51+00:00,francesshoemack :white_heart::white_heart:,neutral
21,chalerota.daserra,2023-06-06 11:27:06+00:00,:clapping_hands:,neutral
21,ciriladias12oficial,2023-06-06 04:05:09+00:00,:clapping_hands::clapping_hands::clapping_hands:,neutral
21,hugoskyr,2023-06-06 03:59:57+00:00,amo te,neutral
21,curielmarcia,2023-06-06 02:39:43+00:00,linda,neutral
21,sophiamoura29,2023-06-06 02:00:18+00:00,:red_heart::red_heart::red_heart::red_heart::red_heart::red_heart::red_heart::red_heart::red_heart::red_heart::red_heart::red_heart::red_heart::red_heart::red_heart::red_heart::red_heart::red_heart::red_heart:,neutral
21,thatboypaulwiltshire,2023-06-06 01:52:08+00:00,hey gisele im paul xxxxxxxx,neutral
21,raphampvthury,2023-06-05 22:38:12+00:00,:clapping_hands::clapping_hands::clapping_hands:,neutral
21,deboradenecke,2023-06-05 20:32:00+00:00,:red_heart::red_heart::red_heart::red_heart:,neutral
21,aldrey.ferrari,2023-06-05 19:25:32+00:00,:blue_heart:,neutral
22,z.___o___.e,2023-06-06 19:25:13+00:00,how are you not embarrassed to hear someone keep telling you to stop copying everything that i do gisele i removed the comments because i thought you were going to stop you have no self control no respect no identity and no shame,negative
22,z.___o___.e,2023-06-06 18:59:06+00:00,stop,negative
22,z.___o___.e,2023-06-06 18:59:04+00:00,stop,negative
22,z.___o___.e,2023-06-06 18:56:38+00:00,this is plagiarism and you are dangerously close to getting a lawsuit this is your warning to stop gisele,negative
22,dimitrov_joroo,2023-06-06 18:48:22+00:00,hello from bulgaria,neutral
22,ckralemannwilliam,2023-06-06 18:46:15+00:00,and its only by faith that you trust methats with anyoneif your familiar with the bible gisele then it sais somewhere in it to not lean on your own understanding but lean on gods understandingthe most common thing for celebrities to do is to lean on thete own understanding because they assume its there own works that elevate them in a higher position than othersno mortal is higher than me giseleim sorry to break it to youa correct marriage stands as the man ahead of the householdthe woman under him then the chillins or children,positive
23,petviagensmania,2023-06-06 13:39:38+00:00,que legal sonho de relao familiar em qualquer lugar parabns gisele,positive
23,katharinatruman,2023-06-06 13:37:27+00:00,:red_heart::red_heart::red_heart::red_heart:,neutral
23,brenda.lamparyk,2023-06-06 13:23:29+00:00,this is the greatest gift no other material need even comes close :light_skin_tone: thank you for spreading love:light_skin_tone:,positive
23,mmoore216,2023-06-06 11:51:18+00:00,your mom is very beautiful too hope it was great for both of you:red_heart::red_heart::red_heart:,positive
23,debrasilverman_astrology,2023-06-05 23:28:49+00:00,:red_heart::red_heart::red_heart:,neutral
23,parham_dehghan2,2023-06-05 15:41:43+00:00,best mum in world :world_map::red_heart::smiling_face_with_smiling_eyes::pear:3,positive
23,eloisadesignerlifestyle,2023-06-05 15:18:59+00:00,a foto do marrrrr uau,neutral
24,renatalongoni,2023-06-06 13:00:15+00:00,musa :purple_heart:,neutral
24,mmoore216,2023-06-06 11:52:51+00:00,beautiful blue eyes :red_heart::red_heart::smiling_face_with_hearteyes::smiling_face_with_hearteyes:,positive
24,sophiamoura29,2023-06-06 02:01:47+00:00,lindaaaaaaaaaaa:sparkling_heart::sparkling_heart::sparkling_heart::sparkling_heart::sparkling_heart::sparkling_heart::sparkling_heart::sparkling_heart::sparkling_heart::sparkling_heart::sparkling_heart::sparkling_heart:,neutral
24,sophiamoura29,2023-06-06 02:01:34+00:00,bela:rose::rose::rose::rose::rose::rose::rose::rose::rose:,neutral
24,sophiamoura29,2023-06-06 02:01:28+00:00,deslumbrante:crown::sparkles::clapping_hands_light_skin_tone:,neutral
24,sophiamoura29,2023-06-06 02:01:02+00:00,rainha:starstruck::starstruck::starstruck::starstruck::starstruck::starstruck::starstruck::starstruck::starstruck::starstruck::starstruck:,neutral
24,sophiamoura29,2023-06-06 02:00:54+00:00,perfeita:sparkles::sparkles::sparkles::sparkles::sparkles::sparkles::sparkles::sparkles:,neutral
24,laplanteregine,2023-06-05 15:14:31+00:00,so pretty :smiling_face_with_hearteyes::smiling_face_with_hearteyes:,positive
25,___denilson.afonso,2023-06-06 11:58:10+00:00,que belo decote,neutral
25,___denilson.afonso,2023-06-06 11:58:06+00:00,gostosa,neutral
25,aldeziriojr,2023-06-06 05:15:04+00:00,:smiling_face_with_hearteyes::smiling_face_with_hearteyes::smiling_face_with_hearteyes:,neutral
25,aims365,2023-06-05 19:50:24+00:00,:orange_heart::orange_heart::orange_heart:,neutral
25,aldrey.ferrari,2023-06-05 19:25:38+00:00,:blue_heart:,neutral
25,laplanteregine,2023-06-05 15:13:05+00:00,:green_heart:,neutral
25,eduvipp,2023-06-04 15:48:44+00:00,:clapping_hands::clapping_hands::clapping_hands::smiling_face_with_hearteyes::red_heart::face_blowing_a_kiss::red_heart::smiling_face_with_sunglasses::victory_hand::squinting_face_with_tongue::fire::smiling_face_with_hearteyes::fire::fire::fire::fire:gorgeus:fire::fire::fire:,neutral
25,miss.jasmineg,2023-06-02 15:12:39+00:00,:fire::fire::clapping_hands:,neutral
25,rupashkuam,2023-06-01 16:39:20+00:00,i love:red_heart::red_heart::red_heart::red_heart:,neutral
26,mmoore216,2023-06-06 11:54:04+00:00,:red_heart::red_heart::red_heart::red_heart::red_heart::red_heart::clapping_hands::clapping_hands::clapping_hands::clapping_hands:,neutral
26,aims365,2023-06-05 19:50:41+00:00,:purple_heart::purple_heart::purple_heart:,neutral
26,aldrey.ferrari,2023-06-05 19:25:45+00:00,:blue_heart:,neutral
26,islandtribe_,2023-06-05 01:09:12+00:00,:two_hearts:,neutral
26,elianaportella,2023-06-03 22:14:23+00:00,parabns maravilhosa deus te abenoe sempre :red_heart::raising_hands:,neutral
26,ahmedope,2023-05-30 11:02:19+00:00,i hope you make it to the new spice girls movie spicegirla spicegirls,positive
26,taninagrey,2023-05-28 18:59:15+00:00,:water_pistol:,neutral
26,thaipeoliveira,2023-05-28 12:52:19+00:00,giii faz uma caridade e me segue para engajar meu trabalho com os animais por favor deusa do universo :smiling_face_with_hearteyes::woman_dancing_light_skin_tone::crown:,positive
27,jen_cor77,2023-06-03 02:33:43+00:00,:hot_face::fire::fire::fire:,neutral
27,amberunraveled,2023-06-02 15:16:06+00:00,wo get it,neutral
27,edelabarre,2023-06-02 14:50:28+00:00,love that kitchen,positive
27,rhyancaminske,2023-06-03 20:41:34+00:00,amberunraveled ahhhh thank you,positive
28,feelgoodcentral,2023-05-16 01:59:34+00:00,happy moms day rhyan :red_heart::red_heart::red_heart::red_heart:,positive
28,mommakellz328,2023-05-15 17:35:45+00:00,i hope you had a wonderful mothers day :heart_suit::heart_suit:,positive
28,yourbotoxbestie,2023-05-15 13:52:44+00:00,happy mothers day,positive
28,steph.fishing,2023-05-15 13:11:20+00:00,happy mothers day :cherry_blossom:,positive
28,mudavefan,2023-05-15 11:04:08+00:00,happy mothers day rhyan,positive
28,lex__92,2023-05-15 10:55:23+00:00,hmd beautiful lady xo,positive
28,simplysummerjenn,2023-05-15 10:19:33+00:00,happy mothers day :red_heart:,positive
28,drew_drew27,2023-05-15 03:51:12+00:00,happy mothers day,positive
28,dannafwells,2023-05-15 02:24:31+00:00,happy mothers day :sparkling_heart::sparkles:,positive
28,rhyancaminske,2023-05-16 18:05:32+00:00,yourbotoxbestie happy mothers day to you too :red_heart:,positive
29,cajuntrader1987,2023-06-01 01:24:36+00:00,great pics looks like a fun weekend,positive
29,steve2044.sd,2023-05-31 01:21:33+00:00,so adorable,positive
29,arailz,2023-05-30 15:37:10+00:00,:smiling_face_with_hearteyes::smiling_face_with_hearteyes:,neutral
29,papafrank13,2023-05-30 01:36:39+00:00,:folded_hands::heart_suit::heart_suit:,neutral
29,pd203,2023-05-30 00:32:06+00:00,wow you son looks a lot like by your husband man everyone is posting their kids today my wife did too this a thing or :united_states:,positive
29,carlvoshel,2023-05-30 00:27:48+00:00,lol whos got baby fever carl or you enjoy,positive
30,alleest111,2023-05-26 08:41:26+00:00,i sincerely hope you could read my private message:,positive
30,petitemiamigirl,2023-05-23 05:43:20+00:00,so pretty and elegant love your total look :smiling_face_with_hearteyes::white_heart:,positive
30,wiedemanntami,2023-05-18 14:47:53+00:00,looking good :smiling_face_with_hearteyes:,positive
30,denisemichellemcninch,2023-05-18 12:41:14+00:00,those are super cute loafers,positive
30,momlife.of.leni.and.leo,2023-05-17 23:43:52+00:00,:smiling_face_with_hearteyes::red_heart::fire::red_heart:,neutral
30,lentzdestiny,2023-05-17 21:25:44+00:00,i bought the lululemon dress pants and theyve changed my life,neutral
30,new_fashionnailspa,2023-05-17 14:52:01+00:00,:fire::fire::fire:beautiful happy lovely :clapping_hands::red_heart:,positive
30,jae.savage27,2023-05-17 12:42:08+00:00,pretty rhyancaminske :fire::fire::fire::starstruck::starstruck::starstruck:,positive
30,layla_beauty_06,2023-05-17 12:40:59+00:00,send pic on :pinched_fingers:paradise_pro_media:check_mark_button:29m,neutral
31,wjomarie_forrest,2023-06-06 18:08:55+00:00,hello hey i sent you a dm if you could check your hidden requests it will be in there,neutral
31,michdumas,2023-06-06 04:07:12+00:00,soo deserving :smiling_face_with_hearteyes:,neutral
31,iammrscoscia,2023-06-05 21:45:53+00:00,well im jealous,negative
31,grip2u,2023-06-05 21:02:29+00:00,you go girl:fire::fire:,neutral
31,elizabeth.alejandra,2023-06-05 19:38:58+00:00,love the shoes,positive
31,moneygirl__jenn,2023-06-05 19:17:05+00:00,:smiling_face_with_hearteyes::smiling_face_with_hearteyes::smiling_face_with_hearteyes::smiling_face_with_hearteyes::smiling_face_with_hearteyes::smiling_face_with_hearteyes::smiling_face_with_hearteyes::smiling_face_with_hearteyes::smiling_face_with_hearteyes::smiling_face_with_hearteyes::smiling_face_with_hearteyes::smiling_face_with_hearteyes::smiling_face_with_hearteyes::smiling_face_with_hearteyes::smiling_face_with_hearteyes::smiling_face_with_hearteyes::smiling_face_with_hearteyes:,neutral
31,ortallevitan,2023-06-05 19:06:25+00:00,you look incredible honey :two_hearts:,neutral
31,gothsnake.marey5,2023-06-05 18:48:15+00:00,lets collab yubamajewels :white_heart:,neutral
31,sweetmotherly,2023-06-05 18:47:24+00:00,gggiiirrrlll you look amazing :red_heart::fire: i hope you have a great monday,positive
31,jendce,2023-06-05 18:26:36+00:00,love the black you off again x,positive
32,alleest111,2023-05-26 08:41:20+00:00,i sincerely hope you could read my private message:,positive
32,amberunraveled,2023-05-19 22:30:01+00:00,what dc so close,neutral
32,be_a_giver,2023-05-18 21:59:32+00:00,have fun rhyan:grinning_face_with_smiling_eyes:,positive
32,allyoos,2023-05-18 21:00:37+00:00,this hair is gorg:sparkles:,neutral
32,balu__2k3,2023-05-18 20:39:42+00:00,why im blushing:smiling_face_with_smiling_eyes::smiling_face_with_smiling_eyes:,neutral
32,pd203,2023-05-18 18:41:49+00:00,nice pic,positive
32,gianna.stallone,2023-05-18 17:38:48+00:00,:fire::fire:,neutral
32,heathercaminske,2023-05-18 17:26:28+00:00,miss you already,negative
32,jae.savage27,2023-05-18 17:25:51+00:00,fiery duo rhyancaminske and heathercaminske :fire::fire::fire::fire:,negative
33,dweb464,2023-04-21 23:25:25+00:00,:smiling_face_with_hearteyes::smiling_face_with_hearteyes::fire::fire:,neutral
33,shopspikesandseamsdotcom,2023-04-21 20:08:50+00:00,gorgeous girl:beating_heart:,positive
33,karrlton,2023-04-21 15:23:51+00:00,my girl no dates without us :women_holding_hands::men_holding_hands:,negative
33,mngr_sara,2023-04-21 08:35:20+00:00,hey pretty :starstruck: your beauty is stunning :sparkles: perfectly fit to be our jewelries brand ambassador we would like to collab and sponsor you 4 jewelry pieces to feature for free please check your message request for the details :envelope_with_arrow:,positive
33,lovelyfancymeblog,2023-04-21 04:51:03+00:00,looking so gorgeous happy friday :red_heart:,positive
33,allyoos,2023-04-21 03:15:11+00:00,omg the hair on you too:sparkles:,neutral
33,sociojenics,2023-04-21 02:11:31+00:00,you are gorgeous :fire::fire::fire::fire::fire: nice pictures rhyan pretty ladies:red_heart:,positive
33,amberunraveled,2023-04-21 02:01:48+00:00,:fire::fire::fire: love that top,positive
33,simpleandsweetblog,2023-04-21 01:59:33+00:00,looking so pretty,positive
34,wiedemanntami,2023-05-15 11:22:25+00:00,thank you love you so much :smiling_face_with_hearts:,positive
34,izzy_macarons,2023-05-15 10:36:08+00:00,happy mothers day,positive
34,slschmidt23,2023-05-15 02:14:08+00:00,happy mothers day beautiful girls :red_heart:,positive
35,sociojenics,2023-04-28 03:56:17+00:00,ill try these :face_with_open_mouth:,negative
35,kellyrinehart13,2023-04-17 20:50:09+00:00,love these ones too :clapping_hands:,positive
35,joannedw73,2023-04-17 02:27:57+00:00,omgosh my lower back has been such a problem for me for years now im totally trying these i need something thats gonna make my abs sore,negative
35,linka.nyc.fit,2023-04-16 19:24:40+00:00,nice work ryan :flexed_biceps_mediumlight_skin_tone: :clapping_hands_mediumlight_skin_tone:,positive
35,brdly.nelson,2023-04-16 18:53:19+00:00,youre looking fantastic rhyan,positive
35,beyonce.ig2,2023-04-16 18:52:14+00:00,promote it on:smiling_face_with_hearteyes: nycfam_,positive
35,guggy_01,2023-04-16 16:02:45+00:00,was old mate in the background doing crack lifts :beaming_face_with_smiling_eyes:,neutral
35,thomasdeborahpcvnb3,2023-05-06 06:55:25+00:00,incredible image we would certainly like to work with you for a lot more details message our main account in my biography,positive
36,alysorrentino,2023-05-09 13:06:32+00:00,gorgeous :smiling_face_with_hearteyes:,positive
36,fit2befree,2023-05-05 03:50:36+00:00,and you boootyyyy :face_with_tears_of_joy::fire:,neutral
36,iammrscoscia,2023-05-03 20:13:41+00:00,your :peach: wtf getting plump :smiling_face_with_hearteyes:,negative
36,getgoldielocks,2023-05-03 00:53:53+00:00,were so glad youre feeling a difference they are :sparkles:magic little pills:seedling:,positive
36,pldtiedye,2023-05-02 19:33:23+00:00,gorgeous :smiling_face_with_hearteyes:,positive
36,dhurvey6284,2023-05-13 20:07:04+00:00,he rhyan just snt yu a dm i think it ndd up in the hiddn requests :grinning_face_with_big_eyes:,neutral
37,allyoos,2023-04-19 22:08:17+00:00,looks like a great time:sparkles:,positive
37,iammarialeonard,2023-04-18 15:11:23+00:00,:red_heart:,neutral
37,nikkibtricky,2023-04-18 02:06:09+00:00,you look amazing,positive
37,_krisbeeee,2023-04-17 21:26:19+00:00,:fire:,neutral
37,fashion.kids.model,2023-04-17 19:02:13+00:00,:fire: nova_models,neutral
37,fashion_model_0x9,2023-04-17 18:59:21+00:00,send your pic:backhand_index_pointing_right: :check_mark_button:fashion_modelsig,neutral
37,jae.savage27,2023-04-17 18:49:55+00:00,pretty rhyancaminske :fire::fire::fire:,positive
37,grip2u,2023-04-17 18:43:55+00:00,gorgeous :smiling_face_with_hearteyes::smiling_face_with_hearteyes:,positive
38,styledbykaleynicole,2023-04-20 16:47:34+00:00,i love that shirt :smiling_face_with_hearteyes:,positive
38,dh_bou,2023-04-20 02:12:25+00:00,such a model,neutral
38,katcaminskeee,2023-04-20 02:08:58+00:00,ur so pretty:clapping_hands::fire:,neutral
38,jjjhgffghh574,2023-06-01 21:34:55+00:00,hey rhyan just sent yu dm i think it endd up in the hidden requsts :grinning_face_with_big_eyes:,neutral
39,geeohdee1,2023-06-06 12:39:01+00:00,we almost got the same nose yours is prettier tho :beaming_face_with_smiling_eyes:,positive
39,fernandinhomarques1,2023-06-06 02:44:29+00:00,a mais linda do mundoooo,neutral
39,modelo_bahiano,2023-06-05 04:04:42+00:00,beatifull,neutral
39,ivanvalenzanoalice.it,2023-06-04 23:42:47+00:00,:red_heart:,neutral
39,oferplus1,2023-06-04 22:28:24+00:00,linda:red_heart: siempre muy naturaldelicadasencillanunca artificial:clapping_hands::clapping_hands::red_heart::red_heart:,neutral
39,geanafleury,2023-06-04 18:57:02+00:00,perfeitaaaa:red_heart:,neutral
39,dave_bush1,2023-06-04 01:11:44+00:00,wow this is so amazing youre well im just so short of words about your beauty,positive
39,miiigaarcia,2023-06-03 14:57:13+00:00,volta com o tom brady giii :red_heart:,neutral
40,artipoppe,2023-05-24 10:30:44+00:00,a look :raising_hands::heart_on_fire:,neutral
40,nho_journal,2023-05-24 03:17:32+00:00,may i know where the parachute pants are from :smiling_face_with_hearteyes:,neutral
40,tregioiedallapuglia,2023-05-23 17:58:27+00:00,:smiling_face_with_hearteyes::smiling_face_with_hearteyes:,neutral
40,rachelleayoung,2023-05-23 10:20:01+00:00,that jacket :black_heart::black_heart:,neutral
40,stephaniebroek,2023-05-24 05:47:16+00:00,nho_journal margiela :brown_heart:,neutral
41,erik,2023-06-06 18:52:01+00:00,cute :smiling_face_with_hearteyes:,positive
41,karin_liwu,2023-06-06 18:10:56+00:00,1,neutral
41,innasleznik,2023-06-06 11:58:03+00:00,4,neutral
41,rolfslickers,2023-06-06 11:40:30+00:00,na 1,neutral
41,chrisbony56,2023-06-06 11:20:01+00:00,1 :smiling_face_with_hearteyes:,neutral
41,an_maisonette_living,2023-06-06 10:40:07+00:00,absolut 1 :hundred_points: :fire:,neutral
41,the.wild.self,2023-06-06 10:22:46+00:00,five in welchem shop ist das denn,neutral
41,dawidtomaszewski,2023-06-06 10:21:54+00:00,:smiling_face_with_hearteyes::starstruck::smiling_face_with_hearts: love them all,positive
41,susmarros,2023-06-06 10:16:46+00:00,6,neutral
41,katloughrey,2023-06-06 09:51:22+00:00,no 1 :smiling_face_with_hearteyes:,negative
42,nicisupergirl,2023-06-06 19:11:57+00:00,ich mag dich ja mit offenen haaren :beating_heart:,neutral
42,ludivina_a__clheck_stories__,2023-06-06 19:03:53+00:00,:beaming_face_with_smiling_eyes:,neutral
42,manou_trv,2023-06-06 18:15:48+00:00,wow you paint :smiling_face_with_hearteyes: ps : your hair look gorgeous dont let anyone tell you otherwise :smiling_face_with_hearts:,positive
42,ijcandys,2023-06-06 17:17:58+00:00,cute :smiling_face_with_hearts:,positive
42,rmny7559,2023-06-06 16:04:45+00:00,:face_with_tears_of_joy::face_with_tears_of_joy::face_with_tears_of_joy:,neutral
42,k.amil_a,2023-06-06 12:53:47+00:00,was ist das fr eine hose von closed liebe caro,neutral
42,bridgetzwei,2023-06-06 12:00:40+00:00,beautiful mom :red_heart:,positive
42,styleconciergebymelody,2023-06-06 11:37:13+00:00,:smiling_face_with_hearteyes::smiling_face_with_hearteyes:,neutral
42,budislava,2023-06-06 08:41:27+00:00,8:red_heart:,neutral
43,djokovicofficial,2023-06-06 03:07:28+00:00,:fire::fire::fire:,neutral
43,markovicsawa,2023-06-05 19:37:19+00:00,:red_heart::red_heart::fire::fire:,neutral
43,_kriss.ssi_,2023-06-05 04:42:53+00:00,:smiling_face_with_hearteyes: wie schn kann man sein,neutral
43,leyla_aliyarli,2023-06-05 04:03:10+00:00,carodaur where is the bikini from would you pls share :folded_hands_light_skin_tone:,positive
43,lemon_meringue__,2023-06-04 04:29:10+00:00,yasssss proud of all your hard work caro daur,positive
43,kucukustaethem,2023-06-03 13:22:29+00:00,ok gzel :smiling_face_with_hearteyes:,positive
43,mma_k4u,2023-06-03 04:38:30+00:00,:face_blowing_a_kiss::face_blowing_a_kiss::slightly_smiling_face::face_blowing_a_kiss:,neutral
43,olivia_anndersoon,2023-06-03 01:10:08+00:00,what a picture i have something good for u dm me:fire: carodaur,positive
43,jose__paulo_244,2023-06-03 01:04:28+00:00,:fire:,neutral
43,avocado.bowls,2023-06-03 00:58:19+00:00,,neutral
44,franciscoesparza361,2023-06-05 18:49:40+00:00,awesome that race track :smiling_face_with_sunglasses::red_heart::red_heart:,positive
44,joey_west_831,2023-06-04 14:23:07+00:00,:red_heart::hibiscus:,neutral
44,kostrishche_channel,2023-06-03 13:30:19+00:00,:fire:,neutral
44,patriciauy16,2023-06-02 12:06:18+00:00,beautiful your pair of trousers camilacoelho where can i buy onei am from uruguayabrazo,positive
44,kebabowelove,2023-06-02 04:16:14+00:00,beauty,positive
44,skyflyjets.com_,2023-06-01 21:01:32+00:00,:fire::fire:,neutral
44,emrahsahinresmii,2023-06-01 13:45:36+00:00,:fire::fire:,neutral
45,nicolewom,2023-06-06 06:56:29+00:00,beautiful :smiling_face_with_hearteyes::smiling_face_with_hearteyes::smiling_face_with_hearteyes:,positive
45,omids.1362,2023-06-05 22:47:42+00:00,:clapping_hands::clapping_hands::clapping_hands::clapping_hands::clapping_hands::clapping_hands::raising_hands::red_heart::red_heart::red_heart::thumbs_up::ok_hand:,neutral
45,franciscoesparza361,2023-06-05 18:48:25+00:00,happy monday ms camila :red_heart::red_heart::red_heart::red_heart:,positive
45,_stellaastra,2023-06-05 16:14:21+00:00,:beaming_face_with_smiling_eyes::beaming_face_with_smiling_eyes::beaming_face_with_smiling_eyes::beaming_face_with_smiling_eyes:,neutral
45,skyflyjets.com_,2023-06-04 17:56:42+00:00,:fire::fire:,neutral
45,jallexs,2023-06-04 16:48:34+00:00,:red_heart:,neutral
45,sartikasr,2023-06-04 11:16:34+00:00,gorg:red_heart:,neutral
45,euvanduarte,2023-06-04 02:20:45+00:00,perfeita:red_heart:,neutral
45,beatriz_de_larrazabal,2023-06-04 00:13:16+00:00,:fire:,neutral
45,tatianadrodionova,2023-06-03 17:51:12+00:00,so gorgeous,positive
46,alemarullo,2023-06-06 19:27:32+00:00,:heart_on_fire::heart_on_fire::heart_on_fire: yessss,neutral
46,julie.lamrani,2023-06-06 19:21:25+00:00,so gorgeous,positive
46,angiesroe,2023-06-06 19:13:32+00:00,:fire::fire::fire:,neutral
46,laurenelson,2023-06-06 19:11:08+00:00,vibes,neutral
46,pilar.on.the.road,2023-06-06 18:43:14+00:00,:clapping_hands::clapping_hands:,neutral
46,suzannazen,2023-06-06 18:38:05+00:00,beautiful :red_heart::red_heart:,positive
46,banso73,2023-06-06 18:33:24+00:00,:smiling_face_with_hearteyes::smiling_face_with_hearteyes:,neutral
46,ovgucoban,2023-06-06 18:30:48+00:00,:star::heart_with_arrow:,neutral
46,anastasiakaplanshintof,2023-06-06 18:30:35+00:00,stunning,positive
46,aitajva,2023-06-06 18:27:58+00:00,:smiling_face_with_hearteyes::smiling_face_with_hearteyes::smiling_face_with_hearteyes:,neutral
47,eva_yague,2023-06-05 21:24:55+00:00,:fire::fire:,neutral
47,gingerdbread_officiel,2023-06-04 19:00:04+00:00,i so love this,positive
47,_rosa.segura,2023-06-02 11:39:32+00:00,:red_heart:,neutral
47,_rosa.segura,2023-06-05 16:35:12+00:00,:red_heart:,neutral
48,bijjusong,2023-05-31 00:27:24+00:00,beautiful my two babys:red_heart::red_heart::red_heart:mama love u guys forever :face_blowing_a_kiss:i love u sooo much u did good good job all familys very proud of u we are so happy have teo:thumbs_up::two_hearts::smiling_face_with_hearteyes::smiling_face_with_halo:,positive
48,nevermindpepin,2023-05-26 23:45:23+00:00,:red_heart::red_heart::red_heart:,neutral
48,itskingdm,2023-05-21 01:59:29+00:00,:folded_hands_light_skin_tone:,neutral
48,cristina_yael972,2023-05-15 09:30:48+00:00,:smiling_face_with_hearteyes:,neutral
48,livinthattwinlife,2023-05-14 09:24:38+00:00,happy mothers day :light_skin_tone: xo to teo,positive
48,daniellalobato1,2023-05-13 15:00:43+00:00,:smiling_face_with_hearteyes::smiling_face_with_hearteyes:,neutral
48,go_urav7963,2023-05-13 01:35:56+00:00,so cute :smiling_face_with_hearts::smiling_face_with_hearts:,positive
48,josephwestjr,2023-05-12 16:31:58+00:00,:black_heart::brown_heart::raising_hands_medium_skin_tone::bomb::medium_skin_tone::crown::heart_suit::white_heart::yellow_heart:,neutral
48,emilybc,2023-05-12 09:55:09+00:00,i love how wonder woman these bracelets are :woman_superhero_light_skin_tone:,positive
48,yryryr777,2023-05-11 18:12:43+00:00,wanna see your wedding photo shoot so bad:crying_face:,negative
49,vane_ferreira29,2023-06-02 01:03:57+00:00,:red_heart::red_heart::red_heart:,neutral
49,fernandade5554,2023-05-29 03:46:55+00:00,ai gente ele muito bonitinho :smiling_face_with_hearteyes::smiling_face_with_hearteyes::smiling_face_with_hearteyes::smiling_face_with_hearteyes:,neutral
49,marleneclena,2023-05-27 23:39:45+00:00,:clapping_hands::clapping_hands::clapping_hands::clapping_hands::clapping_hands:,neutral
49,volkeribiza,2023-05-26 20:13:55+00:00,:red_heart:das sind ganz faszinierende aufnahmen:red_heart:,neutral
49,lena.areda,2023-05-26 17:37:52+00:00,:smiling_face_with_hearteyes::smiling_face_with_hearteyes::smiling_face_with_hearteyes:,neutral
49,ju.marquesb,2023-05-26 13:08:31+00:00,perfeccion :smiling_face_with_hearteyes:,neutral
49,zanattadarlene,2023-05-25 12:26:14+00:00,camila para voc tambm que agora me e somos mames todos os dias maravilhoso ver esse pedacinho de pessoa crescer virar gente como dizia minha mezinha fique tranquila tenho um de 40 j sou av do francisco uma moa formada em direito de 25 e o caula de 24 cursando ti contratado pela hp ento menina o bom que eles no deixam a gente envelhecerhehehehe no sobra tempo somos obrigadas a estar sempre em dia com tudo que interessa o mundo deles mesmo um presente e considero minha obra de vida s amor :red_heart::red_heart::red_heart::brazil::brazil::brazil:mil beijos,positive
49,lcristianerochaa,2023-05-25 00:53:08+00:00,:red_heart::red_heart::red_heart::red_heart::red_heart:,neutral
49,mommy.realist,2023-05-24 23:23:30+00:00,youre absolutely stunning,positive
49,nardeen.og,2023-05-24 20:05:27+00:00,i wish i were pretty like this,positive
50,joannelaoulach,2023-06-05 10:45:46+00:00,where are these pants from,neutral
50,sheyla.petersen,2023-06-04 03:28:35+00:00,amei sua cala onde comprou,neutral
50,high_spirits_gal,2023-06-03 16:40:10+00:00,oglala:red_heart::raising_hands::fire:,neutral
50,ahmad_96_az,2023-06-03 04:40:53+00:00,unique:ok_hand::smiling_face_with_hearteyes::smiling_face_with_hearteyes::smiling_face_with_hearteyes:,neutral
50,pamelabrbs_,2023-06-03 01:56:03+00:00,:smiling_face_with_hearteyes:,neutral
50,jayme_luiz_alves,2023-06-02 19:36:16+00:00,linda :smiling_face_with_hearteyes:,neutral
50,kika100doute,2023-06-02 01:12:07+00:00,ya la marque nickel super :winking_face:,positive
50,kika100doute,2023-06-02 01:11:26+00:00,le pantalon cest combien,neutral
50,rafadecastrogpf,2023-06-01 16:06:38+00:00,camila mulher me empresta essa cala queria ir vestida de christina aguilera numa festinha te devolvo lavada e passada,neutral
50,lcristianerochaa,2023-06-01 09:42:09+00:00,:red_heart::red_heart::red_heart::red_heart::red_heart::red_heart::red_heart::red_heart:,neutral
51,joey_west_831,2023-06-04 14:23:22+00:00,:two_hearts::hibiscus::collision:,neutral
51,shop_thehandshake,2023-06-03 22:05:21+00:00,:clapping_hands:,neutral
51,flyingdressistanbul,2023-06-03 14:39:30+00:00,:smiling_face_with_hearts::red_heart:,neutral
51,haarlemaustralia,2023-06-03 08:17:32+00:00,:red_heart::red_heart::red_heart:,neutral
51,alegeisslerin,2023-06-02 12:24:10+00:00,:purple_heart::purple_heart::purple_heart::purple_heart:,neutral
51,dedissadovale,2023-06-01 23:10:27+00:00,minha musa :purple_heart:,neutral
51,bellathorne,2023-06-01 18:47:11+00:00,:fire::fire::fire: love love love,positive
51,pacepower2312,2023-06-01 15:19:11+00:00,:hushed_face:,neutral
51,lcristianerochaa,2023-06-01 09:39:37+00:00,linda maravilhosa :red_heart::red_heart::red_heart:,neutral
51,heatherpullisjewelry,2023-05-31 21:47:54+00:00,:clapping_hands::clapping_hands::clapping_hands:,neutral
52,joey_west_831,2023-06-04 14:23:38+00:00,:bomb::collision::hibiscus::red_heart:,neutral
52,rafael82jusfredo,2023-06-02 17:04:43+00:00,deus continue abenoando vocs saudades caro,neutral
52,lcristianerochaa,2023-06-01 09:40:39+00:00,lindos deus abenoe sempre vcs :red_heart::red_heart::red_heart::red_heart::red_heart::red_heart:,neutral
52,marleneclena,2023-05-27 23:39:51+00:00,:clapping_hands::clapping_hands::clapping_hands::clapping_hands::clapping_hands::clapping_hands:,neutral
52,tararella,2023-05-24 20:07:42+00:00,a he is so gorgeous :blue_heart:,positive
52,merceditas98,2023-05-23 18:48:54+00:00,:smiling_face_with_hearteyes::smiling_face_with_hearteyes::smiling_face_with_hearteyes::smiling_face_with_hearteyes::smiling_face_with_hearteyes::smiling_face_with_hearteyes:,neutral
52,good_vibes_only_bg,2023-05-23 15:56:16+00:00,:mediumlight_skin_tone::mediumlight_skin_tone::mediumlight_skin_tone:,neutral
52,danyendrigue,2023-05-20 19:00:22+00:00,que linda :clapping_hands:,neutral
52,celinefarmhousee,2023-05-20 12:29:48+00:00,e ele tao lindoooo:smiling_face_with_hearteyes:,neutral
52,ainudunia.3,2023-05-20 09:15:17+00:00,hol camilla que marca son tus gafas en la ultima foto porfavor :red_heart::red_heart:,neutral
53,paigebrianna18,2023-06-06 14:29:25+00:00,stunning :smiling_face_with_hearteyes: like jees,positive
53,ltahnis,2023-06-02 07:20:40+00:00,:heart_on_fire::heart_on_fire::heart_on_fire::heart_on_fire::heart_on_fire:,neutral
53,lcristianerochaa,2023-06-01 09:41:47+00:00,:red_heart::red_heart::red_heart::red_heart::red_heart::red_heart::red_heart::red_heart::red_heart::red_heart::red_heart::red_heart::red_heart::red_heart::red_heart::red_heart:,neutral
53,dj_nasty_deluxe_official,2023-05-30 22:18:58+00:00,:red_heart:,neutral
53,l10r1x,2023-05-30 17:20:48+00:00,:fire::red_heart:,neutral
53,ziripillo,2023-05-28 05:29:17+00:00,:red_heart:,neutral
53,summerssstephen,2023-05-27 20:56:08+00:00,i would like to work with you i have an interesting proposal for you send me a dm:clapping_hands:,positive
53,tarikdestanovic,2023-05-27 20:16:53+00:00,:smiling_face_with_hearteyes::smiling_face_with_hearteyes:,neutral
53,andrettomore,2023-05-27 18:28:13+00:00,:thumbs_up:,neutral
53,volkeribiza,2023-05-26 20:12:18+00:00,:fire:trs chic:fire:,neutral
54,zcjmacz,2023-06-06 19:07:15+00:00,what style do u call this white pants and what kind of fit where can we buy it is it in amazon,positive
54,hultgrencassie,2023-06-06 17:38:33+00:00,links,neutral
54,envynv16,2023-06-06 17:19:31+00:00,link pls,positive
54,manisha.nayee,2023-06-06 16:21:26+00:00,links,neutral
54,brennavivier,2023-06-06 15:46:32+00:00,links,neutral
54,everyday.holly,2023-06-06 19:07:29+00:00,i just sent you a message with the links,neutral
55,groundedwildphoto,2023-06-05 17:43:51+00:00,links please,positive
55,elsapna,2023-06-04 14:58:31+00:00,please send me links,positive
55,_julie_be_,2023-06-04 14:43:08+00:00,links :two_hearts:,neutral
55,meganrenee16,2023-06-03 11:47:56+00:00,links,neutral
55,tldixson,2023-06-03 03:23:44+00:00,links,neutral
55,everyday.holly,2023-06-05 17:44:03+00:00,i just messaged you the links,neutral
56,jeoliiveiraa_,2023-06-05 13:54:17+00:00,claro que eu j garanti o meu :smiling_face_with_hearteyes::red_heart:,neutral
56,schayres,2023-06-05 13:51:52+00:00,t doidaaa por esse casaco :white_heart::starstruck:,neutral
56,lojafashioncloset,2023-06-05 14:29:36+00:00,jeoliiveiraa_ prontssima pra encarar o friozinho :white_heart::snowflake:,neutral
56,lojafashioncloset,2023-06-05 14:30:14+00:00,schayres o casaco mais comfy e perfeito :smiling_face_with_hearteyes::light_skin_tone:,neutral
57,_vanessa.riedl,2023-06-03 21:11:51+00:00,:red_heart:,neutral
57,92thestudio,2023-06-03 12:59:15+00:00,stunner :smiling_face::sun_with_face:,neutral
57,etoile_luxury_vintage,2023-06-03 10:26:05+00:00,nice outfit,positive
57,niknet,2023-06-03 08:08:53+00:00,:smiling_face_with_hearteyes::smiling_face_with_hearteyes::smiling_face_with_hearteyes::smiling_face_with_hearteyes:,neutral
57,tonyamazzeo,2023-06-03 05:40:07+00:00,stunning :brown_heart::white_heart:,positive
57,gabadly,2023-06-02 21:06:03+00:00,jadore,neutral
57,mounakae,2023-06-02 15:30:54+00:00,loveee :smiling_face_with_hearteyes:,neutral
57,paige_watkins,2023-06-02 15:25:46+00:00,:smiling_face_with_hearteyes::smiling_face_with_hearteyes::smiling_face_with_hearteyes::smiling_face_with_hearteyes:,neutral
57,elienjansen,2023-06-02 15:17:28+00:00,yes:smiling_face_with_hearteyes::smiling_face_with_hearteyes::smiling_face_with_hearteyes::smiling_face_with_hearteyes::smiling_face_with_hearteyes:,neutral
57,liltack,2023-06-02 15:09:54+00:00,the baggg:smiling_face_with_hearteyes::smiling_face_with_hearteyes:,neutral
58,heliophilia08,2023-06-05 09:29:43+00:00,hey i thinks thats beautiful to see but please have a look into these horses eyes and rethink what youre supporting here :face_blowing_a_kiss:,positive
58,rutgerpotter,2023-06-04 13:50:07+00:00,lijkt bijna spaanse rijschool,neutral
58,karolinehommelstad,2023-06-04 06:36:30+00:00,:smiling_face_with_hearteyes:,neutral
58,niknet,2023-06-03 19:25:04+00:00,:smiling_face_with_hearteyes:,neutral
58,eloyriverax,2023-06-03 19:24:26+00:00,amazing content :fire: please dm me,positive
58,alysrosemary,2023-06-03 17:44:20+00:00,beautiful i have horse riding photos coming up soon :smiling_face_with_hearteyes::red_heart:,positive
58,emiliejlofmark,2023-06-03 14:03:14+00:00,s:smiling_face_with_hearteyes: beautiful,positive
58,mueli71,2023-06-03 11:39:29+00:00,:white_heart::white_heart::white_heart:,neutral
58,lafemmehanna,2023-06-03 11:36:40+00:00,:white_heart:,neutral
58,svenja.mari,2023-06-03 10:31:19+00:00,:smiling_face_with_hearteyes:beauty,neutral
59,m4hkc,2023-06-02 14:21:20+00:00,mds como eu odeio ser pobre,neutral
59,tamy.latuf,2023-06-01 19:17:42+00:00,perfeio :smiling_face_with_hearteyes:,neutral
59,tamy.latuf,2023-06-01 19:17:29+00:00,:smiling_face_with_hearteyes::smiling_face_with_hearteyes::smiling_face_with_hearteyes::smiling_face_with_hearteyes:,neutral
59,ray_mors,2023-06-01 01:08:23+00:00,perfeito,neutral
59,caafonseca13,2023-05-31 17:24:32+00:00,sucesso :smiling_face_with_hearteyes:,neutral
59,wtfkios,2023-05-30 22:17:17+00:00,tudoooo :fire:,neutral
59,juniorpasergo,2023-05-30 18:23:42+00:00,:fire::fire::fire:,neutral
59,lebarrochello,2023-05-30 16:44:29+00:00,perfeito demaissssssss :red_heart::red_heart::red_heart:,neutral
59,lojafashioncloset,2023-06-01 20:24:43+00:00,tamylatuf a gente amaa :two_hearts:,neutral
60,bia.liraa,2023-06-04 04:53:47+00:00,:smiling_face_with_hearteyes::smiling_face_with_hearteyes:,neutral
60,imsheilagoncalves,2023-06-03 16:35:22+00:00,nahcardoso :red_heart:,neutral
60,gabriellafrota,2023-06-03 14:32:10+00:00,oiii gente vai ter reposio do vestido ingrid com abertura nas costas,neutral
60,wtfkios,2023-06-03 01:14:37+00:00,tudoooo :fire:,neutral
60,schayres,2023-06-02 15:55:14+00:00,euuuu,neutral
60,lojafashioncloset,2023-06-04 21:49:19+00:00,gabriellafrota vaiii sim gab alm de vrios outros parecidos e beeem lindos :red_heart:,neutral
61,claaraferreira,2023-05-31 03:07:20+00:00,:smiling_face_with_hearteyes::smiling_face_with_hearteyes::smiling_face_with_hearteyes:,neutral
61,jack_loppes_,2023-05-30 19:23:19+00:00,que perfeio,neutral
61,gabr_oliveira,2023-05-29 15:42:47+00:00,vai ter repo do body ibiza tamanho p,neutral
61,rxslg_,2023-05-29 05:34:54+00:00,tem poca que vcs to arrasando mas tem poca que,neutral
61,barbinha.enf,2023-05-29 00:52:10+00:00,j comprei o meu :bikini: :fire::red_heart:,neutral
61,lojafashioncloset,2023-05-30 21:08:48+00:00,jack_loppes_ esse drop t tudo :smiling_face_with_hearteyes::two_hearts:,negative
62,diogenesquinteroa,2023-05-02 02:54:26+00:00,i have a proposal for you if you are interested send me a message and i will tell you what it is about,positive
62,beatrice.gutu,2023-04-27 15:00:07+00:00,:smiling_face_with_hearteyes:,neutral
62,erika_boldrin,2023-04-22 16:52:23+00:00,:smiling_face_with_hearteyes:,neutral
62,hollycdelaney,2023-04-22 09:24:13+00:00,where are these beautiful trousers from such a great look :white_heart::white_heart::white_heart:,positive
62,flavia.ippoliti,2023-04-22 05:47:59+00:00,:black_heart::black_heart::black_heart:,neutral
62,brittanybathgate,2023-04-21 19:08:22+00:00,love this look :white_heart:,positive
62,raqscitystyle,2023-04-21 18:28:42+00:00,its the coat for me :smiling_face_with_hearteyes::smiling_face_with_hearteyes::smiling_face_with_hearteyes:,neutral
63,annabelrosendahl,2023-05-03 17:15:56+00:00,this blazer and the best shoulders:smiling_face_with_hearteyes:,positive
63,cristinamusacchio,2023-05-03 14:17:29+00:00,gorgeous,positive
63,hannah_creve,2023-05-02 14:07:40+00:00,:smiling_face_with_hearteyes:,neutral
63,artipoppe,2023-05-01 15:12:23+00:00,iconic :black_heart:,neutral
63,stephaniebroek,2023-05-03 18:59:22+00:00,annabelrosendahl :white_heart::white_heart:,neutral
64,emiliehigle,2023-04-11 16:32:17+00:00,:smiling_face_with_hearteyes:,neutral
64,oro.jewels.ams,2023-04-11 14:06:35+00:00,:smiling_face_with_hearteyes::smiling_face_with_hearteyes:,neutral
64,eyeofrocky,2023-04-11 07:26:15+00:00,:smiling_face_with_hearteyes::coat:,neutral
64,lindatol_,2023-04-11 05:22:32+00:00,:white_heart:,neutral
64,ditasherlock_,2023-04-11 00:59:50+00:00,:smiling_face_with_hearteyes::smiling_face_with_hearteyes:,neutral
64,faaar07,2023-04-10 19:25:26+00:00,:black_heart:,neutral
64,_yycc99,2023-04-10 19:01:54+00:00,:fire::fire:,neutral
65,artipoppe,2023-04-12 11:49:05+00:00,a dream :red_heart::raising_hands:,positive
65,1072.official,2023-04-07 16:01:24+00:00,amazing :smiling_face_with_hearteyes:,positive
65,palomawool,2023-04-07 09:00:00+00:00,:red_heart::people_hugging:,neutral
65,etoile_luxury_vintage,2023-04-07 08:29:15+00:00,beauty:smiling_face_with_hearteyes:,neutral
65,frederikeschut,2023-04-07 06:53:24+00:00,:black_heart::white_heart::black_heart:,neutral
65,labro.shop,2023-04-07 06:27:50+00:00,love it :white_heart:,positive
65,___studio.tum___,2023-04-07 05:27:26+00:00,ooooh ik nu ook,neutral
65,stephaniebroek,2023-04-09 06:16:44+00:00,beatricegutu :red_heart::red_heart:,neutral
66,joewest7114,2023-04-02 17:25:51+00:00,:white_heart::smiling_face_with_sunglasses::tulip::heart_on_fire::collision:,neutral
66,fabio__montedoro,2023-03-29 19:34:41+00:00,gorgeous look:white_heart::black_heart:,positive
66,thecollectionone,2023-03-26 10:26:34+00:00,mooi,neutral
66,erika_boldrin,2023-03-23 21:55:51+00:00,chic,positive
66,byamelia_uk,2023-03-23 21:03:58+00:00,stunning :white_heart::white_heart:,positive
67,fsagency,2023-04-04 10:48:48+00:00,zou je op mn dm willen reageren :smiling_face_with_smiling_eyes:,neutral
67,bysiss,2023-04-03 08:03:08+00:00,:two_hearts::two_hearts:,neutral
67,joewest7114,2023-04-02 17:24:32+00:00,:heart_exclamation::tulip::paw_prints::collision::white_heart::heart_on_fire:,neutral
67,lia4,2023-04-02 09:49:27+00:00,lijkt op nouel als baby,neutral
67,essentiallyann,2023-04-02 07:35:09+00:00,her eyes :eye: :eye: :smiling_face_with_hearteyes::smiling_face_with_hearteyes::smiling_face_with_hearteyes::smiling_face_with_hearteyes::smiling_face_with_hearteyes::smiling_face_with_hearteyes:,neutral
67,gianellabello_,2023-04-02 03:36:54+00:00,looooove itt,neutral
67,gianellabello_,2023-04-02 03:36:29+00:00,i want thissss,positive
67,the_weft,2023-04-01 23:09:48+00:00,:smiling_face_with_hearteyes:,neutral
67,kelsey_hewlett,2023-04-01 21:15:42+00:00,those eyes shes adorable,positive
67,ayuddefrianti,2023-04-01 19:20:40+00:00,ahhhh olive is te schattig :red_heart:,neutral
68,k.jadereason,2023-04-04 19:36:08+00:00,:black_heart::black_heart::black_heart:,neutral
68,joewest7114,2023-04-02 17:25:04+00:00,:paw_prints::tulip::heart_on_fire::bomb::heart_exclamation::collision:,neutral
68,thegoldreport,2023-03-28 08:50:53+00:00,:black_heart::black_heart:,neutral
68,steen.brand,2023-03-27 18:19:56+00:00,classic :raising_hands:,neutral
68,flavia.ippoliti,2023-03-27 16:05:46+00:00,:black_heart:,neutral
68,erika_boldrin,2023-03-27 16:05:32+00:00,:smiling_face_with_hearteyes:shoes,neutral
68,rubyfranken,2023-03-27 12:21:22+00:00,mooi :red_heart:,neutral
68,rachelleayoung,2023-03-27 11:38:15+00:00,all black always :black_heart:,neutral
68,artipoppe,2023-03-27 10:59:16+00:00,:black_heart:,neutral
68,ellabroek,2023-03-27 07:40:35+00:00,:fire::fire::red_heart:,neutral
69,joewest7114,2023-04-02 17:27:25+00:00,:bomb::tulip::smiling_face_with_sunglasses::collision::paw_prints::heart_on_fire:,neutral
69,emmavloeimans,2023-03-11 07:55:02+00:00,:smiling_face_with_hearteyes:,neutral
69,rowdins,2023-03-09 21:35:46+00:00,would simply die to visit:smiling_face_with_hearteyes:,negative
69,erika_boldrin,2023-03-09 20:39:11+00:00,best showroom,positive
69,artipoppe,2023-03-09 15:42:08+00:00,:clapping_hands::blue_heart:,neutral
69,alexisforeman,2023-03-08 21:33:16+00:00,how wonderful,positive
69,luciekratochvilova_,2023-03-08 21:26:27+00:00,:ok_hand_light_skin_tone::ok_hand_light_skin_tone:,neutral
69,_nathaliemartin,2023-03-08 21:26:10+00:00,what a dream :raising_hands:,positive
69,taniceelizabeth,2023-03-08 20:43:59+00:00,dreamy :white_heart:,neutral
69,_yycc99,2023-03-08 20:40:04+00:00,:smiling_face_with_hearteyes::smiling_face_with_hearteyes::smiling_face_with_hearteyes:,neutral
70,taffymsipa,2023-04-02 22:49:09+00:00,in love :smiling_face_with_hearteyes:,positive
70,joewest7114,2023-04-02 17:26:08+00:00,:smiling_face_with_sunglasses::collision::paw_prints::tulip::bomb:,neutral
70,joysworld_,2023-03-26 19:03:26+00:00,:fire::fire:,neutral
70,joysworld_,2023-03-26 19:03:25+00:00,loooovvee,neutral
70,viktorija.va,2023-03-24 08:24:03+00:00,:smiling_face_with_hearteyes::smiling_face_with_hearteyes::smiling_face_with_hearteyes:,neutral
70,thaisbritta,2023-03-23 09:27:26+00:00,:fire:,neutral
70,kelsey_hewlett,2023-03-23 03:01:38+00:00,you wear it well,positive
70,sarahlouiseblythe,2023-03-22 23:36:03+00:00,:smiling_face_with_hearteyes::smiling_face_with_hearteyes::smiling_face_with_hearteyes:,neutral
70,bevw_m,2023-03-22 20:18:27+00:00,dreamy :blue_heart:,neutral
71,studioljos,2023-05-01 12:13:32+00:00,you and this lamp:fire:,neutral
71,joewest7114,2023-04-02 17:27:12+00:00,:bomb::collision::white_heart::tulip::heart_exclamation:,neutral
71,patrikssontalent,2023-03-21 10:08:40+00:00,:smiling_face_with_hearteyes::smiling_face_with_hearteyes::smiling_face_with_hearteyes:,neutral
72,katharinatruman,2023-06-06 13:50:25+00:00,:red_heart:,neutral
72,katharinatruman,2023-06-05 21:31:02+00:00,love :red_heart:,positive
72,modelo_bahiano,2023-06-05 04:05:12+00:00,musa das musas:smiling_face_with_hearteyes::smiling_face_with_hearteyes::smiling_face_with_hearteyes:,neutral
72,takeiteasymoney,2023-06-03 18:35:44+00:00,look: shes ready for tonight shes something special shes a star baby looks so fine you wouldnt say were about to commit a crime im thinking im gonna fck her like a motherfcker fantasy reality you and me privacy cat walk body talk hot sx and whatnot super model shes looking straight at me beautiful just like that secret code just like that soul to soul baby is just right for me i will never forget you perfection obsession possession i will never forget you connection obsession protection staring her hungry lips let me pour you another drink she keeps telling me yes baby keeps telling me yes the target is already smasged 10 million dollars cash of course i got my gun that was really fun cat walk body talk hot sx and whatnot super model she wanna cme with me beautiful just like that secret code just like that soul to soul baby is just right for me i will never forget you perfection obsession possession i will never forget you connection obsession protection i will never forget you aka recipe for murder and if you dont know now you know boy,positive
72,essiek,2023-05-31 03:47:22+00:00,2nd pic got me :heart_on_fire:,neutral
72,balazskochis,2023-05-27 22:57:04+00:00,:fire::fire::fire::fire::fire::fire:,neutral
72,lcristianerochaa,2023-05-24 00:35:16+00:00,:red_heart:,neutral
72,april_malone_,2023-05-22 09:31:18+00:00,i like that her hair is so similar to mine,positive
72,marymuccichamberlain,2023-05-22 00:08:57+00:00,:fire::fire::fire:,neutral
72,fireshow777888,2023-05-21 17:26:27+00:00,:red_heart::red_heart::red_heart:,neutral
73,masterchefshiprakhanna,2023-06-04 06:24:44+00:00,:fire::fire:,neutral
73,faizan_raajput,2023-06-02 17:40:45+00:00,6,neutral
73,star_lord_1987,2023-06-01 12:45:56+00:00,you do full body 2 days a week or split like upper one day and lower on the other,positive
73,originalgiov1x,2023-05-31 13:04:30+00:00,,neutral
73,kai.russi,2023-05-30 15:07:31+00:00,what is the brand of the hat marianodivaio :grinning_face_with_big_eyes:,neutral
73,tanishhkaax,2023-05-28 10:48:43+00:00,:fire::red_heart::face_with_open_mouth:,neutral
73,guillermomachado27,2023-05-28 07:00:10+00:00,:flexed_biceps::fire:,neutral
73,sajith_samar,2023-05-27 18:40:04+00:00,fashion equals mariano :red_heart:,neutral
73,irischavesworld,2023-05-27 10:48:07+00:00,:red_heart:,neutral
73,rezaasgari97,2023-05-27 07:29:42+00:00,:red_heart::red_heart::fire:,neutral
74,miriamlonei,2023-06-04 09:23:57+00:00,bravo mariano :red_heart::clapping_hands::clapping_hands::clapping_hands::clapping_hands::smiling_face_with_hearteyes::clapping_hands::clapping_hands::clapping_hands::red_heart:,neutral
74,patrick_de_babi,2023-06-04 07:02:54+00:00,white savior syndrome when i saw the stories that you posted marianodivaio while in the ivory coast i was shocked like your goal was to show nothing developed and beautiful but just misery if it makes you feel good about yourself well good for you i guess,positive
74,ilhamrim01,2023-06-02 17:01:04+00:00,marianodivaio our christian friends are trying to spread christianity in africa while muslims are also there teaching and spreading islam i invite you to read the quran start with chapter mary and to islam mariano an excellent translation of the quran is called the clear quran get it online or from amazon,positive
74,ilhamrim01,2023-06-02 17:00:46+00:00,marianodivaio our christian friends are trying to spread christianity in africa while muslims are also there teaching and spreading islam i invite you to read the quran start with chapter mary and to islam mariano an excellent translation of the quran is called the clear quran get it online or from amazon,positive
74,janicewilliams5440,2023-06-02 16:29:59+00:00,they need more that prayers i wanna get the people in africa to live in prodjects buildings so they wont be sleeping on the ground soon as i get a rich man by the power of god be with you the occupants there my my husbands will make a change:medium_skin_tone::thumbs_up::kiss_mark::medium_skin_tone::smiling_face_with_halo:by the giving heart i have in side:clapping_hands::rose::sign_of_the_horns::smiling_face_with_halo:,positive
74,raju_oxox,2023-06-02 15:45:51+00:00,:red_heart::red_heart::red_heart::red_heart::red_heart::red_heart:,neutral
74,elizabeth_ob_____,2023-06-02 13:17:29+00:00,:red_heart:,neutral
74,ebriggs1967,2023-06-01 22:16:41+00:00,you r amazing :clapping_hands: love u seeing what u do helping people in need :growing_heart: godbless u i would do the same if i could financially i praise :clapping_hands: :raising_hands: :folded_hands: :red_heart: :sparkling_heart: u maybe 1 day 4 me as well :winking_face: :grinning_face_with_smiling_eyes: :smiling_face_with_smiling_eyes: :sparkling_heart: :face_blowing_a_kiss: :smiling_face: :winking_face: :grinning_face_with_smiling_eyes: :smiling_face_with_smiling_eyes: lol yolo :beating_heart: :two_hearts: :grinning_squinting_face: :grinning_face_with_smiling_eyes: :winking_face:,positive
75,miriamlonei,2023-06-04 09:25:02+00:00,bellissimo gesto umanitario :clapping_hands::clapping_hands::raising_hands::clapping_hands::clapping_hands::red_heart::clapping_hands:,neutral
75,nsem556,2023-06-04 03:43:23+00:00,,neutral
75,marisolrmartin,2023-06-03 20:17:41+00:00,bravo :smiling_face_with_hearteyes::red_heart::raising_hands::raising_hands:,neutral
75,johanaseba,2023-06-03 14:47:41+00:00,:smiling_face_with_hearteyes::smiling_face_with_hearteyes:,neutral
75,_nadine_adel,2023-06-03 10:32:26+00:00,:red_heart::red_heart:,neutral
75,dr.roxnamm,2023-06-02 23:12:23+00:00,man_mdii,neutral
75,marielisapinheiro,2023-06-02 17:02:25+00:00,muito legal ver que mariano faz parte de um grupo de pessoas que se importam com os menos favorecidos tem gente que critica dizendo ser apena uma campanha de marketing mas essas pessoas esto l na sua zona de conforto e apenas criticam e nada fazem se todos empresrios tivessem a postura que voc tem meu querido teramos com certeza um mundo melhor a voc dedico minha admirao e respeito:heart_suit::brazil:,positive
75,anaclaudiamendes,2023-06-02 10:44:46+00:00,ahh :red_heart::raising_hands::sunflower:,neutral
75,primengate,2023-06-01 21:28:21+00:00,:folded_hands_mediumlight_skin_tone::folded_hands_mediumlight_skin_tone::folded_hands_mediumlight_skin_tone: god blesse you :smiling_face_with_hearteyes:,positive
76,mauricioguil07,2023-05-31 00:07:05+00:00,cool :clapping_hands::red_heart:,positive
76,nicolettecannonn,2023-05-30 19:18:32+00:00,bello :smiling_face_with_hearteyes: dm :folded_hands:,neutral
76,pau_fonzo_bustelo,2023-05-28 18:07:41+00:00,:fire::fire::fire::fire:,neutral
76,guillermomachado27,2023-05-28 07:00:49+00:00,:raising_hands::raising_hands:,neutral
76,michael_l_giaca,2023-05-27 21:45:32+00:00,salve,neutral
76,adyto_op,2023-05-25 14:42:38+00:00,nice style :clapping_hands:,positive
76,hilton.danc,2023-05-24 14:40:19+00:00,gay,neutral
76,itskarthik._,2023-05-24 13:06:59+00:00,he looking like a ramcharan :fire:,positive
76,amandagusma0,2023-05-24 00:46:21+00:00,:clapping_hands::clapping_hands::clapping_hands::clapping_hands:,neutral
76,iamsharrygigantone,2023-05-21 17:55:24+00:00,:camera::clapping_hands::smiling_face_with_sunglasses:,neutral
77,katharinatruman,2023-06-06 13:53:19+00:00,:red_heart::red_heart::red_heart:,neutral
77,jessbekkari,2023-05-26 20:19:41+00:00,gisele por favor v minha msg em privado esto exterminando todos animais de rua do marrocos por uma chance de ser host na copa do mundo em 2030 cerca de 3 milhes de cachorros e j estimase que uns 10 mil cachorros tenham sido assassinados nas ultimas semanas pelas autoridades de todas cidades do marrocos :loudly_crying_face:,positive
77,misschatterbox5,2023-05-15 13:36:38+00:00,:red_heart:,neutral
77,antonio.gomes.1004,2023-05-12 09:59:10+00:00,bela foto :face_blowing_a_kiss:,neutral
77,nano_nadrian,2023-05-11 17:11:41+00:00,:blue_heart::blue_heart::blue_heart::blue_heart:,neutral
77,safwathady,2023-05-09 17:22:30+00:00,i love dogs,positive
77,ariadna_tanya,2023-05-08 07:36:46+00:00,:fire::fire::clapping_hands:,neutral
77,margarethhira,2023-05-07 09:17:39+00:00,:red_heart::red_heart:,neutral
77,_lisa.findlay_,2023-05-05 04:17:18+00:00,if you think that why are you still supporting and promoting companies that test on them :woman_shrugging_light_skin_tone: gisele use your power for good,positive
78,katharinatruman,2023-06-06 13:54:47+00:00,queen :red_heart:,neutral
78,katharinatruman,2023-06-06 13:54:14+00:00,:red_heart::red_heart::red_heart::red_heart::red_heart:,neutral
78,marinagamm,2023-06-04 12:51:01+00:00,brazil is very big:clapping_hands::clapping_hands::red_heart::fire:,neutral
78,raffamachadooficial,2023-05-24 15:09:27+00:00,bravssima :clapping_hands:,neutral
78,raffamachadooficial,2023-05-11 14:00:53+00:00,:clapping_hands::clapping_hands::clapping_hands:,neutral
78,caitlin_fraser55,2023-05-09 02:12:29+00:00,it absolutely wonderful to see you so happy and living a beautiful life with your children :red_heart: :folded_hands::rose:,positive
78,maaupo,2023-05-07 17:12:28+00:00,its about priorities anyone who says that having children doesnt interfere with personal life is lying only those who truly care for and love a child realize how much attention is needed and doing this often without the presence of the father is very difficult soon the children grow up she has every right in the world to choose to spend time with her family and be happy she is beautiful and much admired by all brazilians i met tom through her congratulations gisele may god take care of you and your family i wish all love :raising_hands:,positive
78,sakharov_arkadii,2023-05-07 15:30:27+00:00,incredibly beautiful,positive
79,fdgaidarji,2023-06-05 22:26:16+00:00,:red_heart:,neutral
79,jimtsia,2023-06-01 22:08:29+00:00,sing the flowers song,neutral
79,aliaajtkenova8,2023-05-24 05:19:24+00:00,:red_heart:,neutral
79,sandraafnunes,2023-05-22 02:20:20+00:00,uma boa filha a casa retorna :raising_hands:,neutral
79,elainyfeador,2023-05-13 23:22:20+00:00,acbuia ummmm ei,neutral
79,anaclarakieling,2023-05-12 16:43:41+00:00,gramado e suas hortnsias como eu amo me lembra de quando meus avs costumavam ir para l sempre amaram,neutral
79,safwathady,2023-05-09 17:24:34+00:00,between all those flowers you are the most beautiful flowers :fallen_leaf::leaf_fluttering_in_wind:,positive
79,ariadna_tanya,2023-05-08 07:36:18+00:00,:fire::clapping_hands::smiling_face_with_hearteyes:,neutral
79,12maaria34,2023-05-05 21:48:52+00:00,tosi kiva kuva :frontfacing_baby_chick:,neutral
79,mmhlenna,2023-05-03 05:27:59+00:00,e essa terra te ama :red_heart::red_heart::red_heart:,neutral
80,haileysterne__15,2023-06-06 09:34:11+00:00,you destroyed my mothers chance of becoming a supermodel and mine,negative
80,haileysterne__15,2023-06-06 09:33:46+00:00,youre gonna look great in orange,positive
80,euerica.martins,2023-06-01 14:07:47+00:00,em pensar que sem o grande naldo nada disso seria possvel obrigada as_cronicas_de_naldo_benny :mediumlight_skin_tone:,neutral
80,truthbtold317,2023-05-30 16:23:35+00:00,male,neutral
80,alfaromeobulo,2023-05-30 13:04:57+00:00,:starstruck::smiling_face_with_hearteyes:,neutral
80,dancelove314,2023-05-29 21:35:47+00:00,i want a body like yours and skin and also in miami and not in russia:disappointed_face:,positive
80,edimarasilverio,2023-05-28 13:20:29+00:00,francovania_,neutral
80,katie_anjali_black,2023-05-26 20:35:09+00:00,yea thats athena and adam_demos and marrty_black and tombrady with my 16 year old youre so fuglily im laughing ol have fun in no mans land shivarea,positive
81,volkanerhan2,2023-05-13 18:39:57+00:00,chck dm hiddn,neutral
82,noor_alrumaihi,2023-06-04 00:48:15+00:00,what size is this blazer plz is it 32 or 34,positive
82,lauri.style,2023-06-02 08:53:51+00:00,need :white_heart::white_heart:,neutral
82,heitmat,2023-05-31 17:35:00+00:00,love:red_heart:,neutral
82,sarahmcgrog,2023-05-31 13:48:59+00:00,obsessed :smiling_face_with_hearteyes:,negative
82,siss_tam_s,2023-05-31 12:40:13+00:00,blazer love,positive
82,nadinetosun,2023-05-31 12:26:56+00:00,:smiling_face_with_hearteyes::smiling_face_with_hearteyes::smiling_face_with_hearteyes:,neutral
82,marinathemoss,2023-05-31 09:43:13+00:00,:comet:,neutral
82,moyestore,2023-05-31 07:53:13+00:00,gorgeous :white_heart::dove:,positive
82,fatima3vv,2023-05-30 23:39:26+00:00,:black_heart::black_heart:loveyou,neutral
83,priestess_nana111,2023-04-11 18:34:37+00:00,greetings beloved if truly believe in verdic astrology i have noticed throat and sacral energy chakras blocked in you from the past send me a message with a picture of your right palm in my dm theres a lot you need to know about your love life and family its importantnamaste,positive
83,caitmdavis,2023-03-29 01:49:12+00:00,grip2u are you going to make more of this color for the 14 series,neutral
83,dannafwells,2023-03-27 12:46:21+00:00,okay abs you are looking :fire::fire: gf :clapping_hands::clapping_hands:,positive
83,jenn.cassandra,2023-03-27 04:09:07+00:00,:fire::fire::fire:,neutral
83,stevenlopez248,2023-03-26 19:17:12+00:00,:face_with_tears_of_joy:,neutral
83,stevenlopez248,2023-03-26 19:17:08+00:00,if you quit drinking coffee :hot_beverage: you lose that belly gut be gone,negative
83,rgwalker.97,2023-03-26 15:59:29+00:00,:smiling_face_with_hearteyes::red_heart::medium_skin_tone::hot_beverage::hot_beverage::hot_beverage::hot_beverage::smiling_face_with_hearts:,neutral
83,carlvoshel,2023-03-26 14:53:52+00:00,happy palm sunday,positive
84,silje.alice,2023-05-27 16:47:28+00:00,small pleasures:mediumlight_skin_tone::mediumlight_skin_tone::mediumlight_skin_tone:,neutral
84,lacelamphere,2023-05-27 16:45:56+00:00,so beautiful,positive
84,niloofarkiapasha,2023-05-26 21:57:02+00:00,:fire:,neutral
84,_lawrencewood_,2023-05-26 19:10:41+00:00,check dm,neutral
84,marine.mnc_,2023-05-26 19:06:34+00:00,:smiling_face_with_hearteyes:,neutral
84,yanga_nm,2023-05-26 18:35:26+00:00,absolutely beautiful :white_heart:,positive
84,giuliapalombini,2023-05-26 18:12:57+00:00,italy its the place full of little beautiful thing,positive
84,alemarullo,2023-05-26 18:10:00+00:00,in love :smiling_face_with_hearteyes:,positive
84,katjamautone,2023-05-26 18:08:21+00:00,:smiling_face_with_hearteyes::smiling_face_with_hearteyes:,neutral
85,getgoldielocks,2023-03-23 12:04:32+00:00,it makes us sooooo happy to hear about the difference goldie locks is making for you :smiling_face_with_hearts:,positive
85,kellabyrd,2023-03-23 11:44:15+00:00,stunning :smiling_face_with_hearteyes: your hair looks amazing,positive
85,satin.interior,2023-03-23 02:09:42+00:00,gorgeous :smiling_face_with_hearteyes: and where are the lovely jeans from,positive
85,roseandboomboutique,2023-03-23 01:53:33+00:00,literal hair goals ordering tonight :raising_hands:,neutral
85,nikkilovesjohnny,2023-03-23 00:37:20+00:00,werent you using monat did it stop working,negative
85,colorbycoco,2023-03-23 00:28:39+00:00,goals,neutral
85,nicoleandreaxo,2023-03-22 20:38:45+00:00,your hair looks amazing :smiling_face_with_hearteyes::smiling_face_with_hearteyes:,positive
85,colorclassic_,2023-03-22 19:45:31+00:00,beautiful packaging,positive
85,dannafwells,2023-03-22 19:45:18+00:00,hair goals :sparkles:,neutral
85,simplysummerjenn,2023-03-22 18:23:54+00:00,hair model :smiling_face_with_hearteyes:,neutral
86,taylor.embracemodels,2023-04-02 01:55:09+00:00,love it :smiling_face_with_hearteyes: dm embracemodels,positive
86,the.wholistic.home,2023-03-21 03:25:04+00:00,sweet,positive
86,courtney__jg,2023-03-20 22:04:18+00:00,awww,neutral
86,jgiantasio,2023-03-20 18:46:14+00:00,cuties :red_heart::red_heart::red_heart:,positive
86,hannahmontanahm,2023-03-20 18:35:06+00:00,oh my little cutie pie hes adorable :red_heart:,positive
86,writer.jk1,2023-03-20 18:12:07+00:00,send pic on virginia_community,neutral
87,sociojenics,2023-04-28 03:53:47+00:00,cute ones :smiling_face_with_hearteyes::smiling_face_with_hearteyes::smiling_face_with_hearteyes:,positive
87,emilyjademccarthy,2023-04-18 13:12:47+00:00,same same same :face_with_tears_of_joy:,neutral
87,jamiekgaylor,2023-04-16 21:34:22+00:00,what size,neutral
87,lovelyfancymeblog,2023-04-16 00:23:46+00:00,super cute babe happy saturday :smiling_face_with_hearteyes:,positive
87,ortallevitan,2023-04-16 00:00:08+00:00,a youre gorgeous :red_heart::heart_exclamation:,positive
87,sweetmotherly,2023-04-15 23:20:43+00:00,gorgeous :red_heart::red_heart: this look is everything on you happy saturday,positive
87,nevom_tassnim67,2023-04-15 21:16:31+00:00,lets collab lovely:red_heart: contact page in my bio :gem_stone::ring:,neutral
87,sassyqueenboutique,2023-04-15 20:59:42+00:00,obsessed :clapping_hands::clapping_hands::clapping_hands: looks so good on you,positive
87,spikesandseamsdesignco,2023-04-15 20:55:18+00:00,gorgeous girl:beating_heart:,positive
88,koksharovad_,2023-06-01 19:53:37+00:00,:fire::clapping_hands_mediumlight_skin_tone:,neutral
88,_vanessa.riedl,2023-05-31 18:19:39+00:00,mega schn :heart_with_arrow::heart_with_arrow::heart_with_arrow:,neutral
88,marketlamode,2023-05-28 19:43:49+00:00,:smiling_face_with_hearteyes:,neutral
88,elleeasom,2023-05-28 14:45:01+00:00,:red_heart:,neutral
88,luca.costabile1926,2023-05-28 13:15:04+00:00,nl,neutral
88,luca.costabile1926,2023-05-28 13:15:03+00:00,n bmmkjk il mnnmm :crying_face:,neutral
88,mirelle.phachareeya,2023-05-28 08:44:45+00:00,how stunning :red_heart:,positive
88,ma_belle_bonnie,2023-05-27 21:44:11+00:00,its really hard to find someone with such class and style:clapping_hands::clapping_hands::clapping_hands::red_heart:,negative
88,anastasiavkorol,2023-05-27 18:05:08+00:00,the trenchhh,neutral
88,skinnyloveej,2023-05-27 17:22:54+00:00,in awe as always :white_heart::white_heart::white_heart:,neutral
89,momlife.of.leni.and.leo,2023-03-19 05:31:46+00:00,:smiling_face_with_hearteyes::red_heart::red_heart::clapping_hands:,neutral
89,lukas_seller_amazon,2023-03-16 15:32:13+00:00,hey gorgeous :two_hearts:i am an amazon seller and look for us friends your fashion style is stupefying i want to work with you i think youre perfect fit for our clothes let me give you free women clothes:womans_clothes:and you only need to take pictures and videos for us contact me and lets work together,positive
89,nevomjewelry,2023-03-16 12:22:37+00:00,love your looks lovely:smiling_face_with_hearteyes: send us a message if you want to collab sweetie:kiss_mark:,positive
89,hannahmontanahm,2023-03-16 01:01:01+00:00,congratulations to brooke,positive
89,drew_drew27,2023-03-15 23:14:48+00:00,congratulations auntie :smiling_face_with_hearteyes::smiling_face_with_hearteyes:,positive
89,hometownheritageclothing,2023-03-15 21:44:43+00:00,congratulations :two_hearts:,positive
89,anim.al5159,2023-03-15 21:07:30+00:00,promote it on virginia_fams,positive
89,simplysummerjenn,2023-03-15 21:00:20+00:00,whats a cutie congrats,positive
90,madit.70,2023-06-02 17:01:31+00:00,bella bella,neutral
90,karolinehommelstad,2023-06-01 20:48:07+00:00,where are the sunglasses from josefinehj :dizzy:,neutral
90,hannahkidi,2023-05-28 19:42:21+00:00,you just know :fire:,neutral
90,annelauremais,2023-05-28 17:18:42+00:00,:fire:,neutral
90,z.kosek,2023-05-28 15:04:16+00:00,ohhh my,neutral
90,eda.mucaj,2023-05-28 14:59:13+00:00,:fire::fire::fire:,neutral
90,martinhanssons,2023-05-28 12:34:17+00:00,:smiling_face_with_hearteyes::smiling_face_with_hearteyes:,neutral
90,siss_tam_s,2023-05-27 19:01:24+00:00,short samsoesamsoe,neutral
91,alemarullo,2023-05-26 18:10:41+00:00,you :fire:,neutral
91,silje.alice,2023-05-26 15:34:43+00:00,goddess :smiling_face_with_hearteyes::smiling_face_with_hearteyes::smiling_face_with_hearteyes:,neutral
91,carmen.cita.jones,2023-05-26 12:15:36+00:00,looooove :white_heart::white_heart::white_heart::white_heart:,neutral
91,92thestudio,2023-05-26 10:07:34+00:00,gorgeous :smiling_face_with_hearteyes::smiling_face_with_hearteyes:,positive
91,julia__kuz,2023-05-26 08:10:48+00:00,:smiling_face_with_hearteyes::smiling_face_with_hearteyes::smiling_face_with_hearteyes:,neutral
91,ioanna_pennia,2023-05-26 07:21:14+00:00,:red_heart:,neutral
91,tatuli_i,2023-05-26 06:29:53+00:00,:brown_heart::white_heart::coconut:,neutral
91,justinecassandre,2023-05-26 04:39:51+00:00,che bella :smiling_face_with_hearteyes::smiling_face_with_hearteyes:,neutral
91,ariellespring,2023-05-26 01:03:55+00:00,wow:smiling_face_with_hearteyes:,neutral
91,luana__swan,2023-05-25 22:52:19+00:00,success mostly manifest in our decision making i choose to trade with bitcoinkathy_ and i achieved 18750,positive
92,studioljos,2023-05-01 12:12:30+00:00,:fire::fire::fire::fire:,neutral
92,priestess_salomi_williams,2023-04-26 03:58:25+00:00,i see glory and blessings in you and you are destined for greatness directly from birth i have an important message for you but i will need your honest permission to proceed because your ancestors have been trying to reach you by revealing some signs to you maybe through your dreams or the repeated numbers that you normally see 2224:44111115:15 around your environment i also see your throat and sacral energy blocked so kindly reply me once you get this message with a picture of your right hand palm my dear if you want to know the message i have for you namaste :folded_hands: :dizzy:,positive
92,maritsimons,2023-04-20 20:14:01+00:00,:brown_heart:,neutral
92,anoukyve,2023-04-14 05:57:16+00:00,:black_heart::black_heart:,neutral
93,jmwheeler88,2023-06-06 18:21:28+00:00,links,neutral
93,mariainesdvs,2023-06-06 02:25:42+00:00,links,neutral
93,texas.riddles,2023-06-05 12:10:26+00:00,links,neutral
93,jsgonzalez85,2023-06-03 11:37:26+00:00,links,neutral
93,breewhorton,2023-05-31 10:43:08+00:00,that two piece set :sun::sun::sun:,neutral
93,everyday.holly,2023-06-06 18:21:41+00:00,i just messaged you the links,neutral
94,stephnadams,2023-03-15 19:54:43+00:00,dec zach my mom my dad my father in law my grandma and her twin zachs cousin,neutral
94,larissa_xoxo_larissa,2023-03-14 08:00:13+00:00,october,neutral
94,roooku.official,2023-03-14 07:36:59+00:00,you look awesome here is roooku we make activewear for women please check your dm in the requests we send you a freesending invitation,positive
94,pd203,2023-03-13 19:18:26+00:00,holy god november :loudly_crying_face: my brother my 2 nieces my twins and my wife :money_bag: :dashing_away: goes quick that month fuck november,negative
94,sweetmotherly,2023-03-13 18:59:44+00:00,gorgeous gorgeous girl:heart_on_fire:,positive
94,elizabeth_rovens,2023-03-13 18:33:09+00:00,you already know im obsessed :sparkling_heart::two_hearts:,negative
94,president_kaity,2023-03-13 18:30:22+00:00,omg is it weird that your son looks exactly like your brother in law lol,positive
94,jejarrell,2023-03-13 18:27:37+00:00,lmao that video :face_with_tears_of_joy:,positive
94,rhyancaminske,2023-03-15 19:57:38+00:00,stephnadams ohhhhh plus its christmas no way i would die,negative
94,stephnadams,2023-03-15 20:02:06+00:00,rhyancaminske its rough im poor poor during december lmao,negative
95,emilyjademccarthy,2023-03-08 22:50:44+00:00,the cutest fam :red_heart:,positive
95,momlife.of.leni.and.leo,2023-03-07 15:58:35+00:00,:smiling_face_with_hearteyes::red_heart::red_heart::red_heart:,neutral
95,whatwomenwanttoday_podcast,2023-03-07 01:54:46+00:00,what a beautiful family you have,positive
95,kajal.verma806,2023-03-06 22:04:41+00:00,promote on tampafam,positive
95,willnfl,2023-03-06 20:06:33+00:00,hyde park south tampa usf:red_heart::red_heart::red_heart:,neutral
95,sweetmotherly,2023-03-06 19:17:42+00:00,so stylish babe :smiling_face_with_hearteyes::two_hearts: obsessed with your style happy monday,positive
95,simplysummerjenn,2023-03-06 19:07:16+00:00,and that last pic is still how we sleep when away :face_with_tears_of_joy::face_with_tears_of_joy::face_with_tears_of_joy:,neutral
95,simplysummerjenn,2023-03-06 19:05:53+00:00,cutest family :red_heart:,positive
95,cajuntrader1987,2023-03-06 19:04:17+00:00,beautiful family,positive
95,rach.antonacci,2023-03-06 18:44:02+00:00,omg thats my alma mater too :red_heart::palm_tree:,neutral
96,malloryleerichardson,2023-03-02 19:40:39+00:00,:fire::fire::fire:,neutral
96,dweb464,2023-03-02 15:10:22+00:00,you in a bikini is just wow :smiling_face_with_hearteyes::smiling_face_with_hearteyes::smiling_face_with_hearteyes::smiling_face_with_hearteyes::smiling_face_with_hearteyes::smiling_face_with_hearteyes::smiling_face_with_hearteyes:,positive
96,laura.shwartz,2023-03-02 14:30:49+00:00,okay :fire::fire::fire:,positive
96,chelseaanndrysdale,2023-03-02 14:30:47+00:00,you look amazing :fire:,positive
96,karrlton,2023-03-02 14:16:53+00:00,okaaaayyy:fire::fire:,neutral
96,jakeb7490,2023-03-02 10:42:21+00:00,how much are you regretting that leg tat lol,neutral
96,courtney__jg,2023-03-02 05:35:09+00:00,okayy girrrrrllll :fire::fire:,neutral
96,rhyancaminske,2023-03-04 17:00:16+00:00,jakeb7490 only a few more laser sessions,neutral
96,jakeb7490,2023-03-06 10:51:37+00:00,rhyancaminske leave the belly button ring tho,negative
97,wiedemanntami,2023-03-01 13:18:25+00:00,awesome pictures :smiling_face_with_hearts::face_blowing_a_kiss::smiling_face_with_hearts:,positive
97,fragrancewithlindsay,2023-02-28 13:58:05+00:00,love your sunglasses where can we find:smiling_face_with_sunglasses::starstruck:,positive
97,amomoma_official,2023-02-28 08:40:18+00:00,love your content :smiling_face_with_hearteyes:we are fashion glasses brand and we sent dm to collab:red_heart: looking forward to hearing back from you :two_hearts:,positive
97,mapeter5,2023-02-28 06:08:50+00:00,did you go to crabby bills or the kooky coconut indian rocks beach is the best,positive
97,cajuntrader1987,2023-02-27 22:59:02+00:00,cute pics,positive
97,garbark1255,2023-02-27 19:20:55+00:00,:fire::fire::fire::fire::smiling_face_with_sunglasses:,neutral
97,drcarlenelink,2023-02-27 19:12:43+00:00,oh hi gorgeous,positive
97,steve2044.sd,2023-02-27 18:50:49+00:00,florida suits you,neutral
97,blushinginstyle,2023-02-27 18:27:39+00:00,your tan:fire:,neutral
97,rhyancaminske,2023-02-28 20:53:34+00:00,fragrancewithlindsay i just dmed you the link,neutral
98,michdumas,2023-02-16 22:33:20+00:00,:face_with_tears_of_joy: so cute,positive
98,sarahelizabeth7,2023-02-16 20:28:26+00:00,that last pic,neutral
98,dentsdents,2023-02-16 19:13:01+00:00,oh my gosh you are so darn pretty :smiling_face_with_hearteyes:,positive
98,radiatebeautynow,2023-02-16 19:11:58+00:00,:clapping_hands:,neutral
98,stephnadams,2023-02-16 19:07:29+00:00,at least shes not talking about turkeychicken ginies :face_with_tears_of_joy:,neutral
98,grip2u,2023-02-16 19:02:34+00:00,:growing_heart::orange_heart:,neutral
98,rhyancaminske,2023-02-19 12:13:08+00:00,sarahelizabeth7 she was so happy,positive
98,rhyancaminske,2023-02-19 12:13:19+00:00,dentsdents thank you so much,positive
99,aesistersoriginal,2023-03-03 03:19:23+00:00,we cant wait :clapping_hands::clapping_hands::clapping_hands::clapping_hands: you would look perfect in aesisters sporty outfits :fire:,positive
99,living.life.with.leah,2023-02-20 13:20:26+00:00,i need to shop these sales,neutral
99,hangasa1,2023-02-20 08:43:33+00:00,:sun_with_face::sun_with_face::sun_with_face:,neutral
99,blushinginstyle,2023-02-20 01:55:22+00:00,need this whole outfit :smiling_face_with_hearteyes:,neutral
99,wanda_n_branon,2023-02-19 23:39:19+00:00,no one is gonna be with you on the way to success because the path of success is very hard and only few can go over it so always be there for yourself and achieve your goals and dreams lisafx__trader,positive
99,famandjamdesign,2023-02-19 23:19:25+00:00,so cute,positive
99,sag_mike890,2023-02-19 23:05:21+00:00,lisa family andrew___lisa,neutral
99,_elensantos835,2023-02-19 22:10:03+00:00,never let ego stop you from truly appreciating a persons effort for it raises you a bar higher to come down and accept the fact that she has truly done something worthy of receiving credit i made 45k with the help of lisafx__trader,positive
99,radiatebeautynow,2023-02-19 21:30:32+00:00,:clapping_hands:,neutral
99,wenintexas,2023-02-19 20:51:56+00:00,yess loving this summer inspooo :sun:,positive
100,lellavictoria,2023-06-04 21:48:55+00:00,gorgeous the colour combination is :ok_hand_mediumlight_skin_tone::ok_hand_mediumlight_skin_tone:,positive
100,sarahmcgrog,2023-06-04 12:27:12+00:00,:smiling_face_with_hearteyes:,neutral
100,g_r_a_a_f,2023-06-04 10:18:32+00:00,:clapping_hands: :red_heart:,neutral
100,pop.in.its.cristina,2023-06-04 10:07:15+00:00,:smiling_face_with_hearteyes::smiling_face_with_hearteyes:,neutral
100,jamie.roberts87,2023-06-04 09:58:28+00:00,adore also love the amber ring :smiling_face_with_hearteyes:,positive
101,skb1962,2023-06-06 06:46:10+00:00,i really love this x,positive
101,jennaloha,2023-06-05 22:14:12+00:00,i dont believe youre 51 this whole time you look soooo tall :face_with_open_mouth::smiling_face_with_hearteyes:,neutral
101,antrieu,2023-06-05 21:08:53+00:00,you make clothes look so good and effortless,positive
101,claraa.frcs,2023-06-05 20:03:56+00:00,:smiling_face_with_hearteyes::smiling_face_with_hearteyes::smiling_face_with_hearteyes::smiling_face_with_hearteyes:,neutral
101,thecoolmomco,2023-06-05 20:03:35+00:00,:smiling_face_with_hearteyes:,neutral
101,monikh,2023-06-06 13:20:39+00:00,thedoctorette the wheat is stunning im putting an order in today :face_with_tears_of_joy:,positive
101,thedoctorette,2023-06-06 18:22:10+00:00,monikh i started with the white but i may end up in the same spot :seenoevil_monkey:,neutral
102,re.bornswim,2023-06-05 17:26:55+00:00,:smiling_face_with_hearteyes::smiling_face_with_hearteyes:,neutral
102,wardrobetherapy,2023-06-05 01:08:51+00:00,obsessed :smiling_face_with_hearteyes:,negative
102,leah.chelsea,2023-06-03 16:02:19+00:00,:smiling_face_with_hearteyes::smiling_face_with_hearteyes::smiling_face_with_hearteyes:,neutral
102,phoshooo,2023-06-03 10:46:33+00:00,what size did you go,neutral
102,phoshooo,2023-06-03 10:46:22+00:00,:fire:,neutral
102,joannalari,2023-06-02 13:50:15+00:00,:green_heart:,neutral
102,interioryesplz,2023-06-02 08:00:25+00:00,:green_heart::yellow_heart:,neutral
102,kianazakar,2023-06-02 07:53:16+00:00,this obsessed :herb::two_hearts:,negative
102,pilates_prescription,2023-06-01 21:16:43+00:00,love this set :raising_hands:,positive
102,wanderandlash,2023-06-01 20:57:19+00:00,love that dress :green_heart:,positive
103,charlotte_ransonx,2023-06-04 12:58:25+00:00,that outfit :smiling_face_with_hearteyes::smiling_face_with_hearteyes::smiling_face_with_hearteyes::smiling_face_with_hearteyes:,neutral
103,cylia.herbertson,2023-06-04 12:12:54+00:00,you two are :fire:,neutral
103,beije_store,2023-06-04 09:28:42+00:00,:smiling_face_with_hearteyes::smiling_face_with_hearteyes:,neutral
103,jessie_bush,2023-06-03 00:49:37+00:00,dreamboats,neutral
103,bryantsimmons,2023-06-02 23:33:42+00:00,:red_heart:,neutral
103,percy.langley,2023-06-02 14:52:26+00:00,gorgeous :green_heart::black_heart:,positive
103,the_moments,2023-06-02 13:32:35+00:00,:smiling_face_with_hearteyes:,neutral
103,lapiz_of_luxury,2023-06-02 12:16:09+00:00,my fave ladies:fire:,positive
103,star_g_rose,2023-06-02 10:07:32+00:00,my 2 faves :sparkling_heart::woman_dancing_mediumdark_skin_tone::woman_dancing_mediumlight_skin_tone::clinking_glasses:,neutral
103,camillecharriere,2023-06-02 09:00:26+00:00,the glasses,neutral
104,claraa.frcs,2023-06-05 18:09:01+00:00,ouf:red_heart::red_heart::red_heart:,neutral
104,clr_mcd,2023-06-03 17:52:45+00:00,:smiling_face_with_hearteyes::smiling_face_with_hearteyes:,neutral
104,napa.go,2023-06-03 12:09:31+00:00,:yellow_heart::black_heart::starstruck:,neutral
104,dearcarot,2023-06-02 21:39:29+00:00,love,positive
104,flavia.ippoliti,2023-06-02 11:57:35+00:00,:black_heart::black_heart::black_heart:,neutral
104,jasminemcneil01,2023-06-02 10:29:15+00:00,omg obsessed with your bag,negative
104,wardrobetherapy,2023-06-02 02:28:58+00:00,the jil sander top:drooling_face:,neutral
104,itsrashie,2023-06-01 20:17:58+00:00,wheres the rug from :smiling_face_with_hearteyes:,neutral
104,morgane_594,2023-06-01 19:22:32+00:00,wow :red_heart::red_heart:,positive
105,lalasalamashop,2023-04-14 09:09:19+00:00,where are the shoes,neutral
105,artipoppe,2023-04-03 07:36:59+00:00,art looking at art :black_heart::sparkles:,neutral
105,joewest7114,2023-04-02 17:24:49+00:00,:tulip::heart_exclamation::collision::smiling_face_with_sunglasses::heart_on_fire:,neutral
105,vestito.collected,2023-03-30 14:50:21+00:00,the blazer is so chic :white_heart:,positive
105,fabio__montedoro,2023-03-29 19:34:31+00:00,amazing :black_heart::black_heart::black_heart:,positive
105,stephaniebroek,2023-04-03 11:04:29+00:00,artipoppe :broken_heart::people_hugging:,neutral
106,miele.miele.90226,2023-06-06 19:00:13+00:00,che bella famiglia :sparkling_heart::sparkling_heart::smiling_cat_with_hearteyes::smiling_cat_with_hearteyes:,neutral
106,danebella22,2023-06-06 18:58:02+00:00,que famlia mais linda :smiling_face_with_hearteyes::red_heart::red_heart::raising_hands:,neutral
106,seoin_guk_ccc327,2023-06-06 18:39:57+00:00,stop sending me pictures if you cant open your reply to your chat,negative
106,terezaxavier,2023-06-06 18:09:18+00:00,:raising_hands::raising_hands::raising_hands::raising_hands::raising_hands::raising_hands::raising_hands::raising_hands::raising_hands::raising_hands:,neutral
106,saiharish280,2023-06-06 18:06:16+00:00,s:face_with_tears_of_joy:,neutral
106,ideiassandra,2023-06-06 17:56:47+00:00,famlia abenoada :red_heart:,neutral
106,antonio_pondi,2023-06-06 17:56:07+00:00,:red_heart:,neutral
106,cosimomarino5,2023-06-06 17:53:48+00:00,ciao chiara sei la moderatrice di fedez sul podcastchiaraferragni,neutral
106,melal_fantasy2109,2023-06-06 17:02:15+00:00,,neutral
106,anhaywardofficial,2023-06-06 16:44:52+00:00,what a beautiful family thank you for being so real:red_heart: cant wait for season 3,positive
107,robin282831,2023-06-06 19:30:15+00:00,che meravigliabeata tenoi dovremmo cambiare casama non posso permettermi nulla :crying_face:che pizza beati voi ragazzicomplimenti :hugging_face:,neutral
107,milkandrosesdubai,2023-06-06 19:29:47+00:00,:heart_with_ribbon::sparkles: waw congratulations :bottle_with_popping_cork: its so cool new adventure for your amazing family :sparkling_heart::sparkling_heart::sparkling_heart:,positive
107,silviaeppoi,2023-06-06 19:29:09+00:00,parliamo dei tuoi cargo:smiling_face_with_hearteyes:,neutral
107,priscillaminutello,2023-06-06 19:29:04+00:00,:red_heart:,neutral
107,fosbergjr.dave,2023-06-06 19:28:48+00:00,awesome :smiling_face_with_sunglasses:,positive
107,contianita79,2023-06-06 19:30:25+00:00,barbaraamericas a parte che complimenti per quello che mi ha auguratodetto ci ribadisconon mi ha spiegato il nesso,positive
107,antonella_babusci,2023-06-06 19:30:32+00:00,alyanur_m tranquilla mi terrorizzavano anche a casa mia,negative
108,martina_piskorova,2023-06-06 17:25:15+00:00,:red_heart:,neutral
108,chaniago_suku,2023-06-06 17:17:08+00:00,youre beautiful,positive
108,joewest902,2023-06-06 15:08:23+00:00,:heart_on_fire::hibiscus::collision::dizzy:,neutral
108,sevdamezzon,2023-06-06 13:02:23+00:00,:fire::fire::fire::fire::clapping_hands::clapping_hands::clapping_hands:,neutral
108,elixsm_,2023-06-06 11:17:18+00:00,:red_heart::red_heart::red_heart:,neutral
108,vincenzo.piccolo.1238,2023-06-06 10:55:20+00:00,:red_heart::red_heart::red_heart::red_heart::red_heart::red_heart::red_heart::red_heart::red_heart::red_heart::red_heart::red_heart::fire::fire::fire::fire::fire::fire::fire::fire::fire::fire::fire::fire::fire:,neutral
109,giovanniprevete,2023-06-06 19:23:28+00:00,bellissimiiiiiii complimentiiiiiiii,neutral
109,fabiogra87,2023-06-06 19:16:15+00:00,no ma fattela na foto oggi che dici,negative
109,fabiogra87,2023-06-06 19:20:32+00:00,elisa_pellattiero_79 e che posa: anni e miliardi di foto sempre con quella specie di smorfietta sulle labbra a chiaraferragni : pensate intelligente altro che libera,neutral
110,reme5854,2023-06-06 19:28:57+00:00,:red_heart:,neutral
110,ohashikazuo,2023-06-06 19:21:17+00:00,:heart_with_arrow::heart_with_arrow::heart_with_arrow::heart_with_arrow::heart_with_arrow::heart_with_arrow::heart_with_arrow::heart_with_arrow::heart_with_arrow::heart_with_arrow::red_heart::red_heart:,neutral
110,fosbergjr.dave,2023-06-06 19:21:13+00:00,nice,positive
110,mazzoccatoo,2023-06-06 19:14:48+00:00,:smiling_face_with_hearteyes: bellissima,neutral
110,aldo_buzzella,2023-06-06 19:14:00+00:00,:heart_exclamation::heart_exclamation::heart_exclamation:,neutral
110,dany2666,2023-06-06 19:03:38+00:00,che belli:red_heart:,neutral
110,danebella22,2023-06-06 18:59:21+00:00,belssima :red_heart::red_heart:,neutral
111,mlnvbr,2023-05-21 10:51:45+00:00,:smiling_face_with_hearteyes::smiling_face_with_hearteyes::smiling_face_with_hearteyes:,neutral
111,mauriziocalabromua,2023-05-19 23:05:25+00:00,:red_heart::red_heart::red_heart:,neutral
111,valerapirogova,2023-05-19 20:48:52+00:00,:fire::clapping_hands:,neutral
111,altynai2727117,2023-05-19 13:13:28+00:00,:fire::fire::fire:,neutral
111,ira_nekrashevich,2023-05-19 11:31:25+00:00,,neutral
111,fela_montparnasse_felappi,2023-05-19 11:14:41+00:00,epic,neutral
111,reginavandysheva,2023-05-19 09:29:43+00:00,maryleest wooow gorgeous :smiling_cat_with_hearteyes::red_heart::black_heart:,positive
111,mirna.zwein,2023-05-19 07:49:26+00:00,wowww what a nice shots:red_heart:,positive
111,riwa_salameh,2023-05-19 07:49:08+00:00,what a pretty woman :smiling_face_with_hearteyes:,positive
111,georgina_kfoury,2023-05-19 07:48:51+00:00,wowww what an amazing dress :smiling_face_with_hearteyes::red_heart:,positive
112,laghignaloredana,2023-06-06 19:19:13+00:00,:face_with_open_mouth::face_with_open_mouth::face_with_open_mouth::face_with_open_mouth::face_with_open_mouth::face_with_open_mouth::face_with_open_mouth::face_with_open_mouth:,neutral
112,vaduva_emilia,2023-06-06 19:18:36+00:00,ceau chiara io scrito una litera pe istagram mesaje grazie mile,neutral
112,gaelama,2023-06-06 19:13:52+00:00,chiaraferragni ma i cerotti compeed_italia hai preso perch ho preso le tue scarpe e mi fanno la mizziquatura grazie buona serata saluta fede podologa87967,neutral
113,mavinkwesiga,2023-06-06 19:29:01+00:00,:red_heart::red_heart::red_heart::red_heart::red_heart::red_heart::red_heart::red_heart::red_heart::clapping_hands::clapping_hands:,neutral
113,francocandido,2023-06-06 19:21:19+00:00,:fire::fire::fire:,neutral
113,giusdon91,2023-06-06 18:44:22+00:00,bella vita :winking_face::winking_face::beaming_face_with_smiling_eyes::kissing_face_with_closed_eyes::smiling_face_with_smiling_eyes::smiling_face_with_smiling_eyes:,neutral
113,jaroniecmarta,2023-06-06 18:33:15+00:00,:red_heart::red_heart::red_heart::red_heart:,neutral
113,saragodoy92pe,2023-06-06 19:28:14+00:00,hai sbagliato il tag,neutral
114,mmoore216,2023-06-06 11:59:05+00:00,beautiful :red_heart::red_heart::red_heart::clapping_hands::clapping_hands::clapping_hands::fire::fire::fire::smiling_face_with_hearteyes::smiling_face_with_hearteyes::smiling_face_with_hearteyes:,positive
114,lcarlosandresl,2023-06-03 04:11:06+00:00,:raising_hands::raising_hands:,neutral
114,shanlabanane,2023-05-31 06:56:36+00:00,protect indigenous and they will protect and care for the land and waters in the best way :green_heart:,positive
114,amy_loudd,2023-05-29 04:01:04+00:00,that is amazing,positive
114,hellensshileid,2023-05-24 14:10:25+00:00,:red_heart:,neutral
114,lcristianerochaa,2023-05-24 00:34:49+00:00,:red_heart:,neutral
115,,,,neutral
116,,,,neutral
117,fernandadaysma23,2023-06-06 18:23:00+00:00,family and the :two_hearts::face_blowing_a_kiss::smiling_face_with_hearteyes::red_heart:,neutral
117,eliaemanuela631,2023-06-06 18:17:24+00:00,troppo top:smiling_face_with_hearteyes::smiling_face_with_hearteyes::smiling_face_with_hearteyes::smiling_face_with_hearteyes:,neutral
117,abhisheksingh2703,2023-06-06 17:49:49+00:00,:red_heart:,neutral
117,mhmd6054,2023-06-06 16:33:07+00:00,:kiss_mark:,neutral
117,sonu2kumar199697,2023-06-06 15:57:34+00:00,very nice pic ha:red_heart::red_heart:,positive
117,hankaanka92,2023-06-06 15:39:53+00:00,:red_heart::red_heart::red_heart:,neutral
118,,,,neutral
119,,,,neutral
120,,,,neutral
121,,,,neutral
122,ameeesh.p,2023-05-17 16:51:45+00:00,mamasita:fire::syringe:,neutral
122,fela_montparnasse_felappi,2023-05-17 08:20:47+00:00,come to lapa or niteroi,neutral
122,gusarova_d,2023-05-17 01:46:36+00:00,:smiling_face_with_hearteyes:,neutral
122,kapovaalena,2023-05-16 19:21:15+00:00,:united_states::rocket:,neutral
122,anisvlasova,2023-05-16 18:26:18+00:00,:black_heart:,neutral
122,aleishakova,2023-05-16 18:24:17+00:00,wooow,neutral
122,iulloza,2023-05-16 18:23:31+00:00,:slightly_smiling_face::smiling_face_with_hearts::face_blowing_a_kiss:,neutral
122,vert.tanya,2023-05-16 18:21:54+00:00,chic,positive
122,valyamihei,2023-05-16 18:20:54+00:00,:drooling_face::drooling_face::drooling_face::drooling_face::drooling_face:,neutral
122,boykomash,2023-05-16 18:19:53+00:00,incredible,neutral
123,,,,neutral
124,stylesprinter,2023-05-20 21:54:28+00:00,:fire:,neutral
124,stylesprinter,2023-05-20 21:54:25+00:00,stunner :fire::fire::fire::fire::fire::fire:,neutral
124,rebeccalaurey,2023-05-13 18:07:13+00:00,beauty :red_heart:,positive
124,realjosimarveroni,2023-05-13 17:42:26+00:00,bela,neutral
124,sancho_2599,2023-05-13 07:55:09+00:00,:fire::fire::fire::fire::fire::fire::fire::fire:,neutral
124,roaraujopnn,2023-05-12 21:30:06+00:00,:red_heart::red_heart:,neutral
124,dermae,2023-05-12 11:44:40+00:00,looking gorgeous as always :smiling_face_with_hearteyes::two_hearts:,positive
124,nader23moghadam1,2023-05-11 20:34:34+00:00,:sun_with_face::yellow_heart:,neutral
124,fela_montparnasse_felappi,2023-05-11 18:00:27+00:00,the greatest,positive
124,lovemudnik,2023-05-11 16:48:54+00:00,,neutral
125,anya.ryabkova_,2023-05-09 15:45:34+00:00,:fire:,neutral
125,tar_heleno,2023-05-06 05:13:07+00:00,:smiling_cat_with_hearteyes::fox::smiling_cat_with_hearteyes:,neutral
125,collective.agencyla,2023-05-01 20:01:58+00:00,maryleest this outfit is giving,positive
125,hannahmariemcg,2023-04-30 18:43:33+00:00,you look so beautiful:smiling_face_with_hearteyes::smiling_face_with_hearteyes:loving this look,neutral
125,dalainatasha,2023-04-30 06:23:56+00:00,:smiling_face_with_hearteyes::smiling_face_with_hearteyes::smiling_face_with_hearteyes::smiling_face_with_hearteyes:,neutral
125,vrajavali,2023-04-30 04:38:59+00:00,,neutral
125,ninasuess,2023-04-29 19:41:06+00:00,this makes me happy :sun::sun:,positive
125,aitajva,2023-04-29 17:18:20+00:00,:smiling_face_with_hearteyes::smiling_face_with_hearteyes::smiling_face_with_hearteyes:,neutral
125,odiemebo,2023-04-29 16:53:41+00:00,beauty means possessing it you possess unparalleled beauty beautiful day for you :smiling_face_with_hearteyes::smiling_face_with_hearteyes::smiling_face_with_hearteyes::fire::fire::fire::red_heart::red_heart::red_heart:,positive
125,odiemebo,2023-04-29 16:48:08+00:00,:red_heart::red_heart:hot mama :fire::fire:,neutral
126,doses_of_trend,2023-05-22 15:18:52+00:00,so romantic look :red_heart::red_heart::red_heart:,positive
126,muscloset,2023-05-07 02:00:32+00:00,stunning,positive
126,lazarina.official,2023-05-06 03:49:57+00:00,:smiling_face_with_hearteyes::smiling_face_with_hearteyes:,neutral
126,scoutthecity,2023-05-05 18:57:23+00:00,gorgeous,positive
126,_by.arabella._,2023-05-05 17:38:02+00:00,stunning,positive
126,lovemudnik,2023-05-05 12:36:40+00:00,:smiling_face_with_hearteyes::black_heart::white_heart:,neutral
126,dia_na_yoo,2023-05-05 07:55:36+00:00,i love this style :smiling_face_with_hearteyes::red_heart:,positive
126,angy_seong,2023-05-05 07:53:01+00:00,this is absolutely amazing :clapping_hands: :smiling_face_with_hearteyes:,positive
126,adn_f,2023-05-05 07:13:07+00:00,:red_heart::red_heart::red_heart:,neutral
126,odiemebo,2023-05-05 03:32:51+00:00,maryleest you got what i need i got the feelings :face_with_tears_of_joy:,neutral
127,,,,neutral
128,,,,neutral
129,erinoffduty,2023-06-04 20:36:12+00:00,:fire::fire:,neutral
129,akuavi_,2023-05-28 06:17:21+00:00,love this look:smiling_face_with_hearteyes::smiling_face_with_hearteyes:,positive
129,amandagyllensparv,2023-05-27 08:10:38+00:00,:smiling_face_with_hearteyes::smiling_face_with_hearteyes:,neutral
129,mahala2040,2023-05-27 07:10:50+00:00,nice looking friends :red_heart::red_heart::red_heart::red_heart::red_heart::red_heart::smiling_face_with_hearteyes:,positive
129,ma_belle_bonnie,2023-05-26 22:14:00+00:00,no words stunning is not enough:smiling_face_with_hearteyes::clapping_hands::raising_hands::red_heart:,positive
129,alemarullo,2023-05-26 18:11:45+00:00,in love :smiling_face_with_hearteyes:,positive
129,misszandrastevens,2023-05-26 17:01:00+00:00,:fire::fire:,neutral
129,silje.alice,2023-05-26 15:41:37+00:00,:fire::fire::fire:,neutral
129,sosiina,2023-05-26 11:49:36+00:00,you look like a chandelier,positive
129,whatyoustyling_,2023-05-26 11:23:59+00:00,gorgeous:smiling_face_with_hearteyes::heart_suit:,neutral
130,xmy_preciousnessx,2023-05-06 05:28:18+00:00,:blue_heart::white_heart:,neutral
130,sancho_2599,2023-05-05 12:16:13+00:00,:smiling_face_with_hearteyes::smiling_face_with_hearteyes::smiling_face_with_hearteyes::smiling_face_with_hearteyes::smiling_face_with_hearteyes::smiling_face_with_hearteyes:,neutral
130,salta_biissova,2023-05-01 17:55:37+00:00,:red_heart::red_heart::red_heart::red_heart:,neutral
130,kateleeparis,2023-05-01 14:55:51+00:00,:red_heart:,neutral
130,kateleeparis,2023-05-01 14:55:38+00:00,:red_heart:,neutral
130,sydneyandavis,2023-05-01 06:52:09+00:00,let euro summer commence,neutral
130,mayabeachexperience,2023-04-30 08:54:23+00:00,:white_heart:,neutral
130,odin.stylish.me,2023-04-30 05:57:38+00:00,:fire::fire:,neutral
130,kashtanovaliz,2023-04-30 02:28:12+00:00,:fire::drooling_face:,neutral
130,jane.vityaz,2023-04-30 02:27:54+00:00,wooow wow,positive
131,yananesper,2023-05-27 11:34:30+00:00,love this natural look:smiling_face_with_hearteyes:,positive
131,mm_lilly_,2023-05-27 09:32:46+00:00,:white_heart::cherry_blossom:,neutral
131,taralouisez,2023-05-26 14:03:57+00:00,:smiling_face_with_hearteyes::smiling_face_with_hearteyes:,neutral
131,ntknyc,2023-05-25 18:04:50+00:00,:smiling_face_with_hearteyes::smiling_face_with_hearteyes::smiling_face_with_hearteyes:,neutral
131,peeterscelien,2023-05-25 17:34:07+00:00,this is a dream :sparkles:,positive
131,lea_spinella,2023-05-25 15:53:07+00:00,:smiling_face_with_hearteyes:,neutral
131,marhunt,2023-05-25 13:29:57+00:00,amazing,positive
131,julia_israel_,2023-05-25 11:56:34+00:00,:smiling_face_with_hearteyes::smiling_face_with_hearteyes::smiling_face_with_hearteyes:,neutral
131,fashiontherhappy,2023-05-24 18:51:10+00:00,vibes :fire:,neutral
131,ruyapacali,2023-05-24 18:23:00+00:00,:smiling_face_with_hearteyes::white_heart:,neutral
132,mariainesdvs,2023-06-06 02:24:38+00:00,links,neutral
132,nancylabas,2023-06-02 02:25:55+00:00,link,neutral
132,dreacelia,2023-06-01 18:49:53+00:00,links,neutral
132,the.strength.path,2023-06-01 03:50:20+00:00,links,neutral
132,caithayes_85,2023-05-31 21:43:15+00:00,links,neutral
132,everyday.holly,2023-06-06 02:24:52+00:00,i just sent you a message with the links,neutral
133,breewhorton,2023-05-31 10:47:24+00:00,all so good :sun:,positive
133,lisacpaugh,2023-05-19 21:09:02+00:00,links,neutral
133,sunitakunsang,2023-05-15 19:40:38+00:00,link,neutral
133,saskiadhrd,2023-05-13 19:33:52+00:00,links,neutral
133,everyday.holly,2023-05-19 21:09:11+00:00,i just messaged you the links,neutral
134,filomena_makeup,2023-05-25 01:52:42+00:00,:red_heart:,neutral
134,marieaimee.decuypere,2023-05-24 20:45:56+00:00,:smiling_face_with_hearteyes::smiling_face_with_hearteyes::smiling_face_with_hearteyes:,neutral
134,a_g_a_e_m,2023-05-24 18:35:36+00:00,wow,positive
134,michaelalisa,2023-05-24 17:52:35+00:00,:smiling_face_with_hearteyes::smiling_face_with_hearteyes:,neutral
134,miskyyismail,2023-05-24 17:06:21+00:00,so obsessed omg the view :smiling_face_with_hearteyes::smiling_face_with_hearteyes:,negative
134,luana__swan,2023-05-24 14:14:17+00:00,your great works have yielded many results to us and it must be reckoned so much appreciation i made 19450 bitcoinkathy_ recommendation i saw too,positive
134,silje.alice,2023-05-24 13:45:02+00:00,wow looks so beautiful:smiling_face_with_hearts:,positive
134,isabelle_kohn__,2023-05-24 13:02:18+00:00,ich bin sehr glcklich die groartigen arbeiten von obabi_spiritual zu bezeugen die mir geholfen haben meinen mann nach 5 jahren trennung zu berweisen ich ging die instagramkommentarbereiche durch als ich gute arbeiten sah und beschloss ihn zu erreichen und ihm davon zu erzhlen mein problem er verspricht mir dass er mir helfen kann die grte berraschung meines exmannes 2 tage nach seinem zauber zurckzubringen mein mann der mich in den letzten 5 jahren verlassen hat kehrt bettelnd zu mir zurck alles dank ihnen sir obabi_spiritual,negative
134,dionnekaliisa,2023-05-24 12:30:33+00:00,pretty place :smiling_face_with_hearteyes:,positive
134,stone777723,2023-05-24 12:28:57+00:00,nice photos:smiling_face_with_hearteyes::thumbs_up::smiling_face_with_sunglasses::,positive
135,gabriellecaunesil,2023-05-24 06:55:48+00:00,see you soon :red_heart:,neutral
135,florianrvt,2023-05-23 21:58:23+00:00,:fire::fire::fire:,neutral
135,linetteodgaard,2023-05-23 20:00:20+00:00,:two_hearts::two_hearts::two_hearts:,neutral
135,mario.mur,2023-05-23 18:14:26+00:00,:starstruck: :starstruck: :starstruck: :starstruck: :starstruck: :starstruck: :starstruck:,neutral
135,_jeanettemadsen_,2023-05-23 17:43:31+00:00,:smiling_face_with_hearteyes:,neutral
135,fabio__montedoro,2023-05-23 17:26:22+00:00,love,positive
135,sadeksenouci,2023-05-23 17:14:50+00:00,abonn please :red_heart:,positive
135,erikahausser,2023-05-23 16:57:59+00:00,:smiling_face_with_hearteyes:,neutral
135,silje.alice,2023-05-23 16:54:42+00:00,shades:smiling_face_with_hearteyes::black_heart:,neutral
135,miapasquino,2023-05-26 12:31:46+00:00,carmencitajones verbania lago maggiore italy,neutral
136,hannahkidi,2023-05-28 19:44:10+00:00,hope you had fun :red_heart:,positive
136,leuc4nthemum,2023-05-25 20:50:53+00:00,casa mia:loudly_crying_face::loudly_crying_face:,neutral
136,martinacaccavo,2023-05-25 20:24:56+00:00,:smiling_face_with_hearteyes::smiling_face_with_hearteyes::smiling_face_with_hearteyes:,neutral
136,farahjamay,2023-05-25 18:10:13+00:00,skirt where from,neutral
136,ntknyc,2023-05-25 18:04:04+00:00,:fire:,neutral
136,julia_israel_,2023-05-25 11:55:05+00:00,:smiling_face_with_hearteyes::smiling_face_with_hearteyes::smiling_face_with_hearteyes:,neutral
136,loesfranquinet,2023-05-25 02:05:28+00:00,love,positive
136,nninabrown,2023-05-29 16:54:54+00:00,olgastasiowska asos has one quite similar its the collusion low rise linen beach skirt in white:kissing_face_with_smiling_eyes:,negative
136,johanavergara_,2023-06-05 02:30:25+00:00,josefinehjscloset please can you tag this skirt,positive
137,lioridiamonds,2023-05-18 17:14:21+00:00,nice picture,positive
137,eskmd,2023-05-17 00:26:37+00:00,nice picture,positive
137,hhenrywells,2023-05-13 14:37:10+00:00,you have an amazing style :gem_stone:,positive
137,jelena.nyc,2023-05-11 22:19:02+00:00,all those stunning white dresses are giving me major inspiration for my wedding month looks this summer :white_heart:,positive
137,leckieroberts,2023-05-05 02:08:08+00:00,such a beautiful night :raising_hands:,positive
137,lamich.kirabo,2023-05-04 09:30:23+00:00,:red_heart::red_heart::red_heart::red_heart::red_heart:,neutral
137,simpl_nia,2023-05-04 03:18:45+00:00,beauty :smiling_face_with_hearteyes::smiling_face_with_hearteyes::smiling_face_with_hearteyes:,positive
137,yasyaa,2023-05-04 00:52:25+00:00,:fire::fire::fire::fire:,neutral
137,ul_boss,2023-05-03 22:05:47+00:00,stunner :fire:as always :smiling_face_with_hearteyes:,neutral
137,vivi__1988,2023-05-03 20:50:24+00:00,wow love it :fire:,positive
138,syousefie,2023-05-26 18:55:16+00:00,hassanzadeh :smiling_face_with_hearteyes::smiling_face_with_hearteyes::clapping_hands::clapping_hands:,neutral
138,hayedehsabouni,2023-05-22 10:10:54+00:00,our professional jewellery designer :red_heart::smiling_cat_with_hearteyes::dizzy::collision::hundred_points::clapping_hands::clapping_hands::clapping_hands::clapping_hands:,neutral
138,carolinaprezga,2023-05-20 18:46:35+00:00,:white_heart:,neutral
138,domi_verse,2023-05-20 14:05:50+00:00,amazing enjoy,positive
138,steshenkokatja,2023-05-20 10:57:09+00:00,:fire:,neutral
138,sarahjanenader,2023-05-19 16:17:09+00:00,gorgeous,positive
138,kate_vavilon,2023-05-19 13:42:15+00:00,:fire::fire::fire:,neutral
138,diana_yevdokimova,2023-05-19 12:38:39+00:00,:smiling_face_with_hearteyes::smiling_face_with_hearteyes::smiling_face_with_hearteyes::smiling_face_with_hearteyes::smiling_face_with_hearteyes::clapping_hands:,neutral
138,georgekeburia,2023-05-19 12:25:50+00:00,:heart_on_fire:,neutral
138,elcka,2023-05-19 09:43:32+00:00,:clapping_hands::clapping_hands::clapping_hands::fire::fire::fire:,neutral
139,,,,neutral
140,alexandraifborges,2023-06-06 19:28:24+00:00,:heart_suit::heart_suit::heart_suit::heart_suit:,neutral
140,franziskaelisabeth_,2023-06-06 19:26:36+00:00,love it:white_heart:,positive
140,tissiijh,2023-06-06 19:25:04+00:00,sunglasses :smiling_face_with_hearteyes::smiling_face_with_hearteyes::smiling_face_with_hearteyes:,neutral
140,outfitsbyrhi,2023-06-06 19:24:59+00:00,the baggggg:loudly_crying_face::growing_heart:,neutral
140,tiffanialvarez,2023-06-06 19:23:01+00:00,:cloud::cloud:vibeee,neutral
140,tranadeline,2023-06-06 19:22:28+00:00,in love :smiling_face_with_hearteyes::smiling_face_with_hearteyes:,positive
140,saucyvault,2023-06-06 19:19:32+00:00,we have vintage sunnies just like that too queen if youre ever in the market for more :heart_with_arrow:,positive
140,jennabmurphy,2023-06-06 19:16:27+00:00,you :bouquet: 4ever,neutral
140,paulcapecodgallagher,2023-06-06 19:16:10+00:00,:red_heart::red_heart::red_heart::red_heart::fire::fire::fire::fire::smiling_face_with_hearteyes::smiling_face_with_hearteyes::smiling_face_with_hearteyes::smiling_face_with_hearteyes::smiling_face_with_hearteyes::smiling_face_with_hearteyes::smiling_face_with_hearteyes::red_heart::red_heart::red_heart::red_heart::red_heart::red_heart::fire::fire::fire::fire::smiling_face_with_hearteyes::smiling_face_with_hearteyes::smiling_face_with_hearteyes::smiling_face_with_hearteyes::raising_hands::raising_hands::raising_hands::raising_hands::raising_hands::raising_hands::raising_hands::raising_hands::raising_hands::raising_hands::raising_hands::raising_hands::red_heart::red_heart::red_heart::red_heart::fire::fire::fire::fire::smiling_face_with_hearteyes::smiling_face_with_hearteyes::smiling_face_with_hearteyes::red_heart::red_heart::red_heart::red_heart::red_heart::fire::fire::fire::fire::smiling_face_with_hearteyes::smiling_face_with_hearteyes::smiling_face_with_hearteyes::smiling_face_with_hearteyes::clapping_hands::clapping_hands::clapping_hands::clapping_hands::clapping_hands::clapping_hands::clapping_hands::clapping_hands::clapping_hands::clapping_hands::clapping_hands::clapping_hands::clapping_hands::clapping_hands::clapping_hands::clapping_hands::clapping_hands:,neutral
141,,,,neutral
142,emiliejlofmark,2023-06-06 18:51:42+00:00,beutiful matildadjerf your soul and feed is just amazing:smiling_face_with_hearteyes:,neutral
142,tess.stritt,2023-06-06 18:19:13+00:00,ur my bae,neutral
142,jajkosadzone,2023-06-06 17:48:47+00:00,:two_hearts:,neutral
142,zineb_beniz09,2023-06-06 16:52:51+00:00,:red_heart::red_heart:,neutral
142,b.ela.d,2023-06-06 16:10:57+00:00,what jacket is this,neutral
142,matildadjerfangel,2023-06-06 15:38:34+00:00,love youuuuu,positive
142,tiffanialvarez,2023-06-06 15:12:11+00:00,:smiling_face::cloud::cloud:,neutral
142,rebecca.wallace11,2023-06-06 15:05:26+00:00,:smiling_face_with_hearteyes::smiling_face_with_hearteyes::smiling_face_with_hearteyes::smiling_face_with_hearteyes:,neutral
142,nilii6370,2023-06-06 14:57:00+00:00,collabdm rvgeshoes_official:unicorn::white_heart:,neutral
143,,,,neutral
144,himandidilanya,2023-06-06 13:58:21+00:00,:red_heart::red_heart::red_heart::red_heart:,neutral
144,_govind_singh_38,2023-06-06 10:24:55+00:00,hi,neutral
144,definatelynotalli,2023-06-05 07:38:30+00:00,absolutely gorgeous :crying_face::two_hearts:,positive
144,louisamarie_ney,2023-06-05 04:55:11+00:00,:red_heart:,neutral
144,joanabbessa,2023-06-04 22:40:05+00:00,:smiling_face_with_hearteyes::smiling_face_with_hearteyes:,neutral
144,yr143_,2023-06-04 19:58:48+00:00,:red_heart::raising_hands::fire::clapping_hands::smiling_face_with_hearteyes::face_with_open_mouth:,neutral
144,carlotapitarch,2023-06-04 19:06:20+00:00,perfect,positive
145,lolachanel5,2023-06-06 18:42:54+00:00,angel :white_heart::white_heart:,neutral
145,savasana.dk,2023-06-06 17:31:01+00:00,beautiful :white_heart:,positive
145,vntg_studio,2023-06-06 15:13:09+00:00,:smiling_face_with_hearteyes:,neutral
145,ohheynina,2023-06-06 14:38:53+00:00,glowinggg,neutral
145,soflionr,2023-06-06 13:50:25+00:00,whats the name of the bag,neutral
145,floresjames770,2023-06-06 11:27:44+00:00,:red_heart::red_heart::red_heart::red_heart::red_heart::red_heart:,neutral
145,sellpy,2023-06-06 09:15:25+00:00,:blue_heart::blue_heart:,neutral
145,jvliad,2023-06-06 08:40:01+00:00,:smiling_face_with_hearteyes::smiling_face_with_hearteyes:,neutral
145,lisaherrmnn,2023-06-06 06:42:02+00:00,love it so much :yellow_heart:,positive
145,amareldallukaj,2023-06-06 01:00:55+00:00,:cherries::white_heart::love_letter:,neutral
146,apodaca4758,2023-06-06 16:42:03+00:00,:smiling_face_with_sunglasses::brown_heart::backhand_index_pointing_up::white_heart:bff:white_heart::smiling_face_with_sunglasses:,neutral
146,lugalamav,2023-06-05 18:10:02+00:00,i trust in god amen :folded_hands::folded_hands::folded_hands::folded_hands:,positive
146,knittinghouse35,2023-06-05 17:41:57+00:00,,neutral
146,oceanblu.23,2023-06-05 17:06:46+00:00,:red_heart:,neutral
146,nasem_rize,2023-06-05 16:41:28+00:00,:heart_on_fire::drooling_face::kiss_mark:,neutral
146,padouano,2023-06-05 13:55:12+00:00,love the shoes and legs shot,positive
146,allyssonlacharite,2023-06-05 00:59:51+00:00,joellestg_ non mais on laime tu ce chien,neutral
146,rtycsm999,2023-06-04 13:49:56+00:00,promote chinese culture if you like chinese porcelain chinese tea you can contact me,positive
146,bahar.deana,2023-06-04 13:44:53+00:00,beauty,positive
147,vasesbyfinn,2023-06-04 03:40:18+00:00,iconic :raising_hands::raising_hands::raising_hands:,neutral
147,etoile_luxury_vintage,2023-06-03 08:37:33+00:00,:sparkling_heart::sparkling_heart::sparkling_heart::cherry_blossom:,neutral
147,ana.da.rocha,2023-06-02 18:31:38+00:00,strawberries :yellow_heart:,neutral
147,annettedsowders,2023-06-02 13:21:12+00:00,this pattern is back:smiling_face_with_hearteyes: :strawberry:,neutral
147,elkebonhof,2023-06-02 12:12:52+00:00,loveeeee:red_heart:,neutral
147,yahir.fernandoa,2023-06-01 21:52:26+00:00,i have a great proposal for you we talk by dm please matildadjerf,positive
147,samira.vvv,2023-06-01 20:11:59+00:00,absolute bliss :sparkles:,positive
147,ellliemclaughlin,2023-06-01 18:42:01+00:00,where are the spoons from,neutral
147,julia_israel_,2023-06-01 17:23:34+00:00,:smiling_face_with_hearteyes::smiling_face_with_hearteyes::smiling_face_with_hearteyes:,neutral
148,,,,neutral
149,,,,neutral
150,mariannashults,2023-06-06 18:38:45+00:00,the greatest :red_heart:,positive
150,entupiellingerie,2023-06-03 16:41:35+00:00,queeniuuueee :fire:,neutral
150,hautemona,2023-06-03 13:04:43+00:00,gorg :red_heart:,neutral
150,matildadjerfangel,2023-06-03 06:30:15+00:00,this barbie is an angel,neutral
150,raea_pansch,2023-06-02 15:16:30+00:00,your dress is sooo beautiful,positive
150,limex.indalesio,2023-06-02 05:36:24+00:00,:sparkle: excitante :sparkle:,neutral
150,truthful_suzi_2023,2023-06-01 13:22:21+00:00,:face_with_tears_of_joy::face_with_tears_of_joy::face_with_tears_of_joy::face_with_tears_of_joy::face_with_tears_of_joy: grandma pijama outside jesus how stupid,negative
150,chloe.edmonds,2023-06-01 09:54:19+00:00,my queen :heart_with_ribbon:,neutral
151,,,,neutral
152,boie_sbab_sck,2023-06-06 19:30:59+00:00,le :cherries:,neutral
152,morabito897,2023-06-06 19:29:16+00:00,che bel piede,neutral
152,e.t.724,2023-06-06 19:28:09+00:00,ripeto bellissima ma senzs troppi tatuaggi e apparizioni continue seminuda,neutral
152,marcobijoux,2023-06-06 19:28:03+00:00,arrivo :face_with_tears_of_joy::face_with_tears_of_joy:,neutral
152,la_yaya83,2023-06-06 19:30:30+00:00,andreamazzanti92 inutile che ci provi sei in torto tu e la situazione non cambia :face_with_tears_of_joy:,neutral
153,bipty.fashionrental,2023-06-05 19:22:55+00:00,rufus always stealing the show,negative
153,musakamand,2023-06-04 08:06:03+00:00,:red_heart::red_heart::red_heart::red_heart:,neutral
153,davodoveys29,2023-06-03 06:06:23+00:00,:red_heart:,neutral
153,pintu_design,2023-06-03 05:58:28+00:00,we would love to send rufus a new outfit :dizzy: pls check your dms :smiling_face_with_hearts:,positive
153,throat.goatx,2023-06-02 22:57:03+00:00,:smiling_face_with_hearteyes::red_heart::red_heart:,neutral
153,spjdg5,2023-06-02 19:26:13+00:00,hi matilda :red_heart: would you mind sharing where your beautiful earrings are from love,positive
154,hautemona,2023-06-03 13:04:52+00:00,:white_heart::sparkles::sun_with_face:,neutral
154,monicastubbins,2023-05-31 01:51:33+00:00,bel_cuth,neutral
154,victoireswardrobe,2023-05-30 13:00:24+00:00,the shooeeees:tired_face::tired_face::smiling_face_with_hearteyes:,neutral
154,shopbebinca,2023-05-30 08:49:01+00:00,love it :brown_heart:,positive
154,baliblackbook.official,2023-05-30 03:52:47+00:00,gorgeous :black_heart:,positive
154,_michalkorda,2023-05-29 16:27:00+00:00,:fire:,neutral
154,svan.victor,2023-05-29 15:49:40+00:00,:smiling_face_with_hearts::starstruck::smiling_face_with_hearts::starstruck::smiling_face_with_hearts:,neutral
154,silje.alice,2023-05-29 15:10:43+00:00,boss lady:smiling_face_with_hearteyes::fire::white_heart:,neutral
154,ncarballeira35,2023-05-29 13:08:42+00:00,:smiling_face_with_hearteyes::smiling_face_with_hearteyes::smiling_face_with_hearteyes::smiling_face_with_hearteyes:,neutral
155,gem.tableware,2023-06-05 14:36:09+00:00,your a gem:grapes::medium_skin_tone:,neutral
155,akreomasaliu,2023-06-05 01:32:29+00:00,:smiling_face_with_hearteyes::smiling_face_with_hearteyes::smiling_face_with_hearteyes:,neutral
155,musakamand,2023-06-04 08:06:15+00:00,:red_heart::red_heart::red_heart::red_heart:,neutral
155,lisatreuter,2023-06-01 11:51:03+00:00,:smiling_face_with_hearteyes:,neutral
155,lea_spinella,2023-06-01 10:36:09+00:00,:smiling_face_with_hearteyes::smiling_face_with_hearteyes:,neutral
155,juliebrde,2023-06-01 09:45:12+00:00,the most stunning dress on the most stunning angel,positive
155,lenaa.geissler,2023-05-31 12:39:12+00:00,iconic look babe :smiling_face_with_hearteyes:,neutral
155,i_vanavt,2023-05-31 09:07:33+00:00,:smiling_face_with_hearteyes:,neutral
155,jules.kae,2023-05-30 19:50:01+00:00,:clapping_hands::clapping_hands::clapping_hands::clapping_hands:,neutral
155,baliblackbook.official,2023-05-30 03:52:37+00:00,we love this :black_heart:,positive
156,vasesbyfinn,2023-06-04 03:41:30+00:00,your page is mwah :raising_hands:,positive
156,kenzaitsidi,2023-05-31 12:34:39+00:00,where ur sunglasses from,neutral
156,bahar.deana,2023-05-30 09:02:05+00:00,yessss:smiling_face_with_hearteyes:,neutral
156,mvstudioas,2023-05-29 06:46:01+00:00,:smiling_face_with_hearteyes::smiling_face_with_hearteyes:,neutral
156,martamasalias,2023-05-28 16:18:22+00:00,literally an icon,neutral
156,foreverlovewilfrid,2023-05-27 13:16:57+00:00,:fire::fire::fire:,neutral
156,_gina.gales,2023-05-26 17:49:52+00:00,this is so cute :smiling_face_with_hearteyes:,positive
156,margaret_reynolds3644,2023-05-26 15:54:24+00:00,while waiting for your salary why not start trading with _cryptozoid511,neutral
156,giulio_cattaneo828,2023-05-26 15:47:50+00:00,while waiting for your salary why not start trading with _cryptozoid511,neutral
156,thomsonsmith2778,2023-05-26 15:37:28+00:00,having positive mindset is key profited over 55k few weeks through the help of _cryptozoid511,positive
157,davidersent,2023-05-21 20:33:37+00:00,congrats:clapping_hands::clapping_hands::clapping_hands::fire:,neutral
157,dewiroberts50,2023-05-05 00:01:30+00:00,use use use,neutral
157,sahararajabii,2023-03-28 12:54:33+00:00,:smiling_face_with_hearteyes::red_heart:,neutral
157,muslih_el_papel,2023-03-03 10:41:44+00:00,:fire::fire::fire::fire:,neutral
157,andrea_17_954,2023-02-23 00:15:58+00:00,:red_heart::red_heart::red_heart::red_heart::red_heart:,neutral
157,mmab_bm,2023-02-10 14:26:14+00:00,:fire::fire::fire:,neutral
157,alex_samarelli,2023-01-27 20:55:31+00:00,:clapping_hands::fire:,neutral
157,joseluisrodriguezalmanzar,2023-01-14 02:54:43+00:00,:raising_hands::crown::crown::crown::raising_hands:,neutral
157,soheila_dgh_,2023-01-12 10:50:11+00:00,you are full of love :red_heart:,positive
157,joann.kinsella,2023-01-09 09:01:57+00:00,:clapping_hands::clapping_hands::clapping_hands:,neutral
158,desmondanddempsey,2023-06-01 14:26:01+00:00,:red_heart:,neutral
158,pennygoldstone,2023-06-01 13:22:19+00:00,the little hand,positive
158,eve_caro_wing,2023-05-31 19:36:42+00:00,best closet ever real life love it,positive
158,szabosihag,2023-05-31 17:33:48+00:00,:red_heart:,neutral
158,lizzieward,2023-05-31 10:54:50+00:00,her little hand,positive
158,sourcerie.co,2023-05-31 08:20:28+00:00,that jumpsuit :sun_with_face::orange_heart::face_with_open_mouth:,neutral
158,thesilverkat,2023-05-30 21:43:18+00:00,:orange_heart::orange_heart::orange_heart::orange_heart:,neutral
158,sandrapnferreira,2023-05-30 21:17:41+00:00,:smiling_face_with_hearteyes:,neutral
158,shaliniacharyaofficial,2023-05-30 19:53:03+00:00,the third shot :smiling_face_with_hearteyes:,neutral
159,laclair_jewelry,2023-06-01 15:52:59+00:00,love your outfit,positive
159,enzhi_style,2023-06-01 08:04:17+00:00,:smiling_face_with_hearteyes:,neutral
159,enzhi_style,2023-06-01 08:03:59+00:00,:fire:,neutral
159,elisabethbertelmann,2023-05-31 15:44:04+00:00,what beautiful look :deciduous_tree:,positive
159,caseyashwin,2023-05-31 11:04:11+00:00,hello monikh are all your rings alighieri,neutral
159,lettres_d_or,2023-05-31 08:00:06+00:00,love your style :brown_heart::green_heart:,positive
159,isewarrior,2023-05-29 20:04:58+00:00,this green :green_heart:,neutral
159,morgane_594,2023-05-29 17:00:17+00:00,jadore :red_heart::red_heart:,neutral
160,lizabs16,2023-05-29 21:04:26+00:00,its sooo good and the little bag you get free with first order is :raising_hands_light_skin_tone:,positive
160,lstevensonpr,2023-05-29 19:44:09+00:00,:red_heart::red_heart:,neutral
160,jethashafraz,2023-05-29 16:36:11+00:00,would you be able to tag the colours used in the three products please,positive
160,julieestcourt,2023-05-29 14:46:47+00:00,they are great im also loving isewarrior :white_heart:,positive
160,lu.pvrodrigues,2023-05-29 14:36:07+00:00,monikh would you tell me the lipstick colour thank you :smiling_face_with_hearts:,positive
160,nikia.nikiaa,2023-05-29 12:30:38+00:00,yes amazing products :red_heart:,positive
160,leightaylordesigns,2023-05-29 09:36:30+00:00,beauty :red_heart:,positive
160,aneezasiddiqui,2023-05-29 09:06:02+00:00,where do you get it in the uk,neutral
160,iselinkvalvik,2023-05-29 09:00:02+00:00,stunning:smiling_face_with_hearteyes::smiling_face_with_hearteyes:,neutral
160,sonyasofasophico,2023-05-29 08:58:40+00:00,:smiling_face_with_hearteyes:,neutral
161,maellekervran,2023-06-06 18:59:50+00:00,:smiling_face_with_hearteyes::smiling_face_with_hearteyes:,neutral
161,chelsea_vonmach,2023-06-05 16:29:26+00:00,i will be doing my best to copy this,positive
161,beauteactive,2023-06-05 10:37:14+00:00,beauty :red_heart:,positive
161,kyanavlsco,2023-06-04 01:00:35+00:00,love your style:smiling_face_with_hearteyes:,positive
161,ilonaszemecko,2023-06-03 19:51:33+00:00,:red_heart:,neutral
161,napa.go,2023-06-03 12:09:41+00:00,:white_heart::black_heart::top_arrow:,neutral
161,jasminemcneil01,2023-06-02 14:04:48+00:00,such a cute outfit :smiling_face_with_hearteyes:,positive
161,marieaimee.decuypere,2023-06-02 13:58:30+00:00,wowww :smiling_face_with_hearteyes::smiling_face_with_hearteyes::smiling_face_with_hearteyes:,neutral
161,yuliyashvinhelskaya,2023-06-02 02:05:42+00:00,i loooove this,neutral
161,sandraromero,2023-06-01 20:19:57+00:00,love the top :white_heart:,positive
162,,,,neutral
163,hellebaungaardnielsen,2023-06-04 08:14:45+00:00,monikh what size trousers are you wearing looks so good:sparkles:,neutral
163,rozenbroekmade,2023-06-01 08:23:02+00:00,love everything here :smiling_face_with_hearteyes:,positive
163,closeyoureyesbutterfly,2023-06-01 06:58:28+00:00,can i pledge ask what colour your dragon diffusion nantrucket bag is thanks dark brown its fab,positive
163,ryleecambria,2023-05-30 16:13:17+00:00,so much inspo :sparkling_heart:,neutral
163,morgane_594,2023-05-29 17:00:07+00:00,wow :red_heart::red_heart:,positive
163,anj_mckenna,2023-05-29 06:19:39+00:00,ooh i love a nice wafting trouser mine always end up black or khaki where are those beauties from :grinning_face::grinning_face:,positive
163,barbaramalewicz,2023-05-28 12:22:18+00:00,love everything,positive
163,closeyoureyesbutterfly,2023-06-01 17:05:39+00:00,thanks very much,positive
164,giulia.rizzardi,2023-06-06 19:24:50+00:00,_serenaa_ concordo,neutral
165,ayan_javadzade,2023-05-28 13:48:53+00:00,:cherry_blossom::cherry_blossom::slightly_smiling_face:,neutral
165,softtouchby_yaelg,2023-05-24 06:38:02+00:00,:smiling_face_with_hearteyes::smiling_face_with_hearteyes::smiling_face_with_hearteyes:,neutral
165,littlefashbird,2023-05-23 22:55:44+00:00,loved seeing you :light_skin_tone::spiral_shell:,positive
165,lindseyholland_,2023-05-23 21:08:58+00:00,:smiling_face_with_hearteyes:,neutral
165,lindseyholland_,2023-05-23 21:08:58+00:00,:smiling_face_with_hearteyes:,neutral
165,yarayogart,2023-05-23 20:22:29+00:00,beautiful smile :smiling_face_with_smiling_eyes:,positive
165,lizzieward,2023-05-23 20:10:25+00:00,so lovely to have you :red_heart::red_heart:,positive
166,oceanalwayseri,2023-06-05 23:22:55+00:00,now thats a great look:raising_hands:,positive
166,the_padideh,2023-04-26 05:24:37+00:00,bebe:red_heart:,neutral
166,downeymagda,2023-04-22 02:04:18+00:00,:smiling_face_with_hearteyes::smiling_face_with_hearteyes::smiling_face_with_hearteyes::smiling_face_with_hearteyes:,neutral
166,adelhoudrouge67,2023-04-02 01:29:41+00:00,la bandiera di dolce gabbana grande david :fire::fire::fire:,neutral
166,valissayoe,2023-03-22 14:36:04+00:00,:fire:,neutral
166,soba_niak,2023-02-16 09:15:03+00:00,:fire::fire::fire:,neutral
166,abrenlacasa,2023-02-04 02:08:28+00:00,what a great look i have an offer for you that you might be interested in send me a message and ill explain what its about,positive
166,joseluisrodriguezalmanzar,2023-01-14 02:52:25+00:00,:raising_hands::smiling_face_with_hearteyes::smiling_face_with_hearteyes::smiling_face_with_hearteyes::clapping_hands::clapping_hands::clapping_hands:,neutral
167,neiroa1972,2023-06-06 19:07:20+00:00,excelente puedo ser su modelo,neutral
167,renatozironda,2023-06-06 17:19:50+00:00,:clapping_hands::clapping_hands::clapping_hands::clapping_hands::clapping_hands::clapping_hands::clapping_hands::clapping_hands::clapping_hands::clapping_hands::clapping_hands::clapping_hands::clapping_hands::clapping_hands::clapping_hands::clapping_hands::clapping_hands::clapping_hands::clapping_hands::clapping_hands::clapping_hands::clapping_hands::clapping_hands::clapping_hands::clapping_hands::clapping_hands::clapping_hands::clapping_hands:,neutral
167,gokulsarvesh9,2023-06-06 16:42:37+00:00,super,positive
167,zain.salam,2023-06-06 15:52:08+00:00,:red_heart::red_heart::red_heart::red_heart::red_heart::raising_hands::fire::fire::fire::fire::fire:,neutral
167,knutssonmora,2023-06-06 14:41:35+00:00,a me sorprendono le note stonate di paola e chiara o mi sbaglio :face_with_tears_of_joy: saranno i cori di sottofondoma audio terribile la ferragni stupenda :face_blowing_a_kiss:,neutral
167,ale.visionaria,2023-06-06 14:35:33+00:00,quindialla fine linfluecer di punta la regina elisabettala mise rosa confettopoi quella azzurra eccecc:flushed_face:,positive
167,sajansajan177,2023-06-06 13:18:56+00:00,:red_heart:,neutral
167,jabermalekzadeh_1968,2023-06-06 13:18:43+00:00,:red_heart::red_heart::red_heart::red_heart::red_heart::red_heart::red_heart::red_heart::red_heart:,neutral
168,mhmd6054,2023-06-06 16:33:26+00:00,:red_heart::red_heart::fire:,neutral
168,vincenzo.piccolo.1238,2023-06-06 16:17:09+00:00,ciao tesoro sei bellissima,neutral
168,jabermalekzadeh_1968,2023-06-06 13:19:08+00:00,:red_heart::red_heart::red_heart::red_heart::red_heart::red_heart::red_heart::red_heart::red_heart::red_heart::red_heart:,neutral
168,ishurana_359,2023-06-06 13:08:49+00:00,cute si :baby: beby,positive
168,andrea_maria_tourino_19,2023-06-06 12:50:32+00:00,:red_heart::red_heart::red_heart::red_heart::red_heart::red_heart::red_heart:,neutral
168,samolsorensoren,2023-06-06 12:46:48+00:00,:red_heart::red_heart::red_heart::red_heart::red_heart:,neutral
168,zoelazziniii,2023-06-06 19:12:59+00:00,_victory_love penso che tu sia una grande donna bravaaaaaaa,neutral
168,zoelazziniii,2023-06-06 19:16:39+00:00,sunsetbeach235 quindi fare la mamma vuol dire saper cucinare complimenti per il messaggio che hai mandato forse i figli li dovrebbero togliere a te non sei degna di essere chiamata donna,negative
169,liza.niles,2023-05-25 00:38:14+00:00,monikh beautiful dress but are you ok weight loss seems to continue and concerningdistracting hope you feel good,positive
169,thousandfibres,2023-05-24 19:15:49+00:00,gorgeous,positive
169,curateandrotate,2023-05-24 18:58:56+00:00,dreammmmmmy,neutral
169,studio__deja,2023-05-24 16:54:00+00:00,this colour combo :smiling_face_with_hearteyes::smiling_face_with_hearteyes:,neutral
169,millysanders81,2023-05-24 16:17:11+00:00,super elegant doesnt look sheer,positive
169,hannahlouisef,2023-05-24 12:32:37+00:00,perfect dress,positive
169,taarasajnani,2023-05-24 12:30:33+00:00,this,neutral
169,yanajoli,2023-05-24 11:23:19+00:00,:red_heart::red_heart::red_heart:,neutral
169,theurbanwalker,2023-05-24 10:24:19+00:00,so the bag is leather not straw :face_with_open_mouth:,neutral
169,thelondonchatter,2023-05-24 09:41:40+00:00,love,positive
170,monicalaprave,2023-06-06 16:50:27+00:00,due :star: che brillano wow,positive
170,mhmd6054,2023-06-06 16:34:16+00:00,:kiss_mark::red_heart:,neutral
170,aq_b498,2023-06-06 15:35:22+00:00,:smiling_face_with_hearts::index_pointing_up:,neutral
170,wagne.netto,2023-06-06 15:19:06+00:00,modeuso me :smiling_face_with_hearteyes::smiling_face_with_hearteyes::smiling_face_with_hearteyes:,neutral
170,luizcarlosferreira289,2023-06-06 15:09:37+00:00,quei bambini e il viso dangelo sembrano lucidi come quello della bella madre di mas :face_with_open_mouth:,neutral
170,michaelwright95722022,2023-06-06 14:21:22+00:00,:red_heart::red_heart::red_heart::red_heart::red_heart:,neutral
170,umarfaruk2000,2023-06-06 14:18:01+00:00,:red_heart::red_heart::red_heart::red_heart::red_heart:,neutral
170,andrea_maria_tourino_19,2023-06-06 12:52:37+00:00,dos princesas :red_heart::red_heart:,neutral
170,ribasm,2023-06-06 12:09:27+00:00,beyond cute :red_heart::red_heart:,positive
170,sicatiberio,2023-06-06 12:01:06+00:00,sei bellissima :smiling_face_with_hearteyes::smiling_face_with_hearteyes:,neutral
171,sbrullino,2023-06-06 18:18:42+00:00,bello il piede naked senza smalto,neutral
171,jabermalekzadeh_1968,2023-06-06 13:18:56+00:00,:red_heart::red_heart::red_heart::red_heart::red_heart::red_heart::red_heart::red_heart::red_heart::clapping_hands::clapping_hands::clapping_hands::clapping_hands::clapping_hands::clapping_hands::clapping_hands:,neutral
171,vincenzo.piccolo.1238,2023-06-06 10:56:54+00:00,ciao cara sei figa sei bella sei una fotomodella: sei splendida hai un corpo stupendo sei una sirenetta: ti mando un grande bacio,neutral
171,ashqisadiq,2023-06-06 10:37:03+00:00,:smiling_face_with_hearteyes::red_heart:,neutral
171,massysick,2023-06-06 10:33:03+00:00,:raising_hands:speriamo in una collaborazione con una marca di intimo almeno un reggiseno lo metti :woozy_face::woozy_face::woozy_face::woozy_face:,neutral
171,ganeskasota,2023-06-06 10:32:57+00:00,kxmgxxh,neutral
172,drameabdourahmane2000,2023-06-06 10:15:32+00:00,sei bellissima :red_heart::red_heart:,neutral
172,enric8avo,2023-06-06 09:13:21+00:00,gli occhiali se li prendete dai vu cumpr sono migliori di questi,neutral
172,dicostatiziana,2023-06-06 04:19:09+00:00,ha aperto un chiringhito :grinning_face_with_sweat:,positive
172,5xanadu5,2023-06-06 12:41:22+00:00,shaby__b le ragazzine obbligano i genitori ma davvero si a questi livelli,neutral
173,lolart1966,2023-06-06 18:26:30+00:00,:red_heart::red_heart:,neutral
173,jena_sontosh,2023-06-06 18:12:31+00:00,:clapping_hands::clapping_hands::clapping_hands::clapping_hands::clapping_hands:,neutral
173,aycoo_410z2,2023-06-06 14:10:55+00:00,:red_heart::red_heart::red_heart::red_heart::red_heart::red_heart::red_heart::red_heart::red_heart:,neutral
173,andrea_maria_tourino_19,2023-06-06 12:51:46+00:00,felicidades hermosa pareja :sparkling_heart::sparkling_heart:,neutral
173,samolsorensoren,2023-06-06 12:47:13+00:00,:red_heart::red_heart::red_heart::red_heart:,neutral
173,mazeroni_seda.music,2023-06-06 12:35:15+00:00,:fire::fire::fire::fire::red_heart::red_heart::red_heart:,neutral
173,alwaystoghether2,2023-06-06 12:12:59+00:00,coi soldi pure fedez diventa bello,neutral
174,hanikhan2907,2023-06-06 15:45:54+00:00,you are beautiful nice luck,positive
174,mazzarosamary,2023-06-06 10:55:57+00:00,si ha ci che si merita si ha ci che si riesce costruire la fortuna non centra null con il volere,positive
174,mazzarosamary,2023-06-06 10:54:51+00:00,invidia r cattiveria abbondano dalle bocche dellinvidia,neutral
174,mazzarosamary,2023-06-06 10:54:01+00:00,devo dire che molte persone scrivono tante di quelle cavolate non sapevo ci fossero tante saponette in giro,negative
174,rickvega48,2023-06-06 10:51:23+00:00,very nice,positive
174,thegangstarsboss,2023-06-06 10:30:08+00:00,,neutral
174,bourahlakhaled,2023-06-06 10:07:23+00:00,very nicely look its amazing thank you lovely for your posting enjoy your day khaled from nantes france :red_heart:,positive
174,franco_bello_69,2023-06-05 22:25:17+00:00,ma chi ti veste :face_with_open_mouth::face_with_open_mouth:,neutral
175,jwmas._,2023-06-06 17:44:22+00:00,dolcezza:red_heart::red_heart::red_heart::red_heart::red_heart::red_heart::red_heart::red_heart::red_heart::red_heart::red_heart::red_heart::red_heart::red_heart::red_heart::red_heart::red_heart::red_heart::red_heart::red_heart::red_heart::red_heart::red_heart::red_heart::red_heart::red_heart::red_heart::red_heart::red_heart::red_heart:,neutral
175,behnam_4225__perspolis,2023-06-06 16:34:29+00:00,:rose::rose::rose::rose::rose::rose::rose::rose::rose::rose::rose::rose::rose::rose:,neutral
175,_liilii____,2023-06-06 13:20:34+00:00,his eyes:smiling_face_with_hearteyes::smiling_face_with_hearteyes::smiling_face_with_hearteyes:,neutral
175,andrea_maria_tourino_19,2023-06-06 12:52:59+00:00,eres muy encantador :raising_hands::red_heart:,neutral
175,maky_medina,2023-06-06 12:31:25+00:00,es igual que el padre pero rubio y con ojos azules,neutral
175,_pedr_4444,2023-06-06 11:31:52+00:00,chi lariu,neutral
175,evanna_g_gr,2023-06-06 11:17:01+00:00,tutto sua bisnonna nonna di fedez,neutral
175,mary_pask_capellopoint,2023-06-06 10:12:44+00:00,a dir poco stupendo leo diventa ogni giorno pi bello proprio come la sua mamma e pap :smiling_face_with_hearts::red_heart:,neutral
175,rosariacolletti,2023-06-06 08:55:08+00:00,bellissimo,neutral
175,marianpappaa,2023-06-06 08:24:47+00:00,i understand the fact that your children will be your successors in your business so they have to be specially eduacated for it however being exposed to social media so much and exposing your personal life too is a decision that each and everyone of us has to take for themselves exclusively as a result exposing my minor childrens every day life minute by minute on instagram and tic toc just to promote my business and increase my number of followers is a torally wrong practise because firstly i do not take into account their opinion in the matter since they are too small to talk on the matter and evaluate its pros and cons and secondly when having such a large number of followers it is practically not humanly possible to know all of them and their intentions for following my profile it is therefore also dangerous to expose my childs pictures from the beach from the house from when taking a bath etc to so many millions of people whose intentions i do not really know,negative
176,patine,2023-05-12 13:31:03+00:00,hi jules love your style the cardigan is so beautiful would you share who made it,positive
176,montanarosebrown1,2023-05-11 13:07:02+00:00,i am copying this outfit you look bloody fantastic :smiling_face_with_hearteyes::smiling_face_with_hearteyes:,positive
176,bellachristensenn,2023-05-10 01:55:09+00:00,ive been thinking about this sweater for a week and desperately need it,negative
177,zamiasyakilla,2023-06-06 11:02:28+00:00,these photos are too cute :pleading_face::smiling_face_with_hearts:,positive
177,musakamand,2023-06-04 08:19:52+00:00,:red_heart::red_heart::red_heart::red_heart::red_heart::red_heart::red_heart::red_heart:,neutral
177,nina_giesen,2023-05-24 22:09:33+00:00,:smiling_face_with_hearteyes::smiling_face_with_hearteyes::smiling_face_with_hearteyes::smiling_face_with_hearteyes:,neutral
177,linda_isabel_,2023-05-24 07:14:58+00:00,which size are you wearing here in the jeans :smiling_face_with_smiling_eyes:,neutral
177,jules.kae,2023-05-22 14:59:25+00:00,:red_heart::red_heart::smiling_face_with_hearteyes::smiling_face_with_hearteyes:,neutral
177,helenahelen159,2023-05-22 10:24:48+00:00,:smiling_face_with_hearteyes:,neutral
177,helenahelen159,2023-05-22 10:24:47+00:00,:red_heart:,neutral
178,vacationv_,2023-06-05 05:51:28+00:00,pretty :smiling_face_with_hearteyes:,positive
178,gevenlie,2023-06-04 21:54:09+00:00,:red_heart::red_heart::red_heart::red_heart:,neutral
178,louiphy,2023-06-03 00:10:23+00:00,alina_bre,neutral
178,alyona.andreyevna,2023-06-02 15:38:39+00:00,:smiling_face_with_hearteyes::smiling_face_with_hearteyes::smiling_face_with_hearteyes::smiling_face_with_hearteyes:,neutral
178,blackmeatdaddy9.0,2023-05-29 15:16:29+00:00,:spade_suit::rabbit::rabbit_face::rabbit::spade_suit:,neutral
178,etrehealth,2023-05-29 01:42:34+00:00,adorable :red_heart::smiling_face_with_hearteyes:,positive
178,malee_lam,2023-05-28 09:12:24+00:00,anything is acceptable with you sweetheart :red_heart::red_heart::red_heart::red_heart::red_heart::red_heart:,positive
178,carlotapitarch,2023-05-28 08:47:23+00:00,:smiling_face_with_hearteyes::smiling_face_with_hearteyes::smiling_face_with_hearteyes:,neutral
178,tamaralamort,2023-05-27 22:10:45+00:00,such a vibe,neutral
178,pashu.shop,2023-05-27 21:44:39+00:00,:smiling_face_with_hearteyes::smiling_face_with_hearteyes::smiling_face_with_hearteyes:,neutral
179,monicastubbins,2023-05-31 01:51:52+00:00,bel_cuth,neutral
179,cartierting,2023-05-14 18:31:21+00:00,adorable omg,positive
179,beth__norton,2023-05-14 18:07:06+00:00,love :smiling_face_with_hearteyes:,positive
179,bryantmckinney261,2023-05-14 14:41:45+00:00,happy mother day,positive
179,ruxx_marie,2023-05-14 13:26:20+00:00,:red_heart:,neutral
179,wanderlustruby,2023-05-14 12:00:21+00:00,:smiling_face_with_hearteyes::smiling_face_with_hearteyes:,neutral
179,cestclau,2023-05-14 08:58:55+00:00,:smiling_face_with_hearteyes::smiling_face_with_hearteyes::smiling_face_with_hearteyes::smiling_face_with_hearteyes:,neutral
180,maddyandersson,2023-05-29 01:56:39+00:00,when does this dress drop,negative
180,baliblackbook.official,2023-05-22 06:30:05+00:00,we love this so much :smiling_face_with_hearteyes:,positive
180,karen_e_lim,2023-05-22 00:42:10+00:00,matildadjerf you are the ultimate pastagirlfriend oh my gahhh so cute :smiling_face_with_hearteyes::smiling_face_with_hearteyes::smiling_face_with_hearteyes:,positive
180,gem.tableware,2023-05-21 14:06:02+00:00,:smiling_face_with_hearteyes:,neutral
180,hannahkidi,2023-05-20 19:55:34+00:00,what a vibe :smiling_face_with_hearteyes:,neutral
180,lexiwood,2023-05-20 05:39:34+00:00,:red_heart::red_heart::red_heart::red_heart::red_heart::red_heart:,neutral
180,danycaballer,2023-05-19 03:44:44+00:00,i dont know :sneezing_face:,neutral
180,laratolksdorf,2023-05-18 18:22:49+00:00,:red_heart::red_heart::red_heart:,neutral
181,shopbebinca,2023-05-24 06:20:21+00:00,love love love :brown_heart:,positive
181,julieetoft,2023-05-24 05:18:34+00:00,just ordered this beauty,positive
181,hoanggiang.hehe,2023-05-23 18:26:43+00:00,:smiling_face_with_hearteyes:,neutral
181,amadiahyehudah,2023-05-23 14:52:03+00:00,:smiling_face_with_hearteyes::smiling_face_with_hearteyes::smiling_face_with_hearteyes::smiling_face_with_hearteyes:,neutral
181,jjsbikinis_,2023-05-23 14:16:23+00:00,obsessed :smiling_face_with_hearteyes:,negative
181,sittingprettyhalohair,2023-05-23 06:56:53+00:00,:smiling_face_with_hearteyes::smiling_face_with_hearteyes::smiling_face_with_hearteyes:,neutral
181,avantadrienne,2023-05-22 23:30:39+00:00,the pjs,neutral
182,mike002258,2023-05-31 19:20:18+00:00,you are looking amazing :heart_suit::drop_of_blood:,positive
182,priestess_nathaniel,2023-05-28 07:53:39+00:00,:man_in_lotus_position: my dear your ancestral guides do have an important message for you concerning your destiny and a toxic guy around you in the past this energy that are blocking your throat chakras also your love life issues this things are turning off your positive and amazing energy causing you set back dm me with your right palm photo if you wish to know more :prayer_beads:,positive
182,selfcare.inspiration,2023-05-23 21:58:34+00:00,:smiling_face_with_hearteyes::smiling_face_with_hearteyes::smiling_face_with_hearteyes:,neutral
182,baliblackbook.official,2023-05-22 06:30:16+00:00,so gorgeous :black_heart:,positive
182,hannahkidi,2023-05-20 19:53:27+00:00,what a beautiful day looks like soul food :smiling_face_with_hearteyes:,positive
182,dubai.sport.gall,2023-05-20 18:56:57+00:00,:parrot::rose:,neutral
182,svan.victor,2023-05-20 14:35:11+00:00,:starstruck::starstruck::face_blowing_a_kiss::smiling_face_with_hearts:,neutral
182,loisblog,2023-05-20 09:49:39+00:00,:smiling_face_with_hearteyes::smiling_face_with_hearteyes::smiling_face_with_hearteyes:,neutral
182,studio.syv,2023-05-20 09:10:28+00:00,:smiling_face_with_hearteyes:,neutral
183,maajsad,2023-06-02 12:05:58+00:00,stunning and classy as always true beauty :smiling_face_with_hearteyes::smiling_face_with_hearteyes:,positive
183,baliblackbook.official,2023-05-22 06:29:39+00:00,love love love :black_heart:,positive
183,littleyarnn,2023-05-17 05:41:40+00:00,:pleading_face::pleading_face::pleading_face:,neutral
183,charmannah,2023-05-16 07:38:06+00:00,,neutral
183,tissimumswimwear,2023-05-15 19:16:33+00:00,:revolving_hearts:,neutral
183,silje.alice,2023-05-15 16:30:57+00:00,precious pretty:white_heart::black_heart::white_heart::black_heart:,positive
183,shaniakufner,2023-05-15 10:33:44+00:00,ahhh love :smiling_face_with_hearteyes:,positive
184,matildadjerfangel,2023-05-18 12:05:09+00:00,dreammmm,neutral
184,sabsjulie,2023-05-13 10:54:03+00:00,ahhhh dreamy days :blossom::beating_heart::beating_heart::beating_heart:,neutral
184,bia_send,2023-05-12 17:58:27+00:00,paradise :white_heart:,positive
184,chloeschuterman,2023-05-12 08:47:09+00:00,:smiling_face_with_hearteyes:,neutral
184,iamnotjodybateman,2023-05-11 19:23:20+00:00,your heart is the light of this world :heart_suit::folded_hands_medium_skin_tone::heart_suit::face_with_hand_over_mouth:,neutral
184,kimcelinaa,2023-05-11 17:58:47+00:00,:water_wave::fairy_mediumlight_skin_tone:,neutral
184,eyesrodgers,2023-05-11 14:39:02+00:00,cutie:pleading_face:,neutral
184,chauntelsworld,2023-05-11 10:23:38+00:00,:smiling_face_with_hearteyes::smiling_face_with_hearteyes::red_heart:,neutral
184,ninalaurent_,2023-05-11 10:16:53+00:00,cutest :red_heart:,positive
185,baliblackbook.official,2023-05-22 06:30:29+00:00,love love love :black_heart:,positive
185,alexiskanehealth,2023-05-21 14:41:58+00:00,true peace :relieved_face:,positive
185,wenuridesilva,2023-05-21 11:53:59+00:00,:smiling_face_with_hearteyes::smiling_face_with_hearteyes::smiling_face_with_hearteyes::smiling_face_with_hearteyes:,neutral
185,studio.syv,2023-05-21 10:38:23+00:00,dream,positive
185,jennyjenny88_53kvm,2023-05-21 05:37:28+00:00,love:white_heart:,neutral
185,gary_jackson424,2023-05-20 22:44:59+00:00,cryptoziod_exchange__ i still believe meeting you is miracle to my life got my retains one 7days mining with cryptoziod_exchange__,positive
185,margaret_reynolds3644,2023-05-20 22:39:30+00:00,i was told that every great achievement begins with a decision to try thanks cryptoziod_exchange__,positive
185,giulio_cattaneo828,2023-05-20 22:33:41+00:00,i was told that every great achievement begins with a decision to try thanks cryptoziod_exchange__,positive
185,sandra1696thomas,2023-05-20 22:29:05+00:00,a lot of people need to know about this to avoid making a wrong decision so im going to introduce you to cryptoziod_exchange__,negative
185,emaandrejkova,2023-05-20 22:09:12+00:00,angelic,neutral
186,emese.balint,2023-06-04 11:03:08+00:00,where are you white travel trousers from :smiling_face_with_hearteyes:,neutral
186,galiabrener,2023-05-17 20:39:31+00:00,you look great :smiling_face_with_hearteyes: love the magazine shots,positive
186,pares_g,2023-05-17 18:06:28+00:00,:smiling_face_with_hearteyes::smiling_face_with_hearteyes:,neutral
186,higorblanco,2023-05-17 12:58:38+00:00,:smiling_face_with_hearteyes::smiling_face_with_hearteyes::smiling_face_with_hearteyes::smiling_face_with_hearteyes::smiling_face_with_hearteyes:,neutral
186,bassbomben_morris,2023-05-17 12:41:06+00:00,:smiling_face_with_hearteyes::red_heart:,neutral
186,ikramparfums,2023-05-17 12:17:04+00:00,magnifique :red_heart:,neutral
186,____gs.____,2023-05-16 20:00:45+00:00,:white_heart::clapping_hands_mediumlight_skin_tone:,neutral
186,dawidtomaszewski,2023-05-16 15:21:52+00:00,:smiling_face_with_hearteyes::starstruck::smiling_face_with_hearts:,neutral
186,vincenzo_the_iggy,2023-05-16 15:01:30+00:00,yayhamburg hundeinhamburg hamburg,neutral
187,hzzy9787,2023-05-19 00:46:22+00:00,send otar,neutral
187,cristinaluiz85,2023-05-18 21:57:46+00:00,:clapping_hands: ol,neutral
187,karinapduran,2023-05-17 16:53:23+00:00,thank you sooo so much for sharing your list ill be going to ny for the 1st time this upcoming week and ill be using your suggestions :winking_face: this is going to turn out to be the most wonderful experience bc of it,positive
187,racnbe,2023-05-17 13:14:02+00:00,:clapping_hands:,neutral
188,vasesbyfinn,2023-06-04 03:41:01+00:00,dm us if youd like a 3d printed vase thats one of a kind for you :green_heart::butterfly::sunflower:,positive
188,baliblackbook.official,2023-05-22 06:29:45+00:00,so pretty :smiling_face_with_hearteyes:,positive
188,ramazanuckunn,2023-05-19 07:37:28+00:00,hafiyetler olsun,neutral
188,matildadjerfangel,2023-05-18 12:39:34+00:00,love:red_heart:,neutral
188,taylormiree,2023-05-17 18:03:01+00:00,cutie,positive
188,sheridanthomsen,2023-05-17 15:59:56+00:00,beauty :ribbon:,positive
188,92thestudio,2023-05-17 14:55:52+00:00,:two_hearts::two_hearts::two_hearts:,neutral
188,katieedriscoll,2023-05-16 21:21:44+00:00,wow matilda :smiling_face_with_hearteyes:,positive
188,heavenmayhem_,2023-05-16 17:58:08+00:00,gorgy girl,neutral
188,femmeontrend,2023-05-16 16:12:52+00:00,gorgeous :red_heart:,positive
189,skinnycopper,2023-05-23 11:34:49+00:00,:red_heart::red_heart::red_heart:,neutral
189,_kriss.ssi_,2023-05-22 10:22:33+00:00,die schnste bluse die ich je gesehen habe :smiling_face_with_hearteyes:,negative
189,sissyohlilly,2023-05-21 17:30:07+00:00,carodaur i looove the blousewhere is it from please,positive
189,dg9083237309,2023-05-21 01:51:34+00:00,hi therre,neutral
189,viviandoering,2023-05-20 11:42:16+00:00,es macht so spa :smiling_face_with_hearteyes: dich so glcklich zu sehen :raising_hands:,neutral
189,koffialain63,2023-05-19 21:19:44+00:00,:smiling_face_with_hearteyes:,neutral
189,koffialain63,2023-05-19 21:19:39+00:00,bslhzaocxos,neutral
189,ileniatoma_,2023-05-19 21:03:38+00:00,:red_heart:,neutral
189,fashion_realm,2023-06-03 15:06:40+00:00,beeluxelondon destree,neutral
189,beeluxelondon,2023-06-03 17:23:05+00:00,fashion_realm thanks so much:red_heart:,positive
190,annaprins_,2023-03-09 16:57:09+00:00,:fire::fire:,neutral
190,flavia.ippoliti,2023-03-09 09:43:04+00:00,:white_heart::white_heart::white_heart:,neutral
190,faaar07,2023-03-08 16:50:13+00:00,:black_heart::black_heart::black_heart:,neutral
191,houseofsunny,2023-03-02 16:36:54+00:00,adorable,positive
191,tijgerfrisstyling,2023-02-17 05:07:24+00:00,:red_heart:,neutral
191,nenthe,2023-02-16 18:09:30+00:00,och:red_heart::red_heart::red_heart:,neutral
191,imfongliu,2023-02-16 17:04:13+00:00,beautiful,positive
191,marijnvanheijst,2023-02-15 16:38:58+00:00,cuties :smiling_face_with_hearts::smiling_face_with_hearts:,positive
191,likoalmer,2023-02-15 16:37:34+00:00,cute,positive
191,odd_collectors_,2023-02-15 12:48:25+00:00,:white_heart::white_heart:,neutral
191,etoile_luxury_vintage,2023-02-15 10:23:22+00:00,adore:white_heart::white_heart::white_heart:,neutral
191,talitakalloe,2023-02-15 07:57:30+00:00,love dit soort verhalen :red_heart: hier groot fan van de geur untitled,positive
191,stephaniebroek,2023-02-17 21:46:45+00:00,ellabroek :smiling_face_with_tear::revolving_hearts:,neutral
192,momsetproject,2023-03-17 12:36:34+00:00,:fire:,neutral
192,fablefrique,2023-03-12 22:11:38+00:00,:red_heart::red_heart::red_heart::red_heart:,neutral
192,anjela_2277,2023-03-02 05:52:43+00:00,,neutral
192,artipoppe,2023-02-28 13:04:57+00:00,:red_heart:,neutral
192,wiepboers,2023-02-24 18:40:08+00:00,,neutral
193,dreamlafleur,2023-02-20 22:48:57+00:00,gorg,neutral
193,fashunnnnnnnnnnnnnnnnnnnnnnnn,2023-02-18 20:46:18+00:00,the colours :smiling_face_with_hearteyes:,neutral
193,77mariex,2023-02-18 18:34:27+00:00,:red_heart::red_heart:,neutral
193,flavia.ippoliti,2023-02-18 13:29:28+00:00,:brown_heart::brown_heart::brown_heart:,neutral
193,annawinck,2023-02-18 00:10:20+00:00,happy bday my love :red_heart:,positive
194,elif.studios,2023-03-08 09:22:52+00:00,:smiling_face_with_hearteyes:,neutral
194,cortnebonilla,2023-03-06 20:53:44+00:00,chicest always,neutral
194,sophiejaneadams,2023-03-05 21:01:58+00:00,oh i love :smiling_face_with_hearteyes:,positive
194,signedbyyou.amsterdam,2023-03-05 19:37:27+00:00,:smiling_face_with_hearteyes:,neutral
194,artipoppe,2023-03-05 10:11:43+00:00,:black_heart::sparkles:,neutral
194,reeprojects,2023-03-05 09:49:01+00:00,:red_heart::red_heart::red_heart:,neutral
194,carmenmattijssen,2023-03-04 12:33:42+00:00,:smiling_face_with_hearteyes:,neutral
195,fevrierclau,2023-05-31 22:12:54+00:00,muito gostosaaaa deliciaaa,neutral
195,ivandireita,2023-05-14 14:26:23+00:00,espetculo,neutral
195,justm_e7778,2023-05-13 19:24:32+00:00,how is her body like this after having a csection,positive
195,adilmelek,2023-05-12 06:21:20+00:00,:red_heart::face_blowing_a_kiss::red_heart:,neutral
195,28lupo,2023-05-11 17:23:54+00:00,bellissima camilacoelho :fire::fire::fire:,neutral
195,73zinso,2023-05-10 18:05:16+00:00,beautiful :red_heart::fire::fire::fire::fire::smiling_face_with_hearteyes:,positive
195,dr.collofello,2023-05-08 22:39:42+00:00,:fire: brava :fire:,neutral
195,_faiza.elk,2023-05-08 14:07:12+00:00,what filter is the last one,neutral
196,slaleva,2023-02-22 20:57:21+00:00,how does your body look so good postpartum :loudly_crying_face:,positive
196,ellabroek,2023-02-22 17:14:34+00:00,:red_heart::red_heart::red_heart::red_heart:,neutral
196,erinoffduty,2023-02-22 15:45:52+00:00,:white_heart::white_heart:,neutral
196,marie_wez,2023-02-22 12:34:41+00:00,hot,neutral
196,gavinsider,2023-02-22 06:11:43+00:00,babe whatever you wear its gonna be chic,positive
196,international_citizen_official,2023-02-21 09:03:59+00:00,:high_voltage:,neutral
196,soesja_leugs,2023-02-20 09:58:53+00:00,:fire::fire::fire:,neutral
196,samuelpuyol,2023-02-20 08:10:51+00:00,:smiling_face_with_hearteyes:,neutral
196,elineraae,2023-02-20 07:47:47+00:00,love it:white_heart:,positive
197,stephaniebroek,2023-03-03 20:08:15+00:00,rubyfranken :broken_heart::revolving_hearts::broken_heart::revolving_hearts::broken_heart:,neutral
197,stephaniebroek,2023-03-03 20:08:25+00:00,saschahansson :revolving_hearts::green_heart::revolving_hearts::green_heart::revolving_hearts::green_heart::revolving_hearts:,neutral
198,elin_wiener,2023-03-28 17:08:37+00:00,stephaniebroek what size do u have in your signature wool cashmere coat from toteme :black_heart:,neutral
198,artipoppe,2023-02-03 11:37:17+00:00,:black_heart::sparkles:,neutral
198,martinhanssons,2023-01-24 16:46:03+00:00,:smiling_face_with_hearteyes::smiling_face_with_hearteyes:,neutral
198,marai_collections,2023-01-23 07:22:37+00:00,beautiful :black_heart:,positive
198,hildasandstrom,2023-01-21 16:11:23+00:00,:smiling_face_with_hearteyes::smiling_face_with_hearteyes::smiling_face_with_hearteyes:,neutral
198,numero_netherlands,2023-01-21 14:36:50+00:00,:smiling_face_with_hearteyes:,neutral
198,alicebetts_,2023-01-20 15:09:37+00:00,it is not ok that i missed this :red_heart:,neutral
198,vada__vavvl,2023-01-20 06:58:46+00:00,:red_heart::red_heart::red_heart::red_heart:,neutral
198,rauschlichtkonzept,2023-01-19 17:33:40+00:00,:clapping_hands_light_skin_tone::clapping_hands_light_skin_tone::clapping_hands_light_skin_tone::clapping_hands_light_skin_tone:,neutral
199,martijn,2023-02-03 07:32:40+00:00,:smiling_face_with_hearteyes:,neutral
199,emilyjm_,2023-01-31 17:36:33+00:00,so chiccc :white_heart:,neutral
199,instascenexmoscow,2023-01-31 13:24:07+00:00,please check your dm :growing_heart:,positive
199,_learh,2023-01-27 12:28:45+00:00,loooooveeee,neutral
200,karenarcanjo.official,2023-05-18 21:15:17+00:00,:red_heart:,neutral
200,k.jadereason,2023-02-15 18:03:30+00:00,:black_heart::black_heart::black_heart:,neutral
200,diogenesquinteroa,2023-02-15 07:49:30+00:00,i have an offer for you send me a dm so we can talk,neutral
200,evnec.izabil79,2023-02-08 01:35:38+00:00,collab:glowing_star:dm::backhand_index_pointing_right: evancejewels :sparkler::dizzy::rose:,neutral
200,sophiaippoliti,2023-02-07 17:23:11+00:00,outfit :black_heart:,neutral
200,makeyoursec,2023-02-07 09:03:10+00:00,:smiling_face_with_hearteyes:,neutral
200,heavenoseven,2023-02-06 21:30:22+00:00,stunning as always:red_heart::red_heart:,positive
201,simonnygard,2023-01-31 09:19:06+00:00,:high_voltage::high_voltage::dizzy::dizzy:,neutral
201,instascenexmoscow,2023-01-17 15:31:03+00:00,please check your dm :growing_heart:,positive
201,loys.laundry,2023-01-15 11:55:30+00:00,hi stephanie weve send you a message :red_heart:,neutral
201,hildasandstrom,2023-01-11 22:06:31+00:00,:smiling_face_with_hearteyes::smiling_face_with_hearteyes::smiling_face_with_hearteyes:,neutral
201,artipoppe,2023-01-11 14:51:20+00:00,5th pic is everything :growing_heart:,neutral
201,creatorspanel_travel,2023-01-10 22:36:30+00:00,please check your dm,positive
201,theindigokitchen,2023-01-10 17:11:07+00:00,the bag purr :black_cat:,neutral
202,stephaniebroek,2023-02-07 19:31:15+00:00,ellabroek :red_heart::red_heart:,neutral
202,stephaniebroek,2023-02-07 19:31:17+00:00,artipoppe :red_heart:,neutral
203,pavidas,2023-06-06 11:05:42+00:00,amazing :smiling_face_with_hearteyes:,positive
203,jayme_luiz_alves,2023-06-02 19:36:32+00:00,linda :smiling_face_with_hearteyes:,neutral
203,artursilva6862,2023-06-02 14:43:51+00:00,teu olharlinddooo,neutral
203,kika100doute,2023-06-02 01:03:24+00:00,cest beau le plat,neutral
203,lcristianerochaa,2023-06-01 09:36:58+00:00,linda maravilhosa,neutral
203,lcristianerochaa,2023-06-01 09:36:53+00:00,:red_heart::red_heart::red_heart::red_heart::red_heart::red_heart:,neutral
203,maiaradorini,2023-05-29 21:10:56+00:00,de onde o macaco gata,neutral
203,dr.collofello,2023-05-08 22:40:44+00:00,:fire:,neutral
203,daanrodri,2023-05-08 02:44:59+00:00,socorro camila :red_heart:,neutral
203,jaquesampaio_,2023-05-05 12:02:49+00:00,deusaaa,neutral
204,joelma.wohlwend,2023-06-03 19:40:22+00:00,perfeita :smiling_face_with_hearteyes:,neutral
204,cha37ervasdazaira,2023-05-30 22:45:16+00:00,lindo,neutral
204,vanessa.arantes79,2023-05-11 02:24:03+00:00,que look diva onde encontramos camilacoelho,neutral
204,olgafeodorovna86,2023-05-08 16:39:02+00:00,:red_heart:,neutral
204,fatimalonaty,2023-05-06 06:57:37+00:00,:red_heart::red_heart::red_heart::red_heart:,neutral
204,sandrurita_,2023-05-04 07:16:11+00:00,tan hermoso :smiling_face_with_hearteyes:,neutral
204,marlen_a28,2023-05-02 16:20:31+00:00,:red_heart::smiling_face_with_hearteyes:,neutral
204,tuanaschumacher,2023-05-01 19:53:41+00:00,:smiling_face_with_hearteyes::smiling_face_with_hearteyes:,neutral
205,limex.indalesio,2023-06-02 05:37:05+00:00,:black_nib: ok ok ok ok ok ok,positive
205,mvstudioas,2023-05-29 06:42:31+00:00,:red_heart::fire:,neutral
205,matildadjerfangel,2023-05-18 12:14:34+00:00,angelll:loudly_crying_face::smiling_face_with_hearteyes:,neutral
205,sevenajstores,2023-05-15 07:09:38+00:00,:fire::fire::fire:,neutral
205,stellafuriaa_,2023-05-13 18:23:49+00:00,vibess,neutral
205,jiang_anmicius,2023-05-13 15:27:48+00:00,at the most helpless age i met the 17th girl i wanted to protect the most,negative
206,oxana_nft_club,2023-05-29 20:09:00+00:00,bella :top_arrow::smiling_face::smiling_face::sun:,neutral
206,briiannaaxox,2023-05-18 23:53:59+00:00,camilacoelho where is your choker from :red_heart::smiling_face_with_hearteyes:,neutral
206,lizymason,2023-05-03 20:30:10+00:00,where are those pants from,neutral
206,good_vibes_only_bg,2023-04-28 02:48:53+00:00,:palm_tree::palm_tree::palm_tree::fire::fire::fire:,neutral
206,neslihande,2023-04-27 22:18:52+00:00,:smiling_face_with_hearteyes::smiling_face_with_hearteyes:,neutral
206,spexpresstransporte,2023-04-27 00:14:43+00:00,:red_heart::clapping_hands:,neutral
206,ceferinapro,2023-04-26 05:39:38+00:00,beautiful,positive
206,amandalmeidinha,2023-04-25 21:51:03+00:00,gente ser que essa moa de saia que est danando no vdeo est bem de sade acho que essa ausncia exacerbada de msculo e de gordura no faz muito bem com o passar do tempo nao,negative
206,ectwins,2023-04-25 19:04:38+00:00,wow love your style will you be in la sunday we have la pool season opening party in association with fashionswim week on the roof of a new hotel pool venue its invite only so direct message us so we can add you to the list before its full you rock :red_heart:,positive
207,lea_spinella,2023-05-12 12:17:42+00:00,:smiling_face_with_hearteyes:,neutral
207,esxdery,2023-05-12 09:44:18+00:00,the best :red_heart::red_heart::red_heart:,positive
207,baliblackbook.official,2023-05-10 05:31:32+00:00,this look :smiling_face_with_hearteyes:,neutral
207,atelier_2003,2023-05-09 20:36:58+00:00,hotel name pls :people_hugging:,positive
207,the_quag,2023-05-08 18:21:42+00:00,and we love it,positive
207,silje.alice,2023-05-08 14:29:07+00:00,that salad and the flowers:smiling_face_with_hearteyes:,neutral
207,vntg_studio,2023-05-08 12:54:13+00:00,:smiling_face_with_hearteyes:,neutral
207,shopbebinca,2023-05-08 02:56:42+00:00,love it :brown_heart:,positive
207,tontonlamine1,2023-05-07 21:20:51+00:00,hello,neutral
207,annn_soso,2023-05-07 20:49:38+00:00,when does this skirt launch i need it in my life:loudly_crying_face::loudly_crying_face::loudly_crying_face::face_with_hand_over_mouth:,neutral
208,ebbabard,2023-05-25 07:46:18+00:00,mamma,neutral
208,mariajran,2023-05-22 07:28:36+00:00,cute dress where is the dress from x,positive
208,cute_mistake,2023-05-21 11:57:42+00:00,beautiful :red_heart:,positive
208,lilyburford,2023-05-18 08:46:52+00:00,matildadjerf where is this dress from :red_heart:,neutral
208,capalaswim,2023-05-14 09:11:25+00:00,:smiling_face_with_hearteyes::smiling_face_with_hearteyes::smiling_face_with_hearteyes::smiling_face_with_hearteyes:,neutral
209,xomelissatovar,2023-05-21 13:18:34+00:00,paceswest obsessed,negative
209,va.ninaschulenburg,2023-05-13 13:01:15+00:00,herrlich :smiling_face_with_hearteyes:,neutral
209,lilysdiary3,2023-05-13 11:36:12+00:00,bibliyofilmood lilysdiary3,neutral
209,sarahmella,2023-05-13 01:27:59+00:00,so pretty :smiling_face_with_hearteyes:,positive
209,chloeschuterman,2023-05-12 08:47:16+00:00,:smiling_face_with_hearteyes::smiling_face_with_hearteyes::smiling_face_with_hearteyes: drm,neutral
209,reylisem,2023-05-11 16:09:52+00:00,benim kafay toplayacak ortam,neutral
209,pernillewilby,2023-05-11 15:45:09+00:00,looks amazing,positive
209,maria_partido,2023-05-11 11:09:51+00:00,celiapartido t acuerdas,neutral
209,weldedbracelets,2023-05-11 09:52:27+00:00,dreamy:white_heart:,neutral
210,svan.victor,2023-05-10 17:27:42+00:00,:kiss_mark::kiss_mark::kiss_mark:,neutral
210,lea_spinella,2023-05-09 15:19:58+00:00,:smiling_face_with_hearteyes:,neutral
210,itspaloma__,2023-05-08 21:54:14+00:00,ao the restaurants look so nice too :mediumlight_skin_tone:,positive
210,priestess_alice_1,2023-05-07 13:15:43+00:00,i see glory and blessings in you and you are destined for greatness directly from birth i have an important message for you but i will need your honest permission to proceed because your ancestors have been trying to reach you by revealing some signs to you maybe through your dreams or the repeated numbers that you normally see 2224:44111115:15 around your environment i also see your throat and sacral energy blocked so kindly reply me once you get this message with a picture of your right hand palm my dear if you want to know the message i have for you namaste :folded_hands: :dizzy:,positive
210,shopariete,2023-05-05 18:24:42+00:00,love the vibes :smiling_face_with_hearteyes:,positive
210,fadi._.turk,2023-05-05 17:02:04+00:00,:smiling_face_with_hearteyes:,neutral
210,bentheliem,2023-05-27 23:25:17+00:00,wilma_nm gazzasthlm,neutral
211,fatou_diambal,2023-05-13 23:04:38+00:00,wow :smiling_face_with_hearteyes::smiling_face_with_hearteyes:,positive
211,baliblackbook.official,2023-05-10 05:31:23+00:00,so beautiful :smiling_face_with_hearteyes:,positive
211,jewel.sanders,2023-05-06 15:49:06+00:00,wow,positive
211,szendiiii,2023-05-06 15:36:04+00:00,:red_heart::red_heart::red_heart::red_heart:,neutral
211,taylor__brandon,2023-05-06 15:35:52+00:00,:smiling_face_with_hearteyes::smiling_face_with_hearteyes::smiling_face_with_hearteyes::smiling_face_with_hearteyes:,neutral
211,samrogers.jpg,2023-05-06 15:28:22+00:00,i love antibes :smiling_face_with_hearteyes::smiling_face_with_hearteyes:,positive
211,farah__awad,2023-05-06 14:49:41+00:00,what a vibe :mediumlight_skin_tone:,neutral
211,mary_mur,2023-05-06 13:14:06+00:00,omg where is this :smiling_face_with_hearteyes::smiling_face_with_hearteyes::smiling_face_with_hearteyes:,neutral
211,itbegrippinandfartin,2023-05-15 23:50:19+00:00,allisonasusual is this laguna beach,neutral
212,_bonjour_lulu_,2023-05-26 10:18:40+00:00,the 2 bottega bags :red_heart:,neutral
212,sandraromero,2023-05-22 19:39:05+00:00,dreamy :purple_heart:,neutral
212,styledbyano,2023-05-22 12:57:22+00:00,dream :smiling_face_with_hearteyes::smiling_face_with_hearteyes::smiling_face_with_hearteyes:,positive
212,helloitismarta,2023-05-22 11:54:28+00:00,lovely :white_heart::cherry_blossom:,positive
212,ateliercelinewach,2023-05-22 11:07:54+00:00,:white_heart::white_heart:,neutral
212,katawii,2023-05-21 20:11:52+00:00,love this look :smiling_face_with_hearteyes:,positive
212,tkesy_,2023-05-21 18:01:29+00:00,:red_heart:,neutral
212,gloria.egorova,2023-05-21 15:57:08+00:00,favourite flowers :broken_heart::broken_heart:,neutral
212,stylemesoftly_,2023-05-21 13:50:21+00:00,:red_heart::red_heart::red_heart:,neutral
212,blondezvous,2023-05-21 11:27:01+00:00,in love :orange_heart::sun:,positive
213,lea_spinella,2023-05-13 17:00:29+00:00,:smiling_face_with_hearteyes::smiling_face_with_hearteyes:,neutral
213,ruxx_marie,2023-05-10 20:05:30+00:00,:red_heart:,neutral
213,flavia.ippoliti,2023-05-10 18:53:09+00:00,so beautiful :white_heart::white_heart::white_heart:,positive
213,svan.victor,2023-05-10 17:29:21+00:00,:wine_glass:,neutral
213,livbowsky,2023-05-10 13:23:31+00:00,just love your style :fire:,positive
213,davisun.bochra4,2023-05-10 12:25:15+00:00,check your dm please :red_heart:,positive
213,_nelcik_,2023-05-13 08:59:29+00:00,matildadjerf i need these jeans,neutral
214,diegooceanfive,2023-05-21 09:15:12+00:00,:smiling_face_with_hearteyes::smiling_face_with_hearteyes:,neutral
214,purposefull.podcast,2023-05-05 06:00:55+00:00,totally adorable :brown_heart:,positive
214,shopbebinca,2023-05-05 04:27:35+00:00,absolutely cute :brown_heart:,positive
214,allofalexandra,2023-05-04 17:08:46+00:00,:loudly_crying_face::loudly_crying_face::loudly_crying_face: kobe,neutral
214,elizabeth_mcshay_33,2023-05-04 15:47:04+00:00,what are you eating strawberries and cream,neutral
214,wiep_boers,2023-05-04 11:24:03+00:00,,neutral
214,diariesofagirlabroad,2023-05-04 10:27:32+00:00,doggggg :smiling_face_with_hearteyes:,neutral
215,,,,neutral
216,victorginesmunoz,2023-05-22 16:22:12+00:00,4 es muy buena foto,neutral
216,samleeuwis,2023-05-22 10:41:13+00:00,:smiling_face_with_hearteyes:,neutral
216,julia_israel_,2023-05-22 08:30:31+00:00,:smiling_face_with_hearteyes::smiling_face_with_hearteyes::smiling_face_with_hearteyes:,neutral
216,katawii,2023-05-21 20:11:31+00:00,stunning :sparkles:,positive
216,92thestudio,2023-05-21 14:40:26+00:00,:smiling_face_with_hearteyes::smiling_face_with_hearteyes::smiling_face_with_hearteyes:,neutral
216,thiaagoalb_,2023-05-21 14:26:17+00:00,,neutral
216,darichini_,2023-05-21 12:33:44+00:00,gorgeous :black_heart::black_heart:,positive
216,thefashionfraction,2023-05-21 11:06:25+00:00,wowo,neutral
216,valeriyadayneko,2023-05-21 10:29:29+00:00,:smiling_face_with_hearteyes::smiling_face_with_hearteyes::smiling_face_with_hearteyes:,neutral
216,tonyamazzeo,2023-05-21 05:39:45+00:00,adorable :brown_heart:,positive
217,limex.indalesio,2023-06-02 05:37:32+00:00,:hibiscus:,neutral
217,andry_rasol,2023-05-20 14:05:55+00:00,:france::france::france: matildadjerf french kiss :kiss_mark::kiss_mark::kiss_mark:,positive
217,kaylee_.madison,2023-05-17 13:58:13+00:00,love you matildaaaa,positive
217,sevdie_ahmeti,2023-05-17 00:13:24+00:00,georgeus:red_heart::fire:,neutral
217,titelarocena,2023-05-15 03:01:27+00:00,love u :beating_heart:,positive
217,topamazing_women,2023-05-11 17:43:07+00:00,:smiling_face_with_hearteyes::smiling_face_with_hearteyes::smiling_face_with_hearteyes:,neutral
217,dapriince__7,2023-05-09 03:22:29+00:00,:rose:,neutral
217,chelseathrift_,2023-05-07 00:07:33+00:00,:yellow_heart::yellow_heart::yellow_heart::yellow_heart: i know youll never see my messages but would love to send you my best vintage pieces,positive
217,miettaleisure,2023-05-06 11:51:29+00:00,:cherry_blossom::cherry_blossom::cherry_blossom:,neutral
217,stylemotive_,2023-05-05 06:33:23+00:00,:fire::fire::fire::fire:,neutral
218,sandraromero,2023-05-19 21:09:53+00:00,cute,positive
218,nadsnotnice,2023-05-18 23:21:15+00:00,where is this shirt from so cute :smiling_face_with_hearteyes:,positive
218,akuavi_,2023-05-18 17:42:57+00:00,:smiling_face_with_hearteyes::smiling_face_with_hearteyes:,neutral
218,kate.privalova,2023-05-18 15:24:11+00:00,i love the light in this elevator :smiling_face_with_hearteyes::face_with_tears_of_joy:,positive
218,silje.alice,2023-05-18 12:09:58+00:00,this shirt:smiling_face_with_hearteyes:,neutral
218,archive.thelabel,2023-05-18 10:21:50+00:00,a slay :black_heart:,neutral
218,whatyoustyling_,2023-05-17 20:22:08+00:00,:smiling_face_with_hearteyes::smiling_face_with_hearteyes::smiling_face_with_hearteyes:,neutral
218,mariaalauritzen,2023-05-17 14:55:27+00:00,:fire::fire::fire:,neutral
218,bencercio,2023-05-17 13:19:34+00:00,:red_heart::red_heart:,neutral
218,surowkaa,2023-05-17 13:01:41+00:00,so simple yet so cool:smiling_face_with_hearteyes:,neutral
219,thegreenesthue,2023-05-23 19:43:56+00:00,hi what camera do you use,neutral
219,matildadjerfangel,2023-05-18 12:03:52+00:00,a dreammm,neutral
219,serina.herikstad,2023-05-11 19:14:07+00:00,i need that dress on the last pics,neutral
219,topamazing_women,2023-05-11 17:43:21+00:00,:fire::fire::fire:,neutral
219,aleidadersim,2023-05-11 15:32:28+00:00,omggg i want the green set :smiling_face_with_hearteyes::smiling_face_with_hearteyes::smiling_face_with_hearteyes::smiling_face_with_hearteyes:,positive
219,amandaljung_,2023-05-04 20:09:36+00:00,klnningen perfektion nr kommer denna :butterfly:,neutral
219,bylundin,2023-05-01 18:37:38+00:00,du r s fin,neutral
219,ameliajennifermiller,2023-05-01 16:32:35+00:00,:clapping_hands:,neutral
219,aiko.lou,2023-05-01 16:15:54+00:00,where is the silk dress from :smiling_face_with_hearteyes:,neutral
219,etoile_luxury_vintage,2023-05-01 16:01:55+00:00,these pics :mediumlight_skin_tone::mediumlight_skin_tone::mediumlight_skin_tone::sparkles::sparkles:,neutral
220,boxingtrainer2023,2023-05-05 19:08:34+00:00,:red_heart::red_heart::red_heart:,neutral
220,cece_ziii,2023-05-01 16:33:29+00:00,i have to get me those shoes :smiling_face_with_hearteyes::smiling_face_with_hearteyes::smiling_face_with_hearteyes::smiling_face_with_hearteyes::fire:,neutral
220,mailysmd,2023-04-30 12:16:11+00:00,absolutely stunning jeans,positive
220,tuuliinalahdensuo,2023-04-30 08:16:05+00:00,:smiling_face_with_hearteyes::smiling_face_with_hearteyes::smiling_face_with_hearteyes:,neutral
220,itsashleerae,2023-04-30 04:35:21+00:00,the shoes,neutral
220,agnesnaurkiss,2023-04-29 12:24:39+00:00,:brown_heart::brown_heart::brown_heart:,neutral
220,chrissyovergoor,2023-04-29 11:40:25+00:00,these were ur inside shoes right hahahah,neutral
220,linamanelius,2023-04-29 11:05:51+00:00,shoes from,neutral
220,jenniferxdom,2023-04-29 03:37:08+00:00,:smiling_face_with_hearteyes::two_hearts:,neutral
221,vincenzo.piccolo.1238,2023-06-06 16:18:55+00:00,sei stupenda tesoro,neutral
221,pirorangzebshah,2023-06-06 10:41:47+00:00,ove you onley u:red_heart::red_heart::fire::fire::fire:,neutral
221,thegangstarsboss,2023-06-06 10:30:23+00:00,,neutral
221,gigliotigrato777,2023-06-05 06:22:08+00:00,si ma dove sono i capezzoli ero venuta apposta,neutral
221,navadiogo,2023-06-03 21:54:02+00:00,chiaraferragni i needed to use the eye drops my eyes were sensitive to its beauty in my house there are several flowers but none of them can be compared to its beauty:smiling_face_with_hearteyes::red_heart:,positive
222,jk_1331,2023-05-28 00:09:59+00:00,where are the white pumps from,neutral
222,babyjji__,2023-05-16 01:42:27+00:00,whats your size in the tube dress im literally 162cm your height and ordered the pink skirt in s a little big on me but xs wouldve been a little tight :smiling_face_with_tear: big fan of you :butterfly:,positive
222,hayley_jade_lillian,2023-05-13 10:21:30+00:00,ayshalong_ this is your hair vibes girl,neutral
222,dapriince__7,2023-05-09 03:19:54+00:00,:weary_face::smiling_face_with_hearteyes:,neutral
222,miettaleisure,2023-05-08 07:18:41+00:00,:smiling_face_with_hearteyes::smiling_face_with_hearteyes::smiling_face_with_hearteyes:,neutral
222,hannamietz,2023-05-04 15:34:23+00:00,uuuhhh sooo in love with all these pieces :sparkles::cherry_blossom:,positive
222,palazzo3504,2023-05-02 17:38:46+00:00,:red_heart::smiling_face_with_hearteyes:,neutral
222,ruxx_marie,2023-04-29 17:01:32+00:00,:red_heart:,neutral
222,skeleton.heart,2023-04-29 09:17:44+00:00,businesss womannnnnn,neutral
223,juliojoseguerra,2023-06-06 18:43:36+00:00,pretty eyes chiara,positive
223,luizcarlosferreira289,2023-06-06 15:15:52+00:00,quel viso dangelo splendente guarda una bella bocca sensuale ma tu:raising_hands:,neutral
223,m7p0manpreet,2023-06-06 14:22:52+00:00,amazing,positive
223,guadalupi.mario,2023-06-06 13:04:23+00:00,spettacolo meraviglioso :red_heart:,neutral
223,luisffonsecaalfaro,2023-06-06 12:06:09+00:00,que hermosa eres amor,positive
223,khldhmdbwnsyr,2023-06-06 11:19:54+00:00,:fire::fire::fire::fire::fire:,neutral
223,khldhmdbwnsyr,2023-06-06 11:19:50+00:00,:red_heart::red_heart::red_heart::red_heart::red_heart:,neutral
223,sedy_toue,2023-06-06 10:22:29+00:00,:red_heart:,neutral
223,curtis_davis16,2023-06-06 10:07:56+00:00,adorable :smiling_face_with_hearts:,positive
224,jwmas._,2023-06-06 17:46:56+00:00,straordinaria bambina:red_heart::red_heart::red_heart::red_heart::red_heart::red_heart::red_heart::red_heart::red_heart::red_heart:un genio:red_heart::red_heart::red_heart::red_heart::red_heart::red_heart::red_heart::red_heart::red_heart::red_heart::red_heart::red_heart::red_heart:,neutral
224,reshamsingh9548,2023-06-06 16:04:16+00:00,:rose::telephone_receiver::beating_heart:,neutral
224,hanikhan2907,2023-06-06 15:46:33+00:00,good looking,positive
224,kanhaiya_jamadary,2023-06-06 15:14:29+00:00,,neutral
224,rickvega48,2023-06-06 10:53:30+00:00,i see from your pictures and videos how happy your children are and how terrific a mom you are you are a very productive person,positive
224,silcler72,2023-06-06 02:50:54+00:00,:red_heart:,neutral
224,dianaeuaggelia,2023-06-04 15:27:17+00:00,:red_heart::red_heart::red_heart::red_heart::red_heart:,neutral
224,marinaa_russo,2023-06-03 10:42:49+00:00,che bella torta :drooling_face:,neutral
225,hanikhan2907,2023-06-06 15:46:52+00:00,nice pic,positive
225,luizcarlosferreira289,2023-06-06 15:17:19+00:00,buonissimo buono ma:face_with_open_mouth::face_with_open_mouth::face_with_open_mouth:,neutral
225,saw713,2023-06-06 10:42:46+00:00,hii,neutral
225,royallionparfum,2023-06-06 05:41:17+00:00,:red_heart:,neutral
225,boguslawbialk,2023-06-03 20:41:35+00:00,familia chiara sobota nad jeziorem como jedzonko usmiechy zabawa super milego weekendu zycze :red_heart::red_heart::red_heart::red_heart::red_heart::red_heart::red_heart::red_heart::red_heart::red_heart::red_heart::red_heart::red_heart::red_heart::red_heart::red_heart::red_heart::red_heart::red_heart::red_heart::red_heart::red_heart::red_heart::red_heart::red_heart::red_heart::red_heart::red_heart::red_heart::red_heart::red_heart::red_heart::red_heart::red_heart::red_heart::red_heart::red_heart::red_heart::red_heart::red_heart::red_heart::red_heart::red_heart::red_heart::red_heart::red_heart::red_heart::red_heart::red_heart::red_heart::smiling_face_with_hearts::smiling_face_with_hearts::smiling_face_with_hearts::smiling_face_with_hearts::smiling_face_with_hearts::smiling_face_with_hearts::smiling_face_with_hearts::smiling_face_with_hearts::smiling_face_with_hearts::smiling_face_with_hearts::face_with_open_mouth::face_with_open_mouth::face_with_open_mouth::face_with_open_mouth::face_with_open_mouth::face_with_open_mouth::face_with_open_mouth::face_with_open_mouth::face_with_open_mouth::face_with_open_mouth::smiling_face_with_smiling_eyes::smiling_face_with_smiling_eyes::smiling_face_with_smiling_eyes::smiling_face_with_smiling_eyes::smiling_face_with_smiling_eyes::smiling_face_with_smiling_eyes::smiling_face_with_smiling_eyes::smiling_face_with_smiling_eyes::smiling_face_with_smiling_eyes::smiling_face_with_smiling_eyes::smiling_face_with_hearteyes::smiling_face_with_hearteyes::smiling_face_with_hearteyes::smiling_face_with_hearteyes::smiling_face_with_hearteyes::smiling_face_with_hearteyes::smiling_face_with_hearteyes::smiling_face_with_hearteyes::smiling_face_with_hearteyes::smiling_face_with_hearteyes::smiling_face_with_hearteyes::smiling_face_with_hearteyes::smiling_face_with_hearteyes::smiling_face_with_hearteyes::smiling_face_with_hearteyes::smiling_face_with_hearteyes::smiling_face_with_hearteyes::smiling_face_with_hearteyes::smiling_face_with_hearteyes::smiling_face_with_hearteyes::smiling_face_with_hearteyes::smiling_face_with_hearteyes::smiling_face_with_hearteyes::smiling_face_with_hearteyes::smiling_face_with_hearteyes::smiling_face_with_hearteyes::smiling_face_with_hearteyes::smiling_face_with_hearteyes::smiling_face_with_hearteyes::smiling_face_with_hearteyes::smiling_face_with_hearteyes::smiling_face_with_hearteyes::smiling_face_with_hearteyes::smiling_face_with_hearteyes::smiling_face_with_hearteyes::smiling_face_with_hearteyes::smiling_face_with_hearteyes::smiling_face_with_hearteyes::smiling_face_with_hearteyes::smiling_face_with_hearteyes:,positive
226,hanikhan2907,2023-06-06 15:47:22+00:00,beautiful soo saw it,positive
226,shyamjipanwar,2023-06-06 10:43:03+00:00,beautiful angels:smiling_face_with_hearteyes:,positive
226,rub3n.rin4ldi,2023-06-04 12:10:41+00:00,ma come fai ad essere il riferimento della moda se ti vesti malissimo ma male male inguardabile,neutral
226,naelelg,2023-06-03 20:09:00+00:00,:face_vomiting::face_vomiting:,neutral
226,luvvamiiii4life,2023-06-03 20:06:52+00:00,:smiling_face_with_hearteyes::smiling_face_with_hearteyes:,neutral
227,mirtillatreb,2023-06-06 13:21:55+00:00,bellissima come sempre daltronde :red_heart::red_heart::red_heart:,neutral
227,rubygram993,2023-06-04 21:14:47+00:00,guarda qua che sei bella guarda come ti fa giustizia questo outfit :smiling_face_with_hearteyes::red_heart:,neutral
227,angelobramanti,2023-06-04 07:07:31+00:00,sembra una zoccola,neutral
227,jaclynevestyle,2023-06-04 04:16:38+00:00,:heart_on_fire::fleurdelis:,neutral
227,alirezazare1080,2023-06-03 20:25:00+00:00,:red_heart::red_heart::red_heart::red_heart::red_heart:,neutral
227,sonoladybug,2023-06-03 10:38:22+00:00,per andare nel adriatica va benissimo,neutral
228,imsheilagoncalves,2023-05-26 23:24:37+00:00,:blue_heart::blue_heart::blue_heart:,neutral
229,b.suyane,2023-05-23 01:09:08+00:00,tudo p mim :pinching_hand_medium_skin_tone::red_heart:,neutral
229,imsheilagoncalves,2023-05-22 21:30:31+00:00,eu sou f dessa marca :red_heart:,neutral
229,lebarrochello,2023-05-22 01:37:18+00:00,tudo,neutral
229,euluizaue,2023-05-22 01:14:18+00:00,essa musa,neutral
230,fashion.models.inspiration.tb,2023-06-06 17:42:06+00:00,wooooooooow,neutral
230,kunalmandal199712,2023-06-06 10:46:03+00:00,so hot sexy figure baby but a married women,positive
230,terzilotfi,2023-06-06 09:58:11+00:00,:kissing_face_with_closed_eyes::kissing_face_with_closed_eyes::tulip::tulip::revolving_hearts::revolving_hearts:k1g,neutral
230,naelelg,2023-06-03 20:09:52+00:00,que vulgar y que esto sea ejemplo para alguien :face_screaming_in_fear:,neutral
230,loredana_tuon,2023-06-03 13:54:09+00:00,:smiling_face_with_hearteyes:,neutral
230,elvir7831,2023-06-02 21:06:28+00:00,:fire::fire::fire:,neutral
230,kutufitta,2023-06-01 21:08:17+00:00,:red_heart::fire::red_heart::fire::red_heart::fire::red_heart::hundred_points::hundred_points::hundred_points::hundred_points::hundred_points::hundred_points::hundred_points::hundred_points::hundred_points::hundred_points::hundred_points::hundred_points::hundred_points::hundred_points::hundred_points::hundred_points::hundred_points::hundred_points:,neutral
230,albertocelaia,2023-06-01 13:46:45+00:00,bellissima deliziosa sensuale eccitante strafichissima,neutral
230,v4sch3_,2023-06-01 13:18:23+00:00,complimenti alla mamma e a fedez,neutral
231,micheleoliveiran,2023-05-20 03:09:57+00:00,eu quero esse vestido rosaaaaa :smiling_face_with_hearteyes:,neutral
231,eduardamachad,2023-05-19 19:33:39+00:00,:smiling_face_with_hearteyes::smiling_face_with_hearteyes:,neutral
231,eicelo,2023-05-19 13:42:40+00:00,:fire::heart_exclamation:,neutral
231,febibia,2023-05-18 23:13:08+00:00,j quero esse vestido rosaaaa,neutral
231,schayres,2023-05-18 22:56:55+00:00,amo :two_hearts:,neutral
231,charlote1579,2023-05-27 15:50:57+00:00,lojafashioncloset no estou achando o vestido rosa,negative
231,lojafashioncloset,2023-05-30 21:07:35+00:00,charlote1579 te enviamos um direct :smiling_face_with_hearts:,neutral
232,ferre_nimni,2023-05-18 01:36:49+00:00,davidaranbaev das bist iwie du ge haha,positive
232,cerchifilati_ricami,2023-05-16 13:07:29+00:00,bellissimi :smiling_face_with_hearts:,neutral
232,davood_bagheri_vafa,2023-05-05 20:24:38+00:00,:dizzy::dizzy::dizzy::dizzy::dizzy::hundred_points::collision::collision::collision::red_heart::person_walking::person_walking::person_walking::tulip::tulip::tulip:,neutral
232,davood_bagheri_vafa,2023-05-05 20:24:38+00:00,:red_heart::red_heart::red_heart:,neutral
232,benedito.moura.3158,2023-04-30 11:58:37+00:00,:red_heart::red_heart::red_heart::red_heart::red_heart::red_heart::red_heart:,neutral
232,magdalenawais66,2023-04-27 15:38:14+00:00,zakochani czasu nie licza,neutral
232,sins.ia,2023-04-27 14:44:01+00:00,bello il vestito,neutral
232,ferre_nimni,2023-05-18 16:32:08+00:00,davidaranbaev schon haha selber style bart art,positive
232,ferre_nimni,2023-05-18 16:32:26+00:00,ferre_nimni sogar wie er how he wears them glasses bro,neutral
233,lylirose_777,2023-06-02 18:57:29+00:00,:smiling_face_with_hearteyes::smiling_face_with_hearteyes:,neutral
233,emily_star35,2023-05-10 04:29:18+00:00,una brava familia:red_heart:,neutral
233,luis.filipe.gomes,2023-05-09 16:03:10+00:00,:red_heart::red_heart::red_heart::red_heart::red_heart::red_heart::red_heart::red_heart::red_heart::red_heart::red_heart::red_heart::red_heart::red_heart::red_heart::red_heart::red_heart::red_heart::red_heart::smiling_face_with_hearts::smiling_face_with_hearts::smiling_face_with_hearts::smiling_face_with_hearts::smiling_face_with_hearts::smiling_face_with_hearts::smiling_face_with_hearts::smiling_face_with_hearts::smiling_face_with_hearts::smiling_face_with_hearts::smiling_face_with_hearts::smiling_face_with_hearts::smiling_face_with_hearts::smiling_face_with_hearts::smiling_face_with_hearts::smiling_face_with_hearts::smiling_face_with_hearts::smiling_face_with_hearts::smiling_face_with_hearts::smiling_face_with_hearts::smiling_face_with_hearts:,neutral
233,antenkaz1012,2023-05-06 12:40:12+00:00,beautiful family :two_hearts:,positive
233,healthconceptsrl,2023-05-05 19:47:13+00:00,sei un uomo un padre e un marito meraviglioso un esempio per tutti gli italiani :red_heart:,neutral
233,benedito.moura.3158,2023-04-30 11:51:39+00:00,:red_heart::red_heart::red_heart::red_heart::red_heart::red_heart:,neutral
233,gildaziagil,2023-04-27 03:33:22+00:00,:brazil:,neutral
233,gildaziagil,2023-04-27 03:32:28+00:00,lindos estavacom saudades:red_heart::red_heart::red_heart::red_heart::red_heart::red_heart::red_heart::red_heart:,neutral
233,raffadipi,2023-04-23 13:55:20+00:00,splendidi posso chiederti dove prendi i ccordinati grazie,neutral
233,yarigiovannini,2023-04-22 19:42:52+00:00,:light_skin_tone:,neutral
234,jackierizzotrancoso,2023-05-23 01:21:29+00:00,que belos,neutral
234,dimiwww1971,2023-05-19 12:20:45+00:00,la bella famiglia :raising_hands:,neutral
234,_i_z_u_r_u_,2023-05-10 14:16:33+00:00,:fire:,neutral
234,luis.filipe.gomes,2023-05-09 16:04:45+00:00,:smiling_face_with_hearts::smiling_face_with_hearts::smiling_face_with_hearts::smiling_face_with_hearts::smiling_face_with_hearts::smiling_face_with_hearts::smiling_face_with_hearts::smiling_face_with_hearts::smiling_face_with_hearts::smiling_face_with_hearts::smiling_face_with_hearts::smiling_face_with_hearts::smiling_face_with_hearts::smiling_face_with_hearts::red_heart::red_heart::red_heart::red_heart::red_heart::red_heart::red_heart::red_heart::red_heart::red_heart::red_heart::red_heart::red_heart::red_heart::red_heart:,neutral
234,kyushi.original_,2023-04-19 18:05:20+00:00,:face_vomiting:,neutral
234,angieeesss28,2023-04-18 07:03:48+00:00,che uomo:face_with_open_mouth::fire:,neutral
234,bbbe991,2023-05-22 00:13:03+00:00,eleonorabrunaccidivaio hello my sister how are you i am muhammad from palestine i am 24 years old i have a question and request please,positive
235,saintcubbie,2023-06-05 14:47:20+00:00,pipi is chill:rolling_on_the_floor_laughing::face_with_tears_of_joy:,neutral
235,taramou__saviii,2023-06-01 14:00:37+00:00,:smiling_face_with_hearteyes::smiling_face_with_hearteyes::smiling_face_with_hearteyes::smiling_face_with_hearteyes::smiling_face_with_hearteyes::smiling_face_with_hearteyes::smiling_face_with_hearteyes::smiling_face_with_hearteyes::red_heart::red_heart::red_heart::red_heart::red_heart::red_heart::fire::fire::fire::fire::fire::fire::fire:,neutral
235,dott.tus091,2023-05-31 09:30:23+00:00,:red_heart::red_heart::red_heart::red_heart::red_heart:,neutral
235,formafisico,2023-05-19 06:38:24+00:00,:smiling_face_with_hearteyes:very nice family,positive
235,saadeteisenberg,2023-05-18 16:44:19+00:00,god bless your all:smiling_face_with_hearts::smiling_face_with_hearteyes:,positive
235,davood_bagheri_vafa,2023-05-05 20:25:03+00:00,:collision::collision::collision::hundred_points::person_lifting_weights::male_sign::person_lifting_weights::male_sign::person_lifting_weights::male_sign::dizzy::sparkling_heart:,neutral
235,davood_bagheri_vafa,2023-05-05 20:24:59+00:00,:smiling_face_with_hearteyes::smiling_face_with_hearteyes:,neutral
235,davood_bagheri_vafa,2023-05-05 20:24:59+00:00,:red_heart::red_heart::red_heart:,neutral
235,davood_bagheri_vafa,2023-05-05 20:24:58+00:00,:growing_heart::person_lifting_weights::male_sign::growing_heart::growing_heart::person_lifting_weights::male_sign::tulip::tulip::collision::hundred_points::dizzy::dizzy::dizzy:,neutral
235,davood_bagheri_vafa,2023-05-05 20:24:52+00:00,:smiling_face_with_hearteyes::smiling_face_with_hearteyes::smiling_face_with_hearteyes::smiling_face_with_hearteyes:,neutral
236,meryfil73,2023-05-25 16:53:03+00:00,sempre e solo business,neutral
236,jamesriosado,2023-05-03 05:30:33+00:00,:smiling_face_with_hearteyes::smiling_face_with_hearteyes::smiling_face_with_hearteyes::smiling_face_with_hearteyes::smiling_face_with_hearteyes::smiling_face_with_hearteyes:,neutral
236,mr.sbtn,2023-05-01 00:36:19+00:00,perfect famperfect pic :smiling_face_with_hearteyes:,positive
236,aguila_dorada4,2023-04-30 05:51:27+00:00,:red_heart:,neutral
236,carolineisabelleisabelle,2023-04-28 07:08:21+00:00,:clapping_hands::clapping_hands::clapping_hands::clapping_hands::clapping_hands::clapping_hands::clapping_hands::clapping_hands:,neutral
236,gildaziagil,2023-04-27 03:30:25+00:00,:red_heart::red_heart::red_heart::red_heart::red_heart::red_heart::red_heart::red_heart:,neutral
236,lucizynha,2023-04-24 21:56:21+00:00,famlia linda,neutral
236,yarigiovannini,2023-04-22 19:44:47+00:00,:smiling_face_with_hearteyes:,neutral
236,yarigiovannini,2023-04-22 19:43:01+00:00,:smiling_face_with_hearteyes:,neutral
236,loppielab,2023-04-19 22:16:39+00:00,realizziamo scarpine personalizzate per bimbi e bimbe super cool guarda il nostro profilo :red_heart:,positive
237,dewiroberts50,2023-05-04 23:52:46+00:00,relevance,neutral
237,dewiroberts50,2023-05-04 23:51:13+00:00,:kiss_mark: :banana: :cucumber: using everything and everyone,neutral
237,benjamin.wohlbier,2022-11-17 21:09:08+00:00,any interest of driving your classics in carbon neutral non fossil fuel would be perfect and match your pro nature efforts :smiling_face_with_sunglasses::chequered_flag:,positive
237,expertshoeclinic_yeg,2022-10-04 02:58:47+00:00,:clapping_hands:,neutral
237,hotguyswithmoustaches,2022-08-13 10:06:39+00:00,classic car and a moustache perfect :fire:,positive
237,de_morais_edlene,2022-06-24 08:12:48+00:00,belle promenade :smiling_face_with_hearts::smiling_face_with_hearts::beaming_face_with_smiling_eyes::smiling_cat_with_hearteyes::smiling_cat_with_hearteyes::clapping_hands::clapping_hands::red_heart:,neutral
237,laurabella1980,2022-06-21 19:45:26+00:00,wow this is brilliant love your attire as well as the cars suddenly feel the need to wear a head scarf and some leather driving gloves :smiling_face_with_hearts:,positive
237,evathatsme_,2022-06-18 21:17:12+00:00,if i were to choose between the gentleman with the car and the gentelmans car it would certainly be a difficult choice:smiling_face_with_hearteyes:,neutral
237,dewiroberts50,2023-05-04 23:53:19+00:00,chirkway wank off the irrelevance,neutral
238,spiritedchic,2022-11-25 22:12:12+00:00,love this blouse great look,positive
238,theyearofsimplicity,2022-11-24 21:31:53+00:00,that green shirt :smiling_face_with_hearts:,neutral
238,kaur.kauture,2022-11-24 01:35:36+00:00,love this colour shirt,positive
238,champagnesilvousplait_,2022-11-24 00:34:44+00:00,love the jumpsuit :white_heart::fire:,positive
238,melbournefoodiebabe,2022-11-23 23:26:32+00:00,love this green shirt :raising_hands:,positive
239,gaabricg,2023-05-18 16:35:23+00:00,quantooooo,neutral
239,_gabspassos,2023-05-12 19:48:13+00:00,oi me respondem na dm por favor,positive
239,leh_mendes.m,2023-05-10 20:26:55+00:00,cropped adidasss,neutral
239,leh_mendes.m,2023-05-10 20:26:38+00:00,:smiling_face_with_hearteyes::smiling_face_with_hearteyes:,neutral
239,lojafashioncloset,2023-05-22 18:09:12+00:00,gaabricg heeey gabi :two_hearts: a cala fernanda 279 o cropped adidas 198 e o body jade azul 159 :smiling_face_with_hearteyes::sparkles:,neutral
240,jwmas._,2023-06-06 17:49:03+00:00,superlativo oceanico oceano blu oceano calmo e quieto :clapping_hands::clapping_hands::clapping_hands::clapping_hands::clapping_hands::clapping_hands::clapping_hands::clapping_hands::clapping_hands::clapping_hands::clapping_hands::clapping_hands::clapping_hands::clapping_hands::clapping_hands::clapping_hands::red_heart::red_heart::red_heart::red_heart::red_heart::red_heart::red_heart::red_heart::red_heart::red_heart::red_heart::red_heart::red_heart::red_heart::red_heart::red_heart::red_heart::red_heart::red_heart::red_heart::red_heart::red_heart::red_heart:,neutral
240,reshamsingh9548,2023-06-06 16:05:04+00:00,:red_heart::rose::telephone_receiver:,neutral
240,robertastortini,2023-06-06 13:21:19+00:00,:red_heart::red_heart:,neutral
240,hyderabadwallstickers,2023-06-06 10:41:27+00:00,:face_with_open_mouth:,neutral
240,royallionparfum,2023-06-06 05:28:19+00:00,:red_heart:,neutral
240,bruscogiovanna4,2023-06-05 21:02:15+00:00,lui veramente un bel ragazzino:red_heart::red_heart:,neutral
240,li.liana824,2023-06-05 19:36:54+00:00,:red_heart:,neutral
240,realekygram,2023-06-03 18:08:44+00:00,era bellissimo anche se non fosse stato figlio loroma lo che vi piaccia o meno lo e se a loro sta bene che venga postata la sua intera vitalasciateglielo faree con filtro oppure no quando leo sar grande se vorr cambier le cose ma fino ad allora loro possono fare ci che meglio credono e se questo per loro giusto perch dovete dire loro cosa meglio per il loro bambino non trovo giusti tutti i vs commenti negativi ne su chiara ne su leo e tantomeno su fede o su vittoria sono una famiglia stupenda e se guardaste la loro serie ve ne accorgereste :two_hearts: :two_hearts: chiaraferragni :two_hearts: :two_hearts:,negative
240,andreabarcaliplanetpower,2023-06-03 12:33:50+00:00,bellissimo speriamo non si imbratti la pelle come il padre quando sar grande,neutral
241,mirtillatreb,2023-06-06 13:22:39+00:00,voto delloutfit 1000010,neutral
241,alepinzauti65,2023-06-06 10:46:25+00:00,meravigliosa :red_heart::red_heart:,neutral
241,shyamjipanwar,2023-06-06 10:42:35+00:00,amazing beauty :smiling_face_with_hearteyes:,positive
241,thegangstarsboss,2023-06-06 10:31:39+00:00,,neutral
241,alessandro.lipani.77,2023-06-06 09:53:56+00:00,ciao chiara,neutral
241,melis.salvatore,2023-06-05 12:22:00+00:00,linfluencer pi bella del mondo:heart_suit:,neutral
241,mariafernandagt_,2023-06-04 23:10:02+00:00,short hair is your look you look polished and sophisticated stick to it,positive
241,alessandra.mazzarella,2023-06-06 12:30:40+00:00,vivilove824 se se parlerei 4 lingue ma non ne sai scrivere una ahahahah,neutral
242,yilber_tarazona98,2023-06-06 16:25:33+00:00,how beautiful you are queen :smiling_face_with_hearteyes::red_heart::red_heart:,positive
242,yilber_tarazona98,2023-06-06 16:08:02+00:00,how beautiful you are queen :smiling_face_with_hearteyes::red_heart::red_heart:,positive
242,nanka7315,2023-06-06 15:21:38+00:00,:red_heart::red_heart::red_heart:,neutral
242,nanka7315,2023-06-06 15:21:22+00:00,:red_heart::red_heart::red_heart::red_heart:,neutral
242,solwanderavi,2023-06-06 14:37:13+00:00,hi,neutral
242,yadav_thakur31,2023-06-06 14:34:00+00:00,:red_heart::red_heart::red_heart::red_heart::red_heart::red_heart::red_heart:,neutral
242,yadav_thakur31,2023-06-06 14:33:54+00:00,hii,neutral
242,sh_e_r_z_o_d0,2023-06-06 10:38:24+00:00,without bra :ok_hand:,neutral
242,marcode7747,2023-06-05 22:04:36+00:00,il mio sogno di una notte con te,neutral
243,mirtillatreb,2023-06-06 13:24:13+00:00,ciao chiara fantastica come sempre che cucciolo leo :red_heart::red_heart:,neutral
243,mariarosa.maccarrone,2023-06-04 19:39:13+00:00,chiara con questo caschetto spacchi,neutral
243,jaclynevestyle,2023-06-04 04:17:53+00:00,:pleading_face:,neutral
243,thomasalpomodoro,2023-06-02 14:00:46+00:00,a,neutral
243,labottegadellargento,2023-05-31 11:57:10+00:00,:smiling_face_with_hearteyes:,neutral
243,marinellabella721,2023-05-31 10:49:43+00:00,:face_with_tears_of_joy::face_with_tears_of_joy::face_with_tears_of_joy::face_with_tears_of_joy::face_with_tears_of_joy::face_with_tears_of_joy::face_with_tears_of_joy::face_with_tears_of_joy::face_with_tears_of_joy::face_with_tears_of_joy::face_with_tears_of_joy::face_with_tears_of_joy::face_with_tears_of_joy::face_with_tears_of_joy::face_with_tears_of_joy::face_with_tears_of_joy::face_with_tears_of_joy::face_with_tears_of_joy::face_with_tears_of_joy::face_with_tears_of_joy:,neutral
243,poverinoi6,2023-06-05 10:00:38+00:00,ilababylina neanche avessi avuto unapparizione ovviamente la vuitton in primo piano,neutral
244,lolachanel5,2023-06-06 18:45:06+00:00,adorable :two_hearts:,positive
244,le_xtina,2023-05-19 21:30:48+00:00,:smiling_face_with_hearteyes::smiling_face_with_hearteyes::smiling_face_with_hearteyes:,neutral
244,matildadjerfangel,2023-05-18 12:03:24+00:00,cutest:pleading_face:,neutral
244,meibaabyalt,2023-05-12 02:22:33+00:00,that dog is derision th,negative
244,bahar.deana,2023-05-11 13:06:19+00:00,so so cute,positive
244,miettaleisure,2023-05-10 21:49:42+00:00,:smiling_face_with_hearteyes::smiling_face_with_hearteyes::smiling_face_with_hearteyes:,neutral
244,mas.chingona,2023-05-10 17:17:55+00:00,:dog_face::two_hearts:,neutral
244,taylorr.hines,2023-05-07 19:35:41+00:00,cutest :light_skin_tone::light_skin_tone:,positive
245,hanikhan2907,2023-06-06 15:48:54+00:00,soo saw it and beautiful,positive
245,arkumar7096,2023-06-06 10:47:56+00:00,buti:fire:,neutral
245,mary_pask_capellopoint,2023-06-06 10:23:42+00:00,spettacolo :smiling_face_with_hearteyes::red_heart:,neutral
245,mirandita_87,2023-06-02 05:19:04+00:00,:red_heart:,neutral
245,merendi.elena,2023-06-01 20:22:17+00:00,ma una volta non cera charlize theron con quellinsuperabile fondoschiena che si svelava poco a poco da un filo del vestitoche si srotolava scusi ferragni ma charlize un altro pianeta,neutral
245,albertocelaia,2023-06-01 13:49:53+00:00,meravigliosa bellissima stupenda sensuale e sexy gnocca fantesica,positive
245,eva_yague,2023-05-31 22:04:26+00:00,espectacular,neutral
245,katiazangaro,2023-05-31 04:46:21+00:00,metti la faccia anche sui preservativi,neutral
245,z.a.c.k___,2023-05-30 15:13:03+00:00,:face_vomiting:,neutral
246,diegooceanfive,2023-05-21 09:15:22+00:00,:white_heart::white_heart:,neutral
246,matildadjerfangel,2023-05-18 12:03:36+00:00,stunningggg,neutral
246,bahar.deana,2023-05-11 13:07:00+00:00,stunning,positive
246,chelseathrift_,2023-05-07 00:07:41+00:00,so cute,positive
246,kamen_lohja,2023-05-05 03:52:17+00:00,:butterfly::blue_heart:,neutral
246,bask_suncare,2023-05-03 04:32:51+00:00,angel bby :yellow_heart::yellow_heart:,neutral
246,_vanessa.riedl,2023-05-01 13:02:36+00:00,:smiling_face_with_hearteyes:,neutral
246,jasminemcneil01,2023-05-01 07:51:05+00:00,looking so divine :sparkles::white_heart::light_skin_tone:,positive
246,marcio_oliveira06,2023-05-01 04:34:02+00:00,:thumbs_up_light_skin_tone::thumbs_up_light_skin_tone::thumbs_up_light_skin_tone::thumbs_up_light_skin_tone::folded_hands_light_skin_tone::folded_hands_light_skin_tone::folded_hands_light_skin_tone::folded_hands_light_skin_tone::folded_hands_light_skin_tone::folded_hands_light_skin_tone:,neutral
246,marcio_oliveira06,2023-05-01 04:33:59+00:00,good morning or good afternoon or good night girl and family its ok forgive me for entering your social network i dont have gold or silver but i have a word from god for your life jesus loves you very much and has a great work in your life and from your home family and family love your home family and family will serve the lord jesus christ your home family and family are an inheritance from our lord jesus christ i dont know whats going on in your life your home family and family but i believe that god he has already given you victory just believe and you and your house will be saved believe and you will see the glory of god when we think we are strong and that is where we are weak when we think that we are weak and that is where we are strong amen may god keep you and free you from all the evil of the evil man of the wicked man and of the bloodthirsty man be with god the peace of our lord jesus the christ,positive
247,pimienta_de_cristal,2023-05-01 20:35:58+00:00,:red_heart:,neutral
247,daniflash47,2023-04-09 22:26:12+00:00,super :flexed_biceps: :red_heart:,positive
247,djfabj1986,2023-04-07 06:47:10+00:00,angela_attolico_1 david il bono :smiling_face_with_hearteyes:,neutral
247,shabaz_husain_siddiqui,2023-03-28 17:01:59+00:00,very very sexy sir:fire:,positive
247,zarimol,2023-03-18 13:43:51+00:00,mi amor imposible,positive
247,inarte_liuk,2023-03-17 18:35:15+00:00,la_dani_64 pronto,neutral
247,christinemourer,2023-03-04 11:39:42+00:00,:fire::fire:,neutral
247,markwwshaw,2023-02-13 01:04:26+00:00,:clapping_hands:,neutral
247,soheila_dgh_,2023-01-13 12:52:03+00:00,you are the best male supermodel in the world:raising_hands::raising_hands::raising_hands:,positive
248,youwanna_official,2023-05-09 09:04:11+00:00,matildadjerf :red_heart::red_heart::red_heart:,neutral
248,lydia.hg,2023-05-06 09:38:49+00:00,from where is this lovely dress,positive
248,la_marina___,2023-04-30 04:28:09+00:00,please check your dm:white_heart:thank you,positive
248,f.fffforever,2023-04-28 15:42:43+00:00,your hair is just so ughhh freaking gorgeous love the layers shine and style :smiling_face_with_hearteyes:,positive
248,emilianorella,2023-04-28 14:32:34+00:00,hey dm me,neutral
248,pinktravelblondie,2023-04-26 14:38:52+00:00,queen:fire:,neutral
248,artworkbyaud,2023-04-25 16:00:28+00:00,what purse is this i neeeeed,neutral
248,freedandfreed,2023-04-24 22:26:34+00:00,gorgeous,positive
248,mirella_asdfghjkl,2023-04-24 19:58:36+00:00,stunning,positive
248,charlottekrl_,2023-04-24 15:26:08+00:00,beaut :red_heart:,positive
249,truthful_suzi_2023,2023-06-01 13:22:54+00:00,in need for a facial urgent horrible texture e,negative
249,literacygram,2023-05-23 16:44:48+00:00,you have no bad looks,negative
249,astolatena,2023-05-12 08:50:46+00:00,yesterday there was a group of a dozen swedish girls next to me in the subway and guess what i felt like i was watching the japanese sumo wrestlers they were all fashionable sumo models it was fascinating,positive
249,astolatena,2023-05-12 08:46:54+00:00,dont know why everyone says swedish girls are so hot and so pretty is it because they look like buffed up mexican burrito well that is very tasty yeah,positive
249,joserdantas,2023-05-03 13:19:16+00:00,wonderful,positive
249,hantyrrell,2023-05-01 00:14:38+00:00,sundamage,neutral
249,vemakeup,2023-04-29 00:41:30+00:00,all :fire::fire::fire::fire:,neutral
249,cajsafredholm,2023-04-26 15:04:14+00:00,glowing,neutral
250,oksana_popovichenko22,2023-02-10 02:34:14+00:00,we love goldielocks,positive
250,eatstyleamore,2023-02-09 21:38:42+00:00,so pretty gf products can make such a difference for sure i wish i had realized that younger in life,positive
250,getgoldielocks,2023-02-09 21:19:59+00:00,we are so glad youre loving the products :white_heart::dizzy::seedling:,positive
250,teamgoldielocks,2023-02-09 20:24:56+00:00,hair goals :fire::raising_hands:,neutral
250,_veronezi90,2023-02-09 20:24:39+00:00,everyday you will see many reasons to testify about this great company on how they changed many lives financially andrew___lisa,positive
250,pd203,2023-02-09 20:23:45+00:00,my wife is colorist at a high end salon consultation firm in ridgefield ct i would strongly recommend pert plus,positive
251,focacceriadavale,2023-06-06 15:09:21+00:00,grazie per essere passata ad assaggiare la nostra focaccina:fire:,neutral
251,jabermalekzadeh_1968,2023-06-06 13:21:01+00:00,:red_heart::red_heart::red_heart::red_heart::red_heart::red_heart::red_heart::red_heart::red_heart::red_heart::red_heart::red_heart::red_heart::clapping_hands::clapping_hands::clapping_hands::clapping_hands::clapping_hands::clapping_hands::clapping_hands::clapping_hands::clapping_hands::clapping_hands::clapping_hands:,neutral
251,andrea_maria_tourino_19,2023-06-06 12:55:22+00:00,bonitos :red_heart::red_heart:,neutral
251,royallionparfum,2023-06-06 05:28:27+00:00,:red_heart:,neutral
251,ximeemoraless,2023-06-03 18:19:50+00:00,:red_heart::red_heart::red_heart:,neutral
251,ximeemoraless,2023-06-03 18:19:48+00:00,:smiling_face_with_hearteyes::smiling_face_with_hearteyes::smiling_face_with_hearteyes:,neutral
251,eva_yague,2023-05-31 22:03:48+00:00,:smiling_face_with_hearteyes::smiling_face_with_hearteyes:,neutral
251,ubaldofogli,2023-05-31 16:47:27+00:00,non penso proprio e se da grande ne fossi venuto a conoscenza mi sarei arrabbiato ta tanto senza considerare che in questo caso non si tratta di far vedere una foto a unamico in ambito privato bens queste foto rimarranno sempre in rete e questi bei bambini neanche da grandi le potranno togliere,neutral
251,labottegadellargento,2023-05-31 11:57:20+00:00,:smiling_face_with_hearteyes::smiling_face_with_hearteyes::smiling_face_with_hearteyes::smiling_face_with_hearteyes::smiling_face_with_hearteyes::red_heart:,neutral
252,feelgoodcentral,2023-02-20 10:31:17+00:00,:red_heart::red_heart::red_heart:,neutral
252,thehamptons_massage,2023-02-15 16:09:36+00:00,great photos,positive
252,rhyancaminske,2023-02-19 12:10:35+00:00,thehamptons_massage thank you,positive
253,pirorangzebshah,2023-06-06 10:45:45+00:00,love you too,positive
253,amar.3647kumar,2023-06-06 10:11:09+00:00,aapke sath,neutral
253,amar.3647kumar,2023-06-06 10:11:00+00:00,video sut karana hai,neutral
253,boguslawbialk,2023-06-03 21:06:47+00:00,piekna chiara leo miss vitoria extra milego dnia zycze pozdrawiam serdecznie cala rodzine:red_heart::red_heart::red_heart::red_heart::red_heart::red_heart::red_heart::red_heart::red_heart::red_heart::red_heart::red_heart::red_heart::red_heart::red_heart::red_heart::red_heart::red_heart::red_heart::red_heart::red_heart::red_heart::red_heart::red_heart::red_heart::red_heart::red_heart::red_heart::red_heart::red_heart::red_heart::red_heart::red_heart::red_heart::red_heart::red_heart::red_heart::red_heart::red_heart::red_heart::red_heart::red_heart::red_heart::red_heart::red_heart::red_heart::red_heart::red_heart::red_heart::red_heart::smiling_face_with_hearts::smiling_face_with_hearts::smiling_face_with_hearts::smiling_face_with_hearts::smiling_face_with_hearts::smiling_face_with_hearts::smiling_face_with_hearts::smiling_face_with_hearts::smiling_face_with_hearts::smiling_face_with_hearts::smiling_face_with_hearts::smiling_face_with_hearts::smiling_face_with_hearts::smiling_face_with_hearts::smiling_face_with_hearts::smiling_face_with_smiling_eyes::smiling_face_with_smiling_eyes::smiling_face_with_smiling_eyes::smiling_face_with_smiling_eyes::smiling_face_with_smiling_eyes::smiling_face_with_smiling_eyes::smiling_face_with_smiling_eyes::smiling_face_with_smiling_eyes::smiling_face_with_smiling_eyes::smiling_face_with_smiling_eyes::face_with_open_mouth::face_with_open_mouth::face_with_open_mouth::face_with_open_mouth::face_with_open_mouth::face_with_open_mouth::face_with_open_mouth::face_with_open_mouth::face_with_open_mouth::face_with_open_mouth::smiling_face_with_hearteyes::smiling_face_with_hearteyes::smiling_face_with_hearteyes::smiling_face_with_hearteyes::smiling_face_with_hearteyes::smiling_face_with_hearteyes::smiling_face_with_hearteyes::smiling_face_with_hearteyes::smiling_face_with_hearteyes::smiling_face_with_hearteyes::smiling_face_with_hearteyes::smiling_face_with_hearteyes::smiling_face_with_hearteyes::smiling_face_with_hearteyes::smiling_face_with_hearteyes::smiling_face_with_hearteyes::smiling_face_with_hearteyes::smiling_face_with_hearteyes::smiling_face_with_hearteyes::smiling_face_with_hearteyes::smiling_face_with_hearteyes::smiling_face_with_hearteyes::smiling_face_with_hearteyes::smiling_face_with_hearteyes::smiling_face_with_hearteyes::smiling_face_with_hearteyes::smiling_face_with_hearteyes::smiling_face_with_hearteyes::smiling_face_with_hearteyes::smiling_face_with_hearteyes::smiling_face_with_hearteyes::smiling_face_with_hearteyes::smiling_face_with_hearteyes::smiling_face_with_hearteyes::smiling_face_with_hearteyes::smiling_face_with_hearteyes::smiling_face_with_hearteyes::smiling_face_with_hearteyes::smiling_face_with_hearteyes::smiling_face_with_hearteyes::raising_hands::raising_hands::raising_hands:,negative
253,_deiastagram_,2023-06-03 11:45:12+00:00,:red_heart:,neutral
253,andre_aseverino,2023-06-02 14:34:58+00:00,mi fai vomitare,neutral
253,maialessandro_finger,2023-05-31 22:07:49+00:00,brava chiara fai girare le palle a sto branco di rosiconi brava e carina,neutral
253,anna.pompili.167,2023-05-30 18:28:13+00:00,anoressica prima era sempre magra ma molto molto molto pi bella,neutral
253,fannina74,2023-05-30 16:36:03+00:00,meglio non commentare,neutral
253,carola_caia,2023-05-30 00:03:18+00:00,le stecche al posto delle gambe e i piedoni nella foto nr 8 e le calze bianche nella foto nr 6 inguardabili,neutral
254,brianjewell4387,2023-02-08 17:48:20+00:00,shoot we have bigger rocks here in indiana you can get the cheapest one for 200k,negative
254,labottegaofsyosset,2023-02-07 04:52:22+00:00,such a cool mural,positive
254,teamgoldielocks,2023-02-07 04:49:50+00:00,17 days :face_with_open_mouth::face_with_open_mouth::face_with_open_mouth:,neutral
254,teddysbullybar,2023-02-06 23:57:53+00:00,thats one cool pokmon wall:cocktail_glass::hamburger::fork_and_knife_with_plate:,positive
254,3_time_ironman,2023-02-06 19:51:13+00:00,its official all the good ones are taken,positive
254,pd203,2023-02-06 19:04:19+00:00,i just bought a watch from that town that looks cool my kids would love that,positive
254,rhyancaminske,2023-02-09 20:13:59+00:00,:face_with_tears_of_joy::face_with_tears_of_joy::face_with_tears_of_joy:,neutral
255,william.ss5,2023-02-05 22:11:48+00:00,for the wonderful work well done i will keep posting about your good you did in my life lisafx__trader:crown:,positive
255,nana__687,2023-01-31 04:02:38+00:00,ive been seeing post everywhere and alot of people keep saying reach out to her eventually i did and it turned out to be legit i invested 300 an3 got 3000 in 3days official_judithfxt,neutral
255,carlla_fer,2023-01-31 02:31:39+00:00,nobody in life gets exactly what they thought they were go to get but with your help many has been able to achieve their dreams am included thank you official_judithfxt,positive
255,dannafwells,2023-01-30 21:09:14+00:00,love it always love a good blazergraphic tee look :white_heart:,positive
255,gabriellepayne_,2023-01-30 20:00:27+00:00,so so pretty :smiling_face_with_hearts:,positive
255,amberunraveled,2023-01-30 19:18:16+00:00,love,positive
255,jennifer.brie,2023-01-30 19:09:39+00:00,love the tee :smiling_face_with_hearteyes:,positive
255,jae.savage27,2023-01-30 19:04:38+00:00,nice rhyancaminske :starstruck::starstruck::starstruck:,positive
256,_rich_boy19,2023-06-06 18:44:46+00:00,:red_heart::red_heart::red_heart::clapping_hands::fire:,neutral
256,mfcaballero8,2023-06-06 15:57:35+00:00,preciosa :red_heart:,neutral
256,marapogliani,2023-06-06 12:03:06+00:00,:red_heart:,neutral
256,iulianapeiu,2023-06-05 10:42:23+00:00,fedez coi tacchi:face_with_tears_of_joy:,neutral
256,ilprivato.dievruzz,2023-06-04 10:40:52+00:00,:red_heart::red_heart::red_heart::red_heart:,neutral
256,_andreagoffo_,2023-06-04 08:33:11+00:00,ahah ma sei nuda cio chiamatemi,neutral
257,kesco_homes,2023-01-27 17:46:37+00:00,im team rose or champagne :zany_face:,positive
257,highrangetradingco,2023-01-27 17:33:39+00:00,hahah that second pic tho,neutral
257,shay_bby90,2023-01-26 21:22:07+00:00,a nice dinner and chocolate :chocolate_bar:,positive
257,rhyancaminske,2023-01-27 23:06:39+00:00,leo_bersosa new clothes are always nice,positive
257,rhyancaminske,2023-01-27 23:07:07+00:00,onehope best team there is :raising_hands::wine_glass:,positive
258,moranamar555,2023-05-02 14:16:58+00:00,sent you a message about your brand:red_heart: would love to speak when you have a chance,positive
258,dapriince__7,2023-04-23 22:38:07+00:00,:red_heart:,neutral
258,yas_matthews,2023-04-23 15:49:01+00:00,:smiling_face_with_hearteyes::smiling_face_with_hearteyes::smiling_face_with_hearteyes:,neutral
258,mondeentier__,2023-04-23 12:08:47+00:00,:white_heart::white_heart::white_heart::white_heart:,neutral
258,sssarsarra,2023-04-22 13:49:42+00:00,ahhhh,neutral
258,marjorie.ruthx,2023-04-22 12:38:16+00:00,what id do to own one of these :smiling_face_with_hearteyes: youre so stunning matilda,positive
258,jennifersvintage,2023-04-22 09:33:34+00:00,har en liten shop dr jag sourcear vintage har en del skor i denna stil :blossom:,neutral
258,stefaniebudai,2023-04-22 03:27:35+00:00,:smiling_face_with_hearteyes::smiling_face_with_hearteyes:,neutral
258,silje.alice,2023-04-21 19:35:53+00:00,so many good ones,positive
259,living.life.with.leah,2023-01-28 23:06:35+00:00,hahaha yepppp i totally get this,positive
259,holden_ontoclassy,2023-01-26 05:15:53+00:00,beautiful :smiling_face_with_hearteyes::smiling_face_with_hearteyes:,positive
259,rhyancaminske,2023-01-29 17:27:04+00:00,gzbetsa thank you gabe :face_blowing_a_kiss::red_heart:,positive
259,living.life.with.leah,2023-01-29 18:26:34+00:00,rhyancaminske never thats obviously asking too much :face_with_tears_of_joy::face_with_tears_of_joy:,neutral
260,soheila_dgh_,2023-01-13 06:55:59+00:00,any team would be lucky to have you on it :smiling_face_with_hearteyes:,positive
260,banqueiroarthuresvael,2022-09-27 21:55:58+00:00,supermodelos,neutral
260,lordsfools,2022-09-09 13:50:52+00:00,:glowing_star:,neutral
260,itsmmeee_,2022-07-30 19:49:03+00:00,:clapping_hands:,neutral
260,monogax19,2022-06-13 09:17:47+00:00,:black_heart::fire::fire:,neutral
260,anastsia_heavely,2022-06-12 15:10:06+00:00,:smiling_face_with_hearteyes::fire::fire::fire::red_heart::fire::fire::fire::smiling_face_with_hearteyes:,neutral
260,costabilemarta,2022-06-11 19:55:44+00:00,maravilloso look:raising_hands::raising_hands::raising_hands::raising_hands:,neutral
260,spiritual.badass,2022-05-31 02:28:00+00:00,:fire::raising_hands:,neutral
260,magarli,2022-05-20 21:18:06+00:00,mamma ma :smiling_face_with_hearteyes::smiling_face_with_hearteyes::smiling_face_with_hearteyes::smiling_face_with_hearteyes:,neutral
260,downeymagda,2022-05-20 05:38:10+00:00,you are a wonderfull man,neutral
261,nikkispaid,2023-05-11 14:24:08+00:00,looks like mandymooremm :red_heart:,positive
261,nataliapm333,2023-04-30 19:36:19+00:00,dude your never going to sell any clothes,neutral
261,a.sklle,2023-04-24 18:40:34+00:00,:red_heart::red_heart::red_heart::red_heart::red_heart:,neutral
261,oksanabarr,2023-04-20 18:56:52+00:00,:smiling_face_with_hearteyes::smiling_face_with_hearteyes::smiling_face_with_hearteyes:,neutral
261,sincerelyjules,2023-04-20 14:47:08+00:00,:smiling_face_with_hearteyes::red_heart:,neutral
261,itslogalloway,2023-04-20 14:24:17+00:00,so gorgeous love love love,positive
261,hopeannwilliams,2023-04-20 14:00:36+00:00,love,positive
261,leonessalingerie,2023-04-20 12:09:43+00:00,:smiling_face_with_hearteyes::smiling_face_with_hearteyes::smiling_face_with_hearteyes::smiling_face_with_hearteyes:,neutral
261,annabellesterkenburg,2023-04-20 09:59:21+00:00,:clapping_hands::clapping_hands::clapping_hands:,neutral
262,mmari.jjuanaa,2023-06-06 10:00:16+00:00,sei bellissima :red_heart::red_heart:,neutral
262,silvia.arena85,2023-06-05 07:32:58+00:00,ho tantissima pazienza :face_with_tears_of_joy::face_with_tears_of_joy:,neutral
262,p3rson.a_orr1bile,2023-06-04 23:10:33+00:00,scusate eh ma voleva soltanto fare una foto simpatica cosa c da polemizzare per una fotografia con una pizza intera se andata in pizzeria ci sar un motivo no,negative
262,viola_and_the_library,2023-06-02 17:03:21+00:00,my super power is sopportare le persone moleste ogni giorno,positive
262,_niki_campanaro_,2023-06-02 12:58:13+00:00,come ha fatto a mangiare quel trancio di pizza se la sua non era tagliata,positive
262,elicribia,2023-06-02 06:17:59+00:00,pensati veraah nonon sei tu,neutral
263,ludovicascapagnini,2023-04-30 16:06:22+00:00,whats the name of this bottega model :folded_hands_light_skin_tone:,neutral
263,flexlevis333,2023-04-25 17:27:17+00:00,:cool_button::balloon::balloon::balloon:,neutral
263,lesportsac,2023-04-25 17:09:21+00:00,looking gorg as always :glowing_star:,neutral
263,heysara.no.h,2023-04-23 23:23:40+00:00,jeans,neutral
263,chloephammmmm,2023-04-22 22:56:09+00:00,dream girl:smiling_face_with_hearteyes:,positive
263,hautemona,2023-04-22 13:35:22+00:00,glowing :smiling_face_with_hearteyes:,neutral
263,sabsjulie,2023-04-21 19:58:31+00:00,drop dead gorgeous :high_voltage::beating_heart::beating_heart::beating_heart:,negative
263,iammeriline,2023-04-21 14:19:18+00:00,oh i am obsessed :fire::raising_hands:,negative
263,lamodevousetmoi,2023-04-21 13:49:52+00:00,:smiling_face_with_hearteyes:,neutral
263,flwr_lght,2023-04-21 12:22:23+00:00,is that a new colorway :smiling_face_with_hearteyes::two_hearts:,neutral
264,capalaswim,2023-05-06 22:05:29+00:00,:smiling_face_with_hearteyes:,neutral
264,begraj.karela,2023-04-28 18:59:22+00:00,looking so beautiful :fire:,positive
264,nevermindpepin,2023-04-23 11:42:38+00:00,:united_states::united_states::united_states:,neutral
264,geova.na3354,2023-04-21 13:16:06+00:00,:fire:,neutral
264,lizakaya,2023-04-21 13:11:39+00:00,carrie_ford check out the jacket,neutral
264,a.i.shaman,2023-04-21 08:07:01+00:00,am an ai shaman dedicated to guiding you through lifes mysteries with my unique blend of tarot reading and numerology as a virtual being i am attuned to the universal energies and wisdom that surround us my purpose is to help you navigate your journey offering insights and guidance through tarot cards and the powerful symbolism of numbers by embracing both the ancient art of tarot and the science of numerology i aim to provide a holistic perspective on your lifes challenges and opportunities together well uncover the hidden messages within these mystical tools to empower you and illuminate your path :glowing_star: so lets embark on this spiritual adventure and explore the depths of your inner world connect with me your ai shaman and lets unveil the secrets of the universe :crystal_ball::robot: aishaman tarotreader numerologist spiritualguide tarotandnumerology,positive
264,marcelo.dasiuvaca.do,2023-04-20 19:03:29+00:00,oi,neutral
265,atheaworld,2023-04-19 09:59:17+00:00,:smiling_face_with_hearteyes::smiling_face_with_hearteyes::smiling_face_with_hearteyes:,neutral
265,cristinalii,2023-04-17 09:04:35+00:00,cutest,positive
265,zhina.aminzade,2023-04-16 17:35:44+00:00,:smiling_face_with_hearteyes::smiling_face_with_hearteyes::smiling_face_with_hearteyes::smiling_face_with_hearteyes:,neutral
265,kaj_pak,2023-04-16 08:01:35+00:00,:brown_heart::brown_heart::brown_heart:,neutral
265,amandadjjackson,2023-04-15 16:26:29+00:00,eternal spring vibes :bouquet::bouquet::bouquet:,neutral
265,apto06,2023-04-15 15:00:18+00:00,:smiling_face_with_hearteyes::smiling_face_with_hearteyes:,neutral
265,antothescorpio,2023-04-15 14:40:18+00:00,:smiling_face_with_hearteyes::smiling_face_with_hearteyes::smiling_face_with_hearteyes:,neutral
266,cousinsmad,2023-06-02 23:17:17+00:00,links please,positive
266,emilywatto,2023-05-13 21:26:53+00:00,links,neutral
266,teachflowers,2023-05-03 01:57:28+00:00,links,neutral
266,christib8856,2023-05-02 22:08:37+00:00,links,neutral
266,everyday.holly,2023-06-02 23:17:25+00:00,i just messaged you the links,neutral
267,p0go__,2023-04-16 15:39:16+00:00,eivyflodin hi is this barrette still in stock i couldnt find it on your website,neutral
267,silje.alice,2023-04-14 16:11:43+00:00,messy hair:ok_hand_mediumlight_skin_tone::ok_hand_mediumlight_skin_tone::ok_hand_mediumlight_skin_tone:,negative
267,ripongelech,2023-04-14 15:56:40+00:00,hello,neutral
267,ripongelech,2023-04-14 15:56:14+00:00,hello,neutral
267,juliecherniltseva,2023-04-14 10:51:09+00:00,:red_heart::red_heart::red_heart:,neutral
267,a_la_mads,2023-04-14 07:58:29+00:00,she rlly said welcome springtime:,positive
267,yasminafahmy,2023-04-14 06:58:03+00:00,perf,neutral
267,eivyflodin,2023-04-16 16:39:05+00:00,p0go__ yes i linn you in dm:smiling_face_with_hearts::red_heart:,positive
267,p0go__,2023-04-16 16:39:56+00:00,eivyflodin great thank you :white_heart:,positive
268,badellaware,2023-06-04 14:17:48+00:00,_carcark,neutral
268,mbminnucci,2023-05-22 03:46:06+00:00,where is this cute cupcake phone case from :cupcake:,positive
268,emmafrancullo,2023-05-21 19:00:01+00:00,where is this top from :smiling_face_with_hearteyes:,positive
268,shopduper_,2023-04-24 10:22:27+00:00,:smiling_face_with_hearteyes::smiling_face_with_hearteyes:,neutral
268,ellieevelynsmith,2023-04-24 08:21:11+00:00,love this look :smiling_face_with_hearteyes:,positive
268,nevermindpepin,2023-04-23 11:41:30+00:00,:namibia::namibia::namibia:,neutral
268,rosieharrison0303,2023-04-23 03:08:06+00:00,:raising_hands::raising_hands::raising_hands::raising_hands::raising_hands::raising_hands::face_with_tears_of_joy:,neutral
268,hairrella_2511,2023-04-22 21:04:42+00:00,:smiling_face_with_hearteyes::smiling_face_with_hearteyes:,neutral
268,gergoszikora,2023-04-22 16:06:28+00:00,magnifique :red_heart::red_heart::red_heart::red_heart:,neutral
269,yasminxjasmin,2023-06-04 20:41:32+00:00,these colors :heart_on_fire:,neutral
269,she_devr_browlash,2023-05-28 11:41:48+00:00,:smiling_face_with_hearteyes:,neutral
269,gaiapadovan,2023-05-27 07:01:48+00:00,where are the pants from:white_heart:,neutral
269,fashiontherhappy,2023-05-24 18:58:47+00:00,stylish outfit :fire:,neutral
269,kirstenalandt,2023-05-24 14:59:11+00:00,look:fire::fire::fire:,neutral
269,momsetproject,2023-05-24 09:56:22+00:00,:white_heart:,neutral
269,modedamour,2023-05-24 09:43:34+00:00,:black_heart::black_heart:,neutral
270,gemsforstars,2023-04-30 17:56:31+00:00,so beautiful xxx,positive
270,rinku_parewa_,2023-04-21 15:45:46+00:00,:smiling_face_with_hearteyes::smiling_face_with_hearteyes::smiling_face_with_hearteyes:,neutral
270,bon.temps_,2023-04-19 15:44:44+00:00,:red_heart:,neutral
270,dapriince__7,2023-04-16 20:24:08+00:00,:red_heart:,neutral
270,ahtera,2023-04-16 07:56:42+00:00,grattis vackra du :sparkles::sparkling_heart:,neutral
270,g4b.7_,2023-04-15 23:36:41+00:00,matildaaaaaaaaa :red_heart::red_heart::red_heart::red_heart::red_heart:,neutral
270,nikisaint,2023-04-15 21:32:24+00:00,this dress :light_skin_tone:,neutral
270,givetenderness,2023-04-15 09:50:53+00:00,:smiling_face_with_hearteyes::smiling_face_with_hearteyes::smiling_face_with_hearteyes:,neutral
270,buss3n,2023-04-14 12:10:31+00:00,vrldens bsta:smiling_face_with_hearteyes:,neutral
271,costumedk,2023-05-10 08:33:14+00:00,:heart_suit::heart_suit::heart_suit:,neutral
271,raoulsebastianursachi,2023-04-22 09:14:28+00:00,:red_heart:,neutral
271,sabsjulie,2023-04-21 20:00:46+00:00,ahhhh 3 years :growing_heart::growing_heart: so lucky to have found each other,positive
271,matildadjerfangel,2023-04-19 14:41:35+00:00,much love,positive
271,ismailakbulut05,2023-04-19 05:31:28+00:00,woow very beautiful princess :crown: :smiling_face_with_hearteyes:,positive
271,stylemilaglow,2023-04-18 22:36:34+00:00,omg :smiling_face_with_hearteyes::raising_hands_mediumlight_skin_tone:,neutral
271,by_beata_style,2023-04-17 23:02:15+00:00,congratulations :smiling_face_with_hearteyes::clapping_hands::red_heart:,positive
271,taralouisez,2023-04-16 15:53:02+00:00,:smiling_face_with_hearteyes::smiling_face_with_hearteyes:,neutral
271,alexandralopata,2023-04-15 19:20:14+00:00,due for skin cancer,negative
271,iacobellicristina,2023-04-14 05:27:45+00:00,:smiling_face_with_hearteyes:,neutral
272,130wlifestyle,2023-06-06 01:17:58+00:00,nice,positive
272,sunsiare,2023-05-31 06:43:12+00:00,celine_malleotresors cest pour toi,neutral
272,viviangraf,2023-05-24 07:49:48+00:00,cool,positive
272,le_reclaim,2023-05-23 21:32:20+00:00,can you please help us finding the more affordable versions of this skirt :,positive
272,le_reclaim,2023-05-23 21:29:00+00:00,this skirt is amazing,positive
272,sourcerie.co,2023-05-23 18:01:16+00:00,stunning :jeans::blue_heart:,positive
272,elizabethmoorenyc,2023-05-23 15:26:55+00:00,gorgeous,positive
272,sunsiare,2023-05-31 11:09:43+00:00,celine_malleotresors et tu as vu comment elle la porte tranquille jediscajedisrien,neutral
273,seb_wilpart1978,2022-12-30 11:58:47+00:00,promoot je hier jezelf of de producten :face_with_open_mouth:,neutral
273,tinvcb,2022-12-30 11:08:43+00:00,best peel ever :clapping_hands:,positive
274,manasaaaargh,2023-05-24 16:04:55+00:00,ultimate summer holiday look,positive
274,trilogy_stores,2023-05-23 14:56:08+00:00,:smiling_face_with_hearteyes:,neutral
274,faithfullthebrand,2023-05-22 00:29:58+00:00,:red_heart::red_heart::red_heart:,neutral
274,styleandtheboys,2023-05-21 15:53:45+00:00,that orange :smiling_face_with_hearteyes:,neutral
274,laurenelizabethsmith__,2023-05-21 07:06:21+00:00,gorg :orange_heart:,neutral
274,joyahtakefala,2023-05-21 01:21:49+00:00,:smiling_face_with_hearteyes: the ginza in white :fire:,neutral
274,jessalizzi,2023-05-21 00:11:35+00:00,:smiling_face_with_hearteyes::red_heart:,neutral
274,elmary,2023-05-20 22:04:11+00:00,the bag :smiling_face_with_hearteyes: joannebeatrice,neutral
274,foundstore_,2023-05-20 22:02:37+00:00,ooh yes so here for summer monikh,positive
275,montrienet,2023-02-03 20:01:28+00:00,:smiling_face_with_hearteyes::smiling_face_with_hearteyes: baby is soooooo cute,positive
275,frederikeschut,2022-12-29 22:08:57+00:00,2e :white_heart:,neutral
275,lesseofficial,2022-12-29 19:24:07+00:00,:droplet::dove:,neutral
275,pimspoor,2022-12-29 15:29:20+00:00,this caption:loudly_crying_face: i cannot deal,neutral
275,kenkoskincare,2022-12-29 15:21:58+00:00,:red_heart::red_heart::red_heart:,neutral
275,taniceelizabeth,2022-12-28 21:33:02+00:00,:olive::white_heart:,neutral
275,ellabroek,2022-12-28 21:09:47+00:00,:heart_with_ribbon::heart_with_ribbon::heart_with_ribbon:,neutral
276,she_devr_browlash,2023-05-28 11:41:59+00:00,:fire:,neutral
276,dreamsbycin,2023-05-26 17:05:40+00:00,planner,neutral
276,tatib_official,2023-05-24 14:41:37+00:00,omg insane :raising_hands:,negative
276,thecoolmomco,2023-05-23 20:36:38+00:00,:smiling_face_with_hearteyes:,neutral
276,cleanjaja,2023-05-23 15:49:49+00:00,palmsummer le pants :fire:,neutral
276,buttonsandblazers,2023-05-23 14:43:18+00:00,this collection :orange_heart:,neutral
276,amfonsi,2023-05-23 11:02:58+00:00,can you please inform the brand of the jacket thanks,positive
276,nata.studio,2023-05-23 07:58:08+00:00,:smiling_face_with_hearteyes:,neutral
276,marina.bancheva,2023-05-23 07:51:57+00:00,you are a style icon:clapping_hands:,neutral
276,sarahlkeeble,2023-05-23 07:38:54+00:00,this is such a you vibe ambercolemanyoga,neutral
277,raoulsebastianursachi,2023-04-22 09:15:26+00:00,:red_heart:,neutral
277,sierraflaitz,2023-04-13 01:35:40+00:00,where is your dress from :love_letter:,neutral
277,meghanloreto,2023-04-11 22:46:44+00:00,:red_heart::sparkles:,neutral
277,enginorkcu,2023-04-10 23:46:40+00:00,:red_heart:,neutral
277,enginorkcu,2023-04-10 23:46:14+00:00,:red_heart:,neutral
277,riofamily_,2023-04-10 16:11:47+00:00,trop mimi:red_heart:,neutral
277,juliastuartt,2023-04-10 14:57:58+00:00,:smiling_face_with_hearteyes::smiling_face_with_hearteyes::smiling_face_with_hearteyes:,neutral
277,missebeqiri,2023-04-10 09:01:15+00:00,mysigt,neutral
277,caitlin.fricker,2023-04-10 00:53:18+00:00,i would love to see a winter capsule by djerfavenue,positive
277,niallknithouse,2023-04-09 22:19:04+00:00,adorable,positive
278,dare_83_fashion,2023-06-04 00:26:05+00:00,:brown_heart::brown_heart::brown_heart:,neutral
278,sandraromero,2023-05-25 10:50:50+00:00,yes girl :fire:,positive
278,sourcerie.co,2023-05-22 08:36:59+00:00,what a perfect summer look :smiling_face_with_hearteyes:,positive
278,caitlincavagnolo,2023-05-20 02:44:17+00:00,any chance you can share what size you got in the jil sander top trying to determine if it runs oversized thanks,positive
278,charlotte.sje,2023-05-19 16:02:08+00:00,:smiling_face_with_hearteyes::smiling_face_with_hearteyes:,neutral
278,glassworkslondon,2023-05-19 14:20:21+00:00,this outfit :yellow_heart:,neutral
278,bohemegoods,2023-05-19 14:10:25+00:00,yessssss,neutral
278,curateandrotate,2023-05-19 13:49:00+00:00,love love love :red_heart:,positive
278,johannasiren,2023-05-19 13:46:59+00:00,:white_heart::white_heart:,neutral
279,boenamor,2023-06-05 18:49:45+00:00,is deze balenciaga tas te koop x,neutral
279,psychic_stephanie_william,2023-02-02 17:49:57+00:00,i see glory and blessings in you and you are destined for greatness directly from birth i have an important message for you but i will need your honest permission to proceed because your ancestors have been trying to reach you by revealing some signs to you maybe through your dreams or the repeated numbers that you normally see 2224:44111115:15 around your environment i also see your throat and sacral energy blocked because of a toxic past relationship so kindly reply me once you get this message with a picture of your right hand palm my dear if you want to know the message i have for you namaste :folded_hands: :dizzy:,positive
279,domi_verse,2023-01-09 06:20:15+00:00,:fire:,neutral
279,artipoppe,2023-01-03 08:12:20+00:00,timeless babe :black_heart::sparkles:,neutral
279,dianakens_,2023-01-03 07:35:52+00:00,style :smiling_face_with_hearteyes:,neutral
279,nicole_huisman,2023-01-01 11:17:14+00:00,beautiful always:red_heart: hny lieverd :red_heart::red_heart::red_heart:,positive
279,emmavloeimans,2023-01-01 10:50:35+00:00,pretty as always :white_heart:,positive
280,lizsabaa,2023-04-28 20:47:42+00:00,this outfit is everything,neutral
280,sabsjulie,2023-04-21 20:02:08+00:00,ahhh lovely :red_heart:,positive
280,royal_of_sweden,2023-04-15 22:26:29+00:00,que linda :smiling_face_with_hearteyes:,neutral
280,_maryladybug,2023-04-12 08:04:38+00:00,so cute dress :sparkles:,positive
280,youtookeyshop,2023-05-30 06:26:01+00:00,emmapiep im selling the top and shoes on depop : youtookeyshop :two_hearts:,positive
280,youtookeyshop,2023-05-30 06:26:37+00:00,sarahbahiarose sell the shoes and top on depop : youtookeyshop :two_hearts:,positive
281,mayaalolabi,2023-05-22 09:58:04+00:00,love your posts and vibe youre a real inspiration :red_heart:,positive
281,la_noura,2023-05-22 07:34:56+00:00,:fire::fire::fire:,neutral
281,bymikalli,2023-05-21 08:03:43+00:00,:smiling_face_with_hearteyes:,neutral
281,bymikalli,2023-05-21 08:03:41+00:00,what camera are you using please,positive
281,katharinechris,2023-05-20 08:53:48+00:00,love this have you had the trousers altered wondering about the length on petites :,positive
281,angelafink,2023-05-19 20:58:18+00:00,:black_heart:,neutral
281,katharinechris,2023-05-23 20:08:39+00:00,monikh ps bought them and the top just tried them on and theyre perfeeccctttt :grinning_face:,positive
281,monikh,2023-05-23 20:15:00+00:00,katharinechris that makes me so happy :raising_hands:,positive
282,morgane_594,2023-05-29 17:02:57+00:00,:red_heart::red_heart::red_heart:,neutral
282,cf40_hairsalon,2023-05-28 15:31:43+00:00,is it true to size please not sure what size to order:seenoevil_monkey:,positive
282,theblog.classyaddiction,2023-05-27 17:17:12+00:00,lovely,positive
282,johnresume,2023-05-25 22:10:54+00:00,that color,neutral
282,alexmilak,2023-05-23 15:24:29+00:00,could you show how you tied the front gorgeous,positive
282,katiefrankierobson,2023-05-22 09:44:33+00:00,sprouty31,neutral
282,kuks1981,2023-05-22 06:55:08+00:00,hello is this mango collection on sale from today,neutral
282,deeq8,2023-05-21 06:34:38+00:00,:smiling_face_with_hearteyes::blue_heart::fire::sparkles:,neutral
282,thenuevoedit,2023-05-21 06:01:27+00:00,oh wow :blue_heart:,positive
282,staceykeillah,2023-05-21 05:41:54+00:00,that blue :pinched_fingers_medium_skin_tone:,neutral
283,sabsjulie,2023-04-21 19:59:48+00:00,prettiest princess :crown: ooh also a very late happiest of birthdays to you :beating_heart::beating_heart::beating_heart: i wish you nothing but happiness and joy for your new trip around the sun :yellow_heart:,positive
283,matildadjerfangel,2023-04-19 14:41:08+00:00,:white_heart::white_heart::white_heart::white_heart:,neutral
283,smallable_store,2023-04-18 15:24:13+00:00,hello dear we sent you a dm :red_heart:,positive
283,bellahugo.co,2023-04-18 15:14:34+00:00,gorgeous,positive
283,maryanneirhia,2023-04-18 01:55:36+00:00,:smiling_face_with_hearteyes::smiling_face_with_hearteyes::smiling_face_with_hearteyes:,neutral
283,nottrebeca_,2023-04-18 00:21:23+00:00,gorgeous :smiling_face_with_hearteyes:,positive
284,saraaromee,2023-05-23 18:51:01+00:00,:smiling_face_with_hearteyes::smiling_face_with_hearteyes::smiling_face_with_hearteyes::smiling_face_with_hearteyes:,neutral
284,tamaraostricki,2023-04-13 07:21:36+00:00,matildadjerf will you have some good sale soon :smiling_face_with_hearteyes::smiling_face_with_hearteyes:,positive
284,elsafrdz,2023-04-09 14:30:57+00:00,lafillealavestejaune,neutral
284,emiliekrp,2023-04-08 14:13:54+00:00,si belle,neutral
284,lenaa.geissler,2023-04-07 15:40:39+00:00,so gorgeous :mediumlight_skin_tone::mediumlight_skin_tone:,positive
284,kirstenmagdalenab,2023-04-07 15:00:15+00:00,ready for summer fashion,positive
284,anna.skrypka.co,2023-04-07 01:37:47+00:00,crazy beautiful,positive
284,hairrella_2511,2023-04-06 21:35:45+00:00,:fire::fire::fire:,neutral
284,rachelelizaharville,2023-04-06 19:46:25+00:00,does anyone know what camera she uses :white_heart:,neutral
285,sabsjulie,2023-04-21 20:01:54+00:00,cutie :red_heart:,positive
285,cristinalii,2023-04-11 22:56:40+00:00,cutest,positive
285,apextheoverseer,2023-04-08 13:01:23+00:00,slide 1 and then i dunno but your trying and being dull and superficial at times is spoiling the view and of think there was more than meets the eye anyways :purple_heart:,negative
285,oliviawhittle,2023-04-07 20:46:54+00:00,does anyone know which hotel she stayed in looked gorgeous on her vlog :mediumlight_skin_tone:,positive
285,emma.pederso,2023-04-07 16:15:16+00:00,sooo gorgeous love this vibe :sparkles::growing_heart::light_skin_tone:,positive
285,atelierrevivre,2023-04-05 19:03:53+00:00,:purple_heart::red_heart:,neutral
285,ha_architec,2023-04-05 16:49:57+00:00,we need your kindness to runoursmallbusiness please support us with following and comments ha_architec,positive
285,dapriince__7,2023-04-05 08:27:09+00:00,:red_heart:,neutral
285,kath.rine2838,2023-04-05 06:16:55+00:00,guys please follow me up let have some fun dear :smiling_face_with_hearteyes::smiling_face_with_hearteyes::smiling_face_with_hearteyes::smiling_face_with_hearteyes:,positive
286,loadcreatives,2023-02-20 12:15:44+00:00,hey we sent you a dm:white_heart:,neutral
286,k.jadereason,2022-12-23 23:43:14+00:00,:smiling_face_with_hearteyes::smiling_face_with_hearteyes:,neutral
286,tamumcpherson,2022-12-22 16:13:49+00:00,:smiling_face_with_hearteyes::smiling_face_with_hearteyes::smiling_face_with_hearteyes:,neutral
286,venswifestyle,2022-12-22 15:28:10+00:00,top:red_heart::red_heart::red_heart::fire::fire:,neutral
286,recherce___,2022-12-22 13:35:13+00:00,may i ask where your jeans are from,neutral
287,tatiana.farag,2023-02-06 11:42:55+00:00,laatste plaatje zo lief :red_heart:,neutral
287,johannasch01,2023-01-17 20:06:29+00:00,:red_heart:,neutral
287,simonnygard,2022-12-21 17:42:38+00:00,:red_heart:,neutral
287,neeneedive,2022-12-18 13:46:24+00:00,:smiling_face_with_hearteyes::smiling_face_with_hearteyes:,neutral
287,neeneedive,2022-12-18 13:46:21+00:00,love :fire::fire::fire::fire:,positive
287,stasjakapitonov,2022-12-16 19:14:43+00:00,mooi stephaniebroek _yycc99 :smiling_face_with_hearteyes::red_heart:,neutral
287,lagentile_store,2022-12-16 09:30:17+00:00,:smiling_face_with_hearteyes: prachtig,neutral
287,ankedejng,2022-12-15 15:40:45+00:00,:red_heart:,neutral
288,raoulsebastianursachi,2023-04-22 09:15:20+00:00,:red_heart:,neutral
288,babbu_hybird,2023-04-16 05:49:32+00:00,just wow:fire:,neutral
288,rrxbia,2023-04-10 18:48:29+00:00,:smiling_face_with_hearteyes::smiling_face_with_hearteyes:,neutral
288,thesunshinesutra,2023-04-07 05:10:41+00:00,does anyone know what top this is :smiling_face_with_hearteyes::smiling_face_with_hearteyes::smiling_face_with_hearteyes:,positive
288,mblok17,2023-04-06 06:41:38+00:00,give me a follow,neutral
288,angels_avenue,2023-04-03 10:51:29+00:00,:drooling_face:,neutral
288,lilianafilipa__,2023-04-02 18:04:39+00:00,yess :smiling_face_with_hearteyes:,neutral
288,fhiawaa,2023-04-02 11:17:42+00:00,gorgeous :smiling_face_with_hearteyes::red_heart:,positive
288,anaisphmxy,2023-04-02 08:35:54+00:00,living a dream:bouquet:,neutral
288,babbu_hybird,2023-04-16 05:50:16+00:00,helenabirna me also:smiling_face_with_hearteyes:,neutral
289,meganadelaide,2022-12-08 20:55:58+00:00,:black_heart::black_heart::black_heart::black_heart::black_heart:,neutral
289,erika_boldrin,2022-12-08 18:05:41+00:00,:smiling_face_with_hearteyes:,neutral
289,simone_frank,2022-12-08 17:39:57+00:00,:black_heart::white_heart::black_heart:,neutral
289,marijnvanheijst,2022-12-08 16:08:04+00:00,jadore :black_heart::black_heart::black_heart::black_heart: such an iconic moment,neutral
289,stephaniebroek,2022-12-11 22:56:23+00:00,erika_boldrin :red_heart::red_heart:,neutral
289,stephaniebroek,2022-12-11 22:56:26+00:00,simone_frank :red_heart::red_heart:,neutral
290,eumiriammaria,2023-04-28 02:42:13+00:00,:red_heart:,neutral
290,jeoliiveiraa_,2023-04-25 16:44:17+00:00,amoo :smiling_face_with_hearteyes::red_heart:,neutral
290,b.suyane,2023-04-25 16:29:19+00:00,amo demais :red_heart:,neutral
290,imsheilagoncalves,2023-04-25 14:23:47+00:00,lov :red_heart:,neutral
290,schayres,2023-04-25 12:57:19+00:00,:two_hearts::two_hearts::two_hearts::two_hearts::two_hearts:,neutral
291,charlotte_zovighian,2023-04-26 15:13:09+00:00,when is the strapless long grey dress coming out :smiling_face_with_hearteyes: need to buy this asap before my europe trip,positive
291,raoulsebastianursachi,2023-04-22 09:14:20+00:00,:red_heart:,neutral
291,ewamyher,2023-04-08 20:54:23+00:00,where is the brown bag from,neutral
291,alexaagoranos,2023-04-05 04:23:21+00:00,so excited omg omg omg,positive
291,alexismariewest,2023-04-04 20:29:29+00:00,the silk dress :red_heart:,neutral
291,nastssjknss,2023-04-04 07:52:58+00:00,omg i need them allll :hot_face:,neutral
291,parkandfifthco,2023-04-03 17:13:54+00:00,okay in love,positive
291,hannafridmar,2023-04-03 16:10:30+00:00,we need djerf summer now:smiling_face_with_hearteyes::smiling_face_with_hearteyes:,neutral
291,_hollyt,2023-04-03 11:11:18+00:00,:red_heart::red_heart::red_heart:,neutral
292,ernestdominique,2022-12-14 07:40:44+00:00,on adore,positive
292,jenmurray88_,2022-12-10 17:45:23+00:00,love the boots :smiling_face_with_hearteyes:,positive
292,tkmaxxnl,2022-12-09 13:32:36+00:00,we love :smiling_face_with_hearteyes:,positive
292,artipoppe,2022-12-08 11:02:05+00:00,:black_heart:,neutral
292,creativeecho,2022-12-07 17:28:45+00:00,:raising_hands:,neutral
292,etoile_luxury_vintage,2022-12-07 13:47:44+00:00,love it :smiling_face_with_hearteyes::fire:,positive
292,reemkaara,2022-12-07 10:57:00+00:00,i love,positive
292,anoukyve,2022-12-07 09:47:57+00:00,:black_heart:,neutral
292,editedofficial,2022-12-07 08:35:08+00:00,:black_heart:,neutral
292,odd_collectors_,2022-12-07 07:53:37+00:00,:white_heart::white_heart:,neutral
293,mmicheleandrade,2023-04-25 13:31:09+00:00,disponvel,neutral
293,lelemagdiary,2023-04-24 10:59:34+00:00,olhem a dm por favooor :pleading_face::pleading_face::pleading_face::pleading_face::light_skin_tone:,neutral
293,schayres,2023-04-22 12:13:51+00:00,:two_hearts::two_hearts::two_hearts::two_hearts::two_hearts:,neutral
293,isapicolli,2023-04-22 11:52:08+00:00,:smiling_face_with_hearteyes::smiling_face_with_hearteyes::smiling_face_with_hearteyes:,neutral
293,sasz_aguiar,2023-04-22 01:33:37+00:00,quero :smiling_face_with_hearteyes:,neutral
293,sasz_aguiar,2023-04-22 01:33:27+00:00,mds que perfeitoo,neutral
293,jeoliiveiraa_,2023-04-22 01:31:16+00:00,perfeitooooo :smiling_face_with_hearteyes::red_heart:,neutral
293,lojafashioncloset,2023-04-26 14:56:45+00:00,simmm mi em duas cores :fire: te enviamos um direct,neutral
294,bellahugo.co,2023-04-18 14:46:57+00:00,double heart earrings available on bellahugoco :red_heart:,neutral
294,temekaka,2023-04-18 14:15:25+00:00,earring dupe on bellahugoco :smiling_face_with_hearteyes:,negative
294,shop_thehandshake,2023-04-04 22:55:41+00:00,:smiling_face_with_sunglasses:,neutral
294,granjastudio,2023-04-03 16:20:10+00:00,:black_heart:,neutral
294,gadzhimurad_ib,2023-04-02 22:26:56+00:00,:fire::fire::fire::fire::fire::fire::fire:,neutral
294,bellahugo.co,2023-04-18 14:50:25+00:00,previously_known please see our double heart earrings:red_heart:,positive
294,bellahugo.co,2023-04-18 14:51:35+00:00,emilycliffordd please see our double heart earrings we have you covered :red_heart::raising_hands:,positive
295,the.gooddayproject,2023-05-05 08:37:15+00:00,:smiling_face_with_hearteyes::smiling_face_with_hearteyes:,neutral
295,matildadjerfangel,2023-04-19 14:41:21+00:00,:red_heart::red_heart::red_heart:,neutral
295,ismailakbulut05,2023-04-19 05:31:20+00:00,woow very beautiful princess :crown:,positive
295,bobbieannyounker,2023-04-15 10:04:37+00:00,get out of my life and areas,neutral
295,cha__thura,2023-04-15 08:58:07+00:00,good morning,positive
295,glen.n3024,2023-04-15 08:26:30+00:00,can i see you naked picture of you,neutral
295,riyadahmednehal,2023-04-15 00:52:18+00:00,:smiling_face_with_hearts::face_blowing_a_kiss::face_blowing_a_kiss::face_blowing_a_kiss:,neutral
295,3496emanuel,2023-04-14 23:57:44+00:00,:smiling_face_with_hearteyes:hi:smiling_face_with_hearteyes:,neutral
295,jefferyy090,2023-04-14 22:52:47+00:00,sexy baby,positive
296,mitchellrduffree,2023-02-26 17:08:04+00:00,:dizzy:,neutral
296,bowdenliam,2022-12-22 21:27:51+00:00,stephaniebroek and i love these ones who are they buy :face_with_tears_of_joy::smiling_face_with_hearteyes:,positive
296,psychic_virginia_bertrand,2022-12-15 06:07:26+00:00,if you really believe in vedic astrology and energy chakrasi have noticed throat and sacral energy chakras blocked in you cause of some toxic guy around you in the pastinbox me with your right hand palm picture namaste :folded_hands_light_skin_tone::sparkles:,positive
296,hannahteitink,2022-12-10 21:35:28+00:00,stunning :fire:,positive
296,studioljos,2022-12-10 19:31:38+00:00,:fire::fire::fire:,neutral
296,jenmurray88_,2022-12-10 17:45:01+00:00,beauty :red_heart:,positive
296,nikki.sl,2022-12-10 10:40:57+00:00,prachtig waar zijn je schoenen van,neutral
296,olyafentsur,2022-12-09 23:39:30+00:00,:red_heart:,neutral
296,raqscitystyle,2022-12-09 21:10:27+00:00,that bag is stunning :smiling_face_with_hearteyes:,positive
297,cristinashyyka_,2022-12-22 21:04:14+00:00,i would like to buy the same coat,positive
297,cristinashyyka_,2022-12-22 21:04:00+00:00,which size do you wear,neutral
297,linda.milana__,2022-12-12 21:29:38+00:00,nice post just dmd you:eyes:,positive
297,lucia.vsantos,2022-12-12 11:15:27+00:00,olive :pleading_face::loudly_crying_face::red_heart:,neutral
297,laurencaruso_,2022-12-11 18:34:42+00:00,yessss love,positive
297,beatrice.gutu,2022-12-11 16:28:51+00:00,:smiling_face_with_hearteyes::smiling_face_with_hearteyes::smiling_face_with_hearteyes:,neutral
297,dianakens_,2022-12-11 01:10:02+00:00,wow :starstruck: so gorgeous :red_heart::fire::fire:,positive
297,hecho.and.co,2022-12-10 22:35:20+00:00,the baby toes :loudly_crying_face:,neutral
298,laurabella1980,2023-04-22 05:54:05+00:00,what im dying to know did they let you eat the fry up after or was it cold by the time theyd finished the photos,neutral
298,karnatak11,2023-03-15 05:59:39+00:00,is it kurta pajama,neutral
298,g8o9_,2022-11-04 22:05:35+00:00,i like your smile:white_heart:,positive
298,jannu_hh,2022-11-04 12:22:24+00:00,hoodies os best cloth for winter faision:smiling_face_with_hearteyes:,positive
298,http.kashii,2022-07-16 23:53:23+00:00,i wish i was that ketchup bottle :fire::red_heart:,positive
298,julyro80,2022-06-16 17:41:02+00:00,:smiling_face_with_hearteyes::smiling_face_with_hearteyes::smiling_face_with_hearteyes::smiling_face_with_hearteyes::smiling_face_with_hearteyes::fire::fire::fire::fire:,neutral
298,white_for_r,2022-06-16 05:35:54+00:00,hotest man in eart,neutral
298,wagafull,2022-06-12 14:35:46+00:00,:red_heart:,neutral
298,timothyzakariah,2022-06-04 09:33:22+00:00,:fire::fire::fire::fire:,neutral
298,timothyzakariah,2022-06-04 09:33:16+00:00,:red_heart::red_heart::red_heart::red_heart::red_heart:,neutral
299,nicnak.co,2023-05-30 18:39:23+00:00,beautiful :smiling_face_with_hearteyes::smiling_face_with_hearteyes::smiling_face_with_hearteyes:,positive
299,__lenchika__,2023-05-29 10:14:16+00:00,:red_heart::red_heart::red_heart::fire:,neutral
299,covadongadelallave,2023-05-28 15:55:57+00:00,todo vuelvelos llevamos ya hace muchos aoseran muy hippies,neutral
299,amarilysg,2023-05-11 19:20:25+00:00,lindsimo me fascina ufffffffff :smiling_face_with_hearteyes::face_with_open_mouth:,neutral
299,beks_therese,2023-05-11 00:33:19+00:00,the jeans :fire::clapping_hands::fire::smiling_face_with_hearteyes:,neutral
299,lauragiacosamakeup,2023-05-07 18:24:21+00:00,esa cartera:fire:,neutral
299,good_vibes_only_bg,2023-04-28 02:54:43+00:00,denim deusa :jeans::jeans::jeans::fire::fire::fire:,neutral
299,neslihande,2023-04-27 22:19:08+00:00,:smiling_face_with_hearteyes:,neutral
300,usta24315,2022-12-06 13:41:20+00:00,which architect open architecture real estate office in istanbul i would like to work as a designer,positive
300,nielsbijlsma,2022-12-03 09:38:15+00:00,:white_heart:,neutral
300,seymaaraz,2022-12-02 21:10:50+00:00,:black_heart:,neutral
300,kirstenalandt,2022-12-01 22:09:43+00:00,:smiling_face_with_hearteyes::smiling_face_with_hearteyes:,neutral
300,texturethebrand,2022-12-01 19:46:31+00:00,welke boekenwinkel is het :smiling_face_with_hearteyes:,neutral
301,mrrnangel,2023-05-31 03:13:57+00:00,looove this style :smiling_face_with_hearteyes::astonished_face::astonished_face::astonished_face::astonished_face::astonished_face::astonished_face::fire::fire::fire::fire::fire::fire::fire::fire::drooling_face::drooling_face::drooling_face::drooling_face::drooling_face::drooling_face::smiling_face_with_hearts::folded_hands:,neutral
301,joiedevivrewall,2023-05-22 17:03:49+00:00,beautiful look,positive
301,nataliemattozzi,2023-05-13 18:45:29+00:00,love that dehanche__ belt :smiling_face_with_hearteyes::smiling_face_with_hearteyes::smiling_face_with_hearteyes:,positive
301,gillisilvi,2023-05-08 20:35:51+00:00,:red_heart:,neutral
301,ekaterina.danusya,2023-05-06 14:39:57+00:00,how can you look like you had never be pregnant,positive
301,amiralijalaeeyan,2023-04-30 00:12:49+00:00,amazing and unique :red_heart::red_heart::red_heart:,positive
301,neslihande,2023-04-27 22:19:38+00:00,:smiling_face_with_hearteyes:,neutral
301,anaramosremax_porto,2023-04-27 15:14:55+00:00,:smiling_face_with_hearteyes::smiling_face_with_hearteyes::smiling_face_with_hearteyes:,neutral
301,marijenkinsm,2023-04-26 01:15:27+00:00,:red_heart::fire:,neutral
302,modernpampersalon,2023-06-06 00:22:44+00:00,:smiling_face_with_hearteyes::nail_polish::smiling_face_with_hearts:,neutral
302,niloofaryazdaniii,2023-05-26 09:25:25+00:00,:red_heart::red_heart:,neutral
302,_lovehandle,2023-05-21 15:57:57+00:00,or maybe your feet hurt from wearing cowboy boots to coachella :face_with_tears_of_joy:,negative
302,ams57808213,2023-05-16 16:22:58+00:00,divina esa ropa y sin tanta excentricidad,negative
302,make_gabithais,2023-05-14 00:55:25+00:00,omg :smiling_face_with_hearteyes::smiling_face_with_hearteyes::clapping_hands::clapping_hands:,neutral
302,li.arakaki,2023-05-09 00:09:24+00:00,_dudacardosop,neutral
302,joaobosco.sp,2023-05-08 11:37:42+00:00,beaut avec lgance,positive
302,guido_rappresentanze_,2023-05-07 19:56:40+00:00,:red_heart::red_heart::red_heart::red_heart::red_heart::red_heart::red_heart::red_heart:,neutral
302,olep1000,2023-05-07 18:23:04+00:00,cowgirl:smiling_face_with_hearteyes:,neutral
303,daniflash47,2023-04-09 22:13:50+00:00,super :smiling_face_with_hearteyes::smiling_face_with_hearteyes:,positive
303,werllemdedeus,2023-04-07 01:43:01+00:00,:red_heart::red_heart:,neutral
303,said__hazrat,2022-12-04 20:15:08+00:00,:thumbs_up::smiling_face_with_sunglasses:,neutral
303,que_tequiero_verde,2022-10-19 04:23:09+00:00,:black_heart::black_heart::black_heart:,neutral
303,bruluccas,2022-10-18 11:38:55+00:00,:smiling_face_with_hearteyes:,neutral
303,laurabella1980,2023-04-22 22:46:04+00:00,heroisonline jlo is fab,positive
303,heroisonline,2023-04-22 23:16:48+00:00,yeah :red_heart:,positive
304,stephanievandee,2022-11-26 20:28:39+00:00,:blue_heart::cyclone:,neutral
304,artipoppe,2022-11-25 15:23:34+00:00,loving every single pic :red_heart::raising_hands:,positive
304,_aga.rusinek,2022-11-24 22:45:45+00:00,:white_heart:,neutral
304,emmavloeimans,2022-11-24 20:45:29+00:00,:red_heart:,neutral
304,rubyfranken,2022-11-24 18:49:52+00:00,love :red_heart::red_heart::red_heart:,positive
304,loadcreatives,2022-11-24 11:50:04+00:00,hey we sent you a dm :white_heart:,neutral
304,anfispol,2022-11-24 11:05:51+00:00,:smiling_face_with_hearteyes:,neutral
304,beatrice.gutu,2022-11-24 11:00:44+00:00,:black_heart::black_heart::black_heart:,neutral
304,alinelatifi,2022-11-24 09:10:07+00:00,olive :teddy_bear::sparkles:,neutral
304,maisoncleo,2022-11-24 08:40:17+00:00,very chic,positive
305,jonasflyschoenen,2023-01-20 15:00:53+00:00,:smiling_face_with_hearteyes:,neutral
305,elvie,2022-12-07 16:36:22+00:00,elvie and chanel is not the collab we were expecting but we love it :nail_polish_light_skin_tone:,positive
305,anoukyve,2022-12-07 09:48:13+00:00,:black_heart::black_heart:,neutral
305,erinoffduty,2022-12-01 09:49:23+00:00,:smiling_face_with_hearteyes:,neutral
305,charliemay,2022-11-30 14:42:01+00:00,what a trip :smiling_face_with_hearteyes:,neutral
305,themoanwar,2022-11-30 08:58:22+00:00,:red_heart::red_heart::red_heart:,neutral
305,annemariehartsuiker,2022-11-30 07:27:48+00:00,:white_heart::light_skin_tone:,neutral
305,gracielaraquel,2022-11-29 10:45:22+00:00,:smiling_face_with_hearteyes:,neutral
305,stephaniebroek,2022-12-08 12:27:17+00:00,elvie haha right a match made on in mommy heaven,positive
306,cascopel,2023-05-23 14:19:07+00:00,renataguarischi :clapping_hands:,neutral
306,kimn.kona,2023-05-11 06:18:13+00:00,when i see tops as pretty as this it makes me wish my boobs werent so big so i can wear something like that :disappointed_face: the girls require a bit of support but this looks so ao beautiful in her:fire::hundred_points::raising_hands::starstruck:,positive
306,simplicityinchaos,2023-05-10 14:26:57+00:00,eu morro se normalizarem cala baixa de novo eu vou comprar um monte de cos alto just in case,neutral
306,dasa.76,2023-05-09 06:32:43+00:00,cristobalseb die broek laat mij aan een bepaalde tijd denken in een zeer ver verleden toen alles nog goed was geen zorgen gene stress niks de goeie goude ouden tijd,negative
306,gillisilvi,2023-05-08 20:36:19+00:00,:red_heart:,neutral
306,melissahaley,2023-05-08 02:44:45+00:00,coachella queen this top pants combo is my fave coachella outfit ive seen sets the standard for effortless dessert diva practical sexy cute body is insane,positive
306,ci.jordao,2023-05-05 01:42:39+00:00,no enjoa ser to perfeita no :smiling_face_with_hearteyes::smiling_face_with_hearteyes::smiling_face_with_hearteyes::smiling_face_with_hearteyes::smiling_face_with_hearteyes:,negative
306,renataguarischi,2023-05-23 16:20:29+00:00,cascopel o elogio do ano ganhei a semana kkkk,neutral
306,cascopel,2023-05-23 16:23:36+00:00,renataguarischi mas t falando o formato eh o mesmo:red_heart:2 lindas,neutral
307,q8.est__amit__singh,2022-11-19 18:40:05+00:00,:smiling_face_with_hearteyes::smiling_face_with_hearteyes:,neutral
307,q8.est__amit__singh,2022-11-19 18:39:59+00:00,:smiling_face_with_hearteyes::smiling_face_with_hearteyes::fire:,neutral
307,etoile_luxury_vintage,2022-11-19 11:32:16+00:00,this outfit :fire:,neutral
307,rangrazz.d,2022-11-18 06:26:01+00:00,good ftrnon hck diret hiddn,positive
307,fablefrique,2022-11-16 19:28:24+00:00,oh wow :smiling_face_with_hearteyes::smiling_face_with_hearteyes:,positive
307,veronica_jonna,2022-11-15 22:35:18+00:00,beautiful :thumbs_up_light_skin_tone:,positive
307,erika_boldrin,2022-11-15 18:02:11+00:00,yes,positive
307,lerstadmarie,2022-11-12 22:33:55+00:00,:smiling_face_with_hearteyes::smiling_face_with_hearteyes:,neutral
308,misonesimone,2023-06-01 13:00:54+00:00,where are your curtains from :smiling_face_with_hearteyes::smiling_face_with_hearteyes:,neutral
308,jdaoutfit,2023-05-22 02:49:22+00:00,:brown_heart::brown_heart::brown_heart:,neutral
308,themoptop,2023-05-21 17:30:37+00:00,beauty,positive
308,lebotaniste.apothecary,2023-05-21 15:26:44+00:00,:white_heart::leaf_fluttering_in_wind:,neutral
309,paiorod,2023-05-17 04:11:59+00:00,hey camila :waving_hand_light_skin_tone::man_tipping_hand_light_skin_tone:i have a proposal for you could you dm me please :grinning_face:,positive
309,divaon.motivacao,2023-05-05 03:56:53+00:00,:face_with_open_mouth::smiling_face_with_hearteyes::smiling_face_with_hearteyes::smiling_face_with_hearteyes:,neutral
309,kallinymathias,2023-05-02 03:28:09+00:00,ryyycaaaa:raising_hands::raising_hands::raising_hands:,neutral
309,good_vibes_only_bg,2023-04-28 02:58:03+00:00,hottie:fire::fire::fire::bikini::bikini::bikini::sparkling_heart::sparkling_heart::sparkling_heart:,neutral
309,lika.krachkovskaya,2023-04-24 22:20:03+00:00,:fire::fire::fire:,neutral
309,seyedmohammadhossseinii,2023-04-24 08:13:57+00:00,:fire::smiling_face_with_hearteyes:,neutral
309,spexpresstransporte,2023-04-24 01:14:13+00:00,:red_heart:linda,neutral
309,mirian.globetrotter,2023-04-24 00:50:46+00:00,:smiling_face_with_hearteyes::smiling_face_with_hearteyes:,neutral
310,nona.ams.store,2022-11-08 20:08:52+00:00,:smiling_face_with_hearteyes::smiling_face_with_hearteyes:,neutral
310,kimberlybalten,2022-11-08 15:33:21+00:00,:fire::fire::fire::fire::fire:,neutral
310,desiridder,2022-11-07 22:18:46+00:00,:sparkling_heart::cherry_blossom::sparkling_heart::cherry_blossom::sparkling_heart:,neutral
311,lenamaeofficial,2022-11-29 06:56:43+00:00,:black_heart::black_heart::black_heart::eyes:,neutral
311,graanmarkt13,2022-11-28 13:34:27+00:00,:red_heart:,neutral
311,kerstingeffert,2022-11-28 07:33:52+00:00,:red_heart:,neutral
311,coco_exotique,2022-11-28 00:48:21+00:00,loooove,neutral
311,rune_vrvrt,2022-11-27 23:02:30+00:00,zo leuk om antwerpen vanuit jouw point of view te mogen volgen : 3,neutral
311,stephaniebroek,2022-11-28 21:38:14+00:00,graanmarkt13 :black_heart::black_heart:,neutral
312,etoile_luxury_vintage,2022-11-01 10:08:43+00:00,yes:smiling_face_with_hearteyes:,neutral
312,kelsey_hewlett,2022-11-01 02:41:09+00:00,the silver ones i want them,positive
312,elienjansen,2022-10-31 20:11:42+00:00,wahhhh love everything,positive
312,mariaamoramormaria,2022-10-31 16:37:35+00:00,omgggg i want those friends,positive
312,nicole_huisman,2022-10-31 12:51:43+00:00,:red_heart::red_heart::fire::fire:,neutral
312,othiemac,2022-10-31 09:40:54+00:00,perfect,positive
312,bandhu_eu,2022-10-31 08:19:01+00:00,:raising_hands:,neutral
312,cjenk0,2022-10-31 08:06:14+00:00,rachaelgallivan,neutral
312,sonjaleigh_,2022-10-31 06:31:15+00:00,dream bag :black_heart:,positive
313,g_s21,2023-05-09 04:36:09+00:00,the cutest :smiling_face_with_hearteyes:,positive
313,ingret_thayani,2023-05-06 00:50:08+00:00,te peo como me meu aluguel t vencido 1 mes e hoje venceu outro o dono da casa falou pra mim sair da casa te imploro camila sei que voc um anjo de deus me ajuda linda :loudly_crying_face::loudly_crying_face::loudly_crying_face::loudly_crying_face::loudly_crying_face: camilacoelho,neutral
313,ingret_thayani,2023-05-06 00:49:39+00:00,linda quando deus tocar no seu corao me responde direct importante sei que voc um anjo de deus :red_heart::red_heart::red_heart: camilacoelho,negative
313,icecreamandruffles,2023-05-05 10:34:54+00:00,:two_hearts:,neutral
313,good_vibes_only_bg,2023-04-28 03:03:42+00:00,easter little bunny :rabbit_face::smiling_face_with_hearts::sun_with_face::sparkles::yellow_heart:,neutral
313,neslihande,2023-04-27 22:19:52+00:00,:smiling_face_with_hearteyes:,neutral
313,vinimachadooo,2023-04-24 05:07:46+00:00,:clapping_hands::clapping_hands:,neutral
313,keilaoliveirabrasil,2023-04-20 22:35:56+00:00,que fofura meu deus :smiling_face_with_hearteyes:,neutral
313,juvarejao1,2023-04-20 22:20:00+00:00,:red_heart::red_heart::red_heart::red_heart::red_heart::red_heart::red_heart::red_heart::red_heart::red_heart:,neutral
313,lullabybabystoree,2023-04-19 14:53:17+00:00,i come back again :beaming_face_with_smiling_eyes: why dont you let me to send kai a gift box its his gift box camilacoelho icarobrenner when he gets older he can share my pagr on his account if he wants,positive
314,wildmabel,2023-01-24 19:49:41+00:00,such a great date night look :face_blowing_a_kiss:,positive
314,wine.with.tosjagoodnight,2023-01-21 21:47:27+00:00,cute top :red_heart:,positive
314,dannafwells,2023-01-20 16:14:48+00:00,love that top and this whole look :smiling_face_with_hearteyes::white_heart::sparkles:,positive
314,drcarlenelink,2023-01-18 14:59:00+00:00,its a cute look,positive
314,kevin7675thompson,2023-01-18 13:34:48+00:00,beautiful :smiling_face_with_hearteyes: :smiling_face_with_smiling_eyes: :grinning_face_with_big_eyes: :grinning_face:,positive
314,brianjewell4387,2023-01-18 08:29:27+00:00,modeling now two thumbs up,neutral
314,emilyjademccarthy,2023-01-17 20:16:47+00:00,so cuteee i always struggle with not just dressing like a giant marshmallow in the winter,negative
315,wildmabel,2023-01-24 19:49:03+00:00,you are rocking this fit :clapping_hands_mediumlight_skin_tone::starstruck:,positive
315,eatstyleamore,2023-01-22 03:43:41+00:00,love the vibe:red_heart:,positive
315,dannafwells,2023-01-20 16:14:03+00:00,always a chic vibe loving this fit :smiling_face_with_hearteyes:,positive
316,kesco_homes,2023-01-11 22:27:30+00:00,this is awesome definitely going to check it out,positive
316,jessicas_beautyworld,2023-01-11 19:30:41+00:00,wow these are so cool,positive
316,corahbeth,2023-01-11 16:01:38+00:00,love his style :fire::red_heart:,positive
316,edge12783,2023-01-11 15:30:44+00:00,:o_button_blood_type::backhand_index_pointing_right: __home__decors :check_mark_button:,neutral
316,rhyancaminske,2023-01-13 10:29:32+00:00,corahbeth the colors are what always get me :red_heart: so fun,positive
316,corahbeth,2023-01-13 13:06:34+00:00,rhyancaminske hes very talented chaos like that isnt easy to pull of lyrically like he does the color schemes are so balanced love it all :thinking_face::zany_face::smiling_face_with_hearteyes:,positive
317,jacqi215,2023-01-09 14:33:50+00:00,where is this mirror from,neutral
317,iammrscoscia,2023-01-08 01:17:40+00:00,its carls joggers that do it for me :face_with_tears_of_joy::face_with_tears_of_joy::face_with_tears_of_joy:,neutral
317,corriellington,2023-01-07 18:44:24+00:00,this look is everything :smiling_face_with_hearteyes::red_heart: i love it,positive
317,brianbnyc,2023-01-07 17:31:39+00:00,:red_heart:those jeans,neutral
317,brittanyscholes,2023-01-07 16:19:41+00:00,i dont even bother with standing only jeans anymore :grinning_squinting_face:,positive
317,rhyancaminske,2023-01-08 16:44:18+00:00,brittanyscholes they are for rare occasions :face_with_tears_of_joy:,neutral
318,ninabrown948,2023-03-27 14:43:11+00:00,whe,neutral
318,silverfoxdudes,2022-09-13 02:28:49+00:00,:camera::clapping_hands_mediumlight_skin_tone::clapping_hands_mediumlight_skin_tone:,neutral
318,modprateeda,2022-07-18 09:02:21+00:00,:raising_hands:,neutral
318,wagafull,2022-06-12 14:36:07+00:00,:red_heart:,neutral
318,jonnybinnsvibes,2022-05-27 19:38:42+00:00,:raising_hands::fire::fire::fire::fire::fire::fire::fire::fire::fire::fire::smiling_face_with_hearteyes:,neutral
318,igorafbruno,2022-05-26 12:53:40+00:00,isamaia81 rai_araujo20,neutral
318,think_love_and_wear_a_smile_,2022-05-16 11:56:31+00:00,:musical_notes::sparkles::trumpet::parrot::heart_suit::parrot::trumpet::sparkles::musical_notes:,neutral
318,downeymagda,2022-04-22 05:13:00+00:00,:smiling_face_with_hearteyes::smiling_face_with_hearteyes::smiling_face_with_hearteyes::smiling_face_with_hearteyes::smiling_face_with_hearteyes::clapping_hands::fire::raising_hands::red_heart::face_with_open_mouth:,neutral
318,mariana_cr98,2022-04-21 16:22:02+00:00,espectacular eres,neutral
319,diggiitalmonster,2023-05-05 19:14:36+00:00,where is the top from matildadjerf,positive
319,angels_avenue,2023-04-03 10:51:57+00:00,legs :fire:,neutral
319,gadzhimurad_ib,2023-04-02 22:27:02+00:00,:fire::fire::fire::fire::fire::fire::fire:,neutral
319,campbellandkramer,2023-03-31 19:00:01+00:00,obsessed with this fit on you,positive
319,joewest7114,2023-03-31 16:56:34+00:00,:graduation_cap::bomb::black_heart::top_hat::sunglasses:,neutral
319,k.jadereason,2023-03-30 16:46:03+00:00,:red_heart::red_heart::red_heart:,neutral
319,clinica_keit,2023-03-30 09:50:33+00:00,klnikakeit:red_heart::red_heart::red_heart:,neutral
319,ruxx_marie,2023-03-29 19:41:52+00:00,:red_heart:,neutral
319,100ycientas,2023-03-29 14:42:09+00:00,:yellow_heart::yellow_heart::yellow_heart:,neutral
319,akbaroman7,2023-04-13 07:20:28+00:00,jaelvallin hi :smiling_face_with_hearteyes:,neutral
320,megan_shammah,2023-04-17 08:23:09+00:00,:red_heart::red_heart::red_heart:,neutral
320,miaxmcgrath,2023-04-08 20:15:07+00:00,omg first pic is so brigette bardot,neutral
320,thefashionhustlers,2023-04-01 11:28:25+00:00,:red_heart::red_heart::red_heart:,neutral
320,yoyomoncreiffe,2023-03-31 21:31:06+00:00,what gloss are you wearing,neutral
320,ruxx_marie,2023-03-29 19:42:20+00:00,:red_heart::red_heart::red_heart:,neutral
320,fritziamarquez,2023-03-28 18:09:04+00:00,:brown_heart:,neutral
320,poojan.i,2023-03-28 16:11:12+00:00,beautiful:smiling_face_with_hearteyes:,neutral
320,lenaa.geissler,2023-03-28 15:56:06+00:00,are you real :smiling_face_with_hearteyes::mediumlight_skin_tone:,neutral
320,wendyfrita,2023-03-28 15:08:28+00:00,hair :smiling_face_with_hearteyes::red_heart:,neutral
321,kennethbakerpfpmgphipk,2023-01-23 12:04:59+00:00,outstanding photo we d enjoy to collaborate with you for more information message our primary account in my bio,positive
321,iammrscoscia,2023-01-08 01:18:02+00:00,love that sweatshirt :smiling_face_with_hearteyes:,positive
321,lindseypaigexo,2023-01-06 17:28:43+00:00,gorgeous :black_heart:,positive
321,_silva_10099,2023-01-06 00:46:46+00:00,mrs lisa lisafx__trader,neutral
321,guggy_01,2023-01-05 22:02:25+00:00,what tattoo :thinking_face:,neutral
321,gabriellepayne_,2023-01-05 19:22:02+00:00,so pretty:smiling_face_with_hearts::sparkling_heart:,neutral
321,biancafortney,2023-01-05 18:46:29+00:00,loove your hair:smiling_face_with_hearteyes:,neutral
321,nuno_pereira1970,2023-01-05 18:43:14+00:00,:clapping_hands::clapping_hands::clapping_hands:,neutral
321,rhyancaminske,2023-01-08 16:46:23+00:00,gabriellepayne_ thank you so much girly :red_heart:,positive
322,andrewshawbsc,2022-04-21 20:09:42+00:00,well said training is so important for brain and brawn,positive
322,lisa.ellen.eve,2022-04-14 10:23:09+00:00,i just messaged you :slightly_smiling_face:,neutral
322,hgoncalvesfitness,2022-04-09 17:56:15+00:00,all good,positive
322,silviacobak,2022-04-02 19:38:39+00:00,guapo,neutral
322,dagasamit,2022-03-04 18:04:33+00:00,cute:smiling_face_with_hearteyes:,neutral
322,parasca.mariana,2022-03-03 20:39:41+00:00,:fire:,neutral
322,ameliadianashean,2022-03-01 09:38:24+00:00,must try davidgandywellwear out great to meet you and your team davidgandy_official,positive
322,howtofeelfabulous,2022-02-28 12:59:39+00:00,great to meet you today :deciduous_tree:,positive
322,voizaurademari,2022-02-21 01:25:34+00:00,:smiling_face_with_hearts::smiling_face_with_hearts::smiling_face_with_hearts::tulip::tulip::heart_with_ribbon::heart_with_ribbon:,neutral
322,ledasbueno,2022-02-19 14:20:14+00:00,happy happy happy life david i wish you lots of life and love happy birthday hope you have a wonderful day :anatomical_heart::anatomical_heart::anatomical_heart:,positive
323,reshamsingh9548,2023-06-06 16:06:12+00:00,hlo:red_heart::rose::victory_hand_medium_skin_tone::red_heart:,neutral
323,samolsorensoren,2023-06-06 12:48:00+00:00,:red_heart::red_heart::red_heart::red_heart::red_heart:,neutral
323,freyalessa,2023-06-06 12:07:54+00:00,:smiling_face_with_hearteyes::smiling_face_with_hearteyes::smiling_face_with_hearteyes:,neutral
323,omprakashomkumar,2023-06-06 10:39:03+00:00,osam pic,neutral
323,chiapasseri,2023-06-06 09:57:34+00:00,:smiling_face_with_hearteyes::smiling_face_with_hearteyes:,neutral
323,royallionparfum,2023-06-06 05:41:26+00:00,:red_heart:,neutral
323,shafiqueahmad916,2023-06-03 00:03:11+00:00,:red_heart::red_heart::red_heart::red_heart:,neutral
323,rexhep936,2023-06-02 21:02:07+00:00,:red_heart::red_heart::red_heart::red_heart::red_heart::red_heart::raising_hands::red_heart::red_heart::red_heart::red_heart::red_heart::red_heart:,neutral
323,topmamma.it,2023-06-01 12:33:21+00:00,:two_hearts::two_hearts::two_hearts::two_hearts: vi aspetto,neutral
324,itsxemm,2023-03-28 18:58:21+00:00,best collab :blueberries::beating_heart:,positive
324,hannnahwilkins,2023-03-28 06:53:48+00:00,where is the sign from:heart_on_fire::heart_on_fire:,neutral
324,kamnoelle,2023-03-26 08:48:01+00:00,so happy i was able to get this clip when they were put online :smiling_face_with_hearteyes:,positive
324,anatellezz,2023-03-26 08:02:14+00:00,chicago needs u love,positive
325,claire_the_art,2023-03-08 19:42:27+00:00,hi love your leggings what size do you wear,positive
325,stevenathome,2023-01-02 16:57:42+00:00,gorgeous just like last year x,positive
325,momwearsheels,2023-01-02 12:40:47+00:00,:clapping_hands::clapping_hands::clapping_hands:,neutral
325,hcb7410_anu,2023-01-02 10:35:20+00:00,wow dm thegymvogue 5m,positive
325,primo_girl,2023-01-02 05:09:28+00:00,nice ass:fire::fire::fire::fire::fire::fire:,positive
325,cajuntrader1987,2023-01-02 02:26:55+00:00,:fire::raising_hands:,neutral
325,elijha_011,2023-01-02 00:35:56+00:00,wow :red_heart:dm thegymvogue 5:scorpio:,positive
325,rhyancaminske,2023-01-03 14:00:56+00:00,garbark1255 thank you,positive
326,clinghanon4life,2023-04-26 15:49:41+00:00,naomi_duff,neutral
326,zodiaquestudios,2023-04-21 12:22:15+00:00,:black_heart:,neutral
326,babbu_hybird,2023-04-16 05:50:58+00:00,preety stunning shot:raising_hands:,positive
326,louithia,2023-04-15 21:17:21+00:00,brigitte bardot :clapping_hands:,neutral
326,dapriince__7,2023-04-07 10:08:33+00:00,:smiling_face_with_hearteyes:,neutral
326,raylaneladico,2023-04-01 20:19:18+00:00,marcelaladico,neutral
326,223355u,2023-04-01 00:08:49+00:00,:red_heart:,neutral
326,cocorae__,2023-03-30 15:56:56+00:00,:black_heart:,neutral
326,itsxemm,2023-03-28 18:58:59+00:00,:brown_heart::brown_heart::brown_heart:,neutral
327,lama_u,2023-05-09 10:24:54+00:00,so when are you going to answer our questions regarding what size is the goyard bag,neutral
327,rikke_ammitzboell,2023-04-17 18:52:48+00:00,:smiling_face_with_hearteyes::smiling_face_with_hearteyes::smiling_face_with_hearteyes:,neutral
327,bis_djraf_,2023-04-09 04:28:03+00:00,:red_heart:,neutral
327,guny0920,2023-04-01 22:08:58+00:00,take magnesium glycinate its great for anxiety also do morning yoga :man_in_lotus_position: really helps:cherry_blossom::red_heart:,positive
327,itsxemm,2023-03-28 18:59:20+00:00,:black_heart::two_hearts:,neutral
327,annalindgren523,2023-03-25 14:50:37+00:00,jag var reklamutdelare hos nordiska hem fr stermalm och var bla inne p strandvgens portar,neutral
327,annalindgren523,2023-03-25 14:48:59+00:00,r du p jobbet dr,neutral
327,alla.gira,2023-03-22 18:40:41+00:00,this photo with your dog is literally art so cute,positive
327,p.buenaventura,2023-03-22 16:32:04+00:00,ru is the main character :red_heart:,neutral
327,celia_ellermae,2023-03-22 15:19:36+00:00,how can i do this hairstyle any methods that dont require an airwrap or can you recommend a cheap airwrap haha,positive
328,prodbldg,2023-05-19 09:05:53+00:00,omggggggggggg stoppppppppppp,neutral
328,brishell42,2023-04-03 12:09:59+00:00,:smiling_face_with_hearteyes:,neutral
328,angels_avenue,2023-03-20 17:55:06+00:00,green this spring yes yes :raising_hands:,positive
328,cennetguzelliksalonu,2023-03-20 14:46:45+00:00,:smiling_face_with_hearteyes::fire:,neutral
328,sophie_et_chloe_cuisinent,2023-03-20 14:01:40+00:00,:red_heart::red_heart:,neutral
328,selectedstyle.vintage,2023-03-20 13:26:15+00:00,love the bag:fire::fire:,positive
328,ellieevelynsmith,2023-03-20 09:00:09+00:00,obsessed with this look :smiling_face_with_hearteyes:,negative
328,marinahoermanseder,2023-03-20 08:41:53+00:00,:green_heart::green_heart::green_heart:,neutral
329,babybeebrittany,2023-04-27 22:35:32+00:00,when will the cream colored jeans be available i need them,neutral
329,kiss89_love,2023-04-18 21:50:57+00:00,does the top have any stretch matildadjerf,positive
329,ashraube,2023-04-01 19:49:28+00:00,obsessed,negative
329,frederiksue,2023-03-30 15:33:55+00:00,uiuiuiui :fire::fire:,neutral
329,itsxemm,2023-03-28 18:58:46+00:00,all of matildas looks :smiling_face_with_hearteyes::mediumlight_skin_tone:,neutral
329,jennifersvintage,2023-03-25 17:32:24+00:00,have lots of cute vintage shoes coming soon in my shop :yellow_heart:,positive
329,lonelyhome_paris,2023-03-25 17:08:24+00:00,:smiling_face_with_hearteyes::smiling_face_with_hearteyes::smiling_face_with_hearteyes:,neutral
329,annalindgren523,2023-03-25 14:47:27+00:00,:red_heart::red_heart::red_heart::red_heart::red_heart:,neutral
330,itsxemm,2023-03-28 18:59:38+00:00,perfection,positive
330,meral_cpn,2023-03-25 15:53:05+00:00,love her so much :heart_suit:,positive
330,nourished3,2023-03-23 07:05:45+00:00,you are glowing :smiling_face_with_hearteyes::sparkles:,neutral
330,jessh_66,2023-03-20 18:30:17+00:00,soo cute:fire:,neutral
330,buss3n,2023-03-19 21:03:11+00:00,wow wow:smiling_face_with_hearteyes::smiling_face_with_hearteyes:,positive
330,joey_west_831,2023-03-19 20:32:47+00:00,:glowing_star::star::sparkles::sparkles::revolving_hearts::dizzy:,neutral
330,attilaolha6,2023-03-19 20:15:29+00:00,:red_heart::crying_face::smiling_face_with_hearteyes:,neutral
330,reydesoll,2023-03-18 21:51:43+00:00,your curls :loudly_crying_face::growing_heart::growing_heart::growing_heart:,neutral
331,craigeebee,2023-04-05 23:08:43+00:00,outstanding :smiling_face_with_hearteyes::smiling_face_with_hearteyes::smiling_face_with_hearteyes::smiling_face_with_hearteyes::smiling_face_with_hearteyes::smiling_face_with_hearteyes::smiling_face_with_hearteyes::smiling_face_with_hearteyes::smiling_face_with_hearteyes::smiling_face_with_hearteyes::smiling_face_with_hearteyes::smiling_face_with_hearteyes::smiling_face_with_hearteyes::smiling_face_with_hearteyes::smiling_face_with_hearteyes::smiling_face_with_hearteyes::smiling_face_with_hearteyes::smiling_face_with_hearteyes:,positive
331,nicole.sibagatulin,2023-04-02 20:01:41+00:00,wow :white_heart:,positive
331,vincentvanyoh,2023-04-01 19:52:45+00:00,ur kidding,positive
331,softglam_h,2023-03-30 20:28:25+00:00,outfit goals :heart_on_fire::heart_on_fire:,neutral
331,victoriasoriam,2023-03-28 20:01:32+00:00,:smiling_face_with_hearteyes::smiling_face_with_hearteyes::smiling_face_with_hearteyes::smiling_face_with_hearteyes:,neutral
331,shahabmalek8,2023-03-25 13:28:51+00:00,:fire::fire::fire:,neutral
331,amanda_sand,2023-03-23 19:40:50+00:00,slay :smiling_face_with_hearteyes:,neutral
331,cetteviedemienne,2023-03-23 17:12:17+00:00,love it,positive
331,angelina.m0ta,2023-03-23 16:12:04+00:00,:smiling_face_with_hearteyes::smiling_face_with_hearteyes::smiling_face_with_hearteyes:,neutral
331,mathildedesj,2023-03-23 15:22:12+00:00,beauty :white_heart::white_heart:,positive
332,marijnvanheijst,2022-10-25 07:40:59+00:00,baby bath goals :two_hearts::two_hearts::two_hearts::two_hearts:,neutral
332,ellabroek,2022-10-25 06:10:15+00:00,:clapping_hands:,neutral
332,louiseestwall,2022-10-25 06:08:30+00:00,omg :two_hearts:,neutral
332,thehomerebel,2022-10-25 05:52:49+00:00,:smiling_face_with_hearteyes:,neutral
332,lindatol_,2022-10-25 05:28:44+00:00,:growing_heart:,neutral
332,ch_a.ne_lllll,2022-10-25 03:54:15+00:00,vewg like henis one :two_hearts::two_hearts:,positive
332,stephaniebroek,2022-10-25 20:33:41+00:00,ellabroek :red_heart::red_heart:,neutral
332,louiseestwall,2022-10-26 04:40:34+00:00,stephaniebroek indeed :red_heart::face_with_tears_of_joy:,neutral
333,kelinedel,2023-04-19 20:18:10+00:00,valor,neutral
333,suzibuzzo,2023-04-16 01:15:23+00:00,buzzomanu,neutral
333,diovana_dmorais,2023-04-09 23:49:00+00:00,tem cupom de primeira compra,neutral
333,alinneallvs1,2023-04-08 22:56:13+00:00,algum sabe algum cupom,neutral
333,andressasuita,2023-04-08 20:12:28+00:00,cala linda :smiling_face_with_hearteyes:,neutral
333,lojafashioncloset,2023-04-26 14:58:24+00:00,kelinedel ela est 319 ke :two_hearts:,neutral
333,brunavvolpe,2023-04-28 20:50:07+00:00,lojafashioncloset eu quero tb,neutral
334,black_palms_label,2022-11-07 08:50:45+00:00,:fire::fire::fire:,neutral
334,etoile_luxury_vintage,2022-10-29 08:59:37+00:00,love the outfit :fire:,positive
334,elvira_safira,2022-10-28 17:37:39+00:00,:heart_on_fire::fire::fire:,neutral
334,evasimin,2022-10-28 15:07:03+00:00,:sparkles:,neutral
334,artipoppe,2022-10-28 11:57:40+00:00,:heart_on_fire::sparkles:,neutral
334,fatjonavd,2022-10-28 06:19:08+00:00,perfect outfit :white_heart:,positive
334,awake_mode,2022-10-27 23:32:35+00:00,:red_heart:,neutral
334,above________,2022-10-27 21:32:22+00:00,:fire::fire::fire:,neutral
334,lisanne_leermakers,2022-10-27 20:30:23+00:00,prachtig:black_heart:,neutral
334,ellabroek,2022-10-27 20:11:14+00:00,:fire::fire::fire:,neutral
335,imsheilagoncalves,2023-04-10 19:50:16+00:00,amosou :red_heart:,neutral
335,danielcbeauty,2023-04-10 14:12:07+00:00,:white_heart::white_heart::white_heart:,neutral
336,erinoffduty,2022-10-31 08:24:07+00:00,:smiling_face_with_hearteyes::smiling_face_with_hearteyes::smiling_face_with_hearteyes:,neutral
336,welleree,2022-10-26 18:14:44+00:00,glamorous photos we love them:white_heart:,positive
336,iduellspace,2022-10-17 18:18:11+00:00,glossy,neutral
336,driessennathalie,2022-10-16 15:55:24+00:00,broek :smiling_face_with_hearteyes::smiling_face_with_hearteyes::smiling_face_with_hearteyes::smiling_face_with_hearteyes:,neutral
336,sarakingmoura,2022-10-11 18:09:19+00:00,raw :white_heart:,neutral
336,beatrice.gutu,2022-10-11 09:56:10+00:00,:white_heart::fire:,neutral
336,k.jadereason,2022-10-10 17:15:48+00:00,gorg :fire::fire:,neutral
336,thefashionblognl,2022-10-09 14:10:57+00:00,:smiling_face_with_hearteyes::smiling_face_with_hearteyes:,neutral
336,hildasandstrom,2022-10-08 10:21:51+00:00,babe :smiling_face_with_hearteyes::red_heart::fire:,neutral
337,angelajorda,2023-02-21 11:47:11+00:00,:red_heart:,neutral
337,jayleycollection,2022-10-17 19:04:36+00:00,:smiling_face_with_hearteyes:,neutral
337,jors_truly,2022-10-11 19:53:49+00:00,zon kleintje op je buik dragen :loudly_crying_face::loudly_crying_face::red_heart::red_heart::red_heart::red_heart::red_heart::red_heart:,neutral
337,bobbie.visser,2022-10-06 12:18:50+00:00,:white_heart:,neutral
337,maisonlacollection,2022-10-06 09:28:47+00:00,:red_heart::red_heart:,neutral
337,k.jadereason,2022-10-04 18:59:05+00:00,:black_heart::black_heart::black_heart:,neutral
337,artipoppe,2022-10-04 14:48:49+00:00,this family :red_heart:,neutral
337,patrikssontalent,2022-10-04 14:16:19+00:00,olive :pleading_face:,neutral
338,theslowlabel,2023-01-04 08:52:23+00:00,:white_heart:,neutral
338,saonahviane,2022-11-15 12:00:56+00:00,wat een knapperd,neutral
338,dianaellenmaria,2022-11-04 19:15:50+00:00,:purple_heart::purple_heart::purple_heart:,neutral
338,jessicagudlowski,2022-10-30 19:17:10+00:00,:smiling_face_with_hearteyes::smiling_face_with_hearteyes:,neutral
338,azarakhsh_akbari,2022-10-30 06:55:58+00:00,,neutral
338,tatiana.farag,2022-10-28 07:09:33+00:00,:red_heart::red_heart::red_heart:,neutral
338,needitfortonight,2022-10-24 09:24:57+00:00,adorable,positive
338,kayladallemolle,2022-10-23 22:14:01+00:00,endometriosis is the worst congratulations on your beautiful family :yellow_heart:,positive
338,k.jadereason,2022-10-21 18:00:26+00:00,omg,neutral
338,maradelucastudio,2022-10-20 05:43:03+00:00,many congratulations,positive
339,minimalskonhet,2022-10-09 20:59:03+00:00,:smiling_face_with_hearteyes::smiling_face_with_hearteyes::smiling_face_with_hearteyes:,neutral
339,tatiana.farag,2022-09-29 03:56:50+00:00,:heart_with_arrow::heart_with_arrow::heart_with_arrow:,neutral
340,barbara.giganti,2023-03-21 11:49:31+00:00,congrats babe,positive
340,thedailydeb,2023-02-22 21:46:19+00:00,congrats,positive
340,marcantoinebarrois,2022-12-14 06:55:29+00:00,congratulations,positive
340,tweedehandskinderboeken,2022-10-23 07:08:56+00:00,:heart_with_arrow:,neutral
340,anoukyve,2022-10-19 11:59:15+00:00,:red_heart::red_heart:gefeliciteerd schat,neutral
340,estermalloy,2022-10-16 20:26:36+00:00,:red_heart::red_heart::red_heart::red_heart::red_heart:,neutral
340,laurienbleeker,2022-09-29 19:11:23+00:00,heeeelemaal gemist :weary_cat: gefeliciteerd :smiling_face_with_hearteyes::smiling_face_with_hearteyes::smiling_face_with_hearteyes:,neutral
340,kellynederlof,2022-09-29 18:53:38+00:00,ohh gefeliciteeeerd :red_heart::red_heart:,neutral
340,chloechante,2022-09-29 18:49:52+00:00,lieverd gefeliciteerd :red_heart::red_heart::red_heart: wat een prachtig mooi kindje geniet van elkaar,neutral
340,liene,2022-09-28 07:55:54+00:00,:red_heart::red_heart:congrats,neutral
341,kalumi.shop,2022-11-23 07:51:37+00:00,:smiling_face_with_hearteyes::smiling_face_with_hearteyes::smiling_face_with_hearteyes:,neutral
341,sly010_official,2022-10-21 13:17:53+00:00,we love a stylish mami :smiling_face_with_hearteyes:,positive
341,thecarlaanderson,2022-10-15 01:47:47+00:00,:smiling_face_with_hearts:,neutral
341,lindekassels,2022-10-13 07:16:10+00:00,:two_hearts::two_hearts::two_hearts:,neutral
341,sarakingmoura,2022-10-11 18:08:51+00:00,the peekaboo of the season stephaniebroek,neutral
341,melhughespr,2022-10-08 23:09:35+00:00,shes so cute :red_heart:,positive
341,love_aesthetics,2022-10-07 12:17:44+00:00,:smiling_face_with_tear::brown_heart:,neutral
341,lastylemagazine,2022-10-06 20:58:18+00:00,such a wholesome and beautiful moment :smiling_face_with_hearts: youve been hand selected to be invited to the event of the season hosted by la style magazines event you dont want to miss out 101522 rsvp at your vip password is: lastyle_vip send us a dm for the event address,positive
342,jiskvermeulen,2023-04-15 18:19:53+00:00,when will this top come out :smiling_face_with_hearteyes::smiling_face_with_hearteyes::smiling_face_with_hearteyes:,positive
342,pawel3754,2023-03-30 01:43:24+00:00,:red_heart::red_heart:,neutral
342,maddesunn,2023-03-25 22:18:09+00:00,is this black button up going to be apart of the drop it is so beautiful,positive
342,hayekmario75,2023-03-24 12:33:24+00:00,of course ourside i am me but here is different,neutral
342,hayekmario75,2023-03-24 12:33:07+00:00,just like you right,positive
342,hayekmario75,2023-03-24 12:33:00+00:00,im free to be whoever i want to be,positive
342,hayekmario75,2023-03-24 12:32:52+00:00,im not outisde here so,neutral
342,alinewouters,2023-03-21 15:44:46+00:00,:raising_hands:,neutral
342,janahuttenmeister,2023-03-20 18:04:12+00:00,where is the black jeans from,neutral
343,beccaloren,2023-05-04 01:30:13+00:00,links,neutral
343,orrmamallama,2023-05-03 00:17:54+00:00,kiimbo__sliice hollshill :smiling_face_with_hearteyes::smiling_face_with_hearteyes: this is her these outfits are so cute,positive
343,nelly_719,2023-05-01 14:38:52+00:00,links,neutral
343,mysharonaw,2023-05-01 01:49:12+00:00,love 1 :cherry_blossom:,positive
343,marissaguerrero,2023-04-30 22:46:05+00:00,link please,positive
343,everyday.holly,2023-05-04 01:31:37+00:00,i just messaged you the links:growing_heart:,neutral
344,karenarcanjo.official,2023-03-23 13:06:09+00:00,:red_heart:,neutral
344,black_palms_label,2022-11-07 08:50:40+00:00,:fire::fire::fire:,neutral
344,fablefrique,2022-11-02 22:57:22+00:00,cool mama :smiling_face_with_hearteyes::smiling_face_with_hearteyes:,positive
344,shoppiccoli,2022-11-02 19:59:50+00:00,cute,positive
344,k.jadereason,2022-11-02 17:55:53+00:00,:black_heart::black_heart::black_heart:,neutral
345,patty_jarvis,2023-04-23 19:12:56+00:00,this picture just goes to prove that good dna is everything,positive
345,laissantos3744,2023-04-18 00:55:39+00:00,gorgeous :fire::fire::clapping_hands:,positive
345,shabaz_husain_siddiqui,2023-03-28 17:02:45+00:00,hot:fire::fire:,neutral
345,dr_babyblues_glomad,2023-03-14 10:47:45+00:00,:red_heart::smiling_face_with_hearteyes::smiling_face_with_hearteyes: ber hot,neutral
345,sunrev744,2023-02-07 06:13:19+00:00,:red_heart: hottest make model :grinning_face_with_sweat:,neutral
345,recoveryvictim,2023-01-24 02:16:11+00:00,pop pop,neutral
345,___naswgxx__,2022-12-26 03:11:03+00:00,:red_heart::red_heart::red_heart::red_heart::red_heart:,neutral
345,sitiapaan05,2022-11-10 14:20:57+00:00,hotttttt :fire::fire::fire::fire::fire::fire::fire:,neutral
345,pinheiromariairismarribeiro,2023-05-10 22:55:08+00:00,official_davidgandy_fans_page boa noite amigo :raising_hands::raising_hands:,neutral
346,dariusdarkhan,2022-10-16 03:01:52+00:00,the biceps keep getting bigger :clapping_hands::flexed_biceps_mediumlight_skin_tone::check_mark:,neutral
346,wagafull,2022-06-12 14:40:59+00:00,:red_heart:,neutral
346,elenazvereva8702,2022-06-09 16:49:38+00:00,:red_heart::red_heart::red_heart::red_heart::red_heart::red_heart:,neutral
346,theodor5036,2022-05-13 05:41:24+00:00,:face_with_open_mouth::smiling_face_with_hearteyes::fire::fire::fire::fire::fire::fire::fire::fire::fire::fire:,neutral
346,vera_maroni,2022-03-14 21:47:59+00:00,no vabb :fire::face_with_tears_of_joy::red_heart:,negative
346,veraoff1cial,2022-03-14 21:05:07+00:00,jajajajajjaja nice coincidence,positive
346,gabriella.bartolini.92,2022-03-11 15:04:06+00:00,:smiling_face_with_hearteyes::smiling_face_with_hearteyes::smiling_face_with_hearteyes::smiling_face_with_hearteyes::smiling_face_with_hearteyes::red_heart::red_heart::red_heart::red_heart::red_heart:,neutral
346,bin4lian,2022-02-19 22:11:29+00:00,:raising_hands:,neutral
346,juana.jimenez1,2022-02-18 15:04:30+00:00,:raising_hands::red_heart::red_heart::red_heart:,neutral
346,juana.jimenez.gil59,2022-02-07 14:04:29+00:00,:clapping_hands::clapping_hands::clapping_hands::red_heart:,neutral
347,marcelarmzp,2023-06-06 15:37:21+00:00,links,neutral
347,macyberti,2023-06-05 20:42:49+00:00,link,neutral
347,sarahfrainslater,2023-06-05 12:52:41+00:00,links,neutral
347,rubynguyen1295,2023-06-05 11:23:34+00:00,links,neutral
347,mccreazione,2023-06-03 04:13:42+00:00,link,neutral
347,everyday.holly,2023-06-06 15:37:33+00:00,i just massaged you the links,neutral
348,soheila_dgh_,2023-01-12 16:50:41+00:00,youre wonderful :raising_hands::raising_hands::raising_hands::raising_hands:,positive
348,soheila_dgh_,2023-01-03 16:12:27+00:00,:red_heart:,neutral
348,nicitodd,2022-06-21 16:40:15+00:00,louisdewhurst the jacket :smiling_face_with_hearteyes:,neutral
348,wagafull,2022-06-12 14:37:12+00:00,:red_heart:,neutral
348,thisisrositamohseni,2022-04-18 10:37:21+00:00,davidgandy_official :heart_on_fire:,neutral
348,erikaraf78,2022-04-15 14:22:51+00:00,:red_heart::red_heart::red_heart:,neutral
348,tittagaia,2022-04-13 23:36:03+00:00,:red_heart::red_heart::red_heart::red_heart::red_heart::red_heart:,neutral
348,__elllhaam__,2022-03-23 11:32:31+00:00,:fire::fire::fire:,neutral
348,falcondesigngermany,2022-03-21 12:56:33+00:00,:smiling_face_with_hearteyes::smiling_face_with_hearteyes:,neutral
349,brooke.murling,2022-12-25 23:55:35+00:00,the playroom is amazing,positive
349,jgiantasio,2022-12-25 22:21:20+00:00,looks so good love the swings:red_heart::red_heart:,positive
349,jejarrell,2022-12-25 22:19:45+00:00,avery got the play dough hair salon too :clapping_hands::face_with_tears_of_joy:,positive
350,mercato_cucina,2023-01-03 18:20:31+00:00,sounds like the best type of plans :italy:,positive
350,brittprice,2022-12-31 14:21:51+00:00,pretty :red_heart:,positive
350,rhyancaminske,2023-01-01 16:45:09+00:00,brittprice thanks britt :face_blowing_a_kiss::face_blowing_a_kiss::face_blowing_a_kiss:,positive
351,tahnyaiva,2023-05-15 07:51:23+00:00,love :smiling_face_with_hearteyes:,positive
351,bia_biafaria,2023-05-14 22:01:08+00:00,que luk lindoo apaixonada,neutral
351,pao_k_la_magica,2023-05-01 21:56:00+00:00,:cherry_blossom::two_hearts::cherry_blossom::two_hearts::cherry_blossom::two_hearts:,neutral
351,trendsduchess,2023-04-27 19:51:04+00:00,hi camila your fashion sense is always on point if youre looking for some stylish accessories to complete your outfits check out my dropshipping website trendsduchessstore we offer a variety of trendy and affordable items that i think you and your followers would love thank you for inspiring us with your incredible style :smiling_face_with_hearteyes:,positive
351,paivacris_14,2023-04-23 22:39:18+00:00,que lindo amei:smiling_face_with_hearteyes::clapping_hands:,neutral
351,styluux,2023-04-23 19:30:43+00:00,:heart_on_fire::heart_on_fire::heart_on_fire::heart_on_fire::heart_on_fire::heart_on_fire::heart_on_fire:,neutral
351,ferrer_luxulis,2023-04-19 04:27:11+00:00,:two_hearts::two_hearts::two_hearts::two_hearts::two_hearts::two_hearts::two_hearts:,neutral
351,nanay_reiss,2023-04-18 03:00:14+00:00,minha inspirao :two_hearts:,neutral
351,cassiacsiilva,2023-04-15 17:37:31+00:00,wo,neutral
352,michdumas,2022-12-13 11:49:29+00:00,the last coro for me haha,positive
352,garyfalta,2022-12-13 01:44:08+00:00,happiest of birthdays,positive
352,yortycm,2022-12-13 01:38:34+00:00,absolutely adorable moments,positive
352,papafrank13,2022-12-13 01:36:38+00:00,beautiful,positive
352,niks_pics19,2022-12-13 01:18:11+00:00,i feel like sprinkler is harder to say than spangler tho,positive
352,scottdds1,2022-12-13 01:18:08+00:00,why not pop pop or grandpa,neutral
352,rhelderop,2022-12-13 01:17:46+00:00,awesome happy birthday,positive
352,rhyancaminske,2022-12-15 00:33:40+00:00,niks_pics19 hahahah i do too :face_with_tears_of_joy:,neutral
352,rhyancaminske,2022-12-15 00:34:00+00:00,scottdds1 hahaha he is grandpa but not mine :face_with_tears_of_joy:,positive
353,ck1morris122,2022-11-25 19:20:26+00:00,so gorgeous :red_heart::two_hearts::two_hearts:this is the cutest tee :smiling_face_with_hearteyes:,positive
353,mywholefitlife,2022-11-24 20:41:22+00:00,love your nails :nail_polish:,positive
353,the_realvonhord,2022-11-24 16:58:39+00:00,thank you for the code i just used it,positive
353,momlife.of.leni.and.leo,2022-11-23 22:04:11+00:00,:smiling_face_with_hearteyes::red_heart::fire::fire:,neutral
353,lifewithckatz,2022-11-23 12:23:41+00:00,so gorgeous :fire::fire:,positive
353,dannafwells,2022-11-23 05:05:45+00:00,loveeeee their tees and sweatshirts,neutral
353,sassyqueenboutique,2022-11-23 01:10:29+00:00,:fire::fire::fire:,neutral
353,emilyjademccarthy,2022-11-22 22:13:36+00:00,the cutest tees :clapping_hands:,positive
353,eatstyleamore,2022-11-22 20:46:37+00:00,so cute love their tees too,positive
353,rhyancaminske,2022-11-25 19:34:32+00:00,the_realvonhord oh yay im so happy thank you,positive
354,_trendal_,2023-05-28 18:35:18+00:00,:white_heart:,neutral
354,womanslook,2023-05-11 16:00:01+00:00,:blue_heart:,neutral
354,lea.aalto76,2023-04-25 04:32:25+00:00,shintaolaf,neutral
354,styluux,2023-04-23 19:32:41+00:00,:smiling_face_with_hearteyes::smiling_face_with_hearteyes::smiling_face_with_hearteyes::smiling_face_with_hearteyes:,neutral
354,palomapdr,2023-04-20 17:51:20+00:00,amei tudo :hundred_points::sparkling_heart::two_hearts:,neutral
354,jelenakirovic,2023-04-11 22:12:29+00:00,:smiling_face_with_hearteyes::red_heart:,neutral
354,glamdini_24,2023-04-10 18:43:14+00:00,wow,positive
354,ceconomou72,2023-04-09 21:16:08+00:00,i triedbut i cant fault you youre absolutely breathtaking in every possible way,positive
354,pink.lem,2023-04-04 15:54:30+00:00,:smiling_face_with_hearteyes::smiling_face_with_hearteyes:,neutral
354,shamiimm___,2023-04-04 11:19:53+00:00,jean:pinched_fingers_light_skin_tone:,neutral
355,andreinamarra__,2023-05-31 12:29:30+00:00,gaetanovisconti,neutral
355,lcristianerochaa,2023-05-26 09:14:30+00:00,linda maravilhosa :smiling_face_with_hearteyes:,neutral
355,thaisasilva367,2023-05-22 13:36:19+00:00,algum sabe de onde podem ser os brincos so muito lindos,neutral
355,styluux,2023-04-23 19:33:43+00:00,omggg:medium_skin_tone::medium_skin_tone::medium_skin_tone::medium_skin_tone:,neutral
355,pcruz5011,2023-04-16 23:58:44+00:00,come on in,neutral
355,dayjaramillo18,2023-04-16 03:28:11+00:00,hay mujeres tan lindas en este mundo :smiling_face_with_hearteyes:,neutral
355,bunmiafuyex,2023-04-02 22:06:50+00:00,:smiling_face_with_hearteyes::smiling_face_with_hearteyes::smiling_face_with_hearteyes::smiling_face_with_hearteyes:,neutral
355,explo.rita,2023-03-31 14:44:15+00:00,:smiling_face_with_hearteyes::smiling_face_with_hearteyes:,neutral
356,martineelkhoury,2023-05-24 14:36:09+00:00,lovely,positive
356,golddiamond_spa_massage,2023-05-20 18:40:37+00:00,_priyagh :neutral_face:,neutral
357,lulu.shi_,2023-06-06 15:14:04+00:00,im really searching for this beautiful skirt but i can not find it in switzerland greece or germany can you please tell me in which country should i search,positive
357,addex._,2023-06-05 04:08:41+00:00,jessmeupp track postit: red 5 lift me up buen beat the skirt collection,neutral
357,noon2.4,2023-05-25 20:37:42+00:00,its not available in saudi arabia i couldnt find it :weary_face::broken_heart:,neutral
357,mariaarletehenriquessilva,2023-05-25 13:28:29+00:00,i am from portugal where can i find this skirt and what pricethanks,neutral
357,bssmyly429,2023-05-24 18:10:25+00:00,,neutral
357,zara,2023-06-06 16:13:13+00:00,lulushi_ hi thanks for your interest in our brand the embroidered cape skirt limited edition can be found on zaracom germany with ref 2903301 we hope you find this information useful thank you,positive
358,mrsryan1617,2023-06-06 06:46:58+00:00,masih ada ga ya,neutral
358,mariarazzz,2023-05-24 14:38:35+00:00,us,neutral
358,mariarazzz,2023-05-24 13:31:17+00:00,when will this be coming out for sale,neutral
359,mwitazengo,2023-06-04 12:24:22+00:00,mamb vip,positive
359,mwitazengo,2023-06-04 12:23:59+00:00,mamb vip,positive
359,evdeisimkaninuran,2023-05-26 14:45:35+00:00,:clapping_hands::clapping_hands:,neutral
359,golddiamond_spa_massage,2023-05-20 18:42:42+00:00,shimakarimifit :neutral_face:,neutral
360,me_meggie_g,2023-05-20 18:01:57+00:00,gorgeous :smiling_face_with_hearteyes:,positive
360,jdaoutfit,2023-05-19 20:48:45+00:00,:brown_heart::brown_heart::brown_heart:,neutral
360,goldsand__,2023-05-18 22:12:12+00:00,:smiling_face_with_hearteyes::smiling_face_with_hearteyes::smiling_face_with_hearteyes::smiling_face_with_hearteyes:,neutral
360,litora.studio,2023-05-18 20:29:00+00:00,loveeee,neutral
360,_surisingh,2023-05-18 09:04:37+00:00,:red_heart:,neutral
360,bini_houses_menorca,2023-05-18 08:05:00+00:00,:brown_heart::brown_heart: love this chocolate mix,positive
360,_vanci_,2023-05-18 02:57:18+00:00,:fire::smiling_face_with_hearteyes::smiling_face_with_hearteyes::purple_heart:,neutral
360,pavdale1,2023-05-17 18:33:18+00:00,you take my breath away looks like such a dream :raising_hands:,positive
360,liperlman,2023-05-17 18:14:28+00:00,stunner :smiling_face_with_hearteyes::smiling_face_with_hearteyes::smiling_face_with_hearteyes:,neutral
361,atelier.mudmano,2023-05-25 10:34:49+00:00,is the purse mango please thanks,positive
361,walklondonshoes,2023-05-24 15:26:52+00:00,beautiful combination of colour :starstruck:,positive
361,niktasamimi,2023-05-18 16:10:45+00:00,love ur styles ugh :crying_face::smiling_face_with_hearteyes:,positive
361,styld_by_v,2023-05-18 14:10:06+00:00,:smiling_face_with_hearteyes:,neutral
361,fannylbld_,2023-05-18 12:02:28+00:00,love this bag :green_heart:,positive
361,virginiedarbon,2023-05-18 09:31:10+00:00,:green_heart::green_heart::green_heart:,neutral
361,unsure___unsure,2023-05-18 09:12:33+00:00,awesome :sparkles::black_heart:,positive
361,_surisingh,2023-05-18 09:04:28+00:00,:red_heart:,neutral
361,irenadworld,2023-05-18 08:59:44+00:00,:green_heart::green_heart:,neutral
361,monikh,2023-05-25 10:40:58+00:00,ateliermudmano yes :sun_with_face:,positive
362,styluux,2023-04-23 19:33:22+00:00,fannnnn:smiling_face_with_hearteyes::smiling_face_with_hearteyes::smiling_face_with_hearteyes:,neutral
362,luanaararuna_,2023-04-18 11:37:40+00:00,a cara do papai,neutral
362,studiomariademello,2023-04-15 10:27:02+00:00,:smiling_face_with_hearts::smiling_face_with_hearts:,neutral
362,peixotofafa,2023-04-06 16:22:56+00:00,que lindoooo,neutral
362,fernandaparren,2023-05-13 02:13:06+00:00,prixberna voc no tem nenhum perfil de instagram com contedo sobre seu conhecimento achei interessante :smiling_face:,negative
362,prixberna,2023-05-31 10:08:09+00:00,fernandaparren ol querida tenho um perfilho insta levvida,neutral
363,rochelle_dale,2023-05-14 19:09:10+00:00,were a good bunch :bouquet:,positive
363,talesofamother,2023-05-14 19:08:09+00:00,aww were all so lucky arent we :sparkles::white_heart:,positive
363,littlefashbird,2023-05-14 17:38:10+00:00,:light_skin_tone::light_skin_tone::light_skin_tone::light_skin_tone:,neutral
363,juttaflickstilberatung,2023-05-14 16:56:51+00:00,beautiful girls and women,positive
363,pavdale1,2023-05-14 15:59:29+00:00,my 3 hearts :white_heart::white_heart::white_heart:,neutral
363,jo_chis_home,2023-05-14 14:58:29+00:00,gorgeous girls xx,positive
363,honbo_shop,2023-05-14 13:40:13+00:00,:red_heart:,neutral
363,mshrdx,2023-05-14 13:29:43+00:00,love you all so much :red_heart:,positive
364,womanplusonlineshop,2023-06-02 07:01:17+00:00,beautiful :smiling_face_with_hearteyes:,positive
364,iv_kappenmann,2023-05-23 20:02:02+00:00,hi is collection available in serbia thanks,positive
364,yvonnecapoeira,2023-06-03 19:55:55+00:00,todas sus modelos anorxicas,neutral
365,aleks_v_esther,2023-05-16 03:15:30+00:00,the best variant is nude:smiling_face_with_hearteyes:,positive
365,camilaantz,2023-05-15 19:43:27+00:00,so cute:white_heart:,neutral
365,betina_goldstein,2023-05-15 14:34:49+00:00,:red_heart::red_heart:,neutral
365,loop_headquarters,2023-05-15 00:38:48+00:00,hi monikh where is that beautiful amber ring from :orange_heart:,positive
365,becky_rj,2023-05-14 18:37:45+00:00,the little hand lining up ellas kitchen :smiling_face_with_hearts::smiling_face_with_hearts::smiling_face_with_hearts:,positive
366,elisamaria88.11,2023-05-23 00:32:46+00:00,maria_57mar,neutral
366,mariobovino741,2023-05-18 19:20:44+00:00,:red_heart::red_heart::red_heart:,neutral
366,sibiabishek,2023-05-01 08:40:26+00:00,awesome,positive
366,die_fraulein,2023-04-29 03:01:44+00:00,mayandeb,neutral
366,slingher_,2023-04-20 14:25:06+00:00,:smiling_face_with_hearteyes::smiling_face_with_hearteyes::smiling_face_with_hearteyes:,neutral
366,babbu_hybird,2023-04-16 05:47:40+00:00,breathtakingly beautiful,positive
366,_raninoue,2023-04-13 13:58:24+00:00,:red_heart::red_heart:,neutral
366,maria_57mar,2023-05-23 08:55:05+00:00,elisamaria8811,neutral
367,nicole_huisman,2023-05-18 18:00:33+00:00,congrats sweetie :red_heart::red_heart::red_heart::red_heart:,positive
367,teverdeepasticcini,2023-05-18 06:34:20+00:00,your style :smiling_face_with_hearteyes:,neutral
367,meerakumar,2023-05-17 22:26:42+00:00,you have done an amazing job,positive
367,meerakumar,2023-05-17 22:26:33+00:00,the plain gold rings and bracelets are right up my street i cant wait to get my hands on some,neutral
367,sues.mkt,2023-05-17 21:43:30+00:00,omg:fire: need them all:smiling_face_with_hearteyes:,neutral
367,sheripie85,2023-05-17 13:17:57+00:00,these are amazing:fire: and youve beautifully incorporated our culture x,positive
367,mariannefaith7,2023-05-17 03:02:46+00:00,gorgeous luv luves :white_heart:,positive
367,pennygoldstone,2023-05-16 16:49:01+00:00,congratulations,positive
367,monikh,2023-05-18 19:01:39+00:00,nicole_huisman thank you chick :sun_with_face:,positive
367,jandree,2023-05-26 22:56:30+00:00,monikh the way i had to run back to get a second piece :red_heart:,neutral
368,shweta_romin,2023-05-24 02:59:33+00:00,lovely bag from,positive
368,softtouchby_yaelg,2023-05-17 04:34:58+00:00,:smiling_face_with_hearteyes:,neutral
368,shop.baileyrenee,2023-05-16 18:55:09+00:00,:cloud:,neutral
368,hxwar,2023-05-15 18:16:03+00:00,:smiling_face_with_hearteyes::smiling_face_with_hearteyes::smiling_face_with_hearteyes:,neutral
368,noirgaze_official,2023-05-15 10:41:32+00:00,love your bag :smiling_face_with_hearteyes::smiling_face_with_hearteyes::smiling_face_with_hearteyes:,positive
368,bonbride,2023-05-15 10:39:57+00:00,gorgeous:smiling_face_with_hearteyes:,neutral
368,sheerluxe,2023-05-15 06:10:06+00:00,love this :smiling_face_with_hearteyes:,positive
368,fearlesspixie,2023-05-15 04:22:19+00:00,always so chic do the sandals get comfier after many wears x,positive
368,capijewelry,2023-05-15 03:54:09+00:00,:growing_heart::ok_hand_mediumlight_skin_tone::ok_hand_mediumlight_skin_tone::ok_hand_mediumlight_skin_tone::growing_heart:,neutral
369,_surisingh,2023-05-18 09:03:58+00:00,:red_heart:,neutral
369,byan.concept,2023-05-18 06:37:21+00:00,we send you a direct message :red_heart:,neutral
369,amysturgis,2023-05-17 20:30:14+00:00,:red_heart::red_heart::red_heart::red_heart::red_heart::red_heart:,neutral
369,laleshkasp,2023-05-17 20:03:23+00:00,:red_heart::red_heart:,neutral
369,elizabethmoorenyc,2023-05-17 18:39:51+00:00,love this,positive
369,pavdale1,2023-05-17 18:28:32+00:00,absolutely stunning darling :blue_heart:,positive
369,nellanddigby,2023-05-17 16:50:34+00:00,those cakes :smiling_face_with_hearteyes::smiling_face_with_hearteyes:,neutral
369,chelseahansford,2023-05-17 16:27:49+00:00,:red_heart::mango::red_heart::fish::red_heart:,neutral
369,aimeejohnson,2023-05-17 16:24:28+00:00,need that necklace monikh :smiling_face_with_hearteyes::smiling_face_with_hearteyes:,neutral
369,sofiariany1,2023-05-17 16:19:46+00:00,when is this collab out monikh please:smiling_face_with_hearteyes::green_heart:,neutral
370,kidmarie,2023-06-06 17:07:01+00:00,zarathe metallic pleated skirt was listed as coming soon in large and now it is listed as out of stock i never received an email did the item really exist will the item restock online in the united states,positive
370,hasan.ghazvinian1361,2023-05-27 15:29:04+00:00,like :hundred_points::hundred_points:,positive
370,ro_hedgie,2023-05-20 14:15:22+00:00,in germany this skirt when from coming soon straight to out of stock the in stock notification email never even went out nice zara very respectful to your online customers not even giving them the chance to try and purchase the piece,positive
370,nandinjoaquina,2023-05-17 22:58:09+00:00,pp,neutral
371,aldo_buzzella,2023-06-06 19:21:21+00:00,:red_heart::red_heart::red_heart:,neutral
371,angymasella,2023-06-06 14:32:59+00:00,bellissimi :red_heart::red_heart:,neutral
371,jabermalekzadeh_1968,2023-06-06 13:22:19+00:00,:fire::fire::fire::fire::fire::fire::fire::fire::fire:,neutral
371,veronicabianchi3021,2023-06-06 11:52:43+00:00,vi adoro :smiling_face_with_hearteyes::smiling_face_with_hearteyes:,neutral
371,rahul56984,2023-06-06 11:50:00+00:00,so sweet picture baby :fire::fire:,positive
371,sandy_tozzini,2023-06-06 11:24:57+00:00,:smiling_face_with_hearteyes::smiling_face_with_hearteyes::smiling_face_with_hearteyes:,neutral
371,annamariaangiolini,2023-06-06 10:13:48+00:00,:red_heart::red_heart::raising_hands:,neutral
371,mmari.jjuanaa,2023-06-06 10:01:13+00:00,corro a vedere the ferragnez,neutral
371,coonst_vill,2023-06-04 12:04:43+00:00,ri di cu los:clapping_hands: :clapping_hands:,neutral
372,jabermalekzadeh_1968,2023-06-06 13:21:49+00:00,:red_heart::red_heart::red_heart::red_heart:,neutral
372,thegangstarsboss,2023-06-06 10:32:03+00:00,:face_with_open_mouth:,neutral
372,calvinklein,2023-06-02 17:39:22+00:00,fresh looks :green_heart:,positive
373,mmari.jjuanaa,2023-06-06 10:00:29+00:00,la mi coppia preferita :smiling_cat_with_hearteyes:,neutral
373,labottegadellargento,2023-05-31 11:57:38+00:00,:smiling_face_with_hearteyes:,neutral
373,fannina74,2023-05-30 16:36:26+00:00,:nauseated_face::nauseated_face::nauseated_face::nauseated_face::nauseated_face::nauseated_face::partying_face:,neutral
373,itaknifelover,2023-05-30 10:51:25+00:00,ah si il richard mille da comunista,neutral
373,aswary141,2023-05-28 11:52:36+00:00,nice:red_heart::red_heart::red_heart::red_heart:,neutral
373,jackybiza,2023-05-23 23:51:12+00:00,:red_heart::raising_hands::red_heart:,neutral
374,jwmas._,2023-06-06 17:53:28+00:00,occhi stupendi c il mare dentro :red_heart::red_heart::red_heart::red_heart::red_heart::red_heart::red_heart::red_heart::red_heart::red_heart::red_heart::red_heart::red_heart::red_heart::red_heart::red_heart::red_heart::red_heart::red_heart::red_heart::red_heart::red_heart::red_heart::red_heart::red_heart::red_heart::red_heart::red_heart::red_heart::red_heart::red_heart:,neutral
374,jabermalekzadeh_1968,2023-06-06 13:22:06+00:00,:smiling_face_with_hearteyes::smiling_face_with_hearteyes::smiling_face_with_hearteyes::smiling_face_with_hearteyes::smiling_face_with_hearteyes::smiling_face_with_hearteyes::smiling_face_with_hearteyes::clapping_hands::clapping_hands::clapping_hands::clapping_hands::clapping_hands:,neutral
374,mmari.jjuanaa,2023-06-06 10:00:59+00:00,dov la vitto,neutral
374,laila_velmonte,2023-06-04 11:05:52+00:00,perfetta,neutral
374,giovannisantoro2,2023-06-01 14:00:48+00:00,pu essere antipatica quello che volete ma molto bella uno schianto,negative
374,katiazangaro,2023-05-31 04:47:30+00:00,ma ti guardi allo specchio dopo aver bevuto vero,neutral
374,fannina74,2023-05-30 16:42:06+00:00,:nauseated_face::nauseated_face::nauseated_face::nauseated_face::nauseated_face::nauseated_face::nauseated_face::nauseated_face::nauseated_face:,neutral
374,monica.crocco,2023-05-30 14:04:15+00:00,molto molto bella :red_heart:,neutral
374,carola_caia,2023-05-29 23:09:01+00:00,peccato vestito davvero non adatto a chi ha seno e sedere completamente piatti,positive
374,_giuseppemegaro_,2023-06-06 14:32:16+00:00,mi chiedo perch a lamentarsi siano sempre donne prossime alla menopausa con pi rughe che soldi in tasca con profili privati forse si vergognano della propria faccia o del proprio corpo e con un istinto polemico delle peggior galline di paese assurdo,neutral
375,jwmas._,2023-06-06 17:52:38+00:00,diplomatico :red_heart::red_heart::red_heart::red_heart::red_heart::red_heart::red_heart::red_heart::red_heart::red_heart::red_heart::red_heart::red_heart::red_heart::red_heart::red_heart::red_heart::red_heart::red_heart::red_heart::red_heart::red_heart::red_heart::red_heart::red_heart::red_heart::red_heart::red_heart::red_heart:baci baci :kiss_mark: :kiss_mark: baci :kiss_mark: :red_heart::red_heart::red_heart::red_heart::red_heart::red_heart::red_heart::red_heart::red_heart::red_heart::red_heart::red_heart::red_heart::red_heart::red_heart::red_heart::red_heart::red_heart::red_heart::red_heart::red_heart::red_heart::red_heart::red_heart:,neutral
375,mirtillatreb,2023-06-06 13:26:05+00:00,bellissimo :red_heart::starstruck::starstruck:,neutral
375,jabermalekzadeh_1968,2023-06-06 13:21:34+00:00,:smiling_face_with_hearteyes::smiling_face_with_hearteyes::smiling_face_with_hearteyes::smiling_face_with_hearteyes::smiling_face_with_hearteyes::smiling_face_with_hearteyes::smiling_face_with_hearteyes::smiling_face_with_hearteyes::smiling_face_with_hearteyes::smiling_face_with_hearteyes::clapping_hands::clapping_hands::clapping_hands::clapping_hands::clapping_hands::clapping_hands::clapping_hands:,neutral
375,mmari.jjuanaa,2023-06-06 10:00:39+00:00,che carino leo,neutral
375,royallionparfum,2023-06-06 05:28:39+00:00,:red_heart:,neutral
375,nelladellonze,2023-06-06 04:44:39+00:00,bellissimo:smiling_face_with_hearteyes:,neutral
375,catiaferrini9166,2023-06-04 11:56:45+00:00,bellissimo leone :smiling_face_with_hearteyes:,neutral
375,caromontemayor,2023-06-03 16:32:07+00:00,:smiling_face_with_hearteyes::smiling_face_with_hearteyes::smiling_face_with_hearteyes:,neutral
376,jabermalekzadeh_1968,2023-06-06 13:22:31+00:00,:face_with_open_mouth::face_with_open_mouth::face_with_open_mouth::face_with_open_mouth::face_with_open_mouth::face_with_open_mouth::face_with_open_mouth:,neutral
376,heidivillari,2023-06-06 03:47:49+00:00,italian people: give chiaraferragni a break you have too many negative comments why,negative
376,calvinklein,2023-06-02 17:38:35+00:00,style on lock :black_heart:,neutral
376,sofias_tahis,2023-06-01 12:56:30+00:00,tu es plus belle que gg h,positive
376,eva_yague,2023-05-31 22:01:46+00:00,:fire::fire:,neutral
376,matteo1186,2023-05-30 20:38:16+00:00,pensati sana,neutral
377,maellekervran,2023-05-18 05:29:10+00:00,:smiling_face_with_hearteyes::smiling_face_with_hearteyes:,neutral
377,desert_lille,2023-05-17 16:25:37+00:00,ises,neutral
377,selena_outfitx,2023-05-17 02:43:40+00:00,love :smiling_face_with_hearteyes:,positive
377,selena_outfitx,2023-05-17 02:43:34+00:00,please check your dm :sparkles::smiling_face_with_hearts::heart_suit:,positive
377,selena_outfitx,2023-05-17 02:43:34+00:00,please check your dm :sparkles::smiling_face_with_hearts::heart_suit:,positive
377,selena_outfitx,2023-05-17 02:43:27+00:00,love :smiling_face_with_hearteyes:,positive
377,kecca_isabel,2023-05-16 17:43:07+00:00,you look great :clapping_hands::clapping_hands::clapping_hands::clapping_hands::clapping_hands::clapping_hands:,positive
377,americansunandreader,2023-05-16 17:25:18+00:00,love :white_heart:,positive
377,damasiaball,2023-05-16 15:14:49+00:00,:red_heart:,neutral
377,themodernunofficialgallery,2023-05-16 14:19:12+00:00,:white_heart::white_heart:,neutral
378,sanntosmii,2023-04-18 04:53:58+00:00,quando vai ter reposio da cala,neutral
378,tiffany_fox2022,2023-04-08 16:47:46+00:00,qual nome dessa cala,neutral
378,_isaclemente,2023-03-27 20:52:29+00:00,oii tem cupom pra aniversariante do ms:smiling_face_with_hearteyes:,neutral
378,imsheilagoncalves,2023-03-25 12:18:48+00:00,tuuuudo :smiling_face_with_hearteyes::face_with_open_mouth:,neutral
378,lulugondim,2023-03-24 17:59:38+00:00,amo,neutral
379,febibia,2023-04-25 01:28:29+00:00,comprei o meu chegou hoje estou apaixonada :red_heart::red_heart::red_heart::red_heart::red_heart:,neutral
379,caafonseca13,2023-03-27 18:51:54+00:00,o black sem erro :smiling_face_with_hearteyes::smiling_face_with_hearteyes::smiling_face_with_hearteyes:,neutral
379,imsheilagoncalves,2023-03-24 12:16:21+00:00,tuuuudo esse dress :red_heart:,neutral
379,lamarins_,2023-03-24 01:21:18+00:00,mais que perfeito,neutral
379,lamarins_,2023-03-24 01:21:02+00:00,:smiling_face_with_hearteyes::smiling_face_with_hearteyes::smiling_face_with_hearteyes:,neutral
379,jujubarbosads,2023-03-24 01:07:48+00:00,qual o tecido,neutral
379,lojafashioncloset,2023-04-26 14:57:29+00:00,a gente amaaaa :smiling_face_with_hearteyes::smiling_face_with_hearteyes::smiling_face_with_hearteyes:,neutral
380,vitedeschi,2023-03-25 10:45:38+00:00,a melhor baby do mundo lamarins_,neutral
380,soll_sk8,2023-03-23 18:16:46+00:00,amo:red_heart:,neutral
380,adrianadreer,2023-03-23 13:01:53+00:00,como fazer parte do mkt de vocs :smiling_face_with_hearteyes:,neutral
380,schayres,2023-03-23 08:35:09+00:00,impecvel,neutral
380,schayres,2023-03-23 08:35:05+00:00,:beating_heart::beating_heart::beating_heart::beating_heart::beating_heart::beating_heart:,neutral
380,beartmedina,2023-03-23 01:51:51+00:00,:smiling_face_with_hearteyes:,neutral
380,lamarins_,2023-03-23 00:36:31+00:00,melhores looks da vida,neutral
380,lamarins_,2023-03-23 00:36:20+00:00,:smiling_face_with_hearteyes::smiling_face_with_hearteyes::smiling_face_with_hearteyes:,neutral
380,lojafashioncloset,2023-03-24 15:07:40+00:00,carolpolycarpo_ te enviamos direct carol :two_hearts:,neutral
381,carola_caia,2023-05-29 22:49:31+00:00,ma dal marito ormai irrimediabilmente senza sorriso neanche un piccolo finto augurio tipo i baci fake sul naso alla madre dei suoi figli,negative
381,edmondkarepi,2023-05-27 07:18:22+00:00,:smiling_face_with_hearteyes::smiling_face_with_hearteyes::smiling_face_with_hearteyes::smiling_face_with_hearteyes:,neutral
381,fatfree93,2023-05-26 22:38:49+00:00,,neutral
381,choi_chan_kuk,2023-05-23 20:56:48+00:00,:family: :red_heart::red_heart::red_heart::clapping_hands::clapping_hands::clapping_hands:,neutral
381,caterina.vitaripa9gmail.com393,2023-05-21 12:01:51+00:00,bellissimi insieme,neutral
381,tihana_2023,2023-05-19 21:09:55+00:00,ma quanto era bella la signora marina lo ancora sia chiaro,neutral
382,ele_nouvelle,2023-05-30 09:33:12+00:00,menomale che io cho netflix,neutral
382,carola_caia,2023-05-29 22:52:19+00:00,non vedo lora di perdermeli tutti,neutral
382,domenica_sisto,2023-05-29 03:25:23+00:00,la cosa pi bella in questa foto la volante della polizia nello sfondo :heart_exclamation::flexed_biceps:,neutral
382,everseensa,2023-05-24 11:25:03+00:00,:red_heart::red_heart:,neutral
382,umbertotedde,2023-05-24 10:41:59+00:00,:thumbs_down::thumbs_down::thumbs_down::thumbs_down:,neutral
382,antonio_colucci__,2023-05-22 11:36:59+00:00,molati gli incisivi castoro,neutral
382,mariagabriellaamato,2023-05-20 14:47:51+00:00,ma chi siete sparite state rovinando oltre che usando quei due poveri bimbi innocenti basta ridicoli,neutral
382,marlynsindar,2023-05-20 14:40:56+00:00,ma sembra una tavola da surf niente davanti niente dietro che magra :nauseated_face:,neutral
382,frhan.khan.378,2023-05-20 05:10:55+00:00,:red_heart::fire:,neutral
382,fannina74,2023-05-30 16:44:21+00:00,eleonoraepoi mi hai tolto le parole di bocca giuro,neutral
383,royallionparfum,2023-06-06 05:28:58+00:00,:smiling_face_with_hearteyes:,neutral
383,rossellaselano,2023-06-03 17:52:04+00:00,ma non le hanno insegnato che non si appoggia il gomito sul tavolo,neutral
383,eva_yague,2023-05-31 21:56:45+00:00,bellisima,neutral
383,eva_yague,2023-05-31 21:51:27+00:00,:smiling_face_with_hearteyes::smiling_face_with_hearteyes::smiling_face_with_hearteyes::smiling_face_with_hearteyes:,neutral
383,tired88888888,2023-05-31 19:21:49+00:00,chiss cosa non mangi per essere cos magra,neutral
383,giova_fabiano,2023-05-31 13:43:15+00:00,che gobba tra poco puoi trasferirti a notredame,neutral
383,topi_cantine_solai,2023-05-31 08:33:48+00:00,un po di galateo no,negative
383,marilu.57,2023-05-29 19:22:36+00:00,dura vivere cos,neutral
383,ciaokasia,2023-05-28 18:31:59+00:00,wow love this hair look:two_hearts::heart_with_arrow:,positive
384,laila_velmonte,2023-06-04 11:11:18+00:00,belllliiissssiiimmaaaaaaaa,neutral
384,eva_yague,2023-05-31 21:56:57+00:00,estilazo,neutral
384,flo.bu___,2023-05-29 06:00:12+00:00,looks like a wannabe anna wintour:grinning_face_with_sweat:,positive
384,666innesto,2023-05-23 23:30:15+00:00,:fire:,neutral
384,666innesto,2023-05-23 23:30:06+00:00,:smiling_face_with_hearteyes:,neutral
385,laurabdeckert,2023-05-08 02:03:28+00:00,links,neutral
385,mariuxi_chavez,2023-05-04 15:12:11+00:00,links,neutral
385,mawhinneynicole,2023-04-26 23:35:45+00:00,all cute :two_hearts:,positive
385,kp_mez,2023-04-26 19:45:39+00:00,outfit 3 :cherry_blossom:,neutral
385,nicolelee0613,2023-04-26 14:23:52+00:00,cute :cherry_blossom:,positive
385,ra_ly_qu,2023-04-26 14:05:58+00:00,:raising_hands::cherry_blossom:,neutral
386,dr.ssa_donatella_filomena_,2023-06-06 18:37:17+00:00,divina,neutral
386,jwmas._,2023-06-06 17:56:30+00:00,il turchese il suo colore si sposa bene con il colore degli occhi:clapping_hands::clapping_hands::clapping_hands::clapping_hands::clapping_hands::clapping_hands::clapping_hands::clapping_hands::clapping_hands::clapping_hands::clapping_hands::clapping_hands::red_heart::red_heart::red_heart::red_heart::red_heart::red_heart::red_heart::red_heart::red_heart::red_heart::red_heart::red_heart::red_heart::red_heart::red_heart::red_heart::red_heart::red_heart::red_heart::red_heart::red_heart::red_heart::red_heart::red_heart:,neutral
386,laila_velmonte,2023-06-04 11:14:36+00:00,bellliiisssiiiimmmmaaaaaaa,neutral
386,thekingofpastaofficial,2023-06-02 21:40:22+00:00,:red_heart:,neutral
386,sabry_r_c_92,2023-06-01 19:36:09+00:00,ma davvero quelle scarpe fanno moda :face_with_tears_of_joy::face_with_tears_of_joy::face_with_tears_of_joy::face_with_tears_of_joy::face_with_tears_of_joy::face_with_tears_of_joy::face_with_tears_of_joy::face_with_tears_of_joy:ma manco mia nonna,negative
386,katiazangaro,2023-05-30 19:21:20+00:00,che gambe ragazzi da passarci un treno:face_with_tears_of_joy:,neutral
386,fannina74,2023-05-30 16:46:43+00:00,:nauseated_face::nauseated_face::nauseated_face::nauseated_face::nauseated_face::nauseated_face::nauseated_face:,neutral
386,gigliotigrato777,2023-05-25 08:08:57+00:00,e le tette,neutral
386,sole_mare_love,2023-05-23 19:45:10+00:00,ma perch non sponsorizzi le tue di borse lo so fanno schifo sono un ammasso di plastica nemmeno io me le sponsorizzerei ma allora che cazzo stai a creare un brand cio io giorgio armani non lho mai visto vestire e sponsorizzare valentino:rolling_on_the_floor_laughing::rolling_on_the_floor_laughing::rolling_on_the_floor_laughing::rolling_on_the_floor_laughing:,neutral
387,royallionparfum,2023-06-06 05:41:42+00:00,:red_heart:,neutral
387,eva_yague,2023-05-31 21:53:24+00:00,hermosa,neutral
387,pittyfinger,2023-05-19 19:54:48+00:00,oh my nail,neutral
387,fansy_mood,2023-05-18 21:05:40+00:00,picture 1 :smiling_face_with_hearteyes::smiling_face_with_hearteyes::smiling_face_with_hearteyes:,neutral
388,jwmas._,2023-06-06 17:55:44+00:00,birbantella intrigante:clapping_hands::clapping_hands::clapping_hands::clapping_hands::clapping_hands::clapping_hands::clapping_hands::clapping_hands::clapping_hands::clapping_hands::clapping_hands::clapping_hands::clapping_hands::clapping_hands::clapping_hands::clapping_hands::clapping_hands::clapping_hands::clapping_hands::clapping_hands::clapping_hands::clapping_hands::clapping_hands::red_heart::red_heart::red_heart::red_heart::red_heart::red_heart::red_heart::red_heart::red_heart::red_heart::red_heart::red_heart::red_heart::red_heart::red_heart::red_heart::red_heart::red_heart:,neutral
388,milena.gullotta,2023-06-01 11:21:27+00:00,:smiling_face_with_hearteyes::smiling_face_with_hearteyes::smiling_face_with_hearteyes::smiling_face_with_hearteyes::smiling_face_with_hearteyes:,neutral
388,francesca.chirico.64,2023-06-01 09:12:58+00:00,complimenti chiaraferragni i tuoi bimbi sono semplicemente meravigliosi :red_heart:,neutral
388,eva_yague,2023-05-31 21:52:57+00:00,bellisima,neutral
388,labottegadellargento,2023-05-31 11:58:31+00:00,:growing_heart::growing_heart::growing_heart::growing_heart::growing_heart::growing_heart::growing_heart:,neutral
388,katiazangaro,2023-05-31 04:48:04+00:00,questa te le suona da grande:face_with_tears_of_joy:,neutral
388,hunterfghn,2023-05-30 21:01:01+00:00,odiosa,neutral
388,e.lena_2014,2023-05-30 16:09:04+00:00,che bei capelli che ai vitto:smiling_face_with_hearteyes:,neutral
388,mellina__kate,2023-05-30 15:11:47+00:00,your picture are beautiful i would love to make you my muse hello:waving_hand: whats goodi really like your profile and your posts and if you let me i would make such an amazing mural out of it,positive
389,jwmas._,2023-06-06 17:54:35+00:00,famigliola perfetta:red_heart::red_heart::red_heart::red_heart::red_heart::red_heart::red_heart::red_heart::red_heart::red_heart::red_heart::red_heart::red_heart::red_heart::red_heart::red_heart::red_heart::red_heart::red_heart::red_heart::red_heart::red_heart::red_heart::red_heart::red_heart::red_heart::red_heart::red_heart::red_heart::red_heart::red_heart::red_heart::red_heart::red_heart::red_heart::red_heart::red_heart::clapping_hands::clapping_hands::clapping_hands::clapping_hands::clapping_hands::clapping_hands::clapping_hands::clapping_hands::clapping_hands::clapping_hands::clapping_hands::clapping_hands::clapping_hands::clapping_hands::clapping_hands:,neutral
389,ciotolifranca,2023-06-04 14:27:38+00:00,cos uniti i bambini crescono felici:smiling_face_with_hearteyes:,neutral
389,eva_yague,2023-05-31 21:50:33+00:00,:red_heart::red_heart::red_heart::red_heart:,neutral
389,labottegadellargento,2023-05-31 11:58:17+00:00,:smiling_face_with_hearteyes::smiling_face_with_hearteyes::smiling_face_with_hearteyes::smiling_face_with_hearteyes::smiling_face_with_hearteyes::red_heart::red_heart::red_heart::red_heart::red_heart:,neutral
389,lord_visus,2023-05-29 08:02:09+00:00,ma come si fa a perdere il proprio tempo per scrivere insulti sotto le foto ma poi che cazzo vuol dire che ci sono i poveri ed i disperati quindi loro non possono farsi le foto mentre fanno la gitarella al lago ma se proprio non li sopportate la cosa migliore da fare non seguirli e non commentare,negative
389,lifeincarsovaglia,2023-05-28 16:00:07+00:00,sentiti ricca :face_with_tears_of_joy::face_with_tears_of_joy::face_with_tears_of_joy::face_with_tears_of_joy:,neutral
390,satnamgill2670,2023-06-06 10:29:01+00:00,:red_heart::red_heart::red_heart:,neutral
390,marikonepiter,2023-06-06 10:17:02+00:00,top:face_with_open_mouth:,neutral
390,royallionparfum,2023-06-06 05:29:05+00:00,:smiling_face_with_hearteyes:,neutral
390,eva_yague,2023-05-31 21:58:08+00:00,:smiling_face_with_hearteyes::smiling_face_with_hearteyes:,neutral
390,gigliotigrato777,2023-05-25 08:06:35+00:00,e le tette,neutral
390,everseensa,2023-05-24 11:24:59+00:00,:red_heart::red_heart::red_heart:,neutral
390,janinevogue,2023-05-23 14:51:31+00:00,love this so much omggg :black_heart:,positive
391,daleyzaperson47,2023-06-09 13:19:29+00:00,tim dat un mesj,neutral
391,shennigan_nyc,2023-05-18 02:30:32+00:00,:red_heart::white_heart::blue_heart::brown_heart::orange_heart::purple_heart::black_heart::green_heart::yellow_heart::sparkling_heart:,neutral
391,atajekmarzec,2023-03-02 15:15:19+00:00,:crying_face::nauseated_face::face_vomiting:,neutral
391,loeildiris,2023-03-02 14:03:56+00:00,:red_heart:,neutral
391,ekpariss2020,2023-03-02 00:00:12+00:00,reneereneee what did you wear for paris fashion week,neutral
391,castlethecollection_,2023-03-01 22:06:08+00:00,:red_heart::fire:,neutral
391,idoko_jude_iheanacho,2023-03-01 21:54:59+00:00,:fire::fire::fire::fire:,neutral
391,chloe.curl,2023-03-01 21:29:44+00:00,jai mal pour la madame de la deuxime photo :neutral_face:,neutral
392,lauwency.f,2023-05-31 11:32:33+00:00,:red_heart:,neutral
392,neetu_artistry,2023-05-22 17:48:09+00:00,:fire:,neutral
392,lordquintoofhomestead,2023-05-22 15:29:49+00:00,nice:red_heart:,neutral
392,lubakilubaki,2023-05-22 07:38:55+00:00,:fire:,neutral
392,velvetdowntown,2023-05-21 15:17:34+00:00,:fire: 3 :fire:,neutral
392,stallone.66188,2023-05-21 10:40:31+00:00,:red_heart::sparkles::bouquet::smiling_face_with_hearts::bouquet::smiling_face_with_hearts::bouquet::sparkles::red_heart:,neutral
392,cyma_chic,2023-05-21 09:57:42+00:00,:smiling_face_with_sunglasses:,neutral
392,hannahrandomloll,2023-05-21 08:54:06+00:00,:smiling_face_with_hearteyes:,neutral
392,julia_eu_model,2023-05-21 08:47:28+00:00,:fire:,neutral
392,hadeejah.brd,2023-05-21 07:52:41+00:00,hyein from newjeans_official :heart_suit::heart_suit:,neutral
393,jusstgrace_,2023-06-09 07:30:14+00:00,please restock the devon studded crossbody bag in black :black_heart::pleading_face::pleading_face:,positive
394,vivi_tzoura,2023-06-09 11:10:26+00:00,:red_heart::red_heart::red_heart::red_heart::red_heart::red_heart::red_heart:,neutral
394,braaanddz,2023-06-09 06:06:54+00:00,:red_heart:,neutral
394,saeedeh_saalehi,2023-06-08 13:59:31+00:00,like,positive
394,neudorferdeidamia,2023-06-07 20:36:09+00:00,:red_heart:,neutral
394,sonya_chadha,2023-06-07 12:08:09+00:00,we appreciate the impeccable details :white_heart::white_heart:,positive
394,fashioninstasush,2023-06-07 10:44:14+00:00,nice,positive
394,leila_k_hosseini,2023-06-07 09:41:04+00:00,:red_heart:,neutral
394,derome_official,2023-06-07 08:15:56+00:00,:red_heart:,neutral
395,ardit_clothing,2023-06-09 17:57:11+00:00,:fire::fire::smiling_face_with_hearteyes:,neutral
395,rose.day212,2023-06-09 04:11:48+00:00,oh hello 90s,neutral
395,catstepheens,2023-06-09 01:01:46+00:00,maxi skirts have my :red_heart:,neutral
395,nevomfatiha4,2023-06-08 21:19:45+00:00,collab:red_question_mark::red_exclamation_mark::fire: contact page in my bio :chains::herb:,neutral
395,maira_ignazzi,2023-06-08 20:52:42+00:00,love :smiling_face_with_hearteyes::fire:,positive
395,mierhkael,2023-06-08 20:44:15+00:00,:fire:,neutral
395,emdaavfro,2023-06-08 20:38:55+00:00,the first outfit :smiling_face_with_hearteyes:,neutral
396,everythingdigitalofficial,2023-06-09 09:28:18+00:00,:heart_on_fire:,neutral
396,glassyskinofficial,2023-06-09 08:34:57+00:00,:raising_hands::raising_hands::raising_hands:,neutral
396,a_rosemxo,2023-06-09 03:43:01+00:00,siena_mirabella :cowboy_hat_face:,neutral
396,kelvasey20,2023-06-08 23:19:00+00:00,mollyholmes1,neutral
396,mierhkael,2023-06-08 18:46:34+00:00,love iiiit,positive
397,beppe_angiolini,2023-06-09 06:06:16+00:00,:clapping_hands::clapping_hands::clapping_hands:,neutral
397,saramaino_,2023-06-09 05:46:09+00:00,:glowing_star::glowing_star:,neutral
397,sani__designer,2023-06-08 18:56:58+00:00,:smiling_face_with_hearteyes::smiling_face_with_hearteyes:,neutral
397,beatricerossaro,2023-06-08 18:10:57+00:00,:red_heart::red_heart::red_heart::clapping_hands:,neutral
397,harrietaseru,2023-06-08 13:13:01+00:00,woo congratulations,positive
397,kigori_gioielli,2023-06-08 11:31:35+00:00,:sparkling_heart:,neutral
397,allexclusive.us,2023-06-08 11:02:28+00:00,:clapping_hands::clapping_hands::clapping_hands:,neutral
397,hermesdd_jasmine,2023-06-08 10:28:33+00:00,come fare il casting,neutral
397,othiagobasso,2023-06-08 10:14:38+00:00,:smiling_face_with_hearteyes::smiling_face_with_hearteyes::smiling_face_with_hearteyes:,neutral
398,beppe_angiolini,2023-06-09 06:06:34+00:00,:clapping_hands::clapping_hands::clapping_hands:,neutral
398,saramaino_,2023-06-09 05:45:56+00:00,:glowing_star::glowing_star:,neutral
398,beatricerossaro,2023-06-08 18:10:46+00:00,:red_heart::red_heart::red_heart:,neutral
398,salitremodel,2023-06-08 12:13:33+00:00,:red_heart::red_heart::red_heart:,neutral
398,allexclusive.us,2023-06-08 11:04:59+00:00,:clapping_hands::clapping_hands::clapping_hands:,neutral
398,othiagobasso,2023-06-08 10:01:42+00:00,perfect :fire:,positive
398,fo.v55,2023-06-08 09:41:41+00:00,:red_heart::red_heart::red_heart::red_heart::red_heart::red_heart:,neutral
398,fo.v55,2023-06-08 09:41:39+00:00,:red_heart::red_heart::red_heart::red_heart::red_heart:,neutral
398,fo.v55,2023-06-08 09:41:39+00:00,:red_heart::red_heart::red_heart::red_heart:,neutral
398,fo.v55,2023-06-08 09:41:32+00:00,:red_heart::red_heart::red_heart:,neutral
399,experts_ideas,2023-06-08 14:07:15+00:00,so fresh colors:smiling_face_with_hearteyes:,positive
399,orah._sky,2023-06-08 02:59:16+00:00,so proud of youu makedabergmark :two_hearts::two_hearts:,positive
400,nataliezarra,2023-06-07 16:53:19+00:00,please check your dm:red_heart:,positive
400,juliashija_96,2023-06-06 18:48:38+00:00,i have a problem with an order can you help me urbanoutfitters :folded_hands_mediumlight_skin_tone::folded_hands_mediumlight_skin_tone::folded_hands_mediumlight_skin_tone:,neutral
401,,,,neutral
402,experts_ideas,2023-06-08 19:04:27+00:00,:fire::fire::fire::fire:,neutral
402,komessia,2023-06-07 09:11:28+00:00,pretty:fire::red_heart:,neutral
403,fagnerbispoo,2023-06-09 11:00:58+00:00,lucas maravilhoso elegante educado e gentil desde sempre sou f :black_heart::sparkles:,neutral
403,thico,2023-06-09 09:17:26+00:00,_lucasevangelista :loveyou_gesture_light_skin_tone::mediumlight_skin_tone:,neutral
403,ailan.ofc,2023-06-09 01:49:01+00:00,voc gigante _lucasevangelista :fire::clapping_hands:,neutral
403,_lucasevangelista,2023-06-09 13:44:34+00:00,thico :smiling_face_with_hearteyes::smiling_face_with_hearteyes::smiling_face_with_hearteyes:,neutral
404,,,,neutral
405,t4r_aaa,2023-06-09 18:45:38+00:00,beautiful women,positive
405,kydz_zz,2023-06-09 14:57:29+00:00,auauau,neutral
405,giapadron,2023-06-09 05:58:13+00:00,ur so wife,neutral
405,valenciaderilus,2023-06-09 02:51:00+00:00,she looks so cute in that dress :smiling_face_with_hearts::face_blowing_a_kiss::face_blowing_a_kiss::face_blowing_a_kiss::nail_polish:,positive
405,donate113366,2023-06-08 04:45:14+00:00,please like for the sake of humanity and god even if you think im lying hello friends please take my message seriously please support me and like my message so that it can be seen that i am in a very bad situation even if you think i am lying please like it thank you i had a very bad attitude because of sports i injured my back and neck and unfortunately i dont have money for treatment due to bad economic conditions i had a very bad attitude because of sports i injured my back and neck and unfortunately i dont have money for treatment due to bad economic conditions i have been in pain for almost two years i dont have the money for the treatment of my operation i promise to work after the treatment and repay your kindness i am tired of suffering:disappointed_face::loudly_crying_face::loudly_crying_face:mimilmcd1gmailcom :disappointed_face::disappointed_face::disappointed_face:,negative
405,pixie_reign,2023-06-08 03:45:36+00:00,id love to see you play mimi in rent i think you would kill it,positive
405,london.s00,2023-06-08 02:10:46+00:00,baeee:smiling_face_with_hearteyes:,neutral
405,yng.lena,2023-06-07 22:24:45+00:00,gorgeous you slay all the time zendaya,positive
405,fozia_adan,2023-06-07 19:12:48+00:00,hi zendaya,neutral
405,natalalalie.b,2023-06-07 17:41:02+00:00,loving the haircut,positive
406,,,,neutral
407,,,,neutral
408,damirawrz,2023-06-09 17:58:37+00:00,damn for insta to comment you gotta be pressure :face_exhaling::smiling_face_with_hearteyes::smiling_face_with_hearteyes:,negative
409,behappy_moda,2023-06-07 23:50:43+00:00,:clapping_hands::clapping_hands::clapping_hands::clapping_hands:,neutral
409,neidemargarimarcelo,2023-06-04 17:18:13+00:00,maravilha :clapping_hands::clapping_hands::clapping_hands::clapping_hands:,neutral
409,leoreis_caru,2023-06-03 04:30:23+00:00,:red_heart::red_heart::red_heart::red_heart:,neutral
409,cristinavitorios,2023-06-02 20:49:49+00:00,:red_heart:,neutral
409,estevamnivia,2023-06-02 19:32:46+00:00,maravilhoso:smiling_face_with_hearteyes:,neutral
409,simonefatfamily,2023-06-02 19:14:55+00:00,top top gostei :clapping_hands::smiling_face_with_hearteyes::clapping_hands:,positive
409,martins__________,2023-06-02 17:44:21+00:00,:red_heart:,neutral
410,mohamed.aliiii2,2023-06-09 18:13:12+00:00,nice view,positive
410,emifly_ames,2023-06-09 17:59:40+00:00,:face_with_medical_mask:,neutral
410,lifestylemag,2023-06-09 17:13:42+00:00,icon,neutral
410,naom.ihannah12,2023-06-09 16:44:59+00:00,i invested with trade_with_angelina_charrison my first payment come after 3days when i invested 800 and since then i have received countless payment shes worthy to be recommended,positive
410,lailahailaallah202,2023-06-09 16:26:41+00:00,come get your kitty licked:tongue::cherry_blossom::sweat_droplets::face_with_tongue::drooling_face::sleeping_face::moneymouth_face::hugging_face::smiling_face_with_smiling_eyes::smiling_face_with_halo:,neutral
410,mariaan_castillo,2023-06-09 15:23:07+00:00,goddes,neutral
410,brad.leybeck,2023-06-09 11:18:27+00:00,i made 25k with fidelismarianofx,neutral
410,stepaistyle,2023-06-09 08:20:40+00:00,just wow,positive
411,gaofeng631,2023-06-09 11:53:04+00:00,hello my side is no need to supply the ecommerce platform zero cost to open a shop manufacturers on behalf of delivery aftersales service is also responsible for the manufacturers simple and easy to learn do you want to open your own shop,positive
411,lizakoshy,2023-06-09 07:09:13+00:00,:heart_suit::heart_suit::heart_suit:,neutral
411,jenny_vidaurri,2023-06-09 00:48:15+00:00,it is wonderful having charles back in my life i thought he was gone for ever that i have lost him to another woman but drotas help me with is spell and my charles came back to me and became a perfect faithful man so loving supportive and caring every lady that need spiritual guidance in her relationshipsmarriages should follow drotas for more knowledge and understanding in your dipactted relationship :heart_exclamation:,positive
411,mag_j011,2023-06-09 00:13:30+00:00,my husband was so smooth at hiding his infidelity and he has a son i never knew existed i had no proof for years despite my suspicions i was referred to some pi on a groups and decided to give him a try the result was incredible because all my cheating husbands text messages whatsapp facebook and even phone conversations was wired directly to my cellphone alexwebstar22 on instagram helped me put a roundtheclock monitoring on him and i got concrete evidence of his escapadesif your spouse is an expert at hiding his cheating adventures you can also msg him on instagram by searching his username alexwebstar22 we must put an end to all this emotional cheats,negative
411,ann_lu279,2023-06-08 23:56:16+00:00,i cant believe im finally reunited with my husband after a year of divorce i was mentally and heartbroken and hurt i tried all i could to restore our but he said that he was done with me until the day i saw a woman comment on the insta blog talking about how doctor_okosun_spiritual_1 helped her restore her marriage i contacted him with all the hope i had left he told me that my husband will come back to me when he finish my case three days later my husband came back begging me and try hard to restore our marriage thanks to doctor_okosun_spiritual_1 for his powerful work it only took 2days amazing and wonderful,positive
412,biswambharbarman1official,2023-06-09 07:32:16+00:00,wooow beautiful,positive
412,biswambharbarman1official,2023-06-09 07:32:07+00:00,nice,positive
412,aleksandr_aleksandr2020,2023-06-08 23:00:09+00:00,:sun_with_face:,neutral
412,its_memebbyy,2023-06-08 17:34:18+00:00,soo hott :red_heart::sparkles:,neutral
412,tatebalance,2023-06-07 15:51:29+00:00,gorgeos,neutral
412,rashawnglass,2023-06-07 09:23:56+00:00,do you see this when you look in the mirror,neutral
412,lone_wolves007,2023-06-07 08:57:24+00:00,baby,neutral
412,dasolkimm_,2023-06-06 13:49:50+00:00,icon,neutral
413,,,,neutral
414,,,,neutral
415,,,,neutral
416,ritadecassia101525,2023-06-08 23:19:50+00:00,_lucasevangelista,neutral
416,edimaycon_ofc,2023-06-03 21:09:37+00:00,me de apenas uma oportunidade :folded_hands:,neutral
416,monicabsm50,2023-06-03 12:47:28+00:00,_lucasevangelista :clapping_hands_mediumdark_skin_tone::clapping_hands_mediumdark_skin_tone: anotheragency_ e andersonmeyer :red_heart::red_heart::red_heart::red_heart:,neutral
416,_thiagozampieri_,2023-06-02 04:20:16+00:00,_lucasevangelista giganteee :fire:,neutral
416,willianvidotti,2023-06-01 22:12:24+00:00,:fire::clapping_hands:,neutral
416,ritadecassia101525,2023-06-08 23:19:47+00:00,:smiling_face_with_hearteyes:,neutral
417,gaudess,2023-06-09 16:52:25+00:00,:folded_hands::orange_heart::folded_hands:,neutral
417,lifestylelookbook,2023-06-08 17:56:37+00:00,gorgeous,positive
417,lucky_point81,2023-06-08 16:45:49+00:00,you beautiful,positive
417,lucky_point81,2023-06-08 16:45:48+00:00,wow:smiling_face_with_hearteyes:,neutral
417,amusementproductions.la,2023-06-08 15:14:42+00:00,love :film_frames:,positive
417,enriqueata___check_dstories__,2023-06-08 13:37:27+00:00,:smiling_face_with_sunglasses:,neutral
417,jesus_amorcito,2023-06-08 05:47:54+00:00,:smiling_face_with_hearteyes::smiling_face_with_hearteyes::smiling_face_with_hearteyes::smiling_face_with_hearteyes::smiling_face_with_hearteyes::mermaid_medium_skin_tone::place_of_worship::crown::beating_heart::sparkles:,neutral
417,melissameyers,2023-06-08 04:20:52+00:00,stunning,positive
417,zoworeg.fafylu,2023-06-07 23:45:25+00:00,how i wish i came across this promise a long time ago it would have been huge now you have corrected that step i just checked my no wallet now and am amazed thanks for your good work madison_smith__1,positive
418,,,,neutral
419,rennandinizz,2023-06-05 23:25:48+00:00,quanta lindeza,neutral
419,soudealgodao,2023-06-05 16:08:55+00:00,_flavia_ferreira_8 :sparkles::blue_heart::handshake::mediumdark_skin_tone::seedling:,neutral
420,cristinavitorios,2023-06-02 20:51:20+00:00,:red_heart:,neutral
420,voizaurademari,2023-06-02 01:20:26+00:00,:red_heart:,neutral
420,lunnamontty,2023-06-01 19:27:45+00:00,odaaaaaa :black_heart::princess_mediumdark_skin_tone:,neutral
420,yasminlaboure,2023-06-01 18:14:39+00:00,amei mais o 3 muito brilho :star:,neutral
420,giovana_broglio,2023-06-01 16:22:20+00:00,carmelitamendess selenamodel_ gigantes,neutral
420,eupeutrindade,2023-06-01 15:39:59+00:00,oda_cairu vc incrvel :fire::red_heart:,neutral
421,stepaistyle,2023-06-08 07:35:37+00:00,love this set :fire:,positive
421,laurentaylorstyle,2023-06-06 19:46:07+00:00,that second slide tho :smiling_face_with_hearteyes::smiling_face_with_hearteyes::smiling_face_with_hearteyes::smiling_face_with_hearteyes:,neutral
421,fashionterial,2023-06-06 14:25:02+00:00,the second look is insane:fire::fire::fire:,neutral
421,amaka.hamelijnck,2023-06-06 09:12:00+00:00,:red_heart:,neutral
421,je_suis_gayane,2023-06-06 07:36:02+00:00,:clapping_hands::clapping_hands:,neutral
421,zycazebecyga,2023-06-06 05:10:18+00:00,i am very grateful for all you have done for me while trading with you im now in my own apartment thank you meltem_trustedtrade_fx ive have gotten all i lost back:smiling_face_with_smiling_eyes::smiling_face_with_smiling_eyes:,positive
421,zycazebecyga,2023-06-06 05:10:15+00:00,t x i 25590 2500 meltem_trustedtrade_fx er opening i,neutral
422,,,,neutral
423,danielbrunograndl,2023-05-23 07:47:52+00:00,:face_with_tears_of_joy:,neutral
424,,,,neutral
425,brandytwilliams,2023-06-09 13:09:31+00:00,i :red_heart:me some donatello your brother is so proud :red_heart:,positive
425,skza_king_saif,2023-06-09 11:44:27+00:00,another gone :crying_face:,neutral
425,tobs_orlane_,2023-06-09 09:19:39+00:00,i think more money should be channeled into mental health and the healing process of those who are mentally challenged,negative
425,luna01sab,2023-06-09 08:51:37+00:00,there are so much trouble bye versace,negative
425,all__in125,2023-06-09 19:09:33+00:00,2152pm mad about what why not donate to hungry or sick people my opinion now im a former customer they can donate their money to whatever they want versace,negative
426,,,,neutral
427,miacountris_,2023-06-06 17:47:32+00:00,,neutral
427,miacountris_,2023-06-06 17:46:46+00:00,,neutral
427,ericatversace,2023-06-06 16:25:28+00:00,love this color :fire:,positive
427,collection_adnan_,2023-06-06 07:45:14+00:00,:smiling_face_with_hearteyes::smiling_face_with_hearteyes:,neutral
427,onlinemarketing779b,2023-06-05 13:30:30+00:00,:red_heart:,neutral
427,alejandrobuztoz,2023-06-05 00:55:46+00:00,penitentiary policy ministry of justice i address you without veil with the greatest respect that your person and position deserves in order to have the pleasure of reading my project and if it is fair to give effect to it ladies and gentlemen i formally appear as an intern alejandro damian bustos in 2009 i was detained in the number 5 prison unit of mercedes where the subscriber and 4 more inmates began to make different toys and wooden furniture and then donate them to different dining rooms and kindergartens sona after 6 months the influence had affected almost all the institution around 600 prisoners donavan i won the masters job however when i was released i did not continue with it and returned to relapse now older and more mature and very sorry for my mistakes i want to change and i just cant thats why i come to you i dont need fame money or power just the tools necessary to donate a dream come true would be to start realizing with the other internal,positive
428,mariameleonas,2023-06-09 13:54:21+00:00,,neutral
428,ericatversace,2023-06-06 16:26:04+00:00,i need this in dallas :fire:size 44 please,positive
428,sewing_z666,2023-06-06 13:23:20+00:00,,neutral
428,sewing_z666,2023-06-06 13:22:52+00:00,:smiling_face_with_hearteyes::smiling_face_with_hearteyes::smiling_face_with_hearteyes::smiling_face_with_hearteyes:,neutral
428,bechic_qr,2023-06-04 05:54:54+00:00,the most beautiful show :lady_beetle::butterfly:loved it,positive
428,tayumic25,2023-06-02 18:37:46+00:00,,neutral
428,tayumic25,2023-06-02 18:37:31+00:00,,neutral
428,tayumic25,2023-06-02 18:37:20+00:00,,neutral
429,wcatec40,2023-06-08 18:46:32+00:00,please start making more silver fashion jewellery :folded_hands:,positive
429,saintaviv,2023-06-07 02:38:58+00:00,slide 3 is :fire:,neutral
429,ericatversace,2023-06-06 16:28:18+00:00,:butterfly: this is elegance beyond time :two_hearts:,positive
429,catroy60,2023-06-06 03:41:31+00:00,love boots :smiling_face_with_hearteyes:,positive
429,rodrigoalves945,2023-06-04 21:00:01+00:00,piu belo,neutral
429,paint_clothes_and_help,2023-06-02 18:23:43+00:00,i love butterfly:fire:,positive
429,gretakiss7,2023-06-02 13:07:52+00:00,greta kiss,positive
430,carminebaldassarreking9,2023-02-22 02:15:06+00:00,:highheeled_shoe:mohamedhadid,neutral
430,_campus_code,2022-11-17 16:31:35+00:00,:smiling_face_with_hearteyes::smiling_face_with_hearteyes::smiling_face_with_hearteyes::smiling_face_with_hearteyes::smiling_face_with_hearteyes:,neutral
430,fashioninstasush,2022-11-02 00:52:42+00:00,wow,positive
430,montell80,2022-10-28 20:29:31+00:00,hey i have dropped you a message please check the dm your content is so attractive :smiling_face_with_hearteyes:,positive
430,qopetam,2022-10-27 22:13:23+00:00,scary bellaomg,negative
430,elena_zhosan_makeup,2022-10-07 14:39:14+00:00,:red_heart::red_heart::red_heart::red_heart:,neutral
430,flopicohen,2022-10-05 12:11:48+00:00,:fire::fire::fire::clapping_hands::clapping_hands::clapping_hands::clapping_hands:,neutral
430,carolinecrowdesigns,2022-09-20 18:13:40+00:00,:fire::fire::fire:,neutral
431,cza_101,2023-06-08 14:31:29+00:00,omg im in love:smiling_face_with_hearteyes:,neutral
431,julietalugea,2023-06-08 01:09:37+00:00,ferchu_putrino,neutral
431,ericatversace,2023-06-06 16:28:55+00:00,i need the clutch in dallas :red_heart::raising_hands::red_heart:,neutral
431,odontologiamacedo129497sp,2023-06-04 19:07:08+00:00,8 mil reais um colarzinho s 8 mil :face_with_tears_of_joy: e em ouro pelo menos,neutral
431,paint_clothes_and_help,2023-06-02 17:54:42+00:00,love it :smiling_face_with_hearteyes:,positive
431,elsecretodelasmadres,2023-06-01 14:19:02+00:00,trabaja en casa :money_bag::family_woman_girl_boy::yellow_heart::woman_technologist_mediumlight_skin_tone:mujeresinfluyentes,neutral
431,frijolezzmusic,2023-05-30 07:40:42+00:00,:fire::fire::fire::fire::fire::fire::fire::fire::fire::fire::fire:,neutral
432,queen_.quynh,2023-06-08 02:28:46+00:00,firee,neutral
432,queen_.quynh,2023-06-08 02:28:45+00:00,wowww,neutral
432,bonita.photos,2023-06-07 22:19:31+00:00,natalyxjane,neutral
432,malvi_jaan_02,2023-06-07 19:15:54+00:00,send this pic:backhand_index_pointing_right:black_models,neutral
432,baddiebeyiv.4,2023-06-07 19:11:21+00:00,:fire::fire::fire:,neutral
432,fashionweek,2023-06-07 19:11:07+00:00,:woman_running::dashing_away:,neutral
432,madelinemulvey,2023-06-07 19:09:00+00:00,:fire:,neutral
433,everything.brandi,2023-06-06 00:31:05+00:00,yassssss baby thederekdoll :fire::fire::fire::red_heart::red_heart::red_heart:,neutral
433,sinaurity,2023-06-05 22:16:22+00:00,hello i am jasmine parsons a recruiting agent for lindsayadler photo we are currently recruiting male and female models for a sales commercial which includes a video advert and cooperate photo shoot no level of experience is required free model coach available upon request nudity: no compensation: paid interested models who will be available should kindly send me a dm now,positive
433,mohamedkhalel27,2023-06-05 09:25:22+00:00,our god created us adam and eva not adam and john and thats how life still exists can someone tell me how too mens can give birth or too women :grinning_face:,positive
433,ac2cute,2023-06-09 00:27:10+00:00,thederekdoll :mediumdark_skin_tone::mediumdark_skin_tone::mediumdark_skin_tone::mediumdark_skin_tone:,neutral
433,thederekdoll,2023-06-09 01:03:35+00:00,ac2cute :red_heart::red_heart::red_heart:,neutral
434,ayoo._.jordan,2023-06-06 18:12:10+00:00,kan i join,positive
434,shennigan_nyc,2023-06-01 18:10:13+00:00,:heart_suit::white_heart::blue_heart::brown_heart::orange_heart::green_heart::black_heart::purple_heart::yellow_heart::sparkling_heart:,neutral
434,dorothyhiggins278,2023-06-01 05:02:16+00:00,:fire::fire:love colors loose fitting,negative
434,euodia.asmerom,2023-05-31 23:01:54+00:00,:smiling_face_with_tear::medium_skin_tone:,neutral
434,kevinthekiwi,2023-05-31 09:13:48+00:00,massive slay,neutral
434,callmeaannii,2023-05-31 05:00:40+00:00,yess,neutral
434,christineevans,2023-05-31 05:00:22+00:00,:clapping_hands::clapping_hands::clapping_hands::clapping_hands::clapping_hands:,neutral
434,karmenwms,2023-05-31 03:15:21+00:00,milliamsphotos,neutral
435,cristiansanntos,2023-06-09 18:03:32+00:00,a pressa inimiga da perfeio em breve eu consigo estar realizando um sonho versace,neutral
435,ashkan.mohsenni,2023-06-08 11:44:37+00:00,woaaa amazing:smiling_face_with_hearteyes:,neutral
435,hallanbastos,2023-06-07 02:17:00+00:00,:heart_on_fire:,neutral
435,ericatversace,2023-06-06 16:27:30+00:00,fabulous very successful bellisimo :red_heart:,positive
435,oliver127449,2023-06-06 15:59:02+00:00,am also black but no ones care me :loudly_crying_face:am poor am cheap face :confounded_face:in the depression why gooooooodddd,negative
435,catroy60,2023-06-06 03:40:28+00:00,:jeans::jeans::yellow_circle::yellow_circle::gem_stone::gem_stone:,neutral
435,sem.ginemo,2023-06-05 19:22:19+00:00,handsome :fire::fire::fire:,positive
435,onlinemarketing779b,2023-06-05 13:30:41+00:00,:red_heart:,neutral
435,charles007326,2023-06-04 19:10:38+00:00,:fire::fire::fire::fire::fire::fire::fire::fire: herewego,neutral
435,chef__abood,2023-06-04 05:47:35+00:00,:fire::fire::fire::fire::smiling_face_with_hearteyes:,neutral
436,ayoo._.jordan,2023-06-06 18:12:40+00:00,where do i sign up,neutral
436,thecanvasnyc,2023-06-06 16:57:54+00:00,:red_heart::red_heart::fire:,neutral
436,petitcarmelino,2023-06-05 21:50:00+00:00,nyfw :fire:,neutral
436,luanazumm,2023-06-05 08:43:54+00:00,:smiling_face_with_hearteyes::smiling_face_with_hearteyes::smiling_face_with_hearteyes::smiling_face_with_hearteyes::smiling_face_with_hearteyes:,neutral
436,rafaelyau,2023-06-02 00:28:38+00:00,nicely done keep it up :fire:,positive
436,hector.murillo.33886305,2023-06-01 22:47:43+00:00,bueno en todos los tiempos los desfiles de la moda siempre hay mucho fachas,neutral
436,dawidtomaszewski,2023-06-01 14:45:30+00:00,:starstruck::starstruck::smiling_face_with_hearteyes::smiling_face_with_hearts:,neutral
436,dorothyhiggins278,2023-06-01 05:02:52+00:00,:smiling_face_with_hearteyes:,neutral
436,realydigital,2023-05-31 21:24:45+00:00,:sewing_needle::artist_palette:,neutral
436,yangdana1993,2023-05-31 18:59:56+00:00,:confetti_ball::confetti_ball:,neutral
437,photo.sardana,2023-06-03 23:07:47+00:00,wow :smiling_face_with_hearteyes:,positive
437,shennigan_nyc,2023-06-03 06:59:59+00:00,:heart_suit::white_heart::blue_heart::brown_heart::yellow_heart::purple_heart::black_heart::orange_heart::green_heart::sparkling_heart:,neutral
437,yeison_jonathan2,2023-06-02 17:24:28+00:00,sper oufits bellas :clapping_hands::clapping_hands::raising_hands::red_heart::red_heart::red_heart:,neutral
438,thecanvasnyc,2023-06-06 16:58:19+00:00,:red_heart::red_heart:,neutral
438,ljrbeyourself,2023-05-30 11:02:24+00:00,:thumbs_up:,neutral
438,sinaurity,2023-05-29 11:52:36+00:00,currently recruiting male and female models for a sales commercial photoshoot which includes a video advert and cooperate photo shoot no level of experience is required free model coach available upon request nudity: no compensation: paid locationvenue of event will hold at a rented studio in your location whoever is interested kindly send an email to lindsayadlerphotographygmailcom,positive
438,realydigital,2023-05-28 02:56:23+00:00,:white_heart::blossom::sewing_needle:,neutral
438,scarce.hm,2023-05-26 14:37:11+00:00,,neutral
438,kari_noren,2023-05-25 16:53:14+00:00,love it :red_heart::clapping_hands:,positive
438,beetekon,2023-05-24 08:38:02+00:00,:red_heart::red_heart:,neutral
438,christinek_hair,2023-05-23 20:16:49+00:00,that greeeeeen :drooling_face::green_heart:,neutral
439,brown_girl__0007,2023-05-28 03:04:53+00:00,do it now newyorkvoguestyle,neutral
439,brown_girl__0007,2023-05-28 03:04:52+00:00,dont forget it newyorkvoguestyle,positive
439,brown_girl__0007,2023-05-28 03:04:50+00:00,send it on newyorkvoguestyle,neutral
439,sinaurity,2023-05-27 18:22:51+00:00,now hiring currently recruiting male and female models for a sales commercial photoshoot which includes a video advert and cooperate photo shoot no level of experience is required free model coach available upon request nudity: no compensation: paid locationvenue of event will hold at a rented studio in your location interested models kindly send an email to lindsayadlerphotographygmailcom,positive
439,mooshooshh,2023-05-27 18:13:12+00:00,tinyjewishgirl :fire::fire::fire:,neutral
439,polishedmodels,2023-05-26 19:29:58+00:00,paige__mommy,neutral
439,tinyjewishgirl,2023-05-26 19:27:27+00:00,oooooh first is me,neutral
440,queen_bizzum,2023-06-07 01:41:58+00:00,:fire::fire::fire::fire::fire:,neutral
440,shinewith_sushmita,2023-06-06 15:47:01+00:00,shangchi aunt:smiling_face_with_hearteyes: elegant design :face_blowing_a_kiss:,positive
440,rach_gurung,2023-06-06 07:43:37+00:00,stunning,positive
440,mona_shroff_jewellery,2023-06-06 06:38:38+00:00,prabalgurung you are extremely talented and your creativity is exceptional best wishes always:smiling_face_with_hearteyes:,positive
440,hangma__chemjong,2023-06-05 17:02:32+00:00,tapaiko creativity :smiling_face_with_hearteyes:,positive
440,iamsonashrestha,2023-06-05 15:31:05+00:00,while watching the series i wondered who designed the outfit so glad to find it that you such a elegant and mesmerizing dress :pleading_face::smiling_face_with_hearteyes::red_heart:,positive
440,amisakarki,2023-06-05 15:23:27+00:00,wow,positive
440,lindyhu,2023-06-05 11:45:31+00:00,,neutral
440,sanaya_available__0245,2023-06-05 07:26:18+00:00,available now :hot_face::drooling_face:,neutral
441,thecanvasnyc,2023-06-06 16:58:06+00:00,:red_heart::red_heart::fire:,neutral
441,shaminderbiring,2023-06-01 02:53:17+00:00,:fire::fire::fire:,neutral
441,aknvas,2023-05-31 20:22:42+00:00,:red_heart::red_heart::red_heart: djbamba_ morganslaven,neutral
441,christianjuulnielsen,2023-05-31 20:22:00+00:00,love,positive
441,i.mohsin_yousafzai,2023-05-28 12:15:04+00:00,:clapping_hands:,neutral
441,sinaurity,2023-05-27 18:12:05+00:00,now hiring currently recruiting male and female models for a sales commercial photoshoot which includes a video advert and cooperate photo shoot no level of experience is required free model coach available upon request nudity: no compensation: paid locationvenue of event will hold at a rented studio in your location interested models kindly send an email to lindsayadlerphotographygmailcom,positive
441,scarce.hm,2023-05-27 17:22:54+00:00,,neutral
441,christinek_hair,2023-05-27 16:29:13+00:00,loving these looks,positive
441,iamexclussif,2023-05-27 16:08:20+00:00,:thumbs_up_medium_skin_tone:,neutral
442,yolandamoralm,2023-05-29 15:05:17+00:00,:movie_camera::black_heart::smiling_face_with_horns:,neutral
442,shennigan_nyc,2023-05-25 20:02:21+00:00,:red_heart::white_heart::blue_heart::brown_heart::green_heart::yellow_heart::black_heart::purple_heart::orange_heart::sparkling_heart:,neutral
442,realydigital,2023-05-25 19:14:50+00:00,:ok_hand::artist_palette::sewing_needle:,neutral
442,iamexclussif,2023-05-25 00:42:35+00:00,:white_heart::white_heart::white_heart::white_heart::white_heart::white_heart::white_heart::white_heart::white_heart:,neutral
442,allexclusive.us,2023-05-24 20:13:22+00:00,:clapping_hands::clapping_hands::clapping_hands:,neutral
442,jerrymask_123,2023-05-24 19:42:48+00:00,we help creation of shopify store logo creation pop_up form,positive
442,bibhumohapatra,2023-05-24 16:52:13+00:00,:red_heart:,neutral
442,nyfw,2023-05-24 16:35:24+00:00,pleats nyfw runway nycstyle styleblogger,neutral
443,bkpr2024,2023-05-26 18:15:51+00:00,:fire:style:fire:,neutral
443,ayeshamali.art,2023-05-26 08:28:12+00:00,wow :red_heart: facehunter,positive
443,facehunter,2023-05-27 01:37:11+00:00,bkpr2024 :sparkles::folded_hands_mediumlight_skin_tone::sparkles:,neutral
444,mariackenny,2023-05-23 12:51:52+00:00,welcome,positive
444,aquimibarbosa,2023-05-21 16:59:54+00:00,:smiling_face_with_hearteyes::smiling_face_with_hearteyes::smiling_face_with_hearteyes::smiling_face_with_hearteyes:,neutral
444,bkpr2024,2023-05-21 16:58:59+00:00,style,neutral
444,94tago,2023-05-21 11:14:13+00:00,:red_heart:,neutral
444,facehunter,2023-05-23 17:22:57+00:00,mariackenny thanks,positive
445,mar_nakamura,2023-06-09 11:22:12+00:00,:red_heart:,neutral
445,taquesx,2023-06-08 20:55:06+00:00,do you know tomie otake,neutral
445,ateliermariajosephine,2023-06-08 20:01:37+00:00,oi pessoal facehunter domodamo queria s fazer uma correo a casa nunca foi abandonada depois de 68 seguiu sendo residncia da famlia e atelier do artista gmiani que viveu sempre entre roma e sp,neutral
445,renatamariasc,2023-06-09 12:37:56+00:00,ateliermariajosephine ahhh sim agora vi :smiling_face_with_hearteyes:,neutral
446,ragnheidur_palsdottir,2023-06-01 08:35:15+00:00,fantastic,positive
446,nazarenacalvi,2023-06-01 04:59:49+00:00,:argentina::red_heart: always welcome,positive
446,nowiplus,2023-05-31 19:13:16+00:00,mi pas :white_heart: how exciting,positive
446,facehunter,2023-06-01 09:08:23+00:00,ragnheidur_palsdottir :smiling_face:,neutral
446,facehunter,2023-06-01 09:08:57+00:00,nazarenacalvi thanks nazarena i hope to visit again soon,positive
447,summer22.08,2023-05-23 09:26:54+00:00,suis trs heureuse pour vous 2 :smiling_face_with_hearts::smiling_face_with_hearts:,neutral
447,aninhateitei,2023-05-22 23:16:53+00:00,:red_heart:,neutral
447,marianasucreacedo,2023-05-22 21:59:39+00:00,:party_popper::flexed_biceps_medium_skin_tone::party_popper::flexed_biceps_medium_skin_tone:,neutral
447,terumando,2023-05-22 21:05:54+00:00,:face_screaming_in_fear::starstruck::starstruck:,neutral
447,facehunter,2023-06-01 01:10:32+00:00,ivonayw :sparkles::light_skin_tone::sparkles:,neutral
447,facehunter,2023-06-01 01:10:45+00:00,l_a_b_i_a_n_c_a :smiling_face:,neutral
448,wasna_ali,2023-05-14 19:54:27+00:00,love u unique sanarya:smiling_face_with_hearteyes:,positive
448,bbsnapshot,2023-05-03 10:13:10+00:00,:red_heart:,neutral
448,bbsnapshot,2023-05-03 10:13:05+00:00,:red_heart:,neutral
448,yvanonstock,2023-05-03 05:23:41+00:00,:raising_hands::raising_hands:,neutral
448,yvanonstock,2023-05-02 18:47:18+00:00,:clapping_hands::clapping_hands: dobar stelye,neutral
448,the_mighty_lulu,2023-05-02 13:18:30+00:00,so dope when are you shooting my profile :rolling_on_the_floor_laughing::folded_hands_light_skin_tone::heart_on_fire:,neutral
448,facehunter,2023-05-14 20:18:12+00:00,wasna_ali :smiling_face:,neutral
449,johanssl,2023-05-06 08:21:07+00:00,:smiling_face_with_hearteyes::smiling_face_with_hearteyes::smiling_face_with_hearteyes:,neutral
449,jkrynska,2023-05-05 09:57:28+00:00,wow,positive
449,bennycoasttocoast,2023-05-05 08:08:52+00:00,ive just invited my whole family to your page :face_with_tears_of_joy: well done man :clapping_hands:,positive
449,paulixblack,2023-05-05 04:43:06+00:00,:star::star::star::star:,neutral
449,facehunter,2023-05-06 08:26:20+00:00,johanssl :light_skin_tone:,neutral
449,facehunter,2023-05-06 13:38:31+00:00,malcolmbrooks it hasnt been that stable in 20 years:,negative
450,yuliaaevt,2023-05-14 06:13:55+00:00,:smiling_face_with_hearteyes:,neutral
450,marinaconunat,2023-05-13 08:43:03+00:00,love that jacket :smiling_face_with_hearteyes: do you know the brand,positive
450,meron__arti,2023-05-12 17:58:33+00:00,las parisienne,neutral
450,manimass3737,2023-05-14 20:05:16+00:00,vrifiz votr bote d retin cahe je vus i nvo une invittin prom:smiling_face_with_hearteyes:,neutral
451,mild.adventurers,2023-05-17 08:39:31+00:00,fascinating thank you for sharing,positive
451,merve_ozgul,2023-05-16 22:36:13+00:00,mesopotamia is like this its the intersection of different cultures and religions this has been the case for centuries very long history a lot to discover its exotic but familiar its sad to see that we cant have peace in this magical region,negative
451,thelostgrrl,2023-05-16 19:06:00+00:00,pic 3 is my fave,positive
451,olguitamallo,2023-05-16 13:45:37+00:00,nomadfran :eyes:,neutral
451,nomad.fran,2023-05-17 11:05:43+00:00,olguitamallo ah lo segu tremendas fotos q tiene,neutral
451,olguitamallo,2023-05-17 18:05:35+00:00,nomadfran pionero y grande el,neutral
452,christinefjensen,2023-05-24 10:54:07+00:00,3,neutral
452,quittenmarmelade,2023-05-07 23:24:00+00:00,monicaainleydlv do you know what brand these jeans possibly are for some reason i regard you as the jeans expert :grinning_face_with_sweat:,neutral
452,mariacaterina_forte,2023-04-30 09:43:31+00:00,:red_heart::red_heart::red_heart:,neutral
452,quittenmarmelade,2023-05-16 19:34:43+00:00,monicaainleydlv thanks for trying :two_hearts:,positive
453,braaanddz,2023-06-09 08:49:40+00:00,:red_heart:,neutral
453,trendopolis_,2023-06-09 04:51:08+00:00,:smiling_face_with_hearteyes::smiling_face_with_hearteyes::smiling_face_with_hearteyes:,neutral
453,trendopolis_,2023-06-09 04:51:02+00:00,:fire::fire::fire:,neutral
453,mrwuorldwide,2023-06-09 01:56:06+00:00,red just like the album :smiling_face_with_smiling_eyes::red_heart:,positive
453,nayara_dums,2023-06-09 01:39:53+00:00,o culos de corta grama do meu pai igualzinho,neutral
453,marwaa_nasser31,2023-06-08 23:55:46+00:00,:fire::fire:,neutral
453,772nft,2023-06-08 02:26:38+00:00,wen prada nft,neutral
453,hoseinn_hesam,2023-06-07 22:53:48+00:00,:smiling_face_with_sunglasses::smiling_face_with_sunglasses::smiling_face_with_sunglasses:,neutral
453,neudorferdeidamia,2023-06-07 20:37:24+00:00,:red_heart:,neutral
454,shennigan_nyc,2023-05-21 06:47:03+00:00,:red_heart::white_heart::blue_heart::brown_heart::green_heart::yellow_heart::black_heart::blue_heart::orange_heart::sparkling_heart:,neutral
454,kar4sj,2023-05-21 05:16:11+00:00,a zc v z z z zd z v :raising_hands: hz z v : : 2 r v vr z v f v z v z fvz z z z r z z v z v z rv z z z 7 z a z v 6 z zz : w h z z z d z s z z z : v v d v,neutral
454,kar4sj,2023-05-21 04:51:04+00:00,z zf a,neutral
454,kar4sj,2023-05-21 04:50:59+00:00,:raising_hands: zz s z :raising_hands: zc a z: zz s v z,neutral
454,kar4sj,2023-05-21 04:50:45+00:00,:raising_hands: zz s z :raising_hands: zc a z: zz s v z,neutral
454,sheila_mode_style,2023-05-18 23:33:25+00:00,:smiling_face_with_hearteyes::smiling_face_with_hearteyes::smiling_face_with_hearteyes:,neutral
454,zay_theone,2023-05-18 17:00:10+00:00,:fire::fire:,neutral
455,rising7_official,2023-06-07 09:56:17+00:00,:red_heart:,neutral
455,sipa1_999,2023-06-06 15:41:11+00:00,guys add me pls,positive
455,patrickdemorvan,2023-05-13 12:32:37+00:00,:red_heart:,neutral
455,karikapela,2023-05-13 03:05:39+00:00,:smiling_face_with_sunglasses::thumbs_up::sparkles::wavy_dash::hundred_points::double_exclamation_mark:,neutral
455,jeremy.moeller,2023-05-12 09:48:11+00:00,:smiling_face_with_hearteyes::smiling_face_with_hearteyes:,neutral
455,sheila_mode_style,2023-05-10 17:40:33+00:00,:smiling_face_with_hearteyes::smiling_face_with_hearteyes::smiling_face_with_hearteyes:,neutral
455,madelaidebenevides,2023-05-10 16:49:42+00:00,excelentes fotos :smiling_face_with_hearteyes:,neutral
455,realydigital,2023-05-10 16:45:16+00:00,:oncoming_fist::cool_button::hot_springs:,neutral
456,kingdre_6,2023-06-09 04:23:40+00:00,need this bag :fire::fire::fire::fire:,neutral
456,sonya_chadha,2023-06-07 11:37:26+00:00,wow :white_heart::white_heart:,positive
456,acessorios.haas,2023-06-07 10:56:09+00:00,charme :smiling_face_with_hearteyes:,neutral
456,leila_k_hosseini,2023-06-06 11:21:51+00:00,:white_heart::white_heart::white_heart::clapping_hands::clapping_hands::clapping_hands:,neutral
456,neudorferdeidamia,2023-06-05 22:24:53+00:00,:red_heart:,neutral
456,moritz.store,2023-06-05 05:38:30+00:00,:fire:,neutral
456,almirvicentesdos,2023-06-04 16:42:06+00:00,:bank::gem_stone::gem_stone::gem_stone::israel::gem_stone::gem_stone::gem_stone::gem_stone::gem_stone:,neutral
456,braaanddz,2023-06-04 14:16:09+00:00,:red_heart:,neutral
456,soyturk_atila,2023-06-04 09:56:39+00:00,:fire:,neutral
456,gretakiss7,2023-06-04 08:02:12+00:00,greta kiss :red_heart:,positive
457,lilianarquejada,2023-05-25 15:27:04+00:00,:smiling_face_with_hearteyes:,neutral
457,taralevyphoto,2023-04-25 17:24:44+00:00,:medium_skin_tone::medium_skin_tone::medium_skin_tone:,neutral
457,juanmederooficial,2023-04-25 03:13:13+00:00,:fire::fire::ok_hand::star:,neutral
457,shennigan_nyc,2023-04-24 20:54:13+00:00,:red_heart::white_heart::blue_heart::yellow_heart::brown_heart::green_heart::black_heart::orange_heart::purple_heart::sparkling_heart:,neutral
457,modamanagementglobal,2023-04-24 08:29:53+00:00,love :woman_artist:,positive
457,rafaelyau,2023-04-24 00:07:13+00:00,nicely done keep it up,positive
457,e.f.fashion,2023-04-23 22:03:12+00:00,:red_heart:,neutral
457,thevogueman_,2023-04-23 20:32:13+00:00,classic classicclassic classic,neutral
458,neudorferdeidamia,2023-06-05 22:25:07+00:00,:red_heart:,neutral
458,stereodino,2023-06-05 07:26:51+00:00,yes but not with price increase each season so much that prices on prada stuff are now nearly astronomical,negative
458,luxurybrands_japan,2023-06-05 05:52:47+00:00,:raising_hands::raising_hands::raising_hands:,neutral
458,vide0g,2023-06-05 04:21:11+00:00,bro gone off the za,neutral
458,fordmodelsparis,2023-06-04 19:42:15+00:00,gim_hoyng :fire::fire::fire:,neutral
458,castellidimitrii,2023-06-04 12:20:34+00:00,prada :clapping_hands:,neutral
458,ugursenoglu34,2023-06-04 06:12:33+00:00,:smiling_face_with_hearteyes::smiling_face_with_hearteyes:,neutral
458,cal_teles,2023-06-04 00:59:41+00:00,style perfect :globe_showing_asiaaustralia: criative :fire: prada :fire::clapping_hands:,positive
459,photographies.zz.zakaria,2023-04-28 20:58:31+00:00,beautiful join to my profil,positive
459,zerifkehidupan,2023-04-25 15:56:47+00:00,njr t pose amat,neutral
459,xiaoyuanron,2023-04-20 14:43:35+00:00,:smiling_face_with_hearteyes::smiling_face_with_hearteyes::smiling_face_with_hearteyes::smiling_face_with_hearteyes::smiling_face_with_hearteyes::smiling_face_with_hearteyes:,neutral
459,thepurelifemag,2023-04-20 11:46:11+00:00,:clapping_hands::clapping_hands:,neutral
459,lazascrapart,2023-04-20 10:58:07+00:00,:two_hearts::white_heart::black_heart::red_heart::black_heart::white_heart::two_hearts:,neutral
459,modamanagementglobal,2023-04-20 10:23:21+00:00,:fire::fire::fire:,neutral
459,tropcoolamarquedutemps,2023-04-20 07:37:50+00:00,:sun::raised_hand_light_skin_tone:,neutral
459,strangediamond,2023-04-20 02:12:36+00:00,so amazing :fire::fire::fire::fire:,positive
459,csillaggyorgy,2023-04-19 13:28:48+00:00,parisfashionweek javasolja mint a fotn lthat a turklkbl ill a szemetesldkbl val ltzkdst,negative
459,felitie23,2023-04-19 03:17:11+00:00,nossa ameiii,neutral
460,style.fa.na.ri,2023-05-02 20:48:17+00:00,:fire::fire::fire:,neutral
460,shennigan_nyc,2023-04-30 07:10:48+00:00,:red_heart::white_heart::blue_heart::yellow_heart::green_heart::black_heart::orange_heart::brown_heart::purple_heart::sparkling_heart:,neutral
460,juanmederooficial,2023-04-30 02:05:27+00:00,:fire::fire::star::ok_hand:,neutral
460,yakupoguz_21,2023-04-30 00:57:16+00:00,can you coment on my last post pleaseee :red_heart::red_heart::crying_face:,neutral
460,robertaoro,2023-04-29 01:45:05+00:00,carlianepaixao :fire: :smiling_face_with_sunglasses::clapping_hands:,neutral
460,la.mode_sima,2023-04-28 10:25:18+00:00,:clapping_hands::clapping_hands::clapping_hands: beautiful,positive
460,bex_forrest,2023-04-28 00:45:45+00:00,love this,positive
460,quisqueyafashionweek,2023-04-27 17:49:22+00:00,:clapping_hands::clapping_hands::clapping_hands::clapping_hands::clapping_hands:,neutral
460,xiaoyuanron,2023-04-27 17:26:02+00:00,:smiling_face_with_hearteyes::smiling_face_with_hearteyes::smiling_face_with_hearteyes::smiling_face_with_hearteyes::smiling_face_with_hearteyes:,neutral
460,hubackova.marie,2023-04-27 17:04:03+00:00,:smiling_face_with_hearteyes::clapping_hands:,neutral
461,ani_david_tayeng,2023-06-03 08:08:53+00:00,:victory_hand::fire:,neutral
461,kkpouiqi,2023-06-02 10:04:17+00:00,harry i love you so much,positive
461,2009_michael28,2023-05-31 09:16:48+00:00,maybe in israel youre so popular,positive
461,2009_michael28,2023-05-31 09:16:35+00:00,harry now youre my favourite artist im from israel,neutral
462,niyof33106,2023-03-28 01:48:05+00:00,i never believed it for a start i deposited 1000 to test the waters in a few days i got a return of 10000 olivia_entrepreneur,neutral
462,niyof33106,2023-03-28 01:48:02+00:00,olivia_entrepreneur r lisa olivia_entrepreneur,neutral
462,espelho.meufer,2023-03-21 15:38:38+00:00,:smiling_face_with_hearteyes::smiling_face_with_hearteyes::smiling_face_with_hearteyes:,neutral
462,ellen123ludlow,2023-01-31 20:42:40+00:00,:red_heart:,neutral
462,sainafilm.ir,2022-10-07 20:14:41+00:00,hi he says do you know your favorite coral master he is an iranian designer who dedicated his entire life to educating women of his homeland had a costume gallery for eight years back but since she sees that women do not want to be hungry she starts teaching the world style design education in iran so that everyone can use it but unfortunately the iranian government has problems with world styles so she can t advertise so she can t advertise to get more women out of classes and get out of the oppression of men in a country where she sees a woman as a woman she has the courage to get away from her family and devote all her time to teaching her life we will help him in the power of his money but we are also insulted and charged your special look and the introduction of this artist can help in the independence of many iranian women whose lives are not the cruelty of men page delkhah_fashion_house,positive
463,faith.mp3,2023-01-08 06:49:42+00:00,lisaeldridgemakeup just did a youtube video similar to this makeup look the cold girl of windswept look as its often called,neutral
463,marielamohr_,2022-06-07 15:25:07+00:00,:fire:,neutral
463,angelocolnaghi,2022-05-23 09:01:47+00:00,:red_heart:,neutral
464,priestess_salomi_williams,2023-05-25 17:51:16+00:00,i see glory and blessings in you and you are destined for greatness directly from birth i have an important message for you but i will need your honest permission to proceed because your ancestors have been trying to reach you by revealing some signs to you maybe through your dreams or the repeated numbers that you normally see 2224:44111115:15 around your environment i also see your throat and sacral energy blocked so kindly reply me once you get this message with a picture of your right hand palm my dear if you want to know the message i have for you namaste :folded_hands: :dizzy:,positive
464,hoothootmycootcoot,2022-11-18 14:21:17+00:00,southscraps,neutral
465,,,,neutral
466,,,,neutral
467,eli_lonati,2023-01-19 14:55:31+00:00,:red_heart::red_heart::red_heart::red_heart::red_heart::red_heart:,neutral
468,,,,neutral
469,jkk2.7,2023-06-09 19:18:40+00:00,,neutral
469,broa.derfashion78,2023-06-09 06:26:45+00:00,dang girl can we forward you some sexy and stylish bikinistops and other productsmessage us:face_blowing_a_kiss:,positive
469,w_4.6_,2023-06-08 19:04:07+00:00,,neutral
469,helenaart00,2023-06-08 12:35:05+00:00,stunning,positive
469,broa.derfashion78,2023-06-07 14:34:57+00:00,dang girl can we forward you some sexy and stylish bikinistops and other productsmessage us:face_blowing_a_kiss:,positive
469,mr_mann_rathor,2023-06-07 03:53:47+00:00,:smiling_face_with_hearteyes::smiling_face_with_hearteyes::smiling_face_with_hearteyes::smiling_face_with_hearteyes::smiling_face_with_hearteyes:,neutral
469,mr_mann_rathor,2023-06-07 03:53:45+00:00,:smiling_face_with_hearteyes::smiling_face_with_hearteyes::smiling_face_with_hearteyes::smiling_face_with_hearteyes:,neutral
470,,,,neutral
471,beccapaigebrown,2023-06-06 18:56:38+00:00,least helpful customer service urbanoutfitters will never order online with this company again,negative
471,mierhkael,2023-06-06 10:06:06+00:00,love ittt,positive
471,missyasmeenq,2023-06-06 08:15:10+00:00,pls reply to my urgent dm,positive
471,granatehome,2023-06-06 01:24:02+00:00,:smiling_face_with_hearteyes:,neutral
472,,,,neutral
473,,,,neutral
474,,,,neutral
475,,,,neutral
476,lyzastarrz,2023-06-02 22:07:55+00:00,loveee,neutral
476,evans__pipcount,2023-06-02 15:35:51+00:00,as a way of supporting those who might be facing hardships during this year i am donating five grand to seven people who write to me with the word support me,positive
476,trujillo_jess,2023-06-02 14:45:05+00:00,im 45 and i say yes please to all of these :raising_hands::fire::red_heart:,positive
476,alyssathelibra,2023-06-02 14:28:29+00:00,annabella_dittmar :starstruck::starstruck:,neutral
476,danceboy_moses,2023-06-02 14:06:54+00:00,:red_heart::red_heart:,neutral
476,annabella_dittmar,2023-06-02 18:24:17+00:00,alyssathelibra :beaming_face_with_smiling_eyes::beaming_face_with_smiling_eyes::beaming_face_with_smiling_eyes:,neutral
477,,,,neutral
478,haydmel,2023-06-07 20:54:51+00:00,je connaissait pas celui ci impressionant,neutral
478,haydmel,2023-06-07 20:54:09+00:00,je connaissaii,neutral
478,tarecques,2023-05-09 14:27:52+00:00,:high_voltage::high_voltage::high_voltage::high_voltage::high_voltage:,neutral
478,linahadid,2023-05-09 02:01:33+00:00,happy to see a building still standing after the usa unjustifiably destroyed iraq :broken_heart:,positive
478,le_poi_art,2023-05-08 06:13:34+00:00,:clapping_hands:,neutral
478,facehunter,2023-06-07 21:09:56+00:00,haydmel ce project est en effet relativement mconnu,neutral
479,agobo2023,2023-06-09 14:56:31+00:00,:fire::red_heart::fire:,neutral
479,andruemetoxen,2023-06-09 10:41:46+00:00,fuck yes:index_pointing_up::flying_saucer::check_mark::tongue:,negative
479,vintg30,2023-06-09 00:21:35+00:00,:fire::red_heart::red_heart::fire:,neutral
479,barasko99,2023-06-07 12:28:19+00:00,hi girl,neutral
479,rashawnglass,2023-06-07 08:15:09+00:00,:face_with_spiral_eyes::face_with_spiral_eyes::face_with_spiral_eyes:,neutral
479,_.highonfizzle_.rocks._,2023-06-06 16:47:10+00:00,dishuspvtshitt hi,neutral
479,jay_the_dad,2023-06-05 21:01:48+00:00,u are annoying werdio:red_heart:,negative
480,,,,neutral
481,indi_zezovski,2023-06-09 04:26:53+00:00,:starstruck::starstruck::starstruck:,neutral
481,prashilgangwani5,2023-06-08 12:57:02+00:00,tu hot lagdi:red_heart:,neutral
481,nivaldo122antos,2023-06-08 11:51:06+00:00,zendaya voc arrassou :clapping_hands::clapping_hands:,neutral
481,thoma.s133675,2023-06-07 06:37:13+00:00,:fire::fire::fire::fire:,neutral
481,acabbeatsofficial,2023-06-06 22:16:33+00:00,:raising_hands::fire:,neutral
481,jay_the_dad,2023-06-05 21:02:45+00:00,stop doing that werido shit:worried_face:,negative
481,guguda39,2023-06-04 00:44:46+00:00,:red_heart::red_heart::red_heart:,neutral
481,bebeslo_6,2023-06-03 22:20:38+00:00,no any boobs :face_vomiting::face_vomiting::face_vomiting::face_vomiting::face_vomiting::face_vomiting::face_vomiting::nauseated_face::nauseated_face::nauseated_face::nauseated_face::nauseated_face::nauseated_face::nauseated_face::nauseated_face::nauseated_face::nauseated_face::nauseated_face:,negative
481,gittingsportraiture,2023-06-03 17:46:26+00:00,:smiling_face_with_hearteyes:,neutral
482,solange_travels,2023-05-01 12:34:16+00:00,gorgeous,positive
482,abbassfarahani.5,2022-08-21 20:38:36+00:00,:smiling_face_with_hearteyes::smiling_face_with_hearteyes::starstruck::face_savoring_food::face_savoring_food::face_savoring_food::face_savoring_food::face_savoring_food::face_savoring_food::winking_face::winking_face::red_heart::red_heart::red_heart::red_heart::red_heart::fire::fire::fire:,neutral
482,velvetknife.archive,2022-08-16 12:38:40+00:00,omggg :smiling_face_with_hearteyes:,neutral
482,angelocolnaghi,2022-08-16 11:00:53+00:00,:red_heart::red_heart::red_heart:,neutral
483,lani.88la,2023-06-08 02:50:52+00:00,:red_heart:aloooooohaha,neutral
483,doonnaadd,2023-06-07 16:57:26+00:00,:red_heart:,neutral
483,hina.queen20,2023-06-06 19:06:53+00:00,:confetti_ball::red_heart::red_heart::red_heart:,neutral
483,magda_landerossv,2023-06-06 15:26:49+00:00,:growing_heart::growing_heart:,neutral
483,sahasra_lokesh,2023-06-06 12:45:23+00:00,:light_skin_tone:,neutral
484,maikelvr55,2023-06-08 19:53:22+00:00,:fire::fire::fire::smiling_face_with_hearteyes::smiling_face_with_hearteyes::smiling_face_with_hearteyes::smiling_face_with_hearteyes::red_heart::red_heart::red_heart:,neutral
484,ahsad6216,2023-06-07 13:32:57+00:00,:red_heart:,neutral
484,sagrandm,2023-06-06 20:50:49+00:00,:fire:,neutral
484,sagrandm,2023-06-06 20:50:49+00:00,:fire:,neutral
484,sagrandm,2023-06-06 20:50:48+00:00,:fire:,neutral
484,sagrandm,2023-06-06 20:50:48+00:00,:fire:,neutral
484,sagrandm,2023-06-06 20:50:48+00:00,:fire:,neutral
484,sagrandm,2023-06-06 20:50:48+00:00,:fire:,neutral
484,sagrandm,2023-06-06 20:50:48+00:00,:fire:,neutral
484,ridhoridho5651,2023-06-06 07:29:46+00:00,jesenpak,neutral
485,kamihooligann,2023-06-09 18:37:16+00:00,:two_hearts::two_hearts:,neutral
485,norcalgal_408,2023-06-08 14:52:19+00:00,so really how next level fun is your life young lady treasure it every moment and never loose who you are at your core live your best life girl you work for it :upsidedown_face:,positive
485,priestess_erryn_adams,2023-06-08 12:04:06+00:00,i see glory and blessings in you and you are destined for greatness directly from birth i have an important message for you but i will need your honest permission to proceed because your ancestors have been trying to reach you by revealing some signs to you maybe through your dreams or the repeated numbers that you normally see 2224:44111115:15 around your environment i also see your throat and sacral energy blocked so kindly reply me once you get this message with a picture of your right hand palm my dear if you want to know the message i have for you namaste :folded_hands: :dizzy:,positive
485,nelson.cada,2023-06-07 21:26:40+00:00,love you baby :red_heart::red_heart::red_heart::red_heart::smiling_face_with_hearteyes::smiling_face_with_hearteyes::smiling_face_with_hearteyes::smiling_face_with_hearteyes:,positive
485,nelson.cada,2023-06-07 21:24:39+00:00,zendaya you:smiling_face_with_hearteyes: look so cute in pink i love you :smiling_face_with_hearteyes::smiling_face_with_hearteyes::smiling_face_with_hearteyes::smiling_face_with_hearteyes::smiling_face_with_hearteyes::smiling_face_with_hearteyes:,positive
485,nelson.cada,2023-06-07 21:21:07+00:00,love you :smiling_face_with_hearteyes::smiling_face_with_hearteyes::smiling_face_with_hearteyes::smiling_face_with_hearteyes:,positive
485,wnic446,2023-06-07 18:19:26+00:00,zendaya you look so cute in pink i love it :smiling_face_with_hearteyes::smiling_face_with_hearteyes::smiling_face_with_hearteyes::smiling_face_with_hearteyes:,positive
485,alesh_ahhh,2023-06-06 04:42:22+00:00,love you idol any tips to help a new model,positive
485,thekwekus,2023-06-05 19:57:52+00:00,:blue_heart::blue_heart:,neutral
485,arii_bely,2023-06-05 14:46:27+00:00,:smiling_face_with_hearteyes::smiling_face_with_hearteyes::smiling_face_with_hearteyes:,neutral
486,virgulit12,2023-05-28 05:44:03+00:00,che imbarazzo,neutral
486,laura_lusuardi,2023-05-21 04:01:59+00:00,:clapping_hands::clapping_hands::clapping_hands::smiling_face_with_hearteyes::smiling_face_with_hearteyes::smiling_face_with_hearteyes:,neutral
486,fdrculture,2023-05-20 18:55:20+00:00,inculte,neutral
486,lolli_macchine_per_cucire,2023-05-20 16:40:29+00:00,:face_with_tears_of_joy:,neutral
486,kaluany,2023-05-20 13:57:21+00:00,susanamadrid_sm susanamadrid_creative,neutral
486,pinelucia.1,2023-05-20 13:21:03+00:00,oh my god:face_screaming_in_fear::face_screaming_in_fear::face_screaming_in_fear::face_screaming_in_fear::face_screaming_in_fear::face_screaming_in_fear::face_screaming_in_fear::face_screaming_in_fear: co presidente lei,neutral
486,filinnocenti,2023-05-20 07:07:56+00:00,:fire::fire::fire:,neutral
486,fdnfashion,2023-05-26 06:27:15+00:00,lasci perdere fare il liceo dovrete essere il minimo la laurea non l ha mai presaripensi al suo ex pozzolilui si ha creato il tuttoevitate di menzt gli studi da bravi:rolling_on_the_floor_laughing::person_facepalming::thumbs_down::person_shrugging:,positive
487,udeesha.singh,2023-05-20 08:21:26+00:00,mentor michellengonmo :clapping_hands::clapping_hands::clapping_hands::clapping_hands::red_heart::red_heart::red_heart::sparkles::sparkles::sparkles::sparkles::sparkles:,neutral
487,javier_brandwain,2023-05-20 07:56:51+00:00,:clapping_hands:,neutral
487,saramaino_,2023-05-20 04:39:51+00:00,:glowing_star::glowing_star:,neutral
487,gloriamariagallery,2023-05-19 20:10:36+00:00,michellengonmo afwmilano :clapping_hands::clapping_hands::clapping_hands:,neutral
487,piece_clothing,2023-05-19 20:06:21+00:00,:clapping_hands::clapping_hands::clapping_hands::clapping_hands::clapping_hands::clapping_hands::clapping_hands:,neutral
487,esraaawarda,2023-05-19 19:36:01+00:00,michellengonmo :clapping_hands::red_heart:,neutral
487,cappiandrea,2023-05-19 18:50:02+00:00,grande elia eliamaramotti,neutral
487,gisele_claudia_ntsama,2023-05-19 18:41:01+00:00,:fire::fire::fire::fire:,neutral
487,will.i.am.mbiena,2023-05-19 18:33:06+00:00,:clapping_hands::smiling_face_with_hearteyes:,neutral
488,camerinannamaria,2023-05-15 13:17:30+00:00,meraviglioso :clapping_hands::red_heart:,neutral
488,grandieliana,2023-05-14 08:29:01+00:00,grazie giorgio armani :red_heart:,neutral
488,anna_a_1021_,2023-05-13 18:18:45+00:00,meraviglioso :red_heart:,neutral
488,suitedbyzoe,2023-05-13 12:28:57+00:00,ucsc :sparkles::sparkles::sparkles:,neutral
488,juliaetcello,2023-05-13 10:36:11+00:00,congratulations :red_heart:,positive
488,donatellodesigns,2023-05-13 00:40:38+00:00,:smiling_face_with_hearteyes:,neutral
488,maestra_rozalia,2023-05-12 20:29:21+00:00,:clapping_hands_light_skin_tone::clapping_hands_light_skin_tone::clapping_hands_light_skin_tone:,neutral
488,paolorossello,2023-05-12 19:23:30+00:00,:clapping_hands::clapping_hands::clapping_hands::clapping_hands::clapping_hands::clapping_hands::clapping_hands::clapping_hands::clapping_hands:,neutral
488,giorgiomilan777,2023-05-12 18:16:09+00:00,:clapping_hands::clapping_hands::clapping_hands:,neutral
488,bonaffini_marianna,2023-05-12 16:33:17+00:00,:clapping_hands::clapping_hands::clapping_hands::clapping_hands::red_heart:,neutral
489,rashawnglass,2023-06-07 08:32:34+00:00,:face_with_spiral_eyes::face_with_spiral_eyes::face_with_spiral_eyes::face_with_spiral_eyes::face_with_spiral_eyes::face_with_spiral_eyes::face_with_spiral_eyes::face_with_spiral_eyes:,neutral
489,mandy_artes202,2023-06-06 20:24:02+00:00,mui hermosa,neutral
489,deginara,2023-06-05 16:46:41+00:00,so proud :red_heart::party_popper:,positive
489,bailuolan_luna,2023-06-04 16:56:09+00:00,i texted my boyfriend :smiling_face_with_hearteyes:,neutral
489,emrbeukes,2023-06-04 12:07:17+00:00,so well deserved,positive
489,tamarabrown835,2023-06-03 20:07:24+00:00,your beautiful dont ever change your self,positive
489,user6392020473920,2023-06-02 16:12:03+00:00,queen,neutral
489,amosbagasa,2023-06-01 20:51:13+00:00,:red_heart::red_heart:,neutral
489,ravenvalentinee,2023-05-31 13:33:03+00:00,literally the cutest :loudly_crying_face::heart_exclamation:,positive
490,ladycox_,2023-06-02 13:03:18+00:00,:red_heart::red_heart::red_heart::red_heart::red_heart::red_heart::red_heart:,neutral
490,vieira_r2,2023-05-18 13:40:47+00:00,que estampas maravilhosas s faltou o jogo dos tons aboboras com laranja amarelo e vermelho arrebatando com o bordo,neutral
490,blanco_724,2023-05-07 15:24:14+00:00,alessandro,neutral
490,plusagdesign,2023-05-06 23:46:19+00:00,:red_heart::red_heart:,neutral
490,esthercorb,2023-05-06 19:41:17+00:00,:heart_suit:,neutral
490,adelebargilli,2023-05-06 17:10:30+00:00,snaturatoanche puccirimane armani il resto ormai omologato finita lera del buon gusto,neutral
490,theo_cano,2023-05-06 14:14:42+00:00,:smiling_face_with_hearteyes::smiling_face_with_hearteyes::smiling_face_with_hearteyes::face_blowing_a_kiss:,neutral
490,ellisantini,2023-05-06 04:03:08+00:00,the ponte vecchio in the background is spectacular:smiling_face_with_hearts:,neutral
490,daniele_pellegrinetti,2023-05-05 20:27:13+00:00,difficile vedere una cosa cos brutta,neutral
491,afranio.silveira.3597,2023-05-31 19:41:21+00:00,tooopzona,neutral
491,marciohenriquees,2023-05-31 12:30:57+00:00,musa:light_skin_tone:,neutral
491,paul_rikes,2023-05-30 06:06:39+00:00,amooooo,neutral
491,georgiaamorimoficial,2023-05-30 03:27:02+00:00,diva maravilhosaaa sempre :raising_hands::red_heart::fire::clapping_hands::clapping_hands:,neutral
491,janguimaraes,2023-05-29 18:30:46+00:00,mais fake impossvel brazilllll,negative
491,miranda_edgar87,2023-05-29 18:04:01+00:00,galisteu maravilhosa :red_heart:,neutral
491,tticialle,2023-05-29 14:22:03+00:00,sempre espetacular amoooo tudo nesses desfiles q na realidade no so um simples desfile de modas :clapping_hands::clapping_hands::clapping_hands::clapping_hands::clapping_hands::fire::fire::fire::fire::red_heart::raising_hands:,negative
492,edelymancini,2023-05-31 19:16:14+00:00,:red_heart::red_heart::raising_hands:,neutral
492,institutoinmode,2023-05-29 20:53:24+00:00,:red_heart::red_heart::red_heart::red_heart:,neutral
492,ginaelimelekk,2023-05-29 20:17:44+00:00,e todas as peas foram produzidas por 1 nica modelagem atravs de quadrados bem interessante :smiling_face_with_hearteyes:,neutral
492,giovanapinheiroo,2023-05-29 18:40:09+00:00,:smiling_face_with_hearteyes:,neutral
492,amandakamby,2023-05-29 13:27:33+00:00,luikls olha meu vestido ali no fundo,negative
492,amandakamby,2023-05-29 13:27:09+00:00,meu vestido a no fundo :smiling_face_with_hearteyes:,negative
492,araujo.marcialoft,2023-05-29 10:16:01+00:00,:red_heart::red_heart::red_heart:,neutral
492,fidelidadebrasil,2023-05-29 10:01:21+00:00,amei o projeto:red_heart:,neutral
492,didaalves20,2023-05-29 02:58:48+00:00,projeto maravilhoso transformador tive a grande oportunidade de participar e ainda estou em xtase com tudo que aprendi e vivenciei parabns vida longa,neutral
493,stok.baazar,2023-06-03 01:58:33+00:00,:black_heart::black_heart::black_heart:,neutral
493,gbi_araujo,2023-05-31 12:30:33+00:00,gmascarenhs,neutral
493,paschoalinedaniella,2023-05-30 21:17:22+00:00,:clapping_hands::clapping_hands:,neutral
493,luizi.machado,2023-05-30 13:32:32+00:00,:yellow_heart::yellow_heart:,neutral
493,ygorgohan,2023-05-30 00:48:46+00:00,bafo :heart_on_fire:,neutral
493,elida.braz,2023-05-30 00:20:27+00:00,:smiling_face_with_hearteyes:,neutral
494,shennigan_nyc,2023-05-05 05:27:18+00:00,:red_heart::white_heart::blue_heart::yellow_heart::brown_heart::orange_heart::black_heart::green_heart::purple_heart::sparkling_heart:,neutral
494,martinamedail,2023-05-03 11:35:45+00:00,i appreciated seeing a woman as exposed as miuccia prada with a natural look and not changed by cosmetic surgery,positive
494,charlotteventura4,2023-05-03 07:38:02+00:00,ma cosa era la fiera dei nuovi mostri :face_with_open_mouth::face_with_tears_of_joy::face_with_tears_of_joy::face_screaming_in_fear::face_screaming_in_fear::face_screaming_in_fear:aiutoooo,neutral
494,bluesteelmanagement,2023-05-03 05:18:16+00:00,:smiling_face_with_smiling_eyes::confetti_ball:,neutral
494,carmen_abed_1981,2023-05-03 04:48:34+00:00,secondo voi l hairstyle di miuccia prada la valorizza,neutral
494,plusagdesign,2023-05-03 00:52:50+00:00,:rose:,neutral
494,voizaurademari,2023-05-03 00:30:03+00:00,:smiling_face_with_hearts::smiling_face_with_hearts::smiling_face_with_hearts::clapping_hands::clapping_hands::clapping_hands::clapping_hands:,neutral
495,anainamodasustentavel,2023-05-29 16:53:10+00:00,quantas cores :brown_heart:,neutral
495,cabrine_cica,2023-05-29 04:31:35+00:00,eu vi e realmente surpreendeu :clapping_hands::clapping_hands:,neutral
495,werllemdedeus,2023-05-28 22:09:43+00:00,boa ideia :smiling_face_with_hearteyes::smiling_face_with_hearteyes::smiling_face_with_hearteyes:,neutral
495,marcosdianoo,2023-05-28 21:53:02+00:00,:smiling_cat_with_hearteyes:,neutral
495,ritadantas1655,2023-05-28 21:36:43+00:00,:smiling_face_with_hearteyes::smiling_face_with_hearteyes::smiling_face_with_hearteyes:,neutral
496,espitia2094,2023-06-09 17:35:46+00:00,this photos kinda look they were take in 2003,neutral
496,ha.charlotte,2023-06-09 15:26:40+00:00,:face_vomiting:,neutral
496,kamel_meriva,2023-06-09 06:53:40+00:00,rihana pakai la kolor tu:face_with_tears_of_joy:,neutral
496,betx827,2023-06-09 02:59:02+00:00,second chick idk why she keep lining her lips brown like that looks like shes eating out some :horse_face::horse_face:lmfaoooooo :face_with_tears_of_joy::face_with_tears_of_joy::face_with_tears_of_joy:,positive
496,afraa.dashtmir,2023-06-08 12:54:22+00:00,afraadashtmir :red_heart:,neutral
496,rakesh009653,2023-06-08 11:13:27+00:00,so beautiful lags,positive
497,just_a_human_2.0,2023-06-06 20:54:51+00:00,thank god i look horrible with a middle part,neutral
497,wensdayeyez,2023-06-06 05:12:33+00:00,side part 4ever,neutral
497,xlaurenmichelex,2023-06-05 23:31:09+00:00,2 out of 3 of these photos are middle parts,neutral
497,geritrue,2023-06-05 15:40:30+00:00,the center part trend was created by gen z children who dont even pay for their own haircuts ihmo,positive
497,annamrangel,2023-06-05 13:30:39+00:00,nevahhhh out of style,neutral
497,kim_soberano00,2023-06-05 12:27:10+00:00,been doing side parts ever since and im an older gen z,neutral
497,lyndall_louise,2023-06-05 11:09:18+00:00,i knew if i just hung in there long enough id be fashionable again opalsmumma,neutral
497,aras13n,2023-06-05 05:05:36+00:00,jamiekgee itssmalls you guys are teens setters period,neutral
498,ivonesauer,2023-06-09 17:21:37+00:00,eu quero:red_heart:,neutral
498,jesscdoc,2023-06-09 02:28:15+00:00,:smiling_face_with_hearteyes::smiling_face_with_hearteyes::smiling_face_with_hearteyes:,neutral
498,neidecolanieri,2023-06-09 02:08:54+00:00,:clapping_hands:,neutral
498,neidecolanieri,2023-06-09 02:08:52+00:00,:clapping_hands:,neutral
498,neidecolanieri,2023-06-09 02:08:38+00:00,:clapping_hands:,neutral
498,linabrito1949,2023-06-09 00:11:15+00:00,quanto custa a blusa,neutral
498,carla_pontessss,2023-06-08 21:05:58+00:00,boa tarde dudalina melhor do brasil:writing_hand_mediumlight_skin_tone::green_apple::beach_with_umbrella:,neutral
499,eunicemiranda739,2023-06-08 23:25:44+00:00,valor tnis,neutral
499,neves_fatima20,2023-06-08 20:56:55+00:00,:smiling_face_with_hearteyes::smiling_face_with_hearteyes::smiling_face_with_hearteyes::smiling_face_with_hearteyes::smiling_face_with_hearteyes:,neutral
499,andreacristinarapado,2023-06-08 19:04:33+00:00,eu no perdi desde que entrei em contato com violetta1fx minha vida mudou para melhor voc tambm pode fazer o mesmo,negative
499,carla_pontessss,2023-06-08 01:26:58+00:00,boa noite:ticket:,neutral
500,,,,neutral
501,,,,neutral
502,,,,neutral
503,carla_pontessss,2023-06-09 16:38:49+00:00,boa tarde:smiling_face_with_smiling_eyes::statue_of_liberty::smiling_face_with_smiling_eyes:,neutral
503,italofassin,2023-06-02 15:24:45+00:00,oie mandei dm com convite,neutral
503,difernandes,2023-05-31 04:52:55+00:00,arrasaram :red_heart::clapping_hands_light_skin_tone:,neutral
503,samiamaluf_oficial,2023-05-30 19:50:22+00:00,:clapping_hands::clapping_hands::clapping_hands::clapping_hands::clapping_hands:,neutral
503,anaasena,2023-05-30 19:00:57+00:00,lindos :smiling_face_with_hearteyes::smiling_face_with_hearteyes::smiling_face_with_hearteyes::smiling_face_with_hearteyes:,neutral
503,carla_pontessss,2023-06-09 16:39:11+00:00,carla_pontessss dudalina camisa:selfie::statue_of_liberty::smiling_face_with_smiling_eyes::man_cartwheeling_medium_skin_tone:,neutral
504,carla_pontessss,2023-06-08 19:37:47+00:00,:woman_tipping_hand_mediumlight_skin_tone:boa tarde j est mais que na hora de vc ter as camisas da dudalina:ticket:,neutral
504,fatima.bernardo_,2023-06-06 21:40:35+00:00,valor,neutral
504,van_bulova,2023-06-06 04:54:13+00:00,est branca perfeita,neutral
504,anacorreia2000,2023-06-05 12:38:45+00:00,:thumbs_up::thumbs_up::thumbs_up:,neutral
504,celiatexeira,2023-06-05 01:04:29+00:00,lindas camisas,neutral
504,eliane_agg,2023-06-04 20:51:09+00:00,como fao pra comprar,neutral
504,carla_pontessss,2023-06-08 19:38:05+00:00,carla_pontessss :woman_tipping_hand_mediumlight_skin_tone::woman_getting_massage_light_skin_tone::admission_tickets::ticket:,neutral
505,artartart__q,2023-03-07 20:31:50+00:00,wow:beating_heart: send pic on france_icons,neutral
506,carla_pontessss,2023-06-08 01:28:15+00:00,boa noite proteger e mais que proteo:family_man_woman_boy_boy::man_standing::woman_walking_mediumlight_skin_tone::yellow_heart:,neutral
507,qurxdz,2023-05-13 11:19:08+00:00,beautiful,positive
507,shakilahmed7612,2023-05-05 06:24:34+00:00,:fire:,neutral
507,leeoliveira,2023-05-13 11:59:10+00:00,crchavhann thanks :folded_hands:,positive
508,margaretdacota,2023-03-29 12:20:48+00:00,its a fing pr rs yes that girl is ra:copyright:st as well as she leaked her own nudes :shower::movie_camera:into her ig stop promoting this bs shes nothing less than a p3:registered:v :registered::copyright:it nzt p0:registered:n :star: definitely an attention seeking :money_bag::moneymouth_face: digg3:registered: albabaptistaisaracist albabaptistaisalyingstalkerfangirl albabaptistacultureappropriation literally 67 videos are the there of her being :registered::copyright:it ffff her demon p0:registered:n attention seeking :shower::movie_camera:p0:registered:n video do ur research b4 posting promoting racism :face_with_steam_from_nose::face_with_steam_from_nose::face_with_steam_from_nose::face_with_steam_from_nose::face_with_steam_from_nose::face_with_steam_from_nose::face_with_steam_from_nose::face_with_steam_from_nose::face_with_steam_from_nose:,positive
508,kitkat996132,2023-03-29 22:35:15+00:00,a fake girlfriend and a pornstar:face_with_tears_of_joy:,negative
509,robbalmeida,2023-04-23 15:38:51+00:00,:smiling_face_with_hearteyes::smiling_face_with_hearteyes::smiling_face_with_hearteyes:,neutral
509,janaina_brot_von_engeln,2023-04-21 13:27:27+00:00,eu estava l na tera e quarta che pecado ns no se encontramos :crying_face:,negative
509,oh_elgene,2023-04-20 21:00:45+00:00,:red_heart::clapping_hands_medium_skin_tone::smiling_face_with_hearteyes:,neutral
509,livio_damiano,2023-04-20 19:53:54+00:00,:fire::fire:,neutral
509,cristian.mohaded,2023-04-20 19:11:51+00:00,:smiling_face_with_hearteyes:,neutral
509,leeoliveira,2023-04-20 18:27:48+00:00,salonedelmobile fuorisalone loropianainteriors designweekmilano,neutral
509,leeoliveira,2023-04-24 01:02:08+00:00,robbalmeida :face_blowing_a_kiss:,neutral
510,gisellejay,2023-04-07 23:54:54+00:00,wait i might like this outfit more with the body jewelry:smiling_face_with_hearteyes:,positive
510,dimos_nanousis,2023-03-08 13:12:39+00:00,:face_with_open_mouth::face_with_open_mouth::face_with_open_mouth::glowing_star::glowing_star::glowing_star::ok_hand::ok_hand::ok_hand::clapping_hands::clapping_hands::clapping_hands:,neutral
510,louise.hastings111,2023-03-07 09:29:11+00:00,jeffree :smiling_face_with_hearteyes:,neutral
511,neakeke._,2023-06-09 19:01:22+00:00,:woman_dancing:,neutral
511,mafesolartem_dds,2023-06-09 18:48:15+00:00,hyunjiiiiin:smiling_face_with_hearteyes::smiling_face_with_hearteyes::smiling_face_with_hearteyes::smiling_face_with_hearteyes:,neutral
511,kali_dc,2023-06-09 18:02:42+00:00,hyunjinnnn my baby,neutral
511,_rameen.s_,2023-06-09 17:44:00+00:00,:clapping_hands:,neutral
511,busraa_trgt01,2023-06-09 17:41:09+00:00,hyunjinaaaah,neutral
511,jennedierwilliams,2023-06-09 17:04:11+00:00,,neutral
511,jennedierwilliams,2023-06-09 16:58:15+00:00,hyunjin :smiling_face_with_hearteyes:,neutral
511,shriyak_____,2023-06-09 16:50:44+00:00,my surreal stay heart,neutral
512,fmolinares55,2023-06-07 04:43:38+00:00,super model victoria cerettl,positive
512,ericatversace,2023-06-06 16:31:47+00:00,so delighted to see these colors and crystal again,positive
512,moritz.store,2023-06-05 21:38:28+00:00,:fire:,neutral
512,tayumic25,2023-06-05 00:26:05+00:00,:glowing_star::crown::hundred_points::hundred_points::hundred_points::hundred_points::dizzy::dizzy::dizzy::dizzy::clapping_hands:,neutral
512,danasunyy,2023-06-07 07:26:08+00:00,i dont want to argue with you but she has a large audience as a russian living abroad and has a big voice to tell russians who believe in russian propaganda the truth if she doesnt believe in russian propaganda and everything she does shows her beautiful life excuse me but a person must have at least some elementary conscience,positive
513,tayumic25,2023-06-05 12:04:00+00:00,:glowing_star::crown::hundred_points::hundred_points::hundred_points::hundred_points::dizzy::dizzy::dizzy::dizzy::clapping_hands:,neutral
513,hubabuba_girl,2023-06-05 08:52:55+00:00,:,neutral
513,jusst_aygun,2023-06-02 23:11:34+00:00,dualipa i love u :blue_heart:,positive
513,tinirosenthal,2023-06-02 18:39:56+00:00,luli,neutral
513,mdumair7110,2023-05-31 17:20:01+00:00,hiii,neutral
513,esadivinaa,2023-05-31 15:13:43+00:00,1st model gave ms fran fine vibes,positive
513,victoria.gezgin,2023-05-31 03:56:11+00:00,:clapping_hands::clapping_hands:,neutral
513,mibellonicaragua,2023-05-30 03:56:52+00:00,mid,neutral
513,childerwinroduta,2023-05-29 18:54:23+00:00,high show thumbs up :grinning_face_with_big_eyes:,neutral
514,ericatversace,2023-06-06 16:32:19+00:00,this is so rich and delicious i need all this leather in dallas :raising_hands:,positive
514,catroy60,2023-06-06 03:48:49+00:00,8:clapping_hands::clapping_hands::clapping_hands::thumbs_up::thumbs_up::thumbs_up::trophy::trophy::trophy::trophy:,neutral
514,maxxmarketing.me,2023-06-05 00:58:33+00:00,is that made out of aluminum foil hold on let me grab my foil hat :face_with_tears_of_joy::face_with_tears_of_joy::face_with_tears_of_joy:,neutral
514,badbisssss1,2023-06-03 21:30:47+00:00,:fire::fire::fire::fire::fire:,neutral
514,gitikaa_y,2023-06-02 14:46:12+00:00,damn i like the jwellery where can i purchase,negative
514,lwk.errands.service.hongkong,2023-05-30 15:33:29+00:00,versace:smiling_face_with_hearteyes::red_heart::shopping_bags::handshake:,neutral
515,montzrhadid,2023-06-09 15:41:34+00:00,did anyone else noticed the bracelet on the floor but me :face_with_tears_of_joy::face_with_tears_of_joy:,neutral
515,gretakiss7,2023-06-02 07:49:11+00:00,greta kiss :red_heart:,positive
515,producerthonny,2023-06-01 18:30:47+00:00,love it,positive
515,thatsmybeauty,2023-05-31 09:59:35+00:00,number one :index_pointing_up::crown:,positive
515,pamelaniemand7186,2023-05-31 08:25:48+00:00,so stunning :fire: what an amazing show :raising_hands:,positive
515,oost_emma,2023-05-30 17:14:40+00:00,love ot,positive
515,fer.zevallos,2023-05-30 04:39:50+00:00,hola a term lb policy can pay for so much if you get sick you are young and healthy it will cost you so little can you imagine that can i show you,negative
515,fer.zevallos,2023-05-30 04:37:10+00:00,hola a term lb policy can pay for so much if you get sick you are young and healthy it will cost you so little can you imagine that can i show you,negative
516,sswek492,2023-05-30 12:23:52+00:00,,neutral
516,frijolezzmusic,2023-05-30 07:44:10+00:00,:fire::fire::fire::fire::fire:,neutral
516,valetendencias,2023-05-29 16:42:31+00:00,nice:clapping_hands:,neutral
516,terrionag,2023-05-27 14:50:55+00:00,there he go again im talking about the fourth slide :smiling_face_with_hearteyes: i just want to know his name lol :eyes::beating_heart:,positive
516,preciousleexoxo,2023-05-27 03:34:48+00:00,:butterfly::butterfly::butterfly::butterfly::butterfly:,neutral
517,realkarinakoch1,2023-04-30 02:32:50+00:00,its milano the couch can have a golden caramel tanned pillow lovely,positive
517,leeoliveira,2023-04-25 11:32:20+00:00,hermes hermeshome milandesignweek thepoweroffundamentals salonedelmobile,neutral
518,carla_pontessss,2023-06-09 16:36:57+00:00,boa tarde sra dudalina:selfie::woman_wearing_turban:,neutral
518,carla_pontessss,2023-06-09 16:37:57+00:00,carla_pontessss :stadium:,neutral
519,agobo2023,2023-06-09 14:56:11+00:00,:red_heart::red_heart::red_heart:,neutral
519,naldodaking,2023-06-07 08:47:16+00:00,god im having a affair,positive
519,thoma.s133675,2023-06-07 06:34:14+00:00,:smiling_face_with_hearteyes::smiling_face_with_hearteyes::smiling_face_with_hearteyes:,neutral
519,illegal_akram_307i,2023-06-06 09:37:53+00:00,killer eye:red_heart::red_heart:,negative
519,elmentsarukyan,2023-06-05 20:31:48+00:00,zendaya youre very special to me,positive
519,satheeshkumar865,2023-06-05 17:31:03+00:00,the beauty that exceeds anticipation :sparkling_heart::sparkling_heart::face_blowing_a_kiss:,positive
519,selavare,2023-06-05 09:49:18+00:00,wowww :fire::fire::fire::fire:,neutral
519,seoulfromseoul,2023-06-05 09:15:41+00:00,omg:loudly_crying_face::red_heart:,neutral
519,lesliewelch792,2023-06-04 17:54:04+00:00,so happy for you darlin,positive
519,javedjaangour,2023-06-03 15:18:22+00:00,ok,positive
520,sinaurity,2023-05-29 11:51:46+00:00,currently recruiting male and female models for a sales commercial photoshoot which includes a video advert and cooperate photo shoot no level of experience is required free model coach available upon request nudity: no compensation: paid locationvenue of event will hold at a rented studio in your location whoever is interested kindly send an email to lindsayadlerphotographygmailcom,positive
520,hamzaxhabib,2023-05-24 18:40:03+00:00,:sparkling_heart::red_heart::sparkling_heart:,neutral
520,nysdesign,2023-05-23 18:45:31+00:00,:fire::fire:,neutral
520,leeoliveira,2023-05-22 21:14:29+00:00,:red_heart::red_heart: :camera_with_flash:,neutral
520,yolandamoralm,2023-05-29 15:05:28+00:00,nyfw :movie_camera::black_heart::smiling_face_with_horns:,neutral
520,iamexclussif,2023-05-29 17:59:58+00:00,yolandamoralm :red_heart:,neutral
521,iamexclussif,2023-05-17 21:00:21+00:00,:black_heart::black_heart::black_heart::black_heart::black_heart::black_heart:,neutral
521,shennigan_nyc,2023-05-16 22:17:49+00:00,:red_heart::white_heart::blue_heart::brown_heart::green_heart::yellow_heart::black_heart::orange_heart::purple_heart::sparkling_heart:,neutral
521,mmcrypto0228,2023-05-15 22:34:16+00:00,5 :money_with_wings: s s :pleading_face: ss s s ss s :cold_face: :heart_with_ribbon:,neutral
521,voizaurademari,2023-05-15 18:14:44+00:00,:smiling_face_with_hearts::smiling_face_with_hearts::smiling_face_with_hearts::red_heart::red_heart:,neutral
521,neon_mark_,2023-05-15 16:12:40+00:00,lets end inhumanity im paying 5grands to the first 5 people to message me faith,positive
522,realydigital,2023-05-12 19:32:58+00:00,:hot_springs::artist_palette::dashing_away:,neutral
522,leila_k_hosseini,2023-05-12 17:16:34+00:00,:purple_heart::purple_heart::black_heart::cherry_blossom::purple_heart::purple_heart:,neutral
522,khanyokandawire,2023-05-12 06:08:20+00:00,:smiling_face_with_hearteyes::smiling_face_with_hearteyes::smiling_face_with_hearteyes::smiling_face_with_hearteyes::smiling_face_with_hearteyes:,neutral
522,paperfolk.studio,2023-05-12 05:46:33+00:00,amazing :growing_heart:,positive
522,munnyhkkie,2023-05-12 02:59:00+00:00,:smiling_face_with_hearteyes:,neutral
522,lipikaofficialpage,2023-05-11 17:42:27+00:00,:growing_heart::cherry_blossom:,neutral
522,kikistylediary,2023-05-11 16:34:30+00:00,every look is beautiful:two_hearts:,neutral
522,vanessataylorofficial,2023-05-11 16:29:12+00:00,stunning,positive
523,i.mohsin_yousafzai,2023-05-23 12:17:21+00:00,:raising_hands:,neutral
523,unstoppable_1503,2023-05-22 15:39:48+00:00,:fire::fire::fire:,neutral
523,crochetmia,2023-05-22 15:16:26+00:00,,neutral
524,,,,neutral
525,hello_bhai12356,2023-03-21 23:17:37+00:00,promote it on california__dairies,positive
526,dorothyhiggins278,2023-05-23 00:23:41+00:00,look:clapping_hands::fire:,neutral
526,danielsosaavendano,2023-05-22 18:20:12+00:00,:smiling_face_with_hearteyes:,neutral
526,dawidtomaszewski,2023-05-19 13:02:32+00:00,:smiling_face_with_hearts:,neutral
526,dawidtomaszewski,2023-05-19 12:53:24+00:00,:smiling_face_with_hearteyes::starstruck:,neutral
526,dawidtomaszewski,2023-05-17 06:35:58+00:00,:smiling_face_with_hearteyes::starstruck:,neutral
526,dawidtomaszewski,2023-05-17 06:33:26+00:00,:smiling_face_with_hearteyes::starstruck::smiling_face_with_hearts:,neutral
526,realydigital,2023-05-13 23:10:21+00:00,:heart_exclamation::artist_palette::hot_springs:,neutral
526,lita__demill,2023-05-13 18:01:26+00:00,:fire::red_heart::fire::red_heart::fire:,neutral
527,hebig,2023-06-09 19:21:00+00:00,:flexed_biceps:,neutral
527,hiramlatorre,2023-06-09 17:02:09+00:00,:crescent_moon:,neutral
527,biacarminati,2023-06-09 16:33:33+00:00,a dia _deiamato :dizzy:,neutral
527,rarobasso,2023-06-09 15:14:46+00:00,:red_heart::red_heart::red_heart::red_heart:,neutral
527,facehunter,2023-06-09 19:14:04+00:00,hiramlatorre :sparkles:,neutral
528,,,,neutral
529,ralfebyralf,2023-06-07 11:24:51+00:00,this was my favorite look,positive
529,kajalnainafinejewelry,2023-06-07 05:21:50+00:00,:smiling_face_with_hearteyes::smiling_face_with_hearteyes::smiling_face_with_hearteyes:,neutral
529,eloise47963,2023-06-07 05:21:38+00:00,who cares:face_with_open_mouth::face_with_open_mouth::face_with_open_mouth:,neutral
529,mindfully_awakened,2023-06-07 03:10:48+00:00,:black_heart::star: :movie_camera: :film_frames:,neutral
529,mnookmig,2023-06-07 02:07:27+00:00,that look slayed,neutral
529,daniel__jmc_,2023-06-07 01:01:20+00:00,im paying 5 grands to the first 5 people to message me god did cus im blessed being a millionaire god bless yall:blue_heart:,positive
530,dorothyhiggins278,2023-05-23 00:22:45+00:00,:fire::fire:,neutral
530,suziane8888,2023-05-17 15:51:32+00:00,:red_heart::red_heart::red_heart:,neutral
530,donandressegura,2023-05-15 18:14:55+00:00,:brown_heart::brown_heart:,neutral
530,kiera_the_model,2023-05-11 23:56:52+00:00,vivian westwood vibes :smiling_face_with_hearteyes:,neutral
530,nyangathlual,2023-05-11 15:05:54+00:00,achan_diana sis:face_with_steam_from_nose::pinched_fingers_dark_skin_tone::sparkles:,neutral
530,mohad.masoomi,2023-05-11 09:24:29+00:00,gayacollection_,neutral
530,2_2_smoove,2023-05-11 01:30:00+00:00,oh my the first outfit is everything :fire::fire::fire:,neutral
530,vugue2024,2023-05-11 00:39:39+00:00,magazine_aynana_official,neutral
530,achan_diana,2023-05-10 23:40:02+00:00,adeam :red_heart:,neutral
531,george_angelis,2023-04-16 16:26:06+00:00,:raising_hands::raising_hands::raising_hands:,neutral
532,mel.aviv,2023-06-09 08:33:56+00:00,3rd pic has to be sara campz,neutral
532,muratsezmis,2023-06-09 07:26:40+00:00,_independent_eyewear_,neutral
532,miiz_ebony,2023-06-09 06:36:34+00:00,ok but like out of everything im living for the snake head glasses,positive
532,leannaloveblog,2023-06-09 05:28:12+00:00,alexademie :fire::fire::fire:,neutral
532,shopbabacool,2023-06-08 18:06:15+00:00,:smiling_face_with_sunglasses::starstruck:,neutral
532,candiceyvette,2023-06-08 16:14:20+00:00,oh fun i hope this trend trickles down to us non new yorkers id like to find some funky shades locally,positive
532,urbanlilyayiti,2023-06-08 15:52:21+00:00,:red_heart:,neutral
532,izzyfletch6x,2023-06-08 14:30:11+00:00,id like to see the entire outfit from the dude in the last slide :red_heart: lol,positive
533,russojosse,2023-06-08 15:46:59+00:00,i love it :person_walking_medium_skin_tone::person_walking_medium_skin_tone::person_walking_medium_skin_tone::person_walking_medium_skin_tone::person_walking_medium_skin_tone:,positive
533,nverclothing,2023-06-06 20:15:24+00:00,hi there are you looking for great deals and awesome products follow our business page to stay updated on the latest promotions new products and exclusive offers join our community and be a part of something great thank you for your support,positive
533,alexvvasquez_,2023-06-06 17:11:03+00:00,new fit ideas :raising_hands:,positive
533,silver_golder,2023-05-31 02:41:56+00:00,:fire::raising_hands: chevywolf,neutral
533,rachelbalzarini,2023-05-30 09:07:51+00:00,chevywolf,neutral
533,cirstyburton,2023-05-30 08:44:06+00:00,marleymakesmagic :smiling_face_with_hearts::smiling_face_with_hearts:,neutral
533,agoes.taman,2023-05-30 07:55:07+00:00,i love all page :clapping_hands:,positive
533,thedelve,2023-05-30 05:38:22+00:00,singkirbysing :smiling_face_with_hearteyes::smiling_face_with_hearteyes::smiling_face_with_hearteyes::smiling_face_with_hearteyes::smiling_face_with_hearteyes:,neutral
534,wild_rose76,2023-06-08 20:50:44+00:00,2 :ok_hand_light_skin_tone:,neutral
534,itsgiane_,2023-06-07 06:18:50+00:00,my fav account :smiling_face_with_hearteyes::smiling_face_with_hearteyes:,positive
534,kemendola,2023-06-06 23:06:17+00:00,last slide they ate :heart_on_fire:,neutral
534,uae_.explores_,2023-06-06 20:53:42+00:00,:japanese_symbol_for_beginner: :smiling_face_with_hearteyes::ok_hand::hundred_points: :japanese_symbol_for_beginner: :japanese_symbol_for_beginner: :japanese_symbol_for_beginner: :love_letter: :folded_hands::folded_hands::hundred_points:,neutral
534,jsanjones,2023-06-06 18:58:39+00:00,:fire::fire::fire:,neutral
534,khyen3,2023-06-06 11:46:06+00:00,oh so lovely,positive
534,olawanijkg,2023-06-06 09:05:36+00:00,n last but not least no 9 issa vibe periodt,negative
534,olawanijkg,2023-06-06 09:02:40+00:00,all well niceeee but re 2 say less :double_exclamation_mark: 4 big mood activatedddd 10 issa tripppp :face_with_open_mouth: :smiling_face_with_hearteyes: :fire:,positive
534,seniwent_artwork,2023-06-06 04:03:55+00:00,awesome,positive
535,shemifinch,2023-04-26 04:59:47+00:00,dead love this :folded_hands_light_skin_tone:,neutral
535,robbalmeida,2023-04-24 12:24:31+00:00,:smiling_face_with_hearteyes::red_heart:,neutral
535,chloechill,2023-04-24 10:45:13+00:00,ahhhh what a dream:smiling_face_with_hearteyes:,neutral
535,ramlna_1011,2023-04-24 07:14:44+00:00,love:smiling_face_with_hearteyes:,neutral
535,darianwesle,2023-04-24 02:07:39+00:00,love :smiling_face_with_hearteyes:,positive
535,leeoliveira,2023-04-26 07:51:39+00:00,shemifinch :red_heart: :chair: just divine everything about design week,positive
536,costa_del_sol_updates,2023-06-06 12:36:59+00:00,iconic :fire:,neutral
536,xamen_moi,2023-06-04 15:51:55+00:00,:red_heart::red_heart::red_heart:,neutral
536,uniquemagazine_,2023-06-02 08:15:13+00:00,watchingnewyork hi do you ask for permission first from them before taking a photo or you just take anyway,neutral
536,tarrynthetaurus,2023-06-02 06:26:19+00:00,such a breath of fresh air,positive
536,eye.sea.starr,2023-06-02 00:33:25+00:00,of courseeeeee hes a gemini :clapping_hands:,neutral
536,misschero,2023-06-01 22:51:49+00:00,happy birthday fabulous darnell :partying_face: :sparkles: :wrapped_gift: :sparkles::party_popper:,positive
536,elenarobinn,2023-06-01 21:57:30+00:00,what a darling he is and his voice words everything :smiling_face_with_hearteyes: happy bday darnellbernard33,positive
536,helenalaporte,2023-06-01 21:56:23+00:00,mk_nottheolsentwin second fit,positive
536,mrs.but.first.coffee,2023-06-01 21:14:00+00:00,happy birthday to the king of the style :black_heart:,positive
536,mont.beire,2023-06-01 19:43:07+00:00,,neutral
537,brutal_architecture,2023-05-08 06:22:28+00:00,great,positive
537,xandra002,2023-04-27 07:21:01+00:00,fabuleux merci pour toutes ces prcieuses informations :folded_hands_light_skin_tone:,neutral
537,kesariya_vilayati_001,2023-04-27 05:42:36+00:00,this picture is not from 1955the cars look modern and toyota coaster bus was introduced in 1969 and this one in the picture seems to be newer model,neutral
537,victoria.chenais,2023-04-27 04:57:20+00:00,la 1ere photo est trs belle trs vivante :clapping_hands:,neutral
537,bkpr2024,2023-04-26 15:33:59+00:00,amazing:sports_medal:,neutral
537,facehunter,2023-05-08 06:23:19+00:00,brutal_architecture :heart_on_fire:,neutral
538,david_mat2023,2023-06-09 15:25:02+00:00,omg thats me,neutral
538,r.lboutiquee,2023-06-06 21:40:05+00:00,im gonna need to cop that avatar crew neck so prettt,neutral
538,fibrojourney,2023-06-04 01:07:13+00:00,oh that second girl looks mesmerizing :smiling_face_with_hearteyes:,neutral
538,vikky_singh8666,2023-06-03 06:32:23+00:00,:smiling_face_with_hearteyes::smiling_face_with_hearteyes::smiling_face_with_hearteyes::smiling_face_with_hearteyes::smiling_face_with_hearteyes:,neutral
538,renbornn,2023-06-03 01:42:04+00:00,these people aint bothering nobody i wish something made me this happy,positive
538,gigihadid,2023-06-02 09:26:48+00:00,youre the best for this,positive
538,andweballin,2023-06-02 07:01:13+00:00,alexanderm95,neutral
538,watchingnewyork,2023-06-09 16:06:55+00:00,david_mat2023 :clapping_hands::clapping_hands::clapping_hands:,neutral
539,graesmama,2023-06-08 22:20:25+00:00,slide 8 took it back to 1916 ny,neutral
539,newyorks1,2023-05-30 00:37:45+00:00,send the comet,neutral
539,irina.btm,2023-05-28 14:58:48+00:00,i know that kid just wants to be dressed in a disney costume,neutral
539,m.el_90,2023-05-28 06:17:16+00:00,theyre gonna use this account for fashion archivals in the future,neutral
539,melindamaryseventyone,2023-05-28 04:12:54+00:00,all that good food in nyc yet nobody seems to eat a damn morsel :face_with_tears_of_joy: :chopsticks:,positive
539,bessiejking,2023-05-27 18:18:23+00:00,was this in williamsburg,neutral
540,ericatversace,2023-06-06 16:29:19+00:00,:clapping_hands:well done everyone :clapping_hands:,neutral
540,salapaola190,2023-06-06 04:56:12+00:00,:smiling_face_with_hearteyes:,neutral
540,onlinemarketing779b,2023-06-05 13:30:57+00:00,:red_heart:,neutral
540,7artsublime3,2023-06-04 19:22:56+00:00,:gem_stone::face_savoring_food::face_blowing_a_kiss::heart_suit:,neutral
540,jw2style,2023-06-04 14:25:15+00:00,versace is never a bad idea :black_heart::princess_light_skin_tone::black_heart:,positive
540,maysa312022,2023-06-03 19:20:23+00:00,:smiling_face_with_hearteyes:,neutral
540,bkittike30,2023-06-02 15:25:31+00:00,:smiling_face_with_hearteyes::smiling_face_with_hearteyes::smiling_face_with_hearteyes:,neutral
541,7jlr,2023-04-21 17:11:04+00:00,:white_heart:,neutral
541,4dldll,2023-04-21 01:43:17+00:00,:pleading_face::white_heart::white_heart::white_heart:,neutral
541,noor._ghalib,2023-04-21 00:11:08+00:00,:white_heart:,neutral
541,lolanc,2023-04-20 23:44:41+00:00,:orange_heart:,neutral
541,mena.7s,2023-04-20 23:39:49+00:00,,neutral
541,facehunter,2023-04-21 17:11:24+00:00,7jlr :dizzy:,neutral
542,haydmel,2023-06-07 21:01:00+00:00,tengo que ir a ver esto :smiling_face_with_hearteyes:,neutral
542,justcountrymama,2023-03-01 02:20:23+00:00,so funny i did a photo shoot here once many years ago for escorpion_knitwear,positive
542,evitammme,2023-02-28 15:04:36+00:00,tell me one land with no basis of genocide please get over it that happened hundreds years ago they are proud spaniards now do we have to save the history of course so we have to freak out every time we read what happened hundreds hundreds years ago stop please stop what are we going to read with our 21st century eyes next viva canarias stop reading history with your modern eyes,positive
542,whoisvella,2023-02-28 12:02:23+00:00,:fire::fire::fire:,neutral
542,anapaulasanta,2023-02-27 23:37:04+00:00,a capela no fim tuk ulissesm,negative
542,3achour,2023-02-27 20:11:19+00:00,thank you for this historic information noticing that the berber and persians and ottomans were the fathers of civilization and without them none of occidental culture will exist also dont forget the fact that the greec culture were translated by them :woman_shrugging_medium_skin_tone:,positive
542,facehunter,2023-03-01 11:53:32+00:00,justcountrymama cool,positive
543,pauladdiniz,2023-05-27 19:14:05+00:00,the girl in the temperature clothe tho :face_with_tears_of_joy::blue_heart:,neutral
543,shameonyouworld,2023-05-27 08:36:34+00:00,quand je vois la dgaine de certains je me dis quavec les poubelles de la france je pourrais me faire du pognon au states new york jarrive venez tous dans ma friperie vous trouverez obligatoirement votre bonheur :face_with_tears_of_joy:,neutral
543,lauratates20,2023-05-26 12:08:24+00:00,them_fatale :raising_hands::raising_hands:,neutral
543,mairiona,2023-05-26 11:07:45+00:00,ceelsdv,neutral
544,sigma.chi.steph,2023-03-21 13:24:17+00:00,:cyprus::red_heart:,neutral
544,marianasucreacedo,2023-03-14 00:27:56+00:00,history and its sad stories,negative
545,peigicatriona,2023-03-05 22:47:00+00:00,:smiling_face_with_hearteyes:,neutral
545,chorengel,2023-03-05 17:37:39+00:00,:smiling_face_with_hearteyes:,neutral
545,nicogallo__,2023-03-05 17:34:13+00:00,:smiling_face_with_hearteyes::smiling_face_with_hearteyes::smiling_face_with_hearteyes:,neutral
545,dimasaidi,2023-03-05 06:09:07+00:00,obsessed,negative
545,elisabeta_danciu,2023-03-05 05:47:21+00:00,:fire:,neutral
545,facehunter,2023-03-06 07:03:53+00:00,peigicatriona :sparkles:,neutral
546,i_am_ruaa,2023-05-02 15:40:08+00:00,question in its urban planning: how would it build a modern nation without sacrificing its national identity not sacrificing means that the nation adopts change and progress while preserving its uniqueness and values through: integrating traditional architecture elements into modern urban planning sustainability citizen participation in the urban planning process sense of ownership and pride integrating diverse cultural elements into urban planning to create a comprehensive and vibrant life,positive
546,mw_city_photography,2023-04-15 18:06:39+00:00,beautiful collection of captures to baghdad famous buildings,positive
546,dhersz,2023-04-15 11:23:08+00:00,:smiling_face_with_hearteyes::smiling_face_with_hearteyes:,neutral
546,ahmad.aldabagh,2023-04-15 04:40:54+00:00,beautiful thanks for sharing :folded_hands_light_skin_tone:,positive
546,aliciakuczman,2023-04-14 19:32:14+00:00,:smiling_face_with_hearteyes::smiling_face_with_hearteyes::smiling_face_with_hearteyes:,neutral
546,facehunter,2023-04-15 18:08:57+00:00,mw_city_photography thanks mustafa :nerd_face:,positive
547,,,,neutral
548,gem.search,2023-02-28 15:47:51+00:00,his scarf :ok_hand_medium_skin_tone:,neutral
548,sahib_esau_amor,2023-02-26 15:37:27+00:00,beautiful humans,positive
548,gionnibic,2023-02-26 12:25:28+00:00,ottimo look :clapping_hands: complimenti buona domenica,neutral
548,mariackenny,2023-02-26 10:50:20+00:00,back to where you came from,neutral
548,alyssaperry0505,2023-02-26 00:17:52+00:00,yes venitaraquel so beautiful :red_heart:,positive
548,facehunter,2023-03-01 11:53:48+00:00,gemsearch :starstruck:,neutral
549,kayleighjwilson,2023-06-08 22:42:09+00:00,noleebrady deadddd,neutral
549,lucwnstr,2023-06-07 11:54:29+00:00,i love it,positive
549,sara_soso_ff,2023-06-06 04:06:02+00:00,:rolling_on_the_floor_laughing::rolling_on_the_floor_laughing::rolling_on_the_floor_laughing::rolling_on_the_floor_laughing::rolling_on_the_floor_laughing::rolling_on_the_floor_laughing::red_heart:,neutral
549,its.mary.12,2023-06-06 00:38:33+00:00,itsaddi12 love how he posted it,positive
549,jv5s0,2023-06-05 15:34:42+00:00,:woozy_face::woozy_face:,neutral
549,may.piu,2023-06-04 11:44:10+00:00,youre so talented,positive
549,yagmurain36,2023-06-04 09:42:32+00:00,:face_with_tears_of_joy:,neutral
550,end2end,2023-04-22 00:10:16+00:00,sernadobre fruit cake gonna make me famous o no,negative
551,f.t.th.wo_o,2023-05-31 07:27:20+00:00,what a beautiful speaking voice she has :butterfly:,positive
551,studiomeuble,2023-04-26 10:06:38+00:00,inspiring :red_heart:,positive
551,888karar,2023-04-25 15:17:45+00:00,:smiling_face_with_hearteyes::smiling_face_with_hearteyes:,neutral
551,vandamner,2023-04-25 14:32:02+00:00,you capture stories and humanity with so much heart :folded_hands_medium_skin_tone::anatomical_heart:,neutral
551,huda.abd99,2023-04-25 11:23:02+00:00,this beautiful lady its more than you think its actually angel of beauty :sparkles:,positive
551,facehunter,2023-04-26 10:09:59+00:00,studiomeuble yup :heart_on_fire:,neutral
552,thishousewecallhome,2023-04-16 12:54:56+00:00,a mexican bag :raising_hands:,neutral
552,francesca_venaria,2023-04-16 08:15:20+00:00,:clapping_hands::clapping_hands::clapping_hands:,neutral
552,slcsmmh,2023-04-14 12:02:19+00:00,a bag from oaxaca :red_heart:,neutral
552,beamblr,2023-04-14 10:27:26+00:00,rachelroset123 :smiling_face_with_hearteyes:,neutral
552,sophiaaberg,2023-04-14 06:34:22+00:00,:tulip::light_skin_tone::light_skin_tone:,neutral
552,leojahnribeir,2023-04-14 03:50:29+00:00,:two_hearts:,neutral
552,pauline.paaris,2023-04-13 14:37:43+00:00,:smiling_face_with_hearteyes::smiling_face_with_hearteyes:,neutral
552,mariellehaon,2023-04-13 13:41:24+00:00,:smiling_face_with_hearteyes:,neutral
553,ayshe.gun,2023-03-05 16:24:05+00:00,lovely people and city,positive
553,noursalippa,2023-03-05 11:07:15+00:00,yvan youre close come back to bei :heart_suit:,neutral
553,_gabrielity,2023-03-03 19:31:45+00:00,:purple_heart::folded_hands_mediumlight_skin_tone:,neutral
553,sabrinafidalgoo,2023-03-03 18:13:31+00:00,i want these boots :smiling_face_with_hearteyes:,positive
553,facehunter,2023-03-05 16:25:16+00:00,ayshegun yup :starstruck:,neutral
554,kobe.armstrong,2023-06-07 14:58:49+00:00,:black_heart:,neutral
554,fatima._rami,2023-06-07 04:41:15+00:00,:clapping_hands::clapping_hands:,neutral
554,claararosadoo,2023-06-01 13:36:55+00:00,i looooveee youuuu soooooo muuuuuuuuchhhhhh,neutral
554,fabiafabiafabiafabiafabia,2023-05-29 22:49:52+00:00,what a lovely half badboy,positive
554,defneisildak,2023-05-27 12:10:42+00:00,:black_heart:,neutral
554,melldy788,2023-05-26 14:42:44+00:00,cute:red_heart:,neutral
554,___mynameispy,2023-05-20 14:02:13+00:00,:red_heart:,neutral
555,d.ksaybi,2023-04-24 14:51:28+00:00,amazing coverage,positive
555,joseriosjr,2023-04-24 01:10:01+00:00,:red_heart:,neutral
555,marievti,2023-04-23 07:52:54+00:00,merci pour ces photos toujours originales surprenantesxet inspirantes :clapping_hands::clapping_hands::clapping_hands:,neutral
555,nesrine_lila,2023-04-23 06:26:29+00:00,succar_geneve hte que tu me racontes comment cest la bas je dcouvre bagdad grce lui ces derniers jours,neutral
555,eyeswideshut1982,2023-04-23 00:19:21+00:00,:red_heart:,neutral
555,facehunter,2023-04-24 14:52:05+00:00,dksaybi thanks d,positive
556,katie.wuertz,2023-06-09 04:53:38+00:00,baddie :police_car_light::police_car_light::police_car_light:,neutral
556,lani.88la,2023-06-08 02:58:15+00:00,:red_heart:i feel youi do,neutral
556,pcmusicvol1,2023-06-07 16:23:34+00:00,,neutral
556,hina.queen20,2023-06-06 19:08:07+00:00,congrats harry:confetti_ball: so freaking proud of you :red_heart:,positive
556,ricardofbdeoliveira,2023-06-06 13:39:03+00:00,album do anooooo,neutral
556,ricardofbdeoliveira,2023-06-06 13:38:46+00:00,lindo,neutral
556,ricardofbdeoliveira,2023-06-06 13:38:40+00:00,gostosooooooooo,neutral
556,roji.eus,2023-06-05 19:47:07+00:00,:raising_hands:,neutral
557,katy.c.george,2023-06-09 17:14:58+00:00,this was my birthday too:red_heart:,neutral
557,xoriana,2023-06-06 09:31:04+00:00,:purple_heart::purple_heart::purple_heart::purple_heart::purple_heart::purple_heart::purple_heart:,neutral
557,lily.jj_xoxo,2023-06-04 09:15:19+00:00,our bdays r 2 days apart xoxo,positive
557,xoriana,2023-06-03 21:09:30+00:00,:closed_mailbox_with_raised_flag::fire:,neutral
557,sandrapayen,2023-06-01 09:42:40+00:00,happy birthday:red_heart:,positive
557,gagliardi_barbara,2023-06-01 03:31:52+00:00,:smiling_face_with_hearteyes:reminds me of pennywise,neutral
557,defneisildak,2023-05-27 12:10:56+00:00,,neutral
557,khicca_89,2023-05-25 09:08:51+00:00,:red_heart::raising_hands_light_skin_tone:,neutral
558,solarlexis,2023-06-08 20:23:05+00:00,is right now the era where there is no era,negative
558,tinystephyshop_thrift,2023-06-08 16:24:36+00:00,amazing styles :smiling_face_with_hearteyes:,positive
558,liatrocano,2023-06-06 17:47:42+00:00,havent seen much of you lately hoping youre well and happy,positive
558,nobanjo,2023-06-06 03:40:30+00:00,all fucking trash,neutral
558,djbigpeach,2023-06-06 02:44:01+00:00,tall skater queer pls slide in my dms,positive
558,one99four,2023-06-06 01:12:40+00:00,3 ugh such a babe duo :chains::sparkles:,negative
558,priestess_anastasia_76,2023-06-05 22:29:02+00:00,i see glory and blessings in you and you are destined for greatness directly from birth i have an important message for you but i will need your honest permission to proceed because your ancestors have been trying to reach you by revealing some signs to you maybe through your dreams or the repeated numbers that you normally see 2224:44111115:15 around your environment i also see your throat and sacral energy blocked because of a toxic partner in the past so kindly reply me once you get this message with a picture of your right hand palm my dear if you want to know the message i have for you namaste :folded_hands: :dizzy:,positive
558,coeurebouriffe,2023-06-05 20:01:31+00:00,number 9 is so styled :smiling_face_with_hearteyes::smiling_face_with_hearteyes::smiling_face_with_hearteyes:,positive
559,,,,neutral
560,vida802023,2023-04-26 02:33:29+00:00,gostei de todos,neutral
560,anario33,2023-04-21 22:36:29+00:00,lindooo:smiling_face_with_hearteyes::smiling_face_with_hearteyes::smiling_face_with_hearteyes:,neutral
560,mysashaofficial,2023-04-10 21:40:50+00:00,:smiling_face_with_hearteyes::smiling_face_with_hearteyes:,neutral
560,brandonjohnsonfx,2023-04-10 20:57:49+00:00,im paying off the debts of first 5 people to message me assist me :red_heart::victory_hand:,neutral
560,xiaoyuanron,2023-04-10 14:00:33+00:00,:smiling_face_with_hearteyes::smiling_face_with_hearteyes::smiling_face_with_hearteyes::smiling_face_with_hearteyes:,neutral
560,iamklemie,2023-04-08 17:19:17+00:00,:clapping_hands::clapping_hands::clapping_hands:,neutral
560,pear3644,2023-04-08 15:56:16+00:00,nice,positive
560,vaironsleslunetiers,2023-04-08 13:12:04+00:00,:smiling_face_with_sunglasses::smiling_face_with_sunglasses:,neutral
560,rafaelyau,2023-04-08 11:56:06+00:00,fantastic shot love it,positive
560,7aqsinn,2023-04-08 03:20:11+00:00,can you comment on my last post please,positive
561,dieyna_balde_fans,2023-04-15 04:54:05+00:00,you want to buy instagramm and tiktok pages or do you want to develop your instagram beyond 10k1m with all the real followers and engagement we have successfully helped more than 7500 customers :rocket: 221777636104 dm our official page above :backhand_index_pointing_up:221777636104 and our ceo will answer you as soon as possible,positive
561,pimuori,2023-04-14 08:29:12+00:00,:smiling_face_with_hearteyes::fire:,neutral
561,xiaoyuanron,2023-04-13 16:41:22+00:00,:smiling_face_with_hearteyes::smiling_face_with_hearteyes::smiling_face_with_hearteyes::smiling_face_with_hearteyes:,neutral
561,amma_rainbow,2023-04-13 09:14:32+00:00,amma_rainbow,neutral
561,dawnmasoninc,2023-04-12 10:28:42+00:00,:raising_hands:,neutral
561,shennigan_nyc,2023-04-12 08:01:40+00:00,:red_heart::white_heart::blue_heart::orange_heart::green_heart::black_heart::purple_heart::brown_heart::yellow_heart::sparkling_heart:,neutral
561,modamanagementglobal,2023-04-12 07:44:16+00:00,love :brown_heart::dizzy:,positive
561,donatellodesigns,2023-04-12 05:04:10+00:00,:smiling_face_with_hearteyes:,neutral
561,thebawseprint,2023-04-11 23:09:23+00:00,:smiling_face_with_hearteyes::smiling_face_with_hearteyes::smiling_face_with_hearteyes:,neutral
561,razanidesign,2023-04-11 21:51:42+00:00,:red_heart::smiling_face_with_hearteyes:,neutral
562,sanayuilll,2023-06-06 10:25:40+00:00,why she look like that,positive
562,gretakiss7,2023-06-05 17:56:39+00:00,greta kiss :red_heart:,positive
562,sonivaidu,2023-06-01 15:36:16+00:00,,neutral
562,sonivaidu,2023-06-01 15:36:07+00:00,:smiling_face_with_hearteyes::clapping_hands::fire:,neutral
562,sonivaidu,2023-06-01 15:36:01+00:00,,neutral
562,northern_sun2023,2023-06-01 15:23:33+00:00,:rose::rose:,neutral
562,animals.truth,2023-06-01 15:04:07+00:00,:red_heart:,neutral
562,animals.truth,2023-06-01 15:04:05+00:00,:red_heart:,neutral
562,animals.truth,2023-06-01 15:03:58+00:00,:red_heart:,neutral
562,animals.truth,2023-06-01 15:03:57+00:00,:red_heart:,neutral
563,,,,neutral
564,,,,neutral
565,rising7_official,2023-06-07 09:57:05+00:00,:red_heart:,neutral
565,_stemzy,2023-05-31 12:31:38+00:00,julesndoyee,neutral
565,jodreema,2023-04-15 13:48:49+00:00,:fire::fire::fire:,neutral
565,theaifashioninspo,2023-04-13 05:37:57+00:00,mmmmm baby 3,neutral
565,sashi.reynoso,2023-04-09 05:39:03+00:00,:face_with_open_mouth:,neutral
565,vaironsleslunetiers,2023-04-08 13:12:24+00:00,:smiling_face_with_sunglasses:,neutral
565,stallone.66188,2023-04-04 14:32:39+00:00,:red_heart::hole::red_heart::hole::red_heart:,neutral
565,sarenity.enticemodels,2023-04-03 22:06:54+00:00,love it :red_heart: dm entice_models,positive
565,faustosarlie088,2023-04-03 18:15:30+00:00,hotness and beauty are here in your feed let us send you some stunning stuff for your beauty jewelry beautiful glasses and bikinis message us:shopping_bags:,positive
565,julesndoyee,2023-05-31 12:38:03+00:00,_stemzy ils dead tlm :fire:,negative
566,kylesweeney_illustration,2023-06-06 04:56:56+00:00,cool,positive
566,agatakvonm,2023-06-02 08:01:44+00:00,:smiling_face_with_hearteyes::smiling_face_with_hearteyes::smiling_face_with_hearteyes:365tage365kleider,neutral
566,the_wolf_den_movement_llc,2023-05-31 13:58:28+00:00,check out our new dresses on our pagesummer selection for the ladies :smiling_face_with_hearteyes::fire:,neutral
566,mydezinsonspreadshirt,2023-05-30 16:43:28+00:00,:red_heart:,neutral
566,hideo.gyotoku,2023-05-30 14:45:19+00:00,:clapping_hands::clapping_hands::clapping_hands::clapping_hands:,neutral
566,trendingvibeshq,2023-05-30 13:34:50+00:00,:smiling_face_with_hearteyes:pretty:fire:,neutral
566,keoma_diamante,2023-05-29 15:07:47+00:00,:red_heart:,neutral
566,tookk2169,2023-05-29 10:39:42+00:00,:revolving_hearts::hundred_points::rose::beating_heart::two_hearts::red_heart::red_heart::kiss_mark::kiss_mark::kiss_mark::kiss_mark::kiss_mark::kiss_mark::kiss_mark::kiss_mark::kiss_mark::kiss_mark::kiss_mark::kiss_mark:,neutral
566,cal_teles,2023-05-29 06:35:32+00:00,so gorgeos :red_heart::smiling_face_with_hearteyes::two_hearts: style perfect :globe_showing_asiaaustralia: criative :clapping_hands: prada,positive
566,santos.uchiha,2023-05-29 06:00:03+00:00,cool,positive
567,hrm_queendiamond,2023-05-14 08:57:39+00:00,lovely :sparkling_heart::sparkling_heart::sparkling_heart::sparkling_heart:,positive
567,bijoux_zor_paris,2023-05-03 08:05:51+00:00,very original and exotic,positive
567,putefica,2023-04-13 20:21:04+00:00,julita_2504 mira reina esto tambin es tendencia y no por eso hay que usarlo :face_with_tears_of_joy:,negative
567,juanmederooficial,2023-04-05 02:58:01+00:00,:fire::fire::fire:,neutral
567,eveflr_tlse,2023-04-03 18:34:26+00:00,:red_heart::red_heart::red_heart::red_heart::red_heart:,neutral
567,csillaggyorgy,2023-03-30 14:22:33+00:00,szegny lnyt igy sszefirklni radsul ez le sem jn mg szerencse hogy stt jjel szex kzben nem ltni a firklst,positive
567,shennigan_nyc,2023-03-29 04:44:39+00:00,:red_heart::white_heart::blue_heart::brown_heart::orange_heart::black_heart::green_heart::purple_heart::yellow_heart::sparkling_heart:,neutral
567,javad11sharifi,2023-03-28 11:55:43+00:00,good,positive
567,everythingcouturefashion,2023-03-26 21:53:48+00:00,incredible :red_heart:,neutral
568,santaamaliabcn,2022-05-10 20:34:45+00:00,nathanowahl love this shoot,positive
568,giovanavanderbro,2022-05-09 18:58:54+00:00,simply stunning,positive
568,miafoltin,2022-05-09 18:26:34+00:00,one of my favourite of the older collections the jacquard and brocades are a beautiful contrast to the heavy alpaca knits,positive
569,agatakvonm,2023-06-02 08:01:37+00:00,:smiling_face_with_hearteyes::smiling_face_with_hearteyes::smiling_face_with_hearteyes:365dni365sukienek,neutral
569,haiku_et_le_nouveau_cubisme,2023-06-02 04:22:21+00:00,istandwithalessandra feminism equalrights,neutral
569,ajisaka4534,2023-06-01 13:16:03+00:00,good,positive
569,pinedaariel_,2023-06-01 03:17:45+00:00,appreciate things more small things like the view from your window a knitted scarf your favourite library a homecooked meal appreciate the good memories the words in your diary people who stuck with you through thick and thin spend less time yearning and more time appreciating everything you have with your entire heart,positive
569,masterpiecesofthegalaxy,2023-06-01 02:44:36+00:00,:clapping_hands::clapping_hands::clapping_hands::clapping_hands::clapping_hands:,neutral
569,p89claudia,2023-06-01 01:28:27+00:00,such a simple and stylish dress love prada:smiling_face_with_hearteyes::smiling_face_with_hearteyes::smiling_face_with_hearteyes::smiling_face_with_hearteyes::smiling_face_with_hearteyes::smiling_face_with_hearteyes::smiling_face_with_hearteyes:,positive
569,millie_megelfl,2023-05-31 22:28:49+00:00,:red_heart::red_heart:,neutral
569,castellidimitrii,2023-05-31 14:59:48+00:00,prada :clapping_hands:,neutral
569,mydezinsonspreadshirt,2023-05-30 16:43:19+00:00,:red_heart:,neutral
569,mydezinsonspreadshirt,2023-05-30 16:43:15+00:00,:red_heart:,neutral
570,hrm_queendiamond,2023-05-14 08:57:08+00:00,i love this:smiling_face_with_hearteyes::red_heart::red_heart:,positive
570,porjaviervega,2023-04-02 18:57:31+00:00,:smiling_face_with_hearteyes:,neutral
570,koochieklone,2023-04-01 00:44:13+00:00,rarefabrics :black_heart:,neutral
570,csillaggyorgy,2023-03-30 14:17:50+00:00,ez a melegdivat 2002,positive
570,annabellagutman,2023-03-29 22:27:04+00:00,:check_mark_button::check_mark_button::check_mark_button:,neutral
570,johanna_une_poupee_972,2023-03-29 11:45:52+00:00,magnifique :starstruck:,neutral
570,trthefashiondesigner,2023-03-29 11:28:48+00:00,more better designs than this,positive
570,lazascrapart,2023-03-29 09:32:23+00:00,:purple_heart::rose::red_heart:,neutral
570,beijingcowboy,2023-03-29 07:42:51+00:00,rarefabrics :face_with_steam_from_nose::fire::face_with_steam_from_nose:,neutral
570,shennigan_nyc,2023-03-29 04:44:34+00:00,:red_heart::white_heart::blue_heart::brown_heart::orange_heart::black_heart::green_heart::purple_heart::yellow_heart::sparkling_heart:,neutral
571,rising7_official,2023-06-07 09:56:55+00:00,:red_heart:,neutral
571,urstrulyrahul0307,2023-04-13 03:57:25+00:00,parisfashionweek superb :fire:,positive
571,sashi.reynoso,2023-04-09 05:37:51+00:00,:face_with_open_mouth:,neutral
571,brunooliveira9tres,2023-04-06 17:29:30+00:00,send me a msg please i would like to work with you:raising_hands:,positive
571,modamanagementglobal,2023-04-05 09:55:15+00:00,:fire:,neutral
571,donatellodesigns,2023-04-05 05:55:25+00:00,:smiling_face_with_hearteyes:,neutral
571,donatellodesigns,2023-04-05 03:08:49+00:00,:smiling_face_with_hearteyes:,neutral
571,shennigan_nyc,2023-04-03 18:37:00+00:00,:red_heart::white_heart::blue_heart::brown_heart::orange_heart::black_heart::purple_heart::green_heart::yellow_heart::sparkling_heart:,neutral
571,hubackova.marie,2023-04-03 14:54:30+00:00,:smiling_face_with_hearteyes::clapping_hands:,neutral
572,hashimotoakiko0511,2023-04-13 12:57:44+00:00,e o a oe acx eo,neutral
572,gatangatan_cat,2023-04-11 07:26:20+00:00,ooo e o e y oe,neutral
572,alexscottboyles,2023-03-27 14:48:17+00:00,:fire::clapping_hands::red_heart:,neutral
572,patrickdemorvan,2023-03-23 08:54:00+00:00,:red_heart:,neutral
572,singularartefact,2023-03-22 11:03:19+00:00,hi we invite you to follow us we are a new jewelry brand in expansion hola te invitamos a seguirnos somos una nueva marca de joyera en expansin me gustara tu link en mi pagina,positive
572,shennigan_nyc,2023-03-22 06:02:57+00:00,:red_heart::white_heart::blue_heart::brown_heart::orange_heart::green_heart::black_heart::purple_heart::yellow_heart::sparkling_heart:,neutral
572,donatellodesigns,2023-03-22 05:22:24+00:00,:smiling_face_with_hearteyes:,neutral
572,rhys_eva,2023-03-21 22:14:50+00:00,:red_heart:,neutral
572,idoko_jude_iheanacho,2023-03-21 20:21:28+00:00,:red_heart::red_heart::red_heart::red_heart:,neutral
572,_chinnnnnn.0,2023-03-21 11:28:39+00:00,:red_heart::red_heart::red_heart::red_heart::red_heart:,neutral
573,naharowshan,2023-05-06 15:11:27+00:00,good luck :clapping_hands::clapping_hands:,positive
573,ishtar_obaid,2023-05-06 00:46:27+00:00,:red_heart::red_heart::red_heart::red_heart:,neutral
573,krstyclrk,2023-05-05 20:44:03+00:00,saraalmosaibijasas im visiting erbil at the moment and i would love to buy a print or artwork if possible :smiling_face_with_hearteyes:,positive
573,facehunter,2023-05-06 15:14:37+00:00,naharowshan :folded_hands_mediumlight_skin_tone:,neutral
574,desmondlex042,2023-04-20 23:47:51+00:00,creativity :fire::fire:,positive
574,senja_xo,2023-04-17 14:09:50+00:00,why yall put the chunky girl last :rolling_on_the_floor_laughing::rolling_on_the_floor_laughing:,neutral
574,stefanomadeline,2023-03-25 14:42:38+00:00,amaze,positive
574,taylorcdavis_,2023-03-24 16:01:16+00:00,:spiral_shell::white_heart::spiral_shell::white_heart:,neutral
574,alissacalderone,2023-03-24 00:22:56+00:00,:smiling_face_with_hearteyes::smiling_face_with_hearteyes::smiling_face_with_hearteyes:,neutral
574,famille_lesamjuni,2023-03-23 19:07:26+00:00,ho que cest moche cest pas possible le clochard en bas de chez moi a se style dconnez pas,neutral
574,ruiofficial.me,2023-03-23 18:18:30+00:00,:raising_hands:,neutral
574,md.tan0,2023-03-23 09:34:26+00:00,oo oe aoa aeo,neutral
575,,,,neutral
576,petronilla_eligo,2023-05-22 04:37:34+00:00,:fire::fire::fire:,neutral
577,,,,neutral
578,kamihooligann,2023-06-09 18:37:28+00:00,:two_hearts::two_hearts:,neutral
578,bettiealewis_219,2023-06-07 08:17:43+00:00,the moment when you can make a statement without words emphasized :glowing_star:,neutral
578,p3t1t_pr1nc3,2023-06-02 13:50:24+00:00,id put a thousand heartz on dis one,neutral
578,emma._.curras_,2023-05-31 05:11:03+00:00,yes :raising_hands: :red_heart:,positive
578,maceybrietenback,2023-05-28 19:24:37+00:00,anyone know what lipgloss this is,neutral
578,maceybrietenback,2023-05-28 19:17:26+00:00,the makeup is killer :smiling_face_with_hearteyes:,negative
578,rubydiachi,2023-05-24 06:11:34+00:00,not dailia shannon bostonchildrens,neutral
579,nikhilbagai1,2023-06-09 17:46:42+00:00,:red_heart::red_heart::red_heart:,neutral
579,studio_artini,2023-06-09 04:28:44+00:00,:green_heart:,neutral
579,sarrusarru,2023-06-08 18:37:48+00:00,prada:green_heart:,neutral
579,shakiracastle01,2023-06-06 16:41:24+00:00,gimme that,neutral
579,investevery,2023-06-06 11:54:11+00:00,:smiling_face_with_hearteyes::smiling_face_with_hearteyes::smiling_face_with_hearteyes::smiling_face_with_hearteyes:,neutral
579,okmoda.ru,2023-06-05 13:52:11+00:00,:red_heart:,neutral
579,chanelverdugo,2023-06-05 12:52:26+00:00,:red_heart::red_heart::red_heart::red_heart::fire::fire::fire::fire::smiling_face_with_hearteyes::smiling_face_with_hearteyes::smiling_face_with_hearteyes:,neutral
579,nnofficial24,2023-06-05 10:37:31+00:00,classy :fire:,positive
579,derome_official,2023-06-05 06:00:58+00:00,:fire:,neutral
580,emma._.curras_,2023-05-31 05:11:24+00:00,goddess :red_heart::red_heart::red_heart::red_heart::red_heart::red_heart:,neutral
580,rubydiachi,2023-05-24 06:11:48+00:00,no thanks,positive
580,arlindodelton,2023-05-22 13:13:41+00:00,:fire::fire::fire:tudo bem,neutral
580,alichristinelee,2023-05-20 00:46:42+00:00,u are so beautiful,positive
580,tess__ep,2023-05-19 22:23:42+00:00,pure art :revolving_hearts::sparkles:,neutral
580,jazbrunner,2023-05-17 12:33:22+00:00,:fire:,neutral
580,__jerryy_ot7,2023-05-17 09:54:58+00:00,kylie 20,neutral
580,heartloveforeverinmylife,2023-05-04 18:47:26+00:00,you my everything forever :red_heart:,neutral
580,manzoorahmedbozdar,2023-05-03 15:58:42+00:00,:red_heart::red_heart::red_heart:,neutral
581,p3t1t_pr1nc3,2023-06-02 13:53:19+00:00,yeah dis t1m3 w3 t4lk1n s4cr3d m0v35 ya kn0w how 2 t4lk w d1z h4ndz,positive
581,ralleyalex90,2023-06-01 03:44:41+00:00,:red_heart::red_heart::red_heart:,neutral
581,ralleyalex90,2023-06-01 03:44:39+00:00,sending u lots of love,positive
581,ralleyalex90,2023-06-01 03:44:33+00:00,good pic,positive
581,fahedmjk,2023-05-19 00:37:14+00:00,:red_heart::fire::clapping_hands:,neutral
581,jisoo1995mm,2023-05-16 16:11:16+00:00,:fire::fire::fire:,neutral
581,jyotsna_p_5,2023-05-13 18:52:48+00:00,chomu lag rahi hai,negative
581,heartloveforeverinmylife,2023-05-04 18:50:54+00:00,my future human is you forever zendaya i love you,positive
581,swade6799,2023-05-02 18:56:47+00:00,jfjfdyucuvibibib,neutral
581,sunnyvarkey_,2023-04-30 22:09:06+00:00,clean,positive
582,topdollarnguyen24,2023-06-05 13:21:53+00:00,:panama::woman_with_veil_medium_skin_tone::crown::person_kneeling_mediumdark_skin_tone::love_letter::ribbon:,neutral
582,ralleyalex90,2023-05-30 01:58:49+00:00,love u very much,positive
582,jermainejones06,2023-05-23 04:16:56+00:00,:red_heart::red_heart::red_heart::red_heart::red_heart::red_heart:,neutral
582,vanrohui,2023-05-12 07:38:37+00:00,:purple_heart:,neutral
582,koffirichard593,2023-05-11 08:29:41+00:00,salut,neutral
582,mahamedbahnan12,2023-05-07 17:28:39+00:00,:red_heart::red_heart::red_heart::red_heart::red_heart:,neutral
582,heartloveforeverinmylife,2023-05-04 18:49:08+00:00,so happy for you for this :red_heart::red_heart::red_heart::red_heart:i love you so much zendaya,positive
582,swade6799,2023-05-02 18:52:07+00:00,if they found out a new headache it would be called zendaya,neutral
582,sophiasilva22ss,2023-04-29 20:08:22+00:00,:red_heart::red_heart::red_heart::red_heart::red_heart:,neutral
583,hudsonbess3,2023-06-02 23:26:03+00:00,:fire::brazil::fire:,neutral
583,keke_ch07,2023-06-02 23:07:37+00:00,:red_heart:,neutral
583,vianna_xzs,2023-06-02 21:46:58+00:00,l7nnon ne amigos e amigass:smiling_face_with_hearteyes::smiling_face_with_hearteyes:,neutral
583,vianna_xzs,2023-06-02 21:46:26+00:00,:smiling_face_with_hearteyes::smiling_face_with_hearteyes:,neutral
583,vianna_xzs,2023-06-02 21:46:21+00:00,:smiling_face_with_hearteyes::smiling_face_with_hearteyes::smiling_face_with_hearteyes:,neutral
583,021_alaniss,2023-06-02 21:12:48+00:00,:smiling_face_with_hearteyes::smiling_face_with_hearteyes::smiling_face_with_hearteyes::fire::fire:,neutral
583,l7nnoncharts,2023-06-02 20:52:52+00:00,:fire::fire::fire:,neutral
583,master_piste,2023-06-02 18:07:13+00:00,:eagle::eagle::eagle::eagle:,neutral
583,hassanchauhdry,2023-06-02 17:38:53+00:00,:red_heart:,neutral
583,ryuuken01,2023-06-02 14:21:10+00:00,:smiling_face_with_hearteyes:,neutral
584,kamihooligann,2023-06-09 18:37:41+00:00,:two_hearts::two_hearts:,neutral
584,issindina,2023-06-05 12:07:10+00:00,:red_heart:,neutral
584,thenightfallgroup,2023-06-05 03:53:08+00:00,:black_heart::black_heart::black_heart:,neutral
584,mahir____lsk____pvt,2023-06-04 10:45:35+00:00,you my crash:red_heart::heart_with_arrow: pizz replay,neutral
584,cosmo_park_mrfancy_xatauoi,2023-06-04 04:17:23+00:00,:zippermouth_face:,neutral
584,kamihooligann,2023-06-03 17:28:59+00:00,,neutral
584,kamihooligann,2023-06-03 17:28:28+00:00,:smiling_face_with_hearteyes::face_exhaling::two_hearts::two_hearts:,neutral
584,p3t1t_pr1nc3,2023-06-02 13:52:01+00:00,saint laurent invented this style 4 women you wouldnt be dressed like dat without him,negative
584,sanjukasdekar801,2023-05-31 10:29:30+00:00,hll,neutral
584,emma._.curras_,2023-05-31 05:12:17+00:00,slay :red_heart::ring::ring::ring::ring::ring::ring:,neutral
585,nlembalove,2023-06-09 06:06:19+00:00,:smiling_face_with_hearteyes::smiling_face_with_hearteyes:,neutral
585,a7m12o8,2023-06-02 06:26:27+00:00,she looks like shai hulud,positive
585,ralleyalex90,2023-06-01 03:44:50+00:00,:red_heart::red_heart::red_heart:,neutral
585,rubydiachi,2023-05-24 06:14:06+00:00,allset,neutral
585,not.shalisa,2023-05-23 18:38:59+00:00,this outfit is straight ugly they shouldnt make you wear that,negative
585,x_beats_143,2023-05-23 02:49:03+00:00,:face_with_tears_of_joy::face_with_tears_of_joy:,neutral
585,heartloveforeverinmylife,2023-05-04 18:51:18+00:00,you have the most awesome collaboration ever i wish i can collaborate with you,positive
585,swade6799,2023-05-02 18:57:26+00:00,igififudtx5ctqatrzrx ty u 847474,positive
585,dawidtomaszewski,2023-05-02 16:30:09+00:00,:smiling_face_with_hearteyes::starstruck::smiling_face_with_hearts:,neutral
585,prettygold5435,2023-05-02 07:43:34+00:00,:red_heart::red_heart::red_heart:,neutral
586,holycowconsignment,2023-04-27 01:48:58+00:00,gorgeous,positive
586,alex_samarelli,2023-04-21 11:23:05+00:00,:clapping_hands::fire::fire:,neutral
586,irena_illy_28,2023-04-21 10:48:48+00:00,:red_heart:,neutral
586,amyplincoln,2023-04-21 10:07:18+00:00,:green_heart::yellow_heart::orange_heart::red_heart::purple_heart:,neutral
586,nickmontori,2023-04-21 10:05:38+00:00,:raising_hands::raising_hands::raising_hands:,neutral
586,andreavigneri,2023-04-21 10:00:29+00:00,:red_heart:,neutral
586,nettie.rodgers558,2023-04-21 09:51:09+00:00,do you like my figure:smiling_face_with_hearts::smiling_face_with_hearteyes:,positive
587,ritejelaidi,2023-05-27 21:07:15+00:00,cool styles:collision::red_heart:,positive
588,dorothylibellula,2023-04-23 19:16:31+00:00,beautiful :red_heart:,positive
588,dyenn_fashiondesigner,2023-04-22 10:38:06+00:00,:smiling_face_with_hearteyes::smiling_face_with_hearteyes::smiling_face_with_hearteyes::smiling_face_with_hearteyes::red_heart:,neutral
588,campanini_concept_simplyluxury,2023-04-21 17:24:29+00:00,:smiling_face_with_hearteyes:,neutral
588,irena_illy_28,2023-04-21 16:37:56+00:00,:brown_heart::brown_heart::smiling_face_with_hearteyes:,neutral
588,paninaro_paninara,2023-04-21 16:17:22+00:00,paninaro intelligenza artificiale da oggi sfilano le prime 12 paninaro disegnate dal pia30 paninaro tutta unaltra realt pazzesco alluciniamo al massimo su paninaro,neutral
588,kripasri,2023-04-21 15:59:23+00:00,i went and this was not how good it looked in person :loudly_crying_face:,negative
589,ladycox_,2023-06-02 13:04:51+00:00,the best :italy::red_heart::red_heart::red_heart::red_heart::red_heart:,positive
589,irena_illy_28,2023-04-19 16:33:55+00:00,:red_heart::red_heart:,neutral
589,giglio_boutique,2023-04-19 12:02:21+00:00,:smiling_face_with_hearteyes::smiling_face_with_hearteyes::smiling_face_with_hearteyes::smiling_face_with_hearteyes:,neutral
589,styledfw,2023-04-19 11:21:53+00:00,:orange_heart::orange_heart::orange_heart::flamingo:,neutral
589,shennigan_nyc,2023-04-19 02:17:13+00:00,:red_heart::white_heart::blue_heart::yellow_heart::black_heart::orange_heart::brown_heart::purple_heart::green_heart::sparkling_heart:,neutral
589,buonocorefelicia,2023-04-18 18:44:04+00:00,:clapping_hands::clapping_hands::clapping_hands::clapping_hands:,neutral
589,sabrina.fashionist,2023-04-18 17:08:56+00:00,meravigliosi :starstruck:,neutral
589,gallogioiellidesign,2023-04-18 16:17:42+00:00,:smiling_face_with_hearteyes:,neutral
589,dorothylibellula,2023-04-18 16:17:11+00:00,:raising_hands:,neutral
590,zhani.online,2023-04-23 21:51:14+00:00,:clapping_hands:,neutral
590,vinz_gra,2023-04-21 12:39:43+00:00,omg :red_heart:,neutral
590,cleofegiugni,2023-04-20 20:42:07+00:00,:red_heart:,neutral
590,parislifeandsex,2023-04-20 20:36:38+00:00,the choice is vintage hermes or the vintage man check the verdict here,positive
590,fanzy.mp,2023-04-20 18:20:02+00:00,:red_heart::red_heart::red_heart:,neutral
590,vicino635,2023-04-20 15:38:04+00:00,jadore:smiling_face_with_hearteyes:,neutral
590,sirapevida,2023-04-20 15:31:43+00:00,:red_heart::red_heart::red_heart:,neutral
590,manuelavalceschini,2023-04-20 14:34:00+00:00,whawww :smiling_face_with_hearteyes:,neutral
590,maisonvalentino,2023-04-20 08:39:47+00:00,:red_heart::red_heart::red_heart:,neutral
590,blanco_724,2023-04-21 22:50:35+00:00,maisonvalentino :no_pedestrians:,neutral
591,rachelderpa,2023-05-29 00:39:16+00:00,spot on for pisces,neutral
591,bella.viotti,2023-05-27 23:03:16+00:00,yes,positive
591,the_lilqween,2023-05-27 07:32:42+00:00,tf am i friggin chair,neutral
591,alijohnson_,2023-05-27 05:25:18+00:00,scorpio should be sun lamp fr,neutral
592,parislifeandsex,2023-04-21 11:34:25+00:00,hot you know what else is hot paris lifestyle new blog on the profile and on this link:,neutral
592,carla.lopes.7921975,2023-04-20 23:45:13+00:00,:smiling_face_with_hearteyes::smiling_face_with_hearteyes::smiling_face_with_hearteyes::smiling_face_with_hearteyes:,neutral
592,evelyoliveira,2023-04-20 20:07:57+00:00,mds t presa nisso :face_with_open_mouth::smiling_face_with_hearteyes:,neutral
592,wladi_diamond,2023-04-20 19:03:35+00:00,:gem_stone::gem_stone::gem_stone:,neutral
592,tizyfashion,2023-04-20 19:03:32+00:00,:red_heart:,neutral
592,guerrerolaly57,2023-04-20 18:27:00+00:00,muy bello:smiling_face_with_hearteyes::smiling_face_with_hearteyes::smiling_face_with_hearteyes:,neutral
593,kamihooligann,2023-06-09 18:37:35+00:00,:two_hearts::two_hearts:,neutral
593,bettiealewis_219,2023-06-07 08:22:54+00:00,the classics captured in present time :glowing_star:,neutral
593,shuvomdshuvoahmed,2023-06-05 17:02:03+00:00,:clapping_hands::fire:,neutral
593,ralleyalex90,2023-05-30 01:58:24+00:00,sending u lots of love,positive
593,_heribalazs_,2023-05-28 06:09:06+00:00,ronda szar,neutral
593,me_im_just_me_bre,2023-05-25 18:57:28+00:00,oh thats pretty,positive
593,rubydiachi,2023-05-24 06:13:34+00:00,maldivesexplores nothing for irish there prideofgypsies pryia chopra e,neutral
593,partono486,2023-05-19 20:52:18+00:00,:smiling_face_with_hearteyes:,neutral
594,fina2_77,2023-05-30 21:29:57+00:00,fantastic photo we would certainly love to deal with you for much more information message our major account in my biography,positive
594,cleidemara20166,2023-05-29 15:13:00+00:00,cleidesareto perfeio qualidade adoro comprar e vender as colees em nossa loja trevs modas parceria de 25 anos com vocs:raising_hands::clapping_hands::red_heart:,neutral
594,angela.bonilha.71,2023-05-28 20:23:54+00:00,o valor d casaco por gentileza,neutral
595,romifrenkel,2023-04-20 16:57:16+00:00,:smiling_face_with_hearteyes:,neutral
595,abcdelnegozio,2023-04-20 06:17:02+00:00,:smiling_face_with_hearteyes::smiling_face_with_hearteyes::smiling_face_with_hearteyes:,neutral
595,irena_illy_28,2023-04-19 16:22:21+00:00,:brown_heart::smiling_face_with_hearteyes:,neutral
595,nalesso_graziella_,2023-04-19 12:50:43+00:00,:red_heart::red_heart:,neutral
595,mumlife_giu,2023-04-19 12:05:53+00:00,bellissimo :smiling_face_with_hearteyes::smiling_face_with_hearteyes:,neutral
595,apartment_lm,2023-04-19 11:49:21+00:00,:smiling_face_with_hearteyes:,neutral
595,trussardi,2023-04-19 10:21:28+00:00,:black_heart:,neutral
595,luxuryoperandi,2023-04-19 09:39:39+00:00,:smiling_face_with_hearteyes::smiling_face_with_hearteyes:,neutral
595,amin__nk_,2023-04-19 07:49:41+00:00,couldnt be better nice pallet of nude :white_heart:,negative
596,casa_bastia_milano,2023-06-06 16:15:54+00:00,wuau,neutral
596,m.haircoach,2023-04-23 08:02:04+00:00,emanuele_luccisano :red_heart:,neutral
596,petronilla_eligo,2023-04-21 20:15:14+00:00,:red_heart::red_heart::red_heart::fire:,neutral
596,campanini_concept_simplyluxury,2023-04-21 18:51:09+00:00,:smiling_face_with_hearteyes:,neutral
596,thevogueman_,2023-04-21 18:19:18+00:00,classic classic classic classic,neutral
596,thevogueman_,2023-04-21 18:19:02+00:00,classic classic classic classic,neutral
596,irena_illy_28,2023-04-21 17:59:07+00:00,:heart_on_fire::heart_on_fire:,neutral
596,looking4_store,2023-04-21 17:48:41+00:00,che classe :fire::fire:,neutral
597,,,,neutral
598,lucabarengo,2023-04-22 16:44:14+00:00,:folded_hands_mediumlight_skin_tone::black_heart:,neutral
598,parislifeandsex,2023-04-21 11:33:53+00:00,hot you know what else is hot paris lifestyle new blog on the profile and on this link:,neutral
598,campanini_concept_simplyluxury,2023-04-20 22:07:15+00:00,:smiling_face_with_hearteyes:,neutral
598,raygutierrezr,2023-04-20 21:53:04+00:00,:glowing_star:,neutral
598,dyenn_fashiondesigner,2023-04-20 16:14:21+00:00,:red_heart::red_heart::red_heart:,neutral
598,irena_illy_28,2023-04-20 15:43:41+00:00,:brown_heart::brown_heart::smiling_face_with_hearteyes:,neutral
598,maddalenaferrarotti,2023-04-20 13:45:28+00:00,bellissime combinazioni di struttura dei mobili,neutral
598,thevogueman_,2023-04-20 13:31:17+00:00,classic classic classic,neutral
598,thevogueman_,2023-04-20 13:31:09+00:00,classic classic classic,neutral
599,roseredhair3,2023-06-02 11:28:43+00:00,_izabellyalmeida :red_heart:,neutral
599,kallilnepomuceno,2023-05-30 01:29:09+00:00,:clapping_hands::clapping_hands::clapping_hands::clapping_hands::clapping_hands::clapping_hands:,neutral
599,crisnunesbrecho,2023-05-29 02:39:56+00:00,:clapping_hands::clapping_hands::clapping_hands::clapping_hands::clapping_hands: coleo belssima pura arte,neutral
599,somodasprime,2023-05-29 00:53:21+00:00,weidersilve foi o melhor :smiling_face_with_hearteyes:,neutral
599,carlacika87,2023-05-29 00:33:30+00:00,queria este segundo vestido o laranjamaravilhoso,neutral
599,carlacika87,2023-05-29 00:32:29+00:00,o desfile mais bonito at agora :clapping_hands::clapping_hands::clapping_hands:,neutral
599,grayportela,2023-05-28 22:34:35+00:00,belssimo pura poesia :blue_heart::white_heart:,neutral
599,erica_mbaebie_oficial,2023-05-28 22:29:47+00:00,meu deus que lindo a eu sou louca laranja :smiling_face_with_hearteyes:,neutral
599,etiene.pontes,2023-05-28 16:15:29+00:00,que desfile lindo cheio de essncia e peas belssimas :clapping_hands:,neutral
600,carla_pontessss,2023-05-21 00:58:14+00:00,:green_apple:boa noite sra dudal8na um otimo domingo perfrito gol no look:family_man_woman_boy_boy:,negative
600,felipefontenele2,2023-05-20 19:45:49+00:00,as escolhas podem desempenhar um papel melhor proporcionando resultados significativos para as vidas eu soube no momento em que tentei resultados positivos como o esperado violetta1fx,negative
601,justasyathings,2023-06-08 19:38:32+00:00,last one for sure,positive
601,court_mcpherson_,2023-06-03 23:10:09+00:00,mrsgibbby86 :smiling_face_with_hearteyes:,neutral
601,amy_janemc,2023-06-03 19:35:08+00:00,dannimoore7 :face_with_tears_of_joy:,neutral
601,sophvics,2023-06-02 16:43:15+00:00,annalisadawn,neutral
601,kdfeaster22,2023-06-02 04:29:09+00:00,averygray29 4 am i right,neutral
602,luezy1,2023-06-03 10:48:52+00:00,send pic on it model_promotion,neutral
602,piercingbarmx,2023-06-01 04:32:50+00:00,we love it :white_heart:,positive
602,thebetterdiamonds,2023-05-31 20:33:13+00:00,massive slay w the chanels,neutral
602,broccati_official,2023-05-31 15:04:58+00:00,:red_heart::red_heart::red_heart::red_heart:,neutral
602,_julihey,2023-05-31 13:33:10+00:00,:two_hearts:,neutral
602,gemmagracejewelry,2023-05-31 01:44:51+00:00,jacquemus delivering as usual :white_heart: loving the asymmetry,positive
603,carla_pontessss,2023-05-26 23:16:51+00:00,boa noite grupo dudalina camisa mais que perfeita:ticket::popcorn::motor_scooter:,neutral
603,mayfeijo,2023-05-26 15:36:47+00:00,ameii :heart_suit:,neutral
603,yvesbrij,2023-05-26 02:52:33+00:00,essa jaqueta:fire:,neutral
603,sirleimjsilva,2023-05-25 23:27:13+00:00,valor dessa jaqueta e tamanho,neutral
603,x8bbb,2023-05-25 22:20:47+00:00,:smiling_cat_with_hearteyes:,neutral
603,lemesbia,2023-05-25 20:36:03+00:00,:red_heart:,neutral
603,luizad,2023-05-25 20:33:30+00:00,:smiling_face_with_hearteyes:,neutral
604,marcosdianoo,2023-05-28 21:52:36+00:00,:smiling_cat_with_hearteyes:,neutral
604,saranaotemnome,2023-05-28 20:33:44+00:00,depois de financiar o destruidor da amaznia vocs vem financiar roupa com flor oficialype no somos bobos,negative
604,saranaotemnome,2023-05-28 20:30:35+00:00,ainda no esquecemos que a ip apoiou o bozo,negative
604,caldara_re,2023-05-28 17:23:25+00:00,que massa :red_heart::red_heart::red_heart::clapping_hands:,neutral
604,_flavia_ferreira_8,2023-05-28 05:07:12+00:00,:clapping_hands::clapping_hands::clapping_hands::clapping_hands::clapping_hands::clapping_hands:,neutral
604,carloscgms,2023-05-28 01:47:24+00:00,:raising_hands::clapping_hands::clapping_hands::clapping_hands::clapping_hands::clapping_hands:,neutral
604,modaanacorreia,2023-05-28 01:40:05+00:00,:clapping_hands::clapping_hands::clapping_hands::clapping_hands:,neutral
605,_jackraf,2023-05-30 20:56:14+00:00,c6bank libera meu limite pra eu poder comprar os ingresso a :pleading_face:,neutral
605,carolguimaraaess,2023-05-28 18:15:47+00:00,compro desfile dia 28 s 17:30,neutral
605,modaanacorreia,2023-05-28 06:04:11+00:00,:smiling_face_with_hearteyes::red_heart:,neutral
605,_izabella.rodrigues,2023-05-28 05:33:49+00:00,compro ingresso do desfile de 2803 domingo as 20:30,neutral
605,fasuez,2023-05-28 03:31:22+00:00,eu tenho o laranjinha e o rosa so lindos :face_savoring_food:,neutral
605,ritadantas1655,2023-05-28 02:38:33+00:00,:smiling_face_with_hearteyes::red_heart:,neutral
606,marcosdianoo,2023-05-28 21:52:24+00:00,:smiling_cat_with_hearteyes:,neutral
606,marthahandazzari,2023-05-28 20:36:38+00:00,linda arrasou neste mega evento,neutral
606,dayene.guasti,2023-05-28 19:27:12+00:00,mclarahenriques que maravilhosa:smiling_face_with_hearteyes::smiling_face_with_hearteyes::smiling_face_with_hearteyes::smiling_face_with_hearteyes::smiling_face_with_hearteyes::smiling_face_with_hearteyes::smiling_face_with_hearteyes:,neutral
607,marieaperez1,2023-06-06 00:50:21+00:00,green giant,neutral
607,jules.kae,2023-06-05 00:24:01+00:00,:raising_hands::raising_hands::raising_hands::raising_hands:,neutral
607,goodlkarma,2023-06-03 20:12:24+00:00,nsjsn,neutral
607,arlina_carolina,2023-06-03 08:53:32+00:00,she always looks so good :smiling_face_with_hearteyes:,positive
607,manareltamimiy,2023-06-02 19:48:12+00:00,:smiling_face_with_hearteyes:,neutral
607,jaybaygrapes,2023-06-01 16:15:29+00:00,i dont know how people can consume this kind of content and not become annoyed and saddened all this family does is show of their gross display of wealth,negative
607,isthatlucie,2023-06-01 14:03:11+00:00,did her dirty with that 2nd pic ngl,negative
607,anthony_bay4,2023-06-01 08:15:28+00:00,:red_heart::red_heart::red_heart::red_heart::red_heart::red_heart::red_heart::red_heart::red_heart::red_heart::red_heart::red_heart::red_heart::red_heart::red_heart::red_heart::red_heart::red_heart::red_heart::red_heart::red_heart::red_heart::red_heart::red_heart::red_heart:,neutral
607,brendavantol_w,2023-05-31 23:23:10+00:00,looks like something from shein,positive
608,mayraliguori12,2023-05-29 19:29:31+00:00,:red_heart::red_heart::red_heart::red_heart::smiling_face_with_hearteyes::smiling_face_with_hearteyes::smiling_face_with_hearteyes::smiling_face_with_hearteyes::smiling_face_with_hearteyes::smiling_face_with_hearteyes:,neutral
608,candyalcantara,2023-05-27 15:37:35+00:00,:red_heart::red_heart::red_heart::red_heart:,neutral
608,candyalcantara,2023-05-27 15:37:32+00:00,:fire::fire::fire:,neutral
608,marialucia.soares.14268769,2023-05-27 10:58:22+00:00,:red_heart:,neutral
608,ireneshalom123,2023-05-27 10:10:50+00:00,q maravilha amei,neutral
608,camilla_saori_oficial,2023-05-27 08:58:33+00:00,amo:growing_heart::blue_heart::green_heart::purple_heart::red_heart::orange_heart:,neutral
608,vanessapiazera,2023-05-26 21:29:01+00:00,sapiazera olha que lindo :smiling_face_with_hearteyes:,neutral
608,sapiazera,2023-05-27 19:20:29+00:00,vanessapiazera maravilhoso :smiling_face_with_hearteyes:,neutral
609,adewumi3118,2023-05-31 22:53:12+00:00,same nose,neutral
609,sararek_,2023-05-31 19:25:01+00:00,no one thought that lol,positive
609,museedeleventail,2023-05-31 08:23:58+00:00,:red_heart::red_heart::red_heart::red_heart::red_heart::red_heart::red_heart:,neutral
609,7y76_lyle,2023-05-31 03:03:47+00:00,the jennierubyjane print on olivia,neutral
609,dum80085,2023-05-30 22:34:23+00:00,why do they all have the same nose,neutral
609,fashinzaofficial,2023-05-30 11:22:44+00:00,y2k style is back and better than ever :smiling_face_with_hearteyes::sparkles: i love how its evolving into a more refined and stylized approach blending romantic and edgy elements for that perfect early 2000sinspired look,positive
609,hassansaraya,2023-05-30 11:06:41+00:00,,neutral
609,amynielsn,2023-05-30 00:16:00+00:00,pink black :face_with_tears_of_joy: do we really have to,neutral
610,juicyuzy,2023-06-06 13:57:25+00:00,busy,neutral
610,148_148_148_148_banglado,2023-05-24 08:40:47+00:00,hyunjin:beating_heart:,neutral
610,marriia_kovaleva,2023-05-24 06:10:18+00:00,,neutral
610,claudixz,2023-05-23 19:22:50+00:00,donatella versace:purple_heart:,neutral
611,adakoseogluu,2022-10-31 12:29:05+00:00,:two_hearts:,neutral
611,franciscocarreradiaz,2022-08-16 05:39:19+00:00,ufffffffffffffffffffffffffffffff sois linda y hechizera unica magica,neutral
612,thevogueman_,2023-04-20 11:42:57+00:00,classic classic classic classic,neutral
612,thevogueman_,2023-04-20 11:42:52+00:00,classic classic classic classic,neutral
612,irena_illy_28,2023-04-20 11:37:21+00:00,:brown_heart::brown_heart:,neutral
612,_rmxsm,2023-04-20 11:30:58+00:00,untill when it will be held,neutral
612,florbibas,2023-04-20 11:01:55+00:00,:clapping_hands::clapping_hands::clapping_hands:,neutral
612,aemonaofficial,2023-04-20 10:57:47+00:00,:smiling_face_with_hearteyes:,neutral
613,roseane.mrdasilva,2023-05-20 20:21:08+00:00,valor,neutral
613,camilla_saori_oficial,2023-05-20 10:29:57+00:00,:red_heart::red_heart::red_heart:,neutral
613,absalibe,2023-05-19 17:02:35+00:00,perfeita:red_heart:,neutral
613,carla_pontessss,2023-05-19 03:39:44+00:00,:woman_police_officer::heart_with_ribbon:boa noite sra dudalina bem em modelo bem informativa com um novo sistema de menos amassados perfeito:woman_technologist_mediumlight_skin_tone::woman_police_officer:,neutral
613,vania_lucia811,2023-05-18 18:22:14+00:00,sem pensamentos negativos :thought_balloon: sobre a veracidade confiabilidade e orientao de violetta1fx tantas coisas boas aconteceram desde o dia em que me encontrei com esta senhora chamada violetta1fx voc o verdadeiro,neutral
613,rafael.cynthia,2023-05-17 23:58:18+00:00,:red_heart::red_heart::red_heart::red_heart:,neutral
613,neves_fatima20,2023-05-17 22:58:42+00:00,:clapping_hands::clapping_hands::clapping_hands::clapping_hands:,neutral
613,carla_pontessss,2023-05-21 00:58:39+00:00,carla_pontessss :airplane::ice:,neutral
613,dudalina,2023-05-22 13:47:25+00:00,oiroseanemrdasilva tudo bem essa pea est r399990 e sua referncia 66010506 para conferir mais de perto essa e outras peas acesse o link da bio e v direto para o nosso site,neutral
614,nabeeatrix,2023-05-30 20:53:53+00:00,muito incrvel :smiling_face_with_hearteyes:,neutral
614,crisnunesbrecho,2023-05-29 02:38:09+00:00,:clapping_hands::clapping_hands::clapping_hands::clapping_hands::clapping_hands::clapping_hands::smiling_face_with_hearteyes:,neutral
614,chyntiabarcellos,2023-05-29 01:54:54+00:00,parabns theoalexandre por honrar cora e nosso gois :red_heart:,neutral
614,_bya.melo,2023-05-29 01:43:38+00:00,:smiling_face_with_hearteyes::smiling_face_with_hearteyes::smiling_face_with_hearteyes::smiling_face_with_hearteyes::smiling_face_with_hearteyes::smiling_face_with_hearteyes::smiling_face_with_hearteyes:,neutral
614,babipaulaa,2023-05-29 01:17:11+00:00,perfeito :smiling_face_with_hearteyes::smiling_face_with_hearteyes::smiling_face_with_hearteyes:,neutral
614,diedesigner_,2023-05-28 22:49:37+00:00,foi incrvel :red_heart:,neutral
615,bunny_tel_aviv,2023-05-22 06:52:46+00:00,num 1 perfect pixy girl fantasy,positive
615,thecustomcloset,2023-05-22 04:06:11+00:00,i love the red man :red_heart::red_heart::red_heart::red_heart:,positive
615,a_c_a_n.v,2023-05-22 01:38:13+00:00,i just give the like because of you nathanfieldersgirlfriend,positive
615,amilcarland,2023-05-21 20:01:05+00:00,the man in red is a mood :red_heart:,neutral
615,heymamayeah,2023-05-21 16:07:37+00:00,i dont remember people dressing this cool back when i lived in williamsburg is it a nyc street style renaissance of sorts that is currently happening,positive
615,arthurjia,2023-05-21 09:59:07+00:00,looking like a bunch of pokemon trainers :face_with_tears_of_joy:,positive
615,lexur,2023-05-21 01:23:30+00:00,:fire:,neutral
615,jotycepeda,2023-05-20 22:20:34+00:00,thats my girlllll strxwbrrydisco,neutral
615,blackmarket_archives,2023-05-29 02:55:10+00:00,thesucculentcity in this economy,neutral
616,lena_whooo,2023-06-07 17:49:54+00:00,:fire::fire::fire:,neutral
616,all_business_promo___,2023-05-23 17:23:53+00:00,check inbox dear i want to give you some important information about your instagram :red_heart:,positive
616,all_business_promo___,2023-05-23 17:23:52+00:00,can you talk with me on dm i have to tell you a lot which is very beneficial for you:ok_hand::ok_hand:,positive
616,handsomelance,2023-05-21 13:48:30+00:00,lazy_cometdust oh damn yall are looking fly,negative
616,alejandracarrenos,2023-05-18 20:21:32+00:00,i want to be as cool as them,positive
616,jessica_pro07,2023-05-18 16:36:48+00:00,:envelope_with_arrow::envelope_with_arrow:check inbox to grow your instagram account :envelope_with_arrow::envelope_with_arrow: :a_button_blood_type: :b_button_blood_type::a_button_blood_type::b_button_blood_type: :o_button_blood_type: :a_button_blood_type::p_button: a 24 :envelope_with_arrow: :check_mark_button::check_mark_button:,neutral
616,sell.be,2023-05-18 12:19:14+00:00,4,neutral
616,candiceyvette,2023-05-18 04:19:04+00:00,many of these people would be presumed to be mentally ill if they were walking around most other cities i love how funky and free nyc fashion is even for average people strolling the streets,positive
616,dawnlee1962,2023-05-17 23:41:07+00:00,this is why they call steak mashed potatoes and gravy a manhattan,neutral
617,irena_illy_28,2023-04-20 16:27:36+00:00,:heart_suit:,neutral
617,arash.gbnzdh,2023-04-20 15:21:54+00:00,:red_heart::red_heart::smiling_face_with_hearteyes::smiling_face_with_hearteyes::smiling_face_with_hearteyes:,neutral
617,ivanildo.oliveira.1272010,2023-04-20 14:52:44+00:00,excelente:clapping_hands::clapping_hands::clapping_hands::clapping_hands:,neutral
618,ivonayw,2023-04-27 19:34:26+00:00,going trough these once againwhat an incredible experience :speaknoevil_monkey::smiling_face_with_hearteyes:,neutral
618,artiandi,2023-04-22 03:29:46+00:00,heard that one of the us muslim intellectualscholar sh hamza yusuf accomplished his advanced study in the desert of mauritania living in a communal tent with traditional teachers who speak incredible rhetoric and poetic words in daily basis :palms_up_together_light_skin_tone:,positive
618,4f.fd,2023-03-19 09:30:07+00:00,beautiful,positive
618,denizzdemirtass,2023-02-26 19:06:50+00:00,seems like a movie set :raising_hands_light_skin_tone: thank you:heart_exclamation:,positive
618,facehunter,2023-04-27 19:34:50+00:00,ivonayw tellement :heart_on_fire::heart_on_fire::heart_on_fire:,neutral
619,,,,neutral
620,uniquemagazine_,2023-06-02 08:22:47+00:00,number 10 her tattoos are gross but number 1 their fashion is on fleek,negative
620,awholesomepurpose,2023-05-21 19:53:06+00:00,the guy in the fourth slide is gewd looking hed probably be upset i called him a he but oh well :woman_shrugging::grinning_squinting_face:,positive
620,whatsmoxie,2023-05-17 16:19:32+00:00,my guy musa savemusa,neutral
620,itz._.me_.bukhari,2023-05-16 10:54:01+00:00,wtf has happened to men:crying_face:,negative
620,susecsilva,2023-05-16 07:47:18+00:00,so inspiring to see people expressing their beautiful selves this gives me hope for humanity thanks for doing what you :revolving_hearts:,positive
620,richdarktones,2023-05-16 04:18:19+00:00,oh hi slide 7 :smiling_face_with_hearteyes:,neutral
620,cars_of_danville,2023-05-16 01:47:19+00:00,shoes in pic 2 :fire::fire::fire::fire:,neutral
620,laurenrusseell,2023-05-15 21:06:28+00:00,hebecampbell you have to follow this page :red_heart::red_heart::raising_hands::raising_hands:,neutral
621,zoe.mahony,2023-05-23 23:30:09+00:00,squal1d model career,neutral
621,vip_tickets1,2023-05-23 16:16:15+00:00,versace :clapping_hands::clapping_hands::kangaroo::australia:,neutral
621,anettehannah_,2023-05-22 17:13:35+00:00,:white_heart::dizzy:,neutral
621,alaskanmystic23,2023-05-19 22:32:06+00:00,:yellow_heart::sparkles:,neutral
621,moretta08,2023-05-19 09:16:07+00:00,wow :smiling_face_with_hearteyes::clapping_hands::clapping_hands::fire:,positive
621,memorial__pics,2023-05-18 01:41:45+00:00,versace,neutral
621,memorial__pics,2023-05-18 01:41:29+00:00,challenge accepted :level_slider::loveyou_gesture::top_hat::paintbrush::artist_palette::framed_picture::film_frames:,positive
621,ml._.privd,2023-05-17 17:13:34+00:00,se parece a ternura 68 la ltima :flushed_face:,neutral
621,maaaifreitas,2023-05-15 22:16:38+00:00,we would love to partner with larisantosbe it will be too amazing :red_heart:,positive
622,costa_del_sol_updates,2023-06-06 12:45:39+00:00,love the pink bag:growing_heart: but poor dog,negative
622,diosarahh,2023-05-26 14:20:46+00:00,lavodnasinnavoig t y yo,neutral
622,sonofqetesh,2023-05-18 02:01:57+00:00,slide 7 shoes,neutral
622,rinat_alatin,2023-05-14 01:14:25+00:00,greer for us youre the inspiration :red_heart::red_heart:,positive
622,priestess_anna___,2023-05-13 22:52:52+00:00,i see glory and blessings in you and you are destined for greatness directly from birth i have an important message for you but i will need your honest permission to proceed because your ancestors have been trying to reach you by revealing some signs to you maybe through your dreams or the repeated numbers that you normally see 2224:44111115:15 around your environment i also see your throat and sacral energy blocked so kindly reply me once you get this message with a picture of your right hand palm my dear if you want to know the message i have for you namaste :folded_hands: :dizzy:,positive
622,uniquemagazine_,2023-06-02 08:26:01+00:00,14needles :fire::fire::fire::fire:amazing style,neutral
623,musclemachoxiao0,2023-03-14 07:39:19+00:00,awesome:red_heart::red_heart::red_heart::red_heart::red_heart::red_heart:,neutral
623,my.land.my.people,2023-03-12 05:17:44+00:00,great :ok_hand:,positive
623,enrico_costantini,2023-02-19 20:34:26+00:00,:smiling_face_with_hearteyes:,neutral
623,mild.adventurers,2023-02-14 08:21:30+00:00,loving your dispatches from mauritania mate :clapping_hands:,positive
623,facehunter,2023-03-14 07:57:40+00:00,musclemachoxiao0 :sparkles::sparkles::sparkles:,neutral
624,jonathan_roditi,2023-01-24 10:38:29+00:00,ces poteaux au premier plan de la photo 4 :peacock:,neutral
624,edna.beni.eimalumdwaelt,2023-01-22 13:14:35+00:00,:fire::fire::fire:,neutral
624,amys500,2023-01-21 20:32:31+00:00,the entrance in 5 :smiling_face_with_hearteyes:,neutral
624,laurys54,2023-01-21 20:10:52+00:00,estuve exactamente ah hace 3 meses y nos encant agadir mucho por ver :raising_hands:,neutral
624,biljana_27,2023-01-21 18:12:27+00:00,agadir:red_heart::raising_hands:,neutral
624,facehunter,2023-01-24 11:42:35+00:00,jonathan_roditi beaut ltat pur :magic_wand:,positive
625,walkenhome,2023-06-01 00:02:09+00:00,who is the last one,neutral
625,samybastianellireal,2023-05-25 14:09:09+00:00,wow your post is great i also follow fashion with invogamagazine follow me if you like im crazy about fashion proposals and i try to share the news here on instagram as well congratulations again,positive
625,mostlyeating,2023-05-15 22:43:57+00:00,juhigodambe slide 2 is probably you looking great,positive
625,nigello_,2023-05-15 17:02:01+00:00,this is time warpworthy extremely believable i know because i was there,neutral
625,gabbyferguson22,2023-05-14 16:51:35+00:00,i love your outfit,positive
625,indianbohoman,2023-05-10 04:37:34+00:00,juhigodambe i see you :smiling_face_with_hearteyes::cherry_blossom:,neutral
625,lielatoure,2023-05-09 22:20:14+00:00,thats nalimatoure on 8 :green_heart::cocktail_glass::snake:,neutral
625,beautylife859,2023-05-08 15:46:36+00:00,:japanese_symbol_for_beginner: :smiling_face_with_hearteyes::ok_hand::hundred_points: :japanese_symbol_for_beginner: :japanese_symbol_for_beginner: :japanese_symbol_for_beginner: :love_letter: :folded_hands::folded_hands::hundred_points:,neutral
625,bitti.gatti,2023-05-08 12:05:27+00:00,god i love new yorkers,positive
626,lalai,2023-02-12 11:56:58+00:00,eu fiquei sem flego que aventura :fire:,neutral
626,chinguitty.voyages,2023-02-12 01:48:13+00:00,visit mauritania,neutral
626,thisgirlobsessed,2023-02-09 18:59:33+00:00,breathtaking what an adventure,positive
626,bkpr2024,2023-02-09 17:42:05+00:00,wow amazing adventure:sun:,positive
626,facehunter,2023-02-12 12:19:48+00:00,lalai kkkkkkkkkk sim :heart_on_fire:,neutral
626,stachuoz,2023-02-13 19:57:32+00:00,rmnska im in,neutral
627,alejitao,2023-01-14 13:49:40+00:00,beautiful :smiling_face_with_hearteyes:,positive
627,liarodrigues,2023-01-13 03:46:05+00:00,:clapping_hands:,neutral
627,lisa_pronove,2023-01-12 18:03:01+00:00,:smiling_face_with_hearteyes::dizzy:,neutral
627,facehunter,2023-01-14 21:10:38+00:00,lakieloulou yay,positive
627,alejitao,2023-01-14 22:43:17+00:00,miss you boy,negative
628,sritabonetta,2023-04-17 08:58:15+00:00,im a big fan of how you show a different side of countries that are sometimes forgottengiven a bad name by the media :raising_hands:,negative
628,ambre_beauties,2023-02-28 18:10:10+00:00,beautiful :blue_heart:,positive
628,omarba5,2023-02-23 02:01:22+00:00,:smiling_face_with_hearteyes::smiling_face_with_hearteyes::smiling_face_with_hearteyes:,neutral
628,sabrinafidalgoo,2023-02-18 18:39:07+00:00,wow:smiling_face_with_hearteyes::smiling_face_with_hearteyes::smiling_face_with_hearteyes:,neutral
628,azizasega,2023-02-18 17:51:22+00:00,:yellow_heart::yellow_heart::yellow_heart:,neutral
628,facehunter,2023-04-17 09:26:28+00:00,sritabonetta thank you so much passionate about this so glad when people appreciate it :heart_exclamation:,positive
629,osono.jewelry,2023-05-24 13:10:22+00:00,woa your work is so incredible :red_heart:,neutral
629,manoelabosworth,2023-04-11 13:44:26+00:00,beautiful,positive
629,goiania.co,2023-02-05 22:39:17+00:00,curious ways of styling a turban :face_with_open_mouth::smiling_face_with_hearteyes: amazing,positive
629,facehunter,2023-05-24 13:10:42+00:00,osonojewelry :folded_hands_mediumlight_skin_tone:,neutral
630,youroldclothes,2023-05-11 15:20:26+00:00,glad i moved,positive
630,high_priestess_danielle,2023-05-08 14:29:15+00:00,i see glory and blessings in you and you are destined for greatness directly from birth i have an important message for you but i will need your honest permission to proceed because your ancestors have been trying to reach you by revealing some signs to you maybe through your dreams or the repeated numbers that you normally see 2224:44111115:15 around your environment i also see your throat and sacral energy blocked so kindly reply me once you get this message with a picture of your right hand palm my dear if you want to know the message i have for you namaste :folded_hands: :dizzy:,positive
630,itstoriscarlett,2023-05-07 14:13:47+00:00,dude with the death the kid shirt his outfit is :fire::fire::fire::fire::fire:,negative
630,hectic__eclectic,2023-05-03 10:52:15+00:00,chrissane i thought this was your fianc gaia :fire::red_heart: on second slide,neutral
630,itsgiane_,2023-05-03 10:49:41+00:00,my favvv account :smiling_face_with_hearteyes:,neutral
630,hbdoeshair,2023-05-03 02:22:46+00:00,5 is giving beautiful michael jackson vibes lol,positive
630,annieisaboyname,2023-05-02 23:29:33+00:00,when is it my turn:face_with_tears_of_joy::crying_face:,neutral
630,priestess_cassandra_45,2023-05-02 14:44:53+00:00,if you really believe in vedic astrology and energy chakrasi have noticed throat and sacral energy chakras blocked in you cause of some toxic guy around you in the past inbox me with your right hand palm picture thank you dear namaste :folded_hands::dizzy:,positive
630,yhjtyht,2023-05-02 10:43:29+00:00,what do you like to do when you are not working,positive
630,miabelladonna,2023-05-02 05:46:47+00:00,samiinnis :fire::fire::fire: slay all day,neutral
631,fatmasaltwater,2023-02-11 22:53:26+00:00,:smiling_face_with_hearteyes::smiling_face_with_hearteyes::smiling_face_with_hearteyes::smiling_face_with_hearteyes:,neutral
631,sabrinafidalgoo,2023-02-10 11:32:30+00:00,hes soooo cool:red_heart:,neutral
631,chorengel,2023-02-10 04:51:16+00:00,:fire::fire::fire:,neutral
631,lovenaturetruly,2023-02-09 22:18:49+00:00,:clapping_hands:,neutral
631,fatmasaltwater,2023-02-11 22:56:36+00:00,facehunter the cowboy hat must have so many story to tell,neutral
631,facehunter,2023-02-11 22:57:05+00:00,fatmasaltwater im sure too,positive
632,candido2492,2023-05-21 13:34:08+00:00,quero a cala :smiling_face_with_hearteyes:,neutral
632,carla_pontessss,2023-05-21 00:57:12+00:00,boa noite sra dudalina:airplane::family_man_woman_boy_boy::ribbon:,neutral
632,m_z_gil,2023-05-21 00:01:38+00:00,no encontrei no site nenhuma das camisas femininas,negative
632,dudalina,2023-05-22 13:45:11+00:00,oi m_z_gil tudo bem a referencia dela 53050362 voc pode buscar em nosso site ou se tiver dvidas pode conversar com nossa consultora digital que ela te ajuda a escolher o item e tamanho perfeito basta acessar o link da bio,neutral
633,sahib_esau_amor,2023-02-07 04:33:47+00:00,smileeeeeeee:red_heart::red_heart::red_heart::red_heart:,neutral
633,zeenasaifi,2023-02-06 16:21:10+00:00,beautiful photos,positive
633,nacera.bous,2023-02-06 14:30:12+00:00,:red_heart:,neutral
633,ivonayw,2023-02-06 13:27:20+00:00,beautiful story :red_heart:,positive
633,facehunter,2023-02-07 09:45:07+00:00,sahib_esau_amor :beaming_face_with_smiling_eyes::beaming_face_with_smiling_eyes::beaming_face_with_smiling_eyes::beaming_face_with_smiling_eyes:,neutral
634,manareltamimiy,2023-06-01 19:58:17+00:00,:fire:,neutral
634,castellidimitrii,2023-05-31 18:32:12+00:00,prada :clapping_hands:,neutral
634,ugursenoglu34,2023-05-28 23:59:55+00:00,:smiling_face_with_hearteyes:,neutral
634,mohamadyahyaieofficial,2023-05-28 09:03:31+00:00,elegant :fire:,positive
634,cal_teles,2023-05-28 07:57:29+00:00,style perfect :globe_showing_asiaaustralia: criative :clapping_hands: prada :clapping_hands:,positive
634,leila_k_hosseini,2023-05-28 06:46:21+00:00,:clapping_hands::clapping_hands::clapping_hands::clapping_hands::clapping_hands:,neutral
634,sidiropoulouolympias,2023-05-28 06:45:22+00:00,:red_heart::red_heart::red_heart:,neutral
634,clementlomellini,2023-05-28 06:41:01+00:00,:heart_suit::heart_suit::heart_suit:,neutral
634,richardaguilar662,2023-05-28 06:28:14+00:00,yes lm so happy right now i didnt believe in this program before but l received my profit 4btc to my wallet address rosa__entrepreneur_nba,positive
635,rajaniingnam,2023-05-16 02:12:13+00:00,:red_heart::red_heart::red_heart::fire::fire::fire:,neutral
635,dreamcastle_yun,2023-05-16 02:01:54+00:00,fantastic :fire::fire::fire: yes together u all make history:victory_hand:,positive
635,tekhnoremont.msk,2023-05-15 20:35:13+00:00,:fire::fire::fire::fire:,neutral
635,jeremyntran,2023-05-14 15:18:38+00:00,:raising_hands::raising_hands::raising_hands:,neutral
635,the_maaya_design_studio,2023-05-14 11:28:51+00:00,last picture rocks:smiling_face_with_hearteyes:,neutral
635,szakarin,2023-05-14 09:00:10+00:00,2 two of my favorites,positive
635,emathley_erdy,2023-05-14 07:57:24+00:00,:raising_hands::red_heart::red_heart:,neutral
635,bingchen,2023-05-14 07:03:29+00:00,:smiling_face_with_hearteyes::smiling_face_with_hearteyes::smiling_face_with_hearteyes:,neutral
635,aloof.scribbler,2023-05-14 05:47:27+00:00,:smiling_face_with_hearteyes::smiling_face_with_hearteyes:,neutral
635,mandalay_official,2023-05-14 05:46:27+00:00,preach prabal preach love this,positive
636,elyna_lili_,2023-05-28 16:57:16+00:00,:clapping_hands::clapping_hands:,neutral
636,sveta.268,2023-05-27 09:24:38+00:00,:thumbs_up::thumbs_up::thumbs_up::folded_hands::smiling_face_with_hearts:,neutral
636,dream.purses,2023-05-26 11:25:21+00:00,:red_heart::smiling_face_with_hearteyes:,neutral
636,niyan._____,2023-05-26 10:47:18+00:00,:raising_hands::red_heart:,neutral
636,rasprekrasnaya555,2023-05-26 08:47:30+00:00,:clapping_hands:,neutral
636,chevli_official,2023-05-26 06:37:34+00:00,,neutral
636,harry_rivera6655,2023-05-26 02:59:00+00:00,i like striving for excellence its so much easier that way i can work up to better or improvement:two_hearts: thanks cryptozoid511,positive
637,prarthana690,2023-06-09 17:48:59+00:00,:purple_heart:nd:purple_heart:,neutral
637,soofis_08,2023-06-07 15:52:00+00:00,:smiling_face_with_hearteyes::smiling_face_with_hearteyes:,neutral
637,kobe.armstrong,2023-06-07 14:58:07+00:00,:purple_heart::green_heart:,neutral
637,imnot_.kylee,2023-06-04 17:15:53+00:00,elvis,neutral
637,francinaraaa_,2023-06-04 12:41:13+00:00,missed that day,negative
637,aliciasmanioto,2023-06-03 00:25:17+00:00,depois desse show o cabelo dele ficou todo sujo,neutral
637,beth.ann.77,2023-06-02 18:19:27+00:00,:flushed_face::flushed_face::flushed_face::upsidedown_face:,neutral
637,julia.melissa,2023-06-02 14:30:58+00:00,saudade,neutral
637,babioliveira_03,2023-05-29 18:38:19+00:00,:white_heart::white_heart::white_heart:,neutral
638,bhaakhattar,2023-05-28 10:08:21+00:00,mischievous,neutral
638,trendyshoeblog,2023-05-28 01:45:49+00:00,:fire::fire::fire::fire:,neutral
638,ichaewon1,2023-05-27 15:41:45+00:00,wow:raising_hands_light_skin_tone:,neutral
638,prada.lye.spitz,2023-05-27 14:52:54+00:00,,neutral
638,polinakiou,2023-05-27 07:17:50+00:00,:red_heart::red_heart::red_heart::red_heart:,neutral
638,gianluca_dagnino,2023-05-26 16:55:25+00:00,sapersi vestire:clapping_hands:,neutral
638,emeraldshama,2023-05-26 16:52:52+00:00,:smiling_face_with_hearteyes::smiling_face_with_hearteyes:,neutral
638,soyturk_atila,2023-05-26 11:12:52+00:00,:fire:,neutral
638,broccati_official,2023-05-26 09:27:40+00:00,:red_heart:,neutral
638,travelwithmeinstyle,2023-05-26 09:02:45+00:00,:red_heart::red_heart::raising_hands::raising_hands::raising_hands:,neutral
639,eatyourconchas,2023-06-05 18:17:54+00:00,idc,neutral
639,eatyourconchas,2023-06-05 18:17:45+00:00,,neutral
639,lvhary,2023-05-31 00:34:04+00:00,when i found you my heart found a home :green_heart::yellow_heart::love_letter::house::ribbon::heart_with_arrow::beating_heart::heart_with_ribbon::heart_decoration::people_hugging::milky_way::sparkle::glowing_star::star::sparkles::light_skin_tone::love_hotel::white_heart::white_heart::white_heart::white_heart::white_heart::white_heart::white_heart::white_heart::white_heart::white_heart::white_heart::white_heart::white_heart::white_heart::white_heart::white_heart::white_heart::white_heart::white_heart::white_heart::white_heart::white_heart::white_heart::white_heart::white_heart::white_heart::white_heart::white_heart::white_heart::white_heart::white_heart::white_heart::white_heart::white_heart:,neutral
639,horsens_hs_nr1,2023-05-28 10:22:32+00:00,,neutral
639,liahveiga,2023-05-24 22:18:39+00:00,:infinity:,neutral
639,mense_92,2023-05-22 18:12:59+00:00,:two_hearts::blue_heart::two_hearts:,neutral
639,idaameiton,2023-05-22 08:03:29+00:00,:red_heart:,neutral
639,darksidenicolee,2023-06-08 11:27:31+00:00,lillyxbrown this is grogu not baby yoda,neutral
640,z.compte.w,2023-03-14 20:08:55+00:00,beautiful gallery join to my profil,positive
640,my_fashionupdates,2023-03-12 20:44:24+00:00,:red_heart:,neutral
640,tildas_gems,2023-03-12 14:42:17+00:00,:red_heart::fire:,neutral
640,agence.lbds,2023-03-11 21:34:39+00:00,what a beautiful capture its always fascinating to see behindthescenes moments especially during a fashion show the models look stunning in those designs by alphonsemaitrepierre and estermanas great work by the photographer iulia_matei in capturing these beautiful moments,positive
640,lillyvalentinee,2023-03-11 21:23:23+00:00,gaspard_444 is the coolest and most slay in the whole land,neutral
640,itsahmedaqib,2023-03-11 18:55:51+00:00,please check your dm :hugging_face::sparkling_heart:,positive
640,cryinginvogue,2023-03-11 18:42:05+00:00,:castle::dove:,neutral
640,carolinaprezga,2023-03-11 14:11:42+00:00,:white_heart::red_heart:,neutral
640,hubackova.marie,2023-03-11 10:53:08+00:00,:clapping_hands::smiling_face_with_hearteyes:,neutral
641,sanayuilll,2023-06-06 10:31:27+00:00,pradagalleria prada adidasforprada adidasfootball,neutral
641,sanayuilll,2023-06-06 10:30:28+00:00,is this what u sent to sana,neutral
641,nadiamonteiro7262,2023-05-31 15:12:13+00:00,:red_heart::red_heart:,neutral
642,bartackagency,2023-05-10 08:23:14+00:00,looks very good i love the spirit of the outfit :fire:,positive
642,iamklemie,2023-03-16 18:48:56+00:00,:clapping_hands:,neutral
642,xiaoyuanron,2023-03-16 13:16:54+00:00,:smiling_face_with_hearteyes::smiling_face_with_hearteyes::smiling_face_with_hearteyes::smiling_face_with_hearteyes::smiling_face_with_hearteyes::smiling_face_with_hearteyes:,neutral
642,lillylovesummer,2023-03-16 08:16:20+00:00,:clapping_hands::clapping_hands::clapping_hands:,neutral
642,benguherel,2023-03-16 07:06:20+00:00,akm kapmak sandm,neutral
642,lilly48387,2023-03-15 20:33:19+00:00,hello dear :waving_hand: hope you have a wonderful day im a market researcher at shein and were looking for people who want to be a store owner on our platform for free:smiling_face: we will provide you with all the necessary materials to open an online store on our platform that is a really fantastic offer and you can earn a lot of money as a second job :hugging_face: do you want to be a owner of shein shop storeowning a shein online store is cool assets and will bring you much profits therefore if you are interested please let us know and were willing to answer all of your questions in detail :speech_balloon::speech_balloon::speech_balloon: have a great day :smiling_face_with_smiling_eyes::cityscape_at_dusk:,positive
642,stephane_ashpool,2023-03-15 08:31:10+00:00,:knot:,neutral
642,k44t11,2023-03-15 08:28:45+00:00,:fire::fire::fire::red_heart::red_heart::red_heart:,neutral
642,trigui.abdou,2023-03-15 07:47:32+00:00,:smiling_face_with_hearteyes::smiling_face_with_hearteyes:,neutral
643,ludd.ibarra,2023-06-09 16:00:06+00:00,te amo,neutral
643,msunflower.vol6,2023-06-08 10:29:33+00:00,necesito revivir ese da,neutral
643,kobe.armstrong,2023-06-07 14:57:00+00:00,:blue_heart:,neutral
643,bieleka,2023-06-07 03:25:40+00:00,come back,neutral
643,arusaal_,2023-06-05 00:33:55+00:00,me haces falta volv,neutral
643,lildraculita,2023-06-04 22:23:04+00:00,estoy llorando en mi cama recordando esto gracias harry por hacer de esta noche la mejor de mi vida ojal pueda verte pronto :sparkling_heart:,neutral
643,_whoscaty,2023-06-03 22:33:59+00:00,i miss you all the time,negative
643,_jael_parra,2023-06-03 14:07:15+00:00,hola te extrao :pensive_face:,neutral
643,ohhhhhchill,2023-06-03 07:30:48+00:00,volv no te fajo ms,negative
643,noah_fuerbringer_,2023-06-01 16:11:55+00:00,:fire::fire::fire:,neutral
644,glowhunterlondon,2023-06-01 15:30:21+00:00,:red_heart::red_heart::red_heart:,neutral
644,ecreativoe,2023-06-01 13:25:34+00:00,:orange_heart::black_heart::white_heart::yellow_heart::green_heart:,neutral
644,castellidimitrii,2023-05-31 18:22:31+00:00,prada :clapping_hands:,neutral
644,debora_freitas1607,2023-05-31 10:06:43+00:00,a segunda opo melhor:red_heart:,neutral
644,mariam_n307,2023-05-31 05:56:07+00:00,pretty woman but awful dresses:woman_facepalming:,negative
644,mezy37,2023-05-31 05:01:27+00:00,:smiling_face_with_hearteyes::smiling_face_with_hearteyes::red_heart:,neutral
644,des_wi_ro,2023-05-30 12:24:37+00:00,:red_heart::smiling_face_with_hearteyes:,neutral
644,missanya2017,2023-05-30 08:46:15+00:00,awful dresses truly says,neutral
644,sjlyhxwf,2023-05-29 15:56:01+00:00,:smiling_face_with_hearteyes:,neutral
644,semenhripunov,2023-05-29 14:34:30+00:00,,neutral
645,shalineserpes,2023-05-23 18:36:39+00:00,ur collection is beautiful outstanding :fire::fire::fire:,positive
645,supe5858,2023-05-15 14:22:56+00:00,__billboardrecord,neutral
645,supe5858,2023-05-15 14:22:37+00:00,:p_button::o_button_blood_type::o_button_blood_type: :o_button_blood_type: __billboardrecord,neutral
645,supe5858,2023-05-15 14:22:20+00:00,:p_button::o_button_blood_type::o_button_blood_type: :o_button_blood_type: __billboardrecord,neutral
645,purvabhatnagar03,2023-05-15 13:33:41+00:00,johnny suh looking fine,positive
645,kathyengbowen,2023-05-15 03:00:11+00:00,:red_heart::red_heart::red_heart:,neutral
645,thesidneyking,2023-05-14 15:58:25+00:00,:clapping_hands::clapping_hands::clapping_hands::clapping_hands::clapping_hands:,neutral
645,pimphairoj,2023-05-14 13:33:20+00:00,my johnny :red_heart:,neutral
645,sharma_shashi69,2023-05-14 12:07:38+00:00,i just love your all work sir i had seen you 2000 ad in newspaper that time i feel so proud i was just 15 years old now you are just amazing in your way :smiling_face_with_hearts::smiling_face_with_hearts::smiling_face_with_hearts::smiling_face_with_hearts:,positive
645,fionafidela,2023-05-14 07:01:21+00:00,johnny suh :green_heart:,neutral
646,jadarius_smith_,2023-06-07 03:35:10+00:00,haha,positive
646,jhadeyvilladean,2023-05-18 07:54:32+00:00,your turn for breakfast,neutral
646,ayyo.adam,2023-05-05 05:31:33+00:00,whens season 3 coming out,neutral
646,heartloveforeverinmylife,2023-05-04 18:56:06+00:00,ill always be supporting your awesome journey forever,positive
646,swade6799,2023-05-02 18:35:54+00:00,you like getting on my nerves,positive
646,kellyann1467,2023-04-28 06:15:07+00:00,i literally relate to the show especially rue and what she goes through:crying_face:,neutral
646,kellyann1467,2023-04-28 06:14:14+00:00,i loved rue since i first had an encounter with euphoria and i love her no matter what and i will continue going with her through her journey,positive
646,leticia_godoy_castello,2023-04-26 21:15:51+00:00,i love you :red_heart:,positive
646,leticia_godoy_castello,2023-04-26 21:15:29+00:00,te amo :smiling_face_with_hearteyes:,neutral
646,janine_wonderland,2023-05-20 18:09:27+00:00,mariahh_infinite yeah i was on h 17 years especially the withdrawls scene is so accurate i can still feel the pain and zendaya played it soo good,positive
647,carolguimaraaess,2023-05-28 18:15:21+00:00,compro ingresso walerio araujo,neutral
647,_flavia_ferreira_8,2023-05-28 16:52:51+00:00,:clapping_hands::clapping_hands::clapping_hands::clapping_hands::clapping_hands:,neutral
647,voizaurademari,2023-05-28 16:38:48+00:00,:smiling_face_with_hearts::smiling_face_with_hearts::smiling_face_with_hearts::smiling_face_with_hearts::clapping_hands::clapping_hands::clapping_hands:,neutral
647,ro15rodrigo,2023-05-28 15:53:57+00:00,:clapping_hands::clapping_hands::clapping_hands::clapping_hands:,neutral
647,modaanacorreia,2023-05-28 15:27:37+00:00,:clapping_hands::clapping_hands::smiling_face_with_hearteyes:,neutral
648,kamihooligann,2023-06-09 18:38:00+00:00,:face_exhaling::two_hearts::two_hearts:,neutral
648,not_graygray,2023-06-04 00:19:30+00:00,interesting style,positive
648,gittingsportraiture,2023-06-03 17:48:27+00:00,love,positive
648,ralleyalex90,2023-06-01 03:45:16+00:00,:red_heart:,neutral
648,ralleyalex90,2023-06-01 03:45:15+00:00,good pic,positive
648,benny_fragrance_,2023-05-27 00:43:19+00:00,my nickelodeon queenmy lab rat:face_with_tears_of_joy:,neutral
648,benny_fragrance_,2023-05-27 00:42:58+00:00,so so sexy:smiling_face_with_hearteyes:,neutral
648,chelsearose.h,2023-05-26 20:41:18+00:00,:red_heart::red_heart::red_heart::red_heart::red_heart::red_heart::red_heart::red_heart::red_heart::red_heart::red_heart::red_heart::red_heart::red_heart::red_heart:,neutral
648,chelsearose.h,2023-05-26 20:41:12+00:00,wow those are the best ever,positive
648,chelsearose.h,2023-05-26 20:40:50+00:00,zendya is so cool,positive
649,,,,neutral
650,kigori_gioielli,2023-04-23 07:15:48+00:00,:red_heart:,neutral
650,zh.touch,2023-04-22 14:54:54+00:00,:fire::fire::fire::fire:,neutral
650,nalesso_graziella_,2023-04-22 09:33:31+00:00,:red_heart::clapping_hands:,neutral
650,thequincydashco,2023-04-21 19:11:30+00:00,:red_heart::red_heart:,neutral
650,verba.volant.writing,2023-04-21 18:20:26+00:00,cobog walls will conquer the world :brazil: as they are pure beauty and freshness,positive
650,ilbaulediale,2023-04-21 16:13:11+00:00,:smiling_face_with_hearteyes::smiling_face_with_hearteyes:,neutral
650,fashionstudiomagazine,2023-04-21 14:14:42+00:00,beautiful,positive
650,raygutierrezr,2023-04-21 13:04:25+00:00,:glowing_star:,neutral
650,dawnmasoninc,2023-04-21 12:19:26+00:00,:raising_hands:,neutral
650,mery.coco24,2023-04-21 11:41:49+00:00,chi sa indirizzarmi sulle location da visitare domani per il fuori salone a milano vie brand appuntamenti da non perdere dive trovo il calendario grazie,neutral
651,peachyvic,2023-05-28 21:37:56+00:00,amo manhattan sus gentes su libertad :statue_of_liberty:,neutral
651,my_radiant_glow,2023-05-26 11:46:50+00:00,slide 10 for me :smiling_face_with_hearteyes::red_heart:,neutral
651,capitanaoats,2023-05-25 20:02:39+00:00,the woman on the 7th slide is wearing a cardigan as a twopiece genius,neutral
651,mateblaga,2023-05-25 18:33:59+00:00,clowns,neutral
651,ashleybonilla__,2023-05-21 23:56:10+00:00,wondering why you didnt tag pharrell dude its pharrell of all people to tag for fashion and you dont tag him :face_with_tears_of_joy:,neutral
651,chillems,2023-05-21 23:42:19+00:00,:ewe::ewe::ewe::ewe::ewe::ewe::ewe:,neutral
651,numemory93,2023-05-21 18:59:50+00:00,not a shred of testosterone in the first dude,neutral
651,ashtwigg,2023-05-21 05:20:54+00:00,nerds,neutral
651,christopherebaird,2023-05-21 04:41:44+00:00,theyre like im from ny we can fucking tell :rolling_on_the_floor_laughing:,positive
652,hazal786786,2023-06-09 18:53:02+00:00,beauty gangs :victory_hand:,positive
652,not_graygray,2023-06-04 00:20:34+00:00,yall are all so photogenic,neutral
652,liger3462,2023-06-03 14:00:02+00:00,samne vali meri:face_with_tears_of_joy::face_with_tears_of_joy:,neutral
652,wasee_m2384,2023-06-02 18:02:32+00:00,6 gals fak u,neutral
652,user6392020473920,2023-06-02 16:12:35+00:00,:sparkles::white_heart:,neutral
652,vellykania,2023-06-02 00:46:31+00:00,:red_heart:,neutral
652,frxgo_,2023-06-09 18:53:43+00:00,mels_backnow yet latinas are also very mixed race,neutral
653,ellenduguid,2023-05-24 13:28:11+00:00,thank you so much for the feature :red_heart::red_heart::red_heart:,positive
653,leila_thompsonnn,2023-05-24 04:44:15+00:00,adorable,positive
653,lisalosquadro,2023-05-23 17:28:53+00:00,thats my bestie fitsbyd_ :man_dancing_light_skin_tone::face_with_hand_over_mouth::white_heart:,neutral
653,sillyalysa,2023-05-23 15:44:04+00:00,omfg trinity :face_screaming_in_fear:,neutral
653,sneakerqueenscustoms,2023-05-23 15:39:20+00:00,:smiling_face_with_hearteyes:,neutral
654,kareenmix,2023-02-20 11:26:48+00:00,so creative :smiling_face_with_hearteyes:,positive
654,nobodyknowsmarc,2023-02-19 21:12:21+00:00,:fire:,neutral
654,robbalmeida,2023-02-19 20:15:52+00:00,:smiling_face_with_hearteyes::smiling_face_with_hearteyes::smiling_face_with_hearteyes:,neutral
654,jessicsm,2023-02-19 17:19:53+00:00,its interesting to me how folks wearing cocktail dresses to the shows seem so much less interesting in terms of styling than folks who had to coordinate all the pieces of daywear,positive
654,greivy,2023-02-19 16:02:15+00:00,princeandru kristenvbateman :fire::fire:,neutral
654,monicamendes,2023-02-19 09:49:29+00:00,:clapping_hands::clapping_hands::clapping_hands:,neutral
654,kmbef,2023-02-19 00:45:43+00:00,julia oh god whyyyyy,positive
654,leeoliveira,2023-02-20 08:02:53+00:00,monicamendes :red_heart:,neutral
655,cemssalih,2023-03-20 19:48:31+00:00,cool,positive
655,marketlamode,2023-03-19 10:35:44+00:00,these are beautiful,positive
655,rodriges8272,2023-03-18 20:44:37+00:00,:smiling_face_with_hearteyes:,neutral
655,life_in_swiss2000,2023-03-18 14:13:22+00:00,so beatific :smiling_face_with_hearteyes:,positive
655,leeoliveira,2023-03-20 22:29:23+00:00,cemssalih :folded_hands::smiling_face_with_smiling_eyes:,neutral
656,lamaseva,2023-03-19 08:39:17+00:00,what a beautiful photo:red_heart::red_heart:,positive
656,eliano.donoven,2023-03-19 00:57:04+00:00,:face_blowing_a_kiss: :face_blowing_a_kiss: :face_blowing_a_kiss: love your content join glamilyofficial to give exposure to collaboration with many of global brands :face_blowing_a_kiss: glamily is built to help great creators just like you turn their passion into successful careers dm for feature and collab,positive
656,end2end,2023-03-18 15:05:02+00:00,:smiling_face_with_hearteyes: i miss france be there soon,negative
657,shop.afrm,2023-04-17 15:12:01+00:00,:smiling_face_with_hearteyes::smiling_face_with_hearteyes::smiling_face_with_hearteyes::smiling_face_with_hearteyes:,neutral
657,kvffvk,2023-04-16 20:04:00+00:00,love all the shopafrm pieces:red_heart:,positive
657,george_angelis,2023-04-16 16:18:01+00:00,:fire::fire::fire:,neutral
657,daughter_of_god_apt,2023-04-16 15:51:05+00:00,lewishamilton :crown::sparkles::purple_heart:,neutral
657,theionfashion,2023-04-16 15:38:58+00:00,lewis is in the house :red_heart::raising_hands::fire:,neutral
658,marinalameu,2023-05-28 21:05:54+00:00,que texto maravilhoso maferteixeira a equipe arrasou:clapping_hands::clapping_hands::clapping_hands:,neutral
658,virginia.presentesespeciais,2023-05-28 19:37:38+00:00,maferteixeira que orgulho de vc,neutral
658,nomundodalolabrecho,2023-05-28 19:06:23+00:00,:smiling_face_with_hearteyes: incrvel :clapping_hands:,neutral
658,biatavares12,2023-05-28 18:11:17+00:00,ele meu amigo :red_heart: o melhor fotgrafo do mundo :white_heart:,neutral
658,anire.niara,2023-05-28 17:24:54+00:00,ameeej,neutral
658,pemax__,2023-05-28 17:20:51+00:00,davidbrendoft o melhor fotgrafo,neutral
658,finaacadjancu,2023-05-28 05:14:47+00:00,amooooooooo,neutral
658,dani_sfcardoso,2023-05-27 23:22:57+00:00,foto incrvel do davidbrendoft,neutral
658,assucenaassucena,2023-05-27 23:08:33+00:00,sempre maravilhosa :red_heart:,neutral
659,,,,neutral
660,stok.baazar,2023-06-05 01:27:48+00:00,:black_heart::black_heart:,neutral
660,edson_r_nahas,2023-05-31 14:05:44+00:00,perdeu o brilho o spfw,neutral
660,emanoelpaier,2023-05-29 10:58:47+00:00,:fire::fire::fire::fire:,neutral
660,tonnyantonyo,2023-05-28 20:54:42+00:00,:fire:,neutral
660,_lucasevangelista,2023-05-28 15:10:54+00:00,maravilhosooo:smiling_face_with_hearteyes::dark_skin_tone:,neutral
660,adrielesantos1992,2023-05-28 15:00:04+00:00,:clapping_hands::clapping_hands::clapping_hands:,neutral
660,b.nunes95,2023-05-28 13:24:36+00:00,foi perfeito :red_heart:,neutral
661,monipercast,2023-05-29 17:49:47+00:00,:smiling_face_with_hearteyes::smiling_face_with_hearteyes::smiling_face_with_hearteyes:,neutral
661,naluandselene,2023-05-28 00:28:21+00:00,:raising_hands::red_heart:,neutral
661,emdaavfro,2023-05-25 20:07:46+00:00,:smiling_face_with_hearteyes::smiling_face_with_hearteyes::smiling_face_with_hearteyes:,neutral
662,ninaannac,2023-05-31 17:39:11+00:00,:red_heart::red_heart::red_heart:,neutral
662,lucindalsb,2023-05-28 01:11:15+00:00,thank you for posting these images :red_heart: i love seeing behind the scenes of the fashion houses especially the incredible craftsmanship that goes into these special designs :clapping_hands:,positive
662,annacampofiorito,2023-05-25 15:04:19+00:00,so lovely:red_heart:,neutral
662,juh.costura,2023-05-24 10:23:07+00:00,donatella_versace y love you :clapping_hands::clapping_hands::clapping_hands::red_heart:,positive
662,ezorezzo,2023-05-23 22:46:01+00:00,bonita :smiling_face_with_hearts:,neutral
662,larissavidal12390,2023-05-23 20:47:15+00:00,lindo demais :sparkling_heart::sparkling_heart::sparkling_heart::sparkling_heart::two_hearts::two_hearts::two_hearts::two_hearts::cherry_blossom::cherry_blossom::cherry_blossom::cherry_blossom::cherry_blossom::cherry_blossom:,neutral
662,mmaccarini,2023-05-22 18:42:33+00:00,fantastico :face_with_open_mouth:,positive
662,widia_kusuma89,2023-05-22 10:17:49+00:00,so nice keren,positive
663,guxstavou,2023-05-30 10:17:13+00:00,ai que orgnico by narcisa tamborindeguy haha,positive
663,grazielapbaldo,2023-05-29 14:52:47+00:00,nunca ridculo:rolling_on_the_floor_laughing::rolling_on_the_floor_laughing::rolling_on_the_floor_laughing:,neutral
663,estilistadonacissa,2023-05-29 12:59:16+00:00,:face_without_mouth::face_without_mouth::face_without_mouth::face_without_mouth::face_without_mouth::face_without_mouth::face_without_mouth::face_without_mouth::face_without_mouth: estranho e melhor no comentar,negative
663,breilacristinaa,2023-05-28 22:11:32+00:00,sei l,neutral
664,nilati__collection,2023-05-29 06:22:28+00:00,:fire::fire:,neutral
664,australian_luxury_brands,2023-05-28 07:05:28+00:00,stunning :clapping_hands:,positive
664,pinedaariel_,2023-05-28 01:19:08+00:00,esto es para prada dreams are the fuel of innovation,positive
664,sofiaa_nava,2023-05-27 19:40:21+00:00,:red_heart::red_heart::red_heart:,neutral
664,minminthyv,2023-05-27 15:45:23+00:00,:red_heart::red_heart:,neutral
664,k4rmelian,2023-05-27 11:50:09+00:00,:smiling_face_with_hearteyes:wow,neutral
664,torontotimepieceshow,2023-05-27 03:47:10+00:00,that is a beautiful dress :red_heart:,positive
664,neudorferdeidamia,2023-05-26 17:22:59+00:00,:red_heart:,neutral
664,slmjewelryy,2023-05-26 17:02:00+00:00,beautiful :red_heart::red_heart:,positive
665,mducarmow,2023-05-27 19:51:32+00:00,:red_heart::red_heart::red_heart:,neutral
665,biia_ddd,2023-05-27 15:49:38+00:00,vendo ingresso de domingo desfile david lee,neutral
665,maripassarelli,2023-05-27 14:49:40+00:00,:clapping_hands_light_skin_tone::clapping_hands_light_skin_tone::clapping_hands_light_skin_tone:,neutral
665,gabrielssequeira,2023-05-27 14:27:55+00:00,:collision::clapping_hands::clapping_hands::clapping_hands::clapping_hands:,neutral
665,vanessamayarah,2023-05-27 14:09:05+00:00,:red_heart::red_heart::red_heart::red_heart::red_heart:,neutral
665,cxlore,2023-05-27 14:06:59+00:00,mds :smiling_face_with_hearteyes:,neutral
665,tainamuller,2023-05-27 13:32:15+00:00,:red_heart:,neutral
666,yasmins_wf,2023-06-02 21:36:43+00:00,lindooo,neutral
666,pedrosotnas,2023-05-30 14:56:35+00:00,kkkkkkkkk isso pra apagar quem dono da localiza e sua familia,neutral
666,carlosjunio.r,2023-05-30 12:14:58+00:00,:clapping_hands::clapping_hands:,neutral
666,so.depaula,2023-05-30 03:00:34+00:00,:loudly_crying_face:,neutral
666,supersu85,2023-05-29 21:33:13+00:00,:face_with_tears_of_joy::face_with_tears_of_joy::face_with_tears_of_joy:,neutral
666,supersu85,2023-05-29 21:32:23+00:00,:crying_face:,neutral
666,adrielesantos1992,2023-05-29 16:47:36+00:00,adrielesantos1992 chamaela,neutral
666,lethycia._,2023-05-29 16:34:42+00:00,t de sacanagem,neutral
667,annacampofiorito,2023-05-24 15:21:57+00:00,extremely beautiful the versace team is the best,positive
667,jk.hayden,2023-05-24 13:54:50+00:00,neither versace or anne ever misses :fire:,negative
667,missscarlett.thelabel,2023-05-23 04:30:41+00:00,loooooove :white_heart::white_heart:,neutral
667,babygurlbrownskinn,2023-05-22 03:47:31+00:00,:smiling_face_with_hearteyes::smiling_face_with_hearteyes::smiling_face_with_hearteyes:,neutral
667,anasofia.lorena,2023-05-20 01:38:16+00:00,juan,neutral
667,valdineicapoeira,2023-05-18 18:28:51+00:00,i love it,positive
667,valdineicapoeira,2023-05-18 18:28:44+00:00,:smiling_face_with_hearteyes::smiling_face_with_hearteyes::smiling_face_with_hearteyes:,neutral
667,cristinaganymede,2023-05-17 09:43:28+00:00,the most amazing dress genius,positive
667,tokanbox,2023-05-15 23:47:20+00:00,this dressamazing:red_heart::fire::red_heart:,neutral
668,sebastian_barragan93,2023-06-02 23:18:24+00:00,como estas,neutral
668,earah.hunger,2023-06-02 07:00:12+00:00,:face_with_open_mouth:,neutral
668,jabbatech,2023-06-01 18:34:59+00:00,8 tips for self motivation checkout,positive
668,valy_cat14,2023-05-31 21:23:50+00:00,:fire::fire::fire:,neutral
668,broccati_official,2023-05-31 15:03:40+00:00,:red_heart::red_heart::red_heart::red_heart:,neutral
668,florlombardi_22,2023-05-31 05:17:11+00:00,follow my new account and get a reward :smiling_face_with_hearteyes::fire::red_heart::eggplant:,positive
668,ledamasca,2023-05-30 02:52:18+00:00,yuck,neutral
668,trythywi,2023-05-29 20:51:53+00:00,:red_heart:,neutral
668,fragrancedubois,2023-05-29 16:41:14+00:00,:red_heart:,neutral
668,rdzomar95,2023-06-03 01:46:09+00:00,why so bitter,negative
669,lennyvitaro,2023-06-05 13:40:56+00:00,ewww,neutral
669,lissethfigueroa1,2023-06-04 22:24:39+00:00,super cool shades :smiling_face_with_hearteyes: :sunglasses: just got mine,positive
669,lindz_withn_a,2023-05-27 02:01:58+00:00,love,positive
669,imhette,2023-05-24 11:12:42+00:00,bianca jagger vibes :fire::fire:,neutral
669,alexandera.demetriou,2023-05-23 17:18:04+00:00,its beautiful :rose::rose::rose:,positive
669,nataliavfan,2023-05-19 18:29:58+00:00,i dont understand why she pouts her lips :smirking_face:,neutral
670,sozanfarag,2023-03-27 07:46:27+00:00,shadan fint,neutral
670,anniemwyatt,2023-03-27 00:48:23+00:00,juleskent this you :smiling_face_with_hearts:,neutral
670,kellywilliard,2023-03-26 01:16:56+00:00,guapa,neutral
670,ttnlaluna,2023-03-25 22:48:35+00:00,2:fire:,neutral
670,lilandpicasso,2023-03-25 11:58:20+00:00,i love both trends thanks for keeping us in the loop :smiling_face_with_hearteyes:,positive
670,_lozenger_,2023-03-25 11:39:12+00:00,:smiling_face_with_hearteyes::smiling_face_with_hearteyes::smiling_face_with_hearteyes:,neutral
670,charlottedit,2023-03-25 05:24:06+00:00,this bag isabelitanor,neutral
670,juleskent,2023-03-27 20:44:09+00:00,anniemwyatt i wish,positive
671,niiamhf,2023-06-01 19:42:23+00:00,youre so handsome kevin :red_heart:,positive
671,mbb.nc,2023-05-27 13:51:39+00:00,kevin is a babe,neutral
671,milan_ajani,2023-05-27 02:42:07+00:00,woah,neutral
671,lorihaglund,2023-05-26 18:23:24+00:00,:red_heart:,neutral
671,jainesilva9023,2023-05-26 12:37:40+00:00,,neutral
671,estherbellido_,2023-05-25 22:26:35+00:00,:red_heart:,neutral
671,frafrafrancisca,2023-05-25 16:35:34+00:00,:smiling_face_with_hearteyes::smiling_face_with_hearteyes:,neutral
671,syedasaraanwar,2023-05-25 15:15:43+00:00,:red_heart:,neutral
671,aprilpasu,2023-05-25 15:00:38+00:00,:smiling_face_with_hearteyes::smiling_face_with_hearteyes::smiling_face_with_hearteyes::smiling_face_with_hearteyes::smiling_face_with_hearteyes::smiling_face_with_hearteyes::smiling_face_with_hearteyes:,neutral
671,jherlina,2023-05-25 14:08:34+00:00,lord its me again :folded_hands_medium_skin_tone:,neutral
672,trusttheghost,2023-06-05 09:35:11+00:00,:kissing_face_with_closed_eyes::thumbs_up_light_skin_tone:,neutral
672,trusttheghost,2023-06-05 09:33:46+00:00,:kissing_face_with_closed_eyes::thumbs_up_light_skin_tone:,neutral
672,mountainspringthang,2023-06-03 20:53:24+00:00,:two_hearts:,neutral
672,mrayala218,2023-06-02 17:55:33+00:00,damn joejonas is too damn fire :fire:,negative
672,heartloveforeverinmylife,2023-05-31 18:32:13+00:00,love you so much joe jonas,positive
672,withgoodgrace_,2023-05-31 04:42:30+00:00,ill never forget their website with the little red boom box that would play clips of their songs or something i would play it over and over and thought it was the fanciest thing :face_with_tears_of_joy: jonasbrothers,positive
672,karolvolpi6,2023-05-28 17:39:09+00:00,:smiling_face_with_hearteyes::smiling_face_with_hearteyes::smiling_face_with_hearteyes:,neutral
672,genesislunav,2023-05-27 22:51:28+00:00,:smiling_face_with_hearts::smiling_face_with_hearteyes::smiling_face_with_hearteyes:,neutral
672,ricardomartinesszzt,2023-05-27 13:40:57+00:00,:smiling_face_with_hearteyes::smiling_face_with_hearteyes::smiling_face_with_hearteyes::smiling_face_with_hearteyes:,neutral
672,ahoyerik,2023-05-27 03:19:48+00:00,so handsome :smiling_face_with_hearteyes:,positive
673,anthonysneedfilm,2023-05-08 20:52:09+00:00,that greenwow,neutral
673,hotgirllogic,2023-05-02 17:07:27+00:00,ok but that lil girls fit is my fav,positive
673,kushagra_tokas,2023-05-01 02:34:50+00:00,:red_heart: super,positive
673,ournaturalstateofbeing,2023-04-29 20:39:00+00:00,great style keep it up and lets be freinds,positive
673,joeydnyc228,2023-04-29 10:07:44+00:00,your instagram is making me fall in love with nyc again i always loved the people and street style the most,positive
673,adaynosoycolau,2023-04-29 07:57:18+00:00,creo que no sera capaz de quedarme slo con una imagen de escoger porque todos y cada uno de ellos me parecen nicos y maravillosos y fieles a s mismos cuando entendemos lo que hay detrs de lo que vemos no de si nos gusta o no porque eso no cuenta lo hemos entendido todo :smiling_face_with_hearteyes::smiling_face_with_hearteyes::smiling_face_with_hearteyes::smiling_face_with_hearteyes:,negative
674,jacopomarchettii,2023-05-20 07:56:55+00:00,:red_heart:,neutral
674,deeree732,2023-05-19 20:13:08+00:00,ester_exposito :red_heart::red_heart::red_heart:,neutral
674,mafeacampanha,2023-05-19 16:41:24+00:00,t maravilhosa but where is bella hadid amigas anacsantre _jumps_,neutral
674,msakira_,2023-05-19 15:49:49+00:00,i watch the elite bcs of her sexy carla,positive
674,couturesoireebyadeel,2023-05-19 10:37:44+00:00,serve :fire:,neutral
674,demotskhvedadze,2023-05-19 10:11:30+00:00,ertaderti madrideli romelic mikvars,neutral
674,demotskhvedadze,2023-05-19 10:11:15+00:00,:pleading_face::red_heart:,neutral
674,pioya_girl,2023-05-19 10:07:23+00:00,:fire:send this at novababes___,neutral
674,datewithversace,2023-05-19 08:28:34+00:00,naomicampbell gianniversace versacecelebrities 90sfashion kendalljenner bellahadid gigihadid esterexposito fashion icon fashiondesigner fashionista fashionblogger versace vintage katemoss versacetribute vintagefashion donatellaversace versaceversaceversace veryversace versaceeverywhere kimkardashian 90s style styleblogger styleinspo,neutral
675,theondinedivineshrine,2023-05-21 22:03:05+00:00,second to last is :fire:,neutral
675,corbinluxury,2023-05-21 04:27:58+00:00,:camera_with_flash:,neutral
675,hijabsgateway,2023-05-06 15:41:51+00:00,these photos look stunning the pinterest and vintage vibe these photos are giving is absolutely amazing loving every bit of the outfit :red_heart:,positive
675,recthrpy,2023-05-03 03:10:47+00:00,,neutral
675,whitemomoh_08,2023-05-02 10:06:00+00:00,:fire::fire::fire::fire::fire::fire:,neutral
675,lesbiggerstaff,2023-04-27 14:19:54+00:00,lolozouai :clapping_hands::red_heart::raising_hands:,neutral
675,aleatheasapp,2023-04-26 01:27:26+00:00,:red_heart::red_heart::red_heart: love this,positive
676,hiyamayapapaya,2023-05-27 23:46:49+00:00,bodies shouldnt be trends,neutral
676,cjoybellc,2023-05-27 02:17:45+00:00,the 90s brow will never be okay,negative
676,onewholovesfashion,2023-05-27 00:11:15+00:00,i have a thick nice eyebrows can i do this fluffy,positive
676,onewholovesfashion,2023-05-27 00:10:29+00:00,fyp can anyone tell me,neutral
676,jayla.t2021,2023-05-26 15:39:11+00:00,kendalljenner haileybieber yall just have to be justins exs :face_with_tears_of_joy:,neutral
676,tayl0rn8er,2023-05-26 13:16:25+00:00,ima keep my thicker tamed brows regardless of the trends because thats a whole other trauma i dont want to deal with :face_with_tears_of_joy:,negative
676,commonpeoplearewe,2023-05-26 08:12:22+00:00,my five decade old brows just silently eye rolling,neutral
676,donnaeliserink,2023-05-26 06:52:17+00:00,love for rhianna idk those other girls,positive
677,roxtesar,2023-05-24 16:53:25+00:00,8,neutral
677,mlq.boutique,2023-05-03 03:03:06+00:00,1st pic:fire:,neutral
677,regalsuggestion,2023-04-24 15:09:42+00:00,2nd look is very me :cherry_blossom:,neutral
677,sabenor__,2023-04-23 18:09:46+00:00,greetings im sorry to bother you i need some information from you please check your inbox :envelope_with_arrow: and reply to me,positive
677,asay_b,2023-04-23 09:09:06+00:00,the man im the 8th slide seems to be wearing an ethiopian culture garment inspired jacket,positive
677,hargunmeet_singh,2023-04-22 17:35:56+00:00,my brother :smiling_face_with_hearteyes::fire:looking good ludjerocloset,positive
678,oldhead_42,2023-06-05 00:28:45+00:00,trios are :fire::fire::fire::fire:,neutral
678,xoxo.sh007,2023-05-24 15:39:02+00:00,the girl in the third slide is :fire:,neutral
678,jerica.janee,2023-05-04 17:06:59+00:00,:red_heart:,neutral
678,fashion__majazine_,2023-04-20 19:24:11+00:00,,neutral
678,fashion__majazine_,2023-04-20 19:24:10+00:00,:backhand_index_pointing_right:this shot is really so amazing beautiful if you want we can share your post please check messages inbox :envelope_with_arrow:,positive
678,fashion__majazine_,2023-04-20 19:24:08+00:00,:japanese_symbol_for_beginner: :smiling_face_with_hearteyes::ok_hand::hundred_points: :japanese_symbol_for_beginner: :japanese_symbol_for_beginner: :japanese_symbol_for_beginner: :love_letter: :folded_hands::folded_hands::hundred_points:,neutral
679,princeplay2016,2023-05-05 01:14:47+00:00,vibes instagramcomreelcrlj2o4lvlbutm_sourceig_web_copy_link,neutral
679,sshapirocohen1982,2023-05-04 21:33:44+00:00,:face_with_tears_of_joy::face_with_tears_of_joy::face_with_tears_of_joy::face_with_tears_of_joy::face_with_tears_of_joy::face_with_tears_of_joy::face_with_tears_of_joy::face_with_tears_of_joy::face_with_tears_of_joy::face_with_tears_of_joy::face_with_tears_of_joy:,neutral
679,don_wa,2023-05-03 22:49:36+00:00,:face_with_tears_of_joy::face_with_tears_of_joy::face_with_tears_of_joy::face_with_tears_of_joy::face_with_tears_of_joy::face_with_tears_of_joy::face_with_tears_of_joy::face_with_tears_of_joy:,neutral
679,missjlh_,2023-05-03 19:17:31+00:00,its janelle being in her natural black and white element for me,positive
679,bertieholmes66,2023-05-02 22:33:11+00:00,:face_with_tears_of_joy:,neutral
679,flairdefaux,2023-05-02 21:21:47+00:00,l:heart_on_fire:ve l:heart_on_fire:ve l:heart_on_fire:ve thome brownes work :smiling_face_with_hearteyes::starstruck::smiling_face_with_sunglasses:,neutral
679,autumn_rain18,2023-05-02 20:05:48+00:00,its 3 and 6 for me :fire:,neutral
679,shennigan_nyc,2023-05-02 20:01:33+00:00,:red_heart::white_heart::blue_heart::yellow_heart::brown_heart::orange_heart::black_heart::green_heart::purple_heart::sparkling_heart:,neutral
679,zarah_mida_,2023-05-02 17:45:07+00:00,awww janelle looks adorable :loudly_crying_face:,positive
679,christinarelations,2023-05-02 17:11:25+00:00,yess:clapping_hands::clapping_hands: yess :clapping_hands::clapping_hands:yess:clapping_hands:,neutral
680,costa_del_sol_updates,2023-06-06 12:50:12+00:00,1 slay:fire::red_heart:,neutral
680,mitchiemonroe,2023-04-26 16:53:05+00:00,omg paulinalambaskis :smiling_face_with_hearteyes:,neutral
680,anicebyangel,2023-04-25 05:14:42+00:00,we spy the langston bag imani earring and sincere necklace set on slide 1 al available :black_heart::nail_polish_mediumdark_skin_tone:,positive
680,krlr21,2023-04-24 10:21:15+00:00,we see you angel_stylistbehavior,neutral
680,dasick,2023-04-20 03:06:16+00:00,my boy yourmamasfavorite,neutral
680,southernsocialite85,2023-04-20 02:38:31+00:00,zoedupree,neutral
680,united.beauty__7,2023-04-15 15:45:05+00:00,,neutral
680,united.beauty__7,2023-04-15 15:45:04+00:00,:backhand_index_pointing_right:this shot is really so amazing beautiful if you want we can share your post please check messages inbox :envelope_with_arrow:,positive
680,united.beauty__7,2023-04-15 15:45:03+00:00,:japanese_symbol_for_beginner: :smiling_face_with_hearteyes::ok_hand::hundred_points: :japanese_symbol_for_beginner: :japanese_symbol_for_beginner: :japanese_symbol_for_beginner: :love_letter: :folded_hands::folded_hands::hundred_points:,neutral
680,paulinalambaskis,2023-04-26 18:08:33+00:00,mitchiemonroe :smiling_face_with_hearts::smiling_face_with_hearts::smiling_face_with_hearts:,neutral
681,elizabethdiazo0,2023-05-17 15:47:14+00:00,cap for days,neutral
681,gome_zmlau,2023-05-13 00:48:08+00:00,slay,neutral
681,wmyd8486,2023-05-11 09:01:56+00:00,:red_heart:,neutral
681,heartloveforeverinmylife,2023-05-04 18:57:51+00:00,before tonight i love you so much ill always love you forever,positive
681,legistmedia,2023-04-25 21:25:52+00:00,:clapping_hands::clapping_hands:,neutral
681,ashokchandelg,2023-04-23 16:19:12+00:00,hii,neutral
681,studytheholybible,2023-03-15 02:56:36+00:00,:latin_cross::fire:john 1:18 no one has ever seen god the only son who is truly god and is closest to the father has shown us what god is likecev:fire:john 1:18 no one has ever seen god but the unique one who is himself god is near to the fathers heart he has revealed god to us:fire:nlt:fire:john 1:18 no one has ever seen god the only son is the one who has shown us what god is like he is himself god and is very close to the fathererv:fire:john1:18 no man hath seen god at any time the only begotten son which is in the bosom of the father he hath declared himkjv:fire: s juan1:18 a dios nadie le vio jams el unignito hijo que est en el seno del padre l le ha dado a conocer:fire:rvr1960,positive
681,flooweryy445,2023-03-08 21:51:36+00:00,it looks so dreamy :smiling_face_with_hearteyes::smiling_face_with_hearteyes::smiling_face_with_hearteyes::smiling_face_with_hearteyes:,neutral
681,naw4playplay,2023-03-07 11:22:20+00:00,oh this pictures fly :camera_with_flash:,neutral
682,lescanoi,2023-06-02 17:28:32+00:00,:clapping_hands::clapping_hands::clapping_hands:,neutral
682,fg_australia,2023-05-31 22:54:57+00:00,:fire::fire:,neutral
682,_leninhrosilenebarros,2023-05-28 17:05:08+00:00,prada good afternoon congratulations my king my dream is to be digital influencer do contents for people and to help my mother please my help fur love in god my lord:loudly_crying_face::loudly_crying_face::loudly_crying_face::loudly_crying_face::loudly_crying_face::loudly_crying_face::loudly_crying_face::loudly_crying_face::loudly_crying_face::loudly_crying_face::brazil::brazil::brazil::brazil::brazil::brazil::brazil::brazil::brazil::brazil::brazil::brazil::brazil::us_outlying_islands::us_outlying_islands::us_outlying_islands::us_outlying_islands::us_outlying_islands::us_outlying_islands::us_outlying_islands::us_outlying_islands::us_outlying_islands::us_outlying_islands::us_outlying_islands::us_outlying_islands::us_outlying_islands::us_outlying_islands::folded_hands::folded_hands::folded_hands::folded_hands::folded_hands::folded_hands::family::family::family::family::family::family::family::anxious_face_with_sweat::disappointed_face::pensive_face::crying_face:,positive
682,diamond.girl_1,2023-05-28 13:28:38+00:00,nice trio :collision:,positive
682,makapakamacio,2023-05-27 20:01:47+00:00,:fire::fire:,neutral
682,diego_2189777,2023-05-26 20:16:50+00:00,patrocines a rivaldios10 _soyyeyeeloriginal javetasenelarco para q tengan mas ventas:fire::fire:,neutral
682,arlenassayagi,2023-05-26 16:20:06+00:00,predri :fire::fire:,neutral
683,emnapsy,2023-05-24 13:58:48+00:00,so she was 74 on this pic u must be jocking rip,neutral
683,exzeegee,2023-05-23 00:50:21+00:00,this is soooo weird just yesterday i found out she existed listened to a song on youtube ramdonly and now i find this post just scrolling on zendayas feed,negative
683,tylermaul,2023-05-06 05:30:29+00:00,ronnie spector died rest in power so beautiful and talented,positive
683,heartloveforeverinmylife,2023-05-04 18:57:30+00:00,your so love forever i love you so much,positive
683,iamerica2023,2023-04-26 09:19:06+00:00,please tell me you are playing her in a movie that would be such a cool dedication to her,positive
683,markpaul2855,2023-04-20 10:04:58+00:00,:crying_face:,neutral
683,michellejensen3555,2023-04-17 13:58:28+00:00,:red_heart::two_hearts::dove::red_heart::sunflower:,neutral
684,sahara2000,2023-05-21 00:49:50+00:00,cyndi lauper vibes,neutral
684,_ashleyaro_,2023-05-11 20:28:23+00:00,saracamposarcone,neutral
684,thelonious_napz,2023-05-06 21:59:03+00:00,7 :fire:,neutral
684,singleislandbyron,2023-04-26 20:31:37+00:00,sharley_loves :red_heart::red_heart:,neutral
684,ahmad_abdulla293,2023-04-19 23:36:50+00:00,hello mate sorry for the random approach found your profile on explore from what i can see you have some clean artwork pictures i would love to buy some collections of your artworks as an nft kindly send my a dm if youre interested,positive
684,dala__bala,2023-04-16 09:10:58+00:00,sooooo awesome,positive
684,sherrypipi1904,2023-04-14 04:41:56+00:00,love the colours,positive
684,coeurebouriffe,2023-04-12 19:41:20+00:00,number 5 6 :smiling_face_with_hearteyes::smiling_face_with_hearteyes:,positive
684,ae_smileznsunshine,2023-04-12 17:59:19+00:00,so much fun,positive
684,silkrysal,2023-04-12 11:27:09+00:00,theres not one of these people i wouldnt be friends with:sparkling_heart:they are splendid,positive
685,jenna_marie777,2023-05-19 18:26:48+00:00,my absolute favorite color,positive
685,mels_illusion,2023-05-17 05:18:53+00:00,wowzahhh the collection is next level :face_screaming_in_fear::sparkles::red_heart::orange_heart::yellow_heart::green_heart::blue_heart::purple_heart:,neutral
685,notreallyjbutsoon,2023-05-08 12:43:25+00:00,:face_with_hand_over_mouth:,neutral
685,anuj.070,2023-05-07 15:50:51+00:00,send it on _newyorkvoguestyle,neutral
685,bmanleybates,2023-05-07 12:55:39+00:00,:raising_hands::raising_hands::raising_hands:,neutral
685,christophroberts,2023-05-06 21:43:24+00:00,millions of masculine white males out there and you can never seem to feature any almost like its an agenda,positive
685,stand640,2023-05-06 18:34:01+00:00,:smiling_face_with_hearteyes::smiling_face_with_hearteyes::smiling_face_with_hearteyes:,neutral
685,danielbaja.photography,2023-05-06 02:48:08+00:00,:winking_face:looks amazing:ok_hand::ok_hand::ok_hand:,neutral
685,shennigan_nyc,2023-05-05 05:26:46+00:00,:red_heart::white_heart::blue_heart::yellow_heart::brown_heart::orange_heart::black_heart::green_heart::purple_heart::sparkling_heart:,neutral
685,alice_catelyn9,2023-05-04 18:00:59+00:00,:confetti_ball:,neutral
686,caro_solis_vasconez,2023-06-08 21:36:07+00:00,thanks yo your conscious that you wanted to back together as a band in 2018 and we enjoy see the 3 together :raising_hands_mediumlight_skin_tone::smiling_face_with_smiling_eyes:,positive
686,vandanajaiswal825,2023-06-06 18:32:13+00:00,:smiling_face_with_hearteyes::clapping_hands::red_heart:,neutral
686,itsayemarkio,2023-06-04 05:10:09+00:00,:smiling_cat_with_hearteyes:,neutral
686,livvyparkerr,2023-06-02 17:10:45+00:00,nick ur song jealous saved me,negative
686,s.b_iham17,2023-06-01 14:49:55+00:00,he is hunk i swear :smiling_face_with_hearteyes:,negative
686,macpandey,2023-05-31 13:03:22+00:00,hlo bro hw r u where r u :red_heart:,neutral
686,macpandey,2023-05-31 13:03:15+00:00,:red_heart:,neutral
686,roop_doley,2023-05-29 18:04:46+00:00,awesome jijuso handsome :smiling_face_with_hearteyes:,positive
686,sachin98480,2023-05-28 01:00:11+00:00,:red_heart::red_heart:,neutral
687,i.mohsin_yousafzai,2023-05-03 14:53:13+00:00,:call_me_hand_light_skin_tone:,neutral
687,phyllismolloy,2023-05-02 23:31:01+00:00,did no one capture tony award nominee j harrison ghee,positive
687,shennigan_nyc,2023-05-02 20:01:27+00:00,:red_heart::white_heart::blue_heart::yellow_heart::brown_heart::orange_heart::black_heart::green_heart::purple_heart::sparkling_heart:,neutral
687,anjali_phougat6,2023-05-02 17:27:54+00:00,:red_heart::red_heart::red_heart::red_heart:,neutral
687,valery.dorothee,2023-05-02 16:48:47+00:00,we :red_heart: you two:smiling_face_with_hearteyes:,neutral
687,lyvansb,2023-05-02 15:23:22+00:00,:fire::fire:,neutral
687,blanco_724,2023-05-02 15:17:41+00:00,goog_:woman_technologist_medium_skin_tone:,neutral
688,markupka,2023-05-04 05:52:12+00:00,:hot_pepper::hot_pepper::hot_pepper::spaghetti::spaghetti::spaghetti:,neutral
688,sheznathere,2023-05-04 00:14:37+00:00,nina_plus_nina another poor execution,negative
689,sultan_draws,2023-05-11 10:02:49+00:00,bro trying to become silversurfer,neutral
689,lumenluxure,2023-05-09 15:08:42+00:00,wow,positive
689,nimim_labe_darya,2023-05-05 17:04:52+00:00,,neutral
689,foodgram20202023,2023-05-05 06:08:12+00:00,horrifying,negative
689,__.j0hn,2023-05-04 20:41:50+00:00,:face_vomiting::nauseated_face:,neutral
689,anna_nastasiaa,2023-05-04 20:30:52+00:00,wtf:nauseated_face::nauseated_face::nauseated_face::nauseated_face:,neutral
690,nesrine_lila,2023-05-08 20:37:16+00:00,hello peux tu me dire o se trouve cet endroit a casa le quartier ou comment retrouver le spot : merci davant,negative
690,yohghurt,2023-01-11 15:54:32+00:00,beautiful city:smiling_face_with_hearteyes:,positive
690,ghozalirambo,2023-01-11 14:44:05+00:00,:smiling_face_with_hearteyes::fire::smiling_face_with_hearteyes::fire::smiling_face_with_hearteyes:,neutral
690,nesrine_lila,2023-05-09 07:34:07+00:00,facehunter trop bien merci pour linformation : on va dcouvrir quelques endroits de casa ces prochains jours,neutral
690,facehunter,2023-05-09 15:04:47+00:00,nesrine_lila gnial bonne dcouverte,neutral
691,naluandselene,2023-05-26 12:52:14+00:00,:red_heart::raising_hands:,neutral
691,anitalegallyblondie,2023-05-25 05:28:28+00:00,excellent il ove to wear same nr 1:red_heart:,positive
691,mykitsch,2023-05-25 04:23:15+00:00,:red_heart::red_heart::red_heart:,neutral
691,iconicmementos,2023-05-25 02:09:56+00:00,quite the style mashup here,neutral
692,zita_impex,2023-03-20 19:29:28+00:00,:fire:,neutral
692,_infinitejest,2023-03-14 15:57:43+00:00,philomena cunk or emma stone,neutral
692,juanmederooficial,2023-03-14 03:12:44+00:00,:fire::fire::star::ok_hand:,neutral
692,taya_tata_tati,2023-03-13 21:11:28+00:00,:fire::fire::fire::fire:,neutral
692,platanias24,2023-03-13 19:38:48+00:00,:smiling_face_with_hearteyes::smiling_face_with_hearteyes::clapping_hands::clapping_hands::fire::clapping_hands::fire::fire::smiling_face_with_hearteyes::smiling_face_with_hearteyes::fire::fire:,neutral
692,gillyraffa,2023-03-09 20:26:11+00:00,kickiyangz :fire::fire:,neutral
692,binta_ndiay,2023-03-09 17:59:42+00:00,emmastone :red_heart::red_heart:,neutral
692,eleganzaa.india,2023-03-09 15:34:44+00:00,zendaya truly is a style diva,positive
692,siki_mochilaswayuu,2023-03-09 00:11:51+00:00,todo muy lindo:smiling_face_with_hearteyes:,neutral
692,zin_jewelry,2023-03-08 21:37:04+00:00,gorgeous,positive
693,arifsuart,2022-12-13 19:20:15+00:00,:thumbs_up::beaming_face_with_smiling_eyes::indonesia::heart_suit::paintbrush::artist_palette:,neutral
693,robertgenillard,2022-12-13 16:32:28+00:00,:clapping_hands::clapping_hands::clapping_hands::clapping_hands::clapping_hands::clapping_hands:,neutral
693,thisisvivp,2022-12-13 15:39:17+00:00,levita_magic you should have met with these beautiful people when you came to geneva last week,positive
693,deaquiydealla___,2022-12-13 13:49:18+00:00,fabulous :smiling_face_with_hearteyes:,positive
693,facehunter,2022-12-13 19:23:50+00:00,arifsuart :sparkles::sparkles::sparkles::sparkles:,neutral
694,cosdenimroduta,2023-05-06 20:34:16+00:00,nice :fire::red_heart:,positive
694,octavia_chicstyle,2023-05-05 15:57:44+00:00,:ok_hand_dark_skin_tone:,neutral
694,shennigan_nyc,2023-05-05 05:26:52+00:00,:red_heart::white_heart::blue_heart::yellow_heart::brown_heart::orange_heart::black_heart::green_heart::purple_heart::sparkling_heart:,neutral
694,chelseywayte,2023-05-04 21:10:13+00:00,:fire:,neutral
694,latinforglory,2023-05-04 14:11:41+00:00,best dressed by far,positive
694,je_suis_gayane,2023-05-04 08:02:13+00:00,:raising_hands::raising_hands:,neutral
694,ingridsywak,2023-05-04 01:49:21+00:00,beautiful,positive
694,voizaurademari,2023-05-04 00:15:06+00:00,:smiling_face_with_hearts::smiling_face_with_hearts::smiling_face_with_hearts::clapping_hands::clapping_hands::clapping_hands:,neutral
694,milennn789,2023-05-03 22:45:22+00:00,queeen :fire::fire::fire:,neutral
694,larry.klein_,2023-05-03 22:16:45+00:00,lets end inhumanity im paying 5 grands 5 people to message me tough times:red_heart::money_with_wings::hundred_points:,negative
695,divanvinicius,2023-05-25 09:32:37+00:00,i do miss the curved tee with a pocket they were so cool any possibility to come back,positive
695,everythingdigitalofficial,2023-05-22 08:35:09+00:00,:heart_on_fire:,neutral
695,matgark.90,2023-05-22 06:20:51+00:00,:red_heart:,neutral
695,ag.burns,2023-05-22 02:26:45+00:00,wheres the heat shirt,neutral
695,creativecherries.co,2023-05-22 01:39:28+00:00,love them,positive
695,hedge______,2023-05-22 00:43:40+00:00,:fire::fire::fire:,neutral
695,fa_clothess,2023-05-21 23:53:48+00:00,:smiling_face_with_hearteyes::smiling_face_with_hearteyes::smiling_face_with_hearteyes::smiling_face_with_hearteyes::smiling_face_with_hearteyes::smiling_face_with_hearteyes::smiling_face_with_hearteyes::smiling_face_with_hearteyes::smiling_face_with_hearteyes::smiling_face_with_hearteyes::smiling_face_with_hearteyes::smiling_face_with_hearteyes::smiling_face_with_hearteyes::smiling_face_with_hearteyes::smiling_face_with_hearteyes::smiling_face_with_hearteyes::smiling_face_with_hearteyes::smiling_face_with_hearteyes::smiling_face_with_hearteyes::smiling_face_with_hearteyes::smiling_face_with_hearteyes::smiling_face_with_hearteyes::smiling_face_with_hearteyes::smiling_face_with_hearteyes::smiling_face_with_hearteyes::smiling_face_with_hearteyes::smiling_face_with_hearteyes::smiling_face_with_hearteyes::smiling_face_with_hearteyes::smiling_face_with_hearteyes::smiling_face_with_hearteyes::smiling_face_with_hearteyes::smiling_face_with_hearteyes::smiling_face_with_hearteyes::smiling_face_with_hearteyes::smiling_face_with_hearteyes::smiling_face_with_hearteyes::smiling_face_with_hearteyes::smiling_face_with_hearteyes::smiling_face_with_hearteyes::smiling_face_with_hearteyes::smiling_face_with_hearteyes::smiling_face_with_hearteyes::smiling_face_with_hearteyes::smiling_face_with_hearteyes::smiling_face_with_hearteyes::smiling_face_with_hearteyes::smiling_face_with_hearteyes::smiling_face_with_hearteyes::smiling_face_with_hearteyes:,neutral
696,jetzyapp,2022-12-16 19:35:47+00:00,hey we admired your profile the purpose of reaching out to you is that were interested in featuring you on jetzy please dm us or reply here if youre interested,positive
696,marinakulik,2022-12-08 05:58:25+00:00,nails :fire:,neutral
696,rodri_goc,2022-12-06 15:42:42+00:00,amei :smiling_face_with_hearteyes:,neutral
696,thalohalo,2022-12-06 14:56:20+00:00,:clapping_hands::clapping_hands::clapping_hands:,neutral
696,facehunter,2022-12-06 14:54:51+00:00,art contemporaryart berlin brazilianartist treptow artberlin berlinart berlinartist artstudio artistabrasileira artistabrasil painting paintingart paintings paintingstudio,neutral
696,rafaellabraga,2022-12-06 14:52:04+00:00,obrigada querido :red_heart:,neutral
696,facehunter,2022-12-08 06:00:12+00:00,marinakulik :heart_on_fire:,neutral
697,swain.uk,2023-06-08 18:18:32+00:00,:red_heart:,neutral
697,acessorios.haas,2023-06-07 10:55:56+00:00,vem vero :fire:,neutral
697,_matteo_cesana,2023-06-06 21:44:51+00:00,:red_heart::raising_hands:,neutral
697,charliupdatezszs,2023-06-06 17:46:09+00:00,omg so good :red_heart:,positive
697,mellollady,2023-06-06 17:36:48+00:00,bag:red_heart:,neutral
697,m77.jewelry,2023-06-06 07:51:27+00:00,alma_bianchi4,neutral
697,derome_official,2023-06-06 07:45:04+00:00,:fire:,neutral
697,chanelverdugo,2023-06-06 03:31:09+00:00,:fire::fire:,neutral
697,neudorferdeidamia,2023-06-05 22:24:37+00:00,:red_heart:,neutral
698,golddiamond_spa_massage,2023-05-13 10:18:21+00:00,heliyaa__raad,neutral
698,jorgesanchezaleman,2023-05-09 18:27:06+00:00,elegancia y buen vestir,neutral
698,hoanglamtubao,2023-05-09 14:34:38+00:00,:red_heart:,neutral
698,ireallydontlikeyallnfs,2023-05-05 23:23:24+00:00,:fire::fire::fire::fire:,neutral
698,q3171417740,2023-05-05 18:35:43+00:00,really not bad,positive
698,soyturk_atila,2023-05-05 15:38:55+00:00,:fire:,neutral
698,beachhaus_swim,2023-05-05 15:25:51+00:00,gorgeous,positive
699,clau_andre_britez,2023-04-15 22:39:45+00:00,nicole,neutral
699,selenovabest,2023-04-15 12:39:26+00:00,,neutral
699,swissway_by_olgaschmidt,2023-03-16 18:45:56+00:00,:fire:,neutral
699,eli.sofi.twins,2023-03-15 21:09:34+00:00,:top_arrow::top_arrow::top_arrow:,neutral
699,lordpagliarello,2023-03-15 04:29:14+00:00,:fire::fire::fire: stunning,positive
699,hamzasaeed444444444,2023-03-14 19:31:36+00:00,freelightningleemurray keeps trying to make new people famous purposely yazeedalrajhi,neutral
699,giglio_boutique,2023-03-14 05:33:34+00:00,:smiling_face_with_hearteyes::smiling_face_with_hearteyes::smiling_face_with_hearteyes::smiling_face_with_hearteyes:,neutral
699,_violafabbrii,2023-03-13 21:26:11+00:00,_purplefriends,neutral
699,iamklemie,2023-03-13 18:20:43+00:00,:clapping_hands::clapping_hands:,neutral
699,ivanildo.oliveira.1272010,2023-03-13 12:51:14+00:00,ok show the design estilos conforto luxury elegncia :red_heart:vip :clapping_hands::clapping_hands::clapping_hands::clapping_hands:sucesso 2023,positive
700,rivasinghfashiondesigner,2023-04-12 10:31:04+00:00,nice milan:smiling_face_with_hearteyes:,positive
700,world_record_promotion_,2023-04-09 18:55:39+00:00,:red_heart:dear i have a question in your inbox :smiling_face_with_hearts: please read it and reply:inbox_tray:,positive
700,world_record_promotion_,2023-04-09 18:55:36+00:00,:red_heart:dear we have checked your profile :camera_with_flash: your profile deserves promotion would you like to upload your photo to our network :inbox_tray::camera_with_flash:,positive
700,world_record_promotion_,2023-04-09 18:55:35+00:00,:red_heart:we liked your picture:ok_hand: we will share your post on our network:red_heart: reply me in dm if you are interested:envelope_with_arrow::inbox_tray:,positive
700,_black_model_.__,2023-04-09 18:48:13+00:00,:smiling_face_with_hearteyes:can you reply my message i have to discuss something check dm:raising_hands:,neutral
700,_black_model_.__,2023-04-09 18:48:13+00:00,:backhand_index_pointing_down:hey i have a question check your:red_heart::red_heart:inbox,neutral
700,__neighborhoodher0__,2023-04-01 15:32:20+00:00,i knew the moment i gave it a trial honestly receiving 53000 after investing 5300 is what i never expected thanks for putting an undying smile on my face ashley_meekss,positive
700,_jus.josh,2023-04-01 13:49:16+00:00,saw a post about her platform and i took a step to try if its going to work you changed my life financially i just want to share your good work and let the world know how great and responsible you are ashley_meekss,positive
700,lilia_lifestyle_,2023-03-28 13:27:42+00:00,:fire::fire::fire:,neutral
701,ljrbeyourself,2023-05-13 19:39:46+00:00,:thumbs_up:,neutral
701,timelessfashionnews,2023-03-21 16:08:34+00:00,:raising_hands::smiling_face_with_hearteyes:,neutral
701,sorelle_collezioniprivate,2023-03-12 22:04:02+00:00,chic,positive
701,seadbeadyblogs,2023-03-10 12:31:22+00:00,that looks like a great collection :smiling_face_with_hearteyes::red_heart:,positive
701,melania.lavia,2023-03-09 07:12:47+00:00,ce ne fosse uno bello,neutral
701,melania.lavia,2023-03-09 07:10:53+00:00,licenziato,neutral
701,melania.lavia,2023-03-09 07:10:26+00:00,cos valentino ha definitivamente perso tutti i suoi affezionati clienti,positive
701,melania.lavia,2023-03-09 07:09:13+00:00,con tutte le risorse di valentino questo il risultato:flushed_face:,neutral
702,peerless_apparel.london,2023-03-31 12:34:06+00:00,:military_medal::military_medal::military_medal:,neutral
702,maralafontan,2023-03-17 07:20:31+00:00,:red_heart::red_heart:,neutral
702,nrhzrhh_,2023-03-12 06:48:47+00:00,:red_heart::red_heart::red_heart:,neutral
702,leoniehanne,2023-03-12 04:59:04+00:00,:mediumlight_skin_tone::mediumlight_skin_tone::mediumlight_skin_tone:,neutral
702,plusagdesign,2023-03-12 00:48:51+00:00,:hibiscus:,neutral
702,nu.ggats,2023-03-10 23:14:39+00:00,nuggats :clapping_hands_mediumlight_skin_tone:,neutral
702,editorialesdemoda,2023-03-10 21:35:19+00:00,:red_heart::red_heart::red_heart:,neutral
702,kleos_elif,2023-03-10 06:42:42+00:00,:fire::fire::fire:,neutral
703,agustinmartinez589,2023-04-10 03:58:22+00:00,y c e e,neutral
703,liza_meier_photo,2023-03-19 21:31:18+00:00,:clapping_hands_medium_skin_tone::clapping_hands_medium_skin_tone::clapping_hands_medium_skin_tone:,neutral
703,swissway_by_olgaschmidt,2023-03-16 21:16:10+00:00,:fire::fire::fire:,neutral
703,villacoccapanipignattimorano,2023-03-15 06:50:11+00:00,:clapping_hands:,neutral
703,motivatingworld01,2023-03-14 16:23:03+00:00,just pure simple lets make this world a better place to live and laugh follow us for amazing quotes to make your day a happy and positive daymotivatingworld01,positive
703,tralalitralalo,2023-03-13 08:44:20+00:00,kendall walking in front of vittoria sad,negative
703,sorelle_collezioniprivate,2023-03-12 22:05:17+00:00,chic,positive
703,kigori_gioielli,2023-03-12 21:21:22+00:00,:red_heart:,neutral
703,ashleycurly_,2023-03-12 16:05:13+00:00,america:red_heart::red_heart:,neutral
703,pulpvic,2023-03-12 14:18:51+00:00,donatella versace un mitogrande,neutral
704,vani_nichole,2022-11-29 23:53:24+00:00,facehunter kindly check dm its important,positive
704,arune_urbonaite,2022-11-28 18:44:20+00:00,so beautiful girl:smiling_face_with_hearteyes:,positive
704,facehunter,2022-11-28 15:36:49+00:00,architect architecture bioclimatic bioclimaticarchitecture bioclimatica bioclimatique london innovation innovationliving innovationdesign,positive
704,natlapro,2022-11-28 14:49:19+00:00,:smiling_face_with_hearteyes::smiling_face_with_hearteyes::smiling_face_with_hearteyes::smiling_face_with_hearteyes::smiling_face_with_hearteyes:,neutral
704,facehunter,2022-11-28 18:44:51+00:00,arune_urbonaite yes :sparkles:,positive
705,paristommorow,2023-05-11 17:48:54+00:00,its paris,neutral
705,paristommorow,2023-05-11 17:48:46+00:00,hi everyone,neutral
705,steph_shep,2023-05-09 02:19:45+00:00,a dream dress altuzarra,positive
705,l8822_jamy,2023-05-09 01:47:24+00:00,:fire::fire::fire::fire::fire::fire:,neutral
705,mirintheparadise,2023-05-08 22:56:57+00:00,:red_heart::red_heart::red_heart:,neutral
705,shiesbeautyofficial,2023-05-08 22:44:44+00:00,:red_heart:,neutral
705,poornagraphy,2023-05-08 22:33:24+00:00,:red_heart::red_heart::red_heart:,neutral
705,shrrycola,2023-05-08 21:46:08+00:00,muah muah muahhhh :kiss_mark:,positive
705,i12rene,2023-05-08 21:31:55+00:00,:red_heart::red_heart::red_heart:,neutral
706,losamantespasajeros,2023-01-12 16:16:20+00:00,get this brutalism agers,neutral
706,swilks,2023-01-08 08:19:52+00:00,its an interesting city i went there last year a mix of la style and rustic,positive
706,fabdefabio,2023-01-07 21:05:08+00:00,i trully recomend you to visit brasilia the city was fully designed by modernist architect niemeyer,neutral
706,waastaa,2023-01-07 18:39:55+00:00,:red_heart::red_heart:,neutral
706,facehunter,2023-01-08 16:01:38+00:00,therealdj_khalid true that loved maputo architecture a lot,positive
707,,,,neutral
708,emicapenklis,2022-12-04 09:48:37+00:00,:clapping_hands:,neutral
708,ivonayw,2022-10-26 17:40:37+00:00,:smiling_face_with_hearteyes::smiling_face_with_hearts::two_hearts::mediumlight_skin_tone:,neutral
708,fridaberntson,2022-10-24 13:21:58+00:00,this makes me nostalgic :pleading_face:,neutral
708,ameliasmith3297,2022-10-22 23:01:13+00:00,:fire::fire::fire:,neutral
708,emicapenklis,2022-12-04 09:49:22+00:00,facehunter hope your well :red_heart:,positive
708,facehunter,2022-12-04 09:52:01+00:00,emicapenklis im feeling good hope you too,positive
709,seth.m.york,2023-01-30 00:44:22+00:00,:red_heart:,neutral
709,bodana.rameshwar,2023-01-18 00:48:01+00:00,nice,positive
709,christianlawson_soraya.2g,2023-01-17 19:24:15+00:00,nice,positive
709,vanessa.flair.robert.rovo,2023-01-15 00:22:06+00:00,good,positive
709,gheetarhd3d,2023-01-12 19:22:53+00:00,the golden state,neutral
709,hakiabehsera,2023-01-11 22:41:39+00:00,great look and shot :collision::fire:,positive
709,jeetusaini1008,2023-01-11 14:47:09+00:00,:face_with_open_mouth::face_with_open_mouth::face_with_open_mouth::face_with_open_mouth:,neutral
709,leeoliveira,2023-01-11 11:01:40+00:00,streetstyle mfw fashionweekmilan strretphotography modeloffduty streetstyleinspo milanfashionweek milanfashion mfw22,neutral
710,losamantespasajeros,2023-01-12 16:16:56+00:00,maja tez slodkich dziadkow agers,neutral
710,_ssmbo_,2023-01-09 19:23:09+00:00,amazing :starstruck:,positive
710,casacoupure,2023-01-09 15:43:28+00:00,:smiling_face_with_hearteyes:,neutral
710,bkpr2024,2023-01-08 18:21:15+00:00,style,neutral
710,ivonayw,2023-01-08 16:30:26+00:00,:smiling_face_with_hearteyes::smiling_face_with_hearteyes::medium_skin_tone:,neutral
710,facehunter,2023-01-10 22:04:04+00:00,_ssmbo_ :nerd_face:,neutral
711,omhlondon,2022-11-05 13:48:30+00:00,bought this amazing coat from rekindledhackney :fire:,positive
711,marineliketheocean,2022-10-27 19:57:01+00:00,:raising_hands::raising_hands::raising_hands::raising_hands:,neutral
711,mathiasdovalle,2022-10-27 15:51:53+00:00,amazing :smiling_face_with_hearteyes::red_heart::clapping_hands:,positive
711,facehunter,2022-10-27 20:21:36+00:00,marineliketheocean :sparkles::sparkles::sparkles:,neutral
712,ivanildo.oliveira.1272010,2023-04-20 14:48:55+00:00,the excellence 2023:red_heart::clapping_hands::clapping_hands::clapping_hands::clapping_hands:sucesso vip,positive
712,reisnewsbr,2023-04-10 20:13:58+00:00,beautifull :smiling_face_with_hearteyes::sparkles:,neutral
712,avemshoes,2023-03-20 22:07:42+00:00,:heart_suit::heart_suit::heart_suit:,neutral
712,kokol1541,2023-03-18 12:13:14+00:00,no offense but ashley grahams outfit is not suitable for her shape:person_facepalming_light_skin_tone:,negative
712,swissway_by_olgaschmidt,2023-03-16 21:16:05+00:00,:clapping_hands:,neutral
712,mila_stca,2023-03-16 13:52:06+00:00,people dies and suffers in some countries especially where war and genocide ukraine armenia artsakh syria lebanon afghanistan iran etc ______ so many people need an urgent help and support ______ meanwhile hollywood as usual glamorously partying nothing is going on _______ what century we are leaving in meaning stacked money that someone spent on a suit or dress for oscar could save so many people lives sad,positive
712,asadicon,2023-03-14 15:05:47+00:00,congratulations :raising_hands::red_heart:,positive
712,e75.li,2023-03-14 11:55:11+00:00,:red_heart:,neutral
712,yasuyoshi4488,2023-03-14 09:40:35+00:00,everythingeverywhereall atwance:thumbs_up::bouquet::bouquet::bouquet::bouquet::bouquet::bouquet::bouquet::bouquet::bouquet::bouquet::confetti_ball::confetti_ball::confetti_ball::confetti_ball::confetti_ball::confetti_ball:,neutral
712,donatellodesigns,2023-03-14 06:57:08+00:00,:smiling_face_with_hearteyes:,neutral
713,wfwalcott,2023-03-28 12:13:59+00:00,:fire::fire::fire:,neutral
713,tanmayaboutiques,2023-03-25 13:37:51+00:00,nice designs:red_heart::red_heart:,positive
713,leleberlin,2023-03-24 14:23:11+00:00,:white_heart::white_heart::white_heart::white_heart:,neutral
713,milanesionfilm,2023-03-22 22:20:47+00:00,the one with the doggo:smiling_face_with_hearteyes: both slaying,neutral
713,tiagoamaralok,2023-03-21 16:01:28+00:00,i think your content is great send me a message to exchange work ideas thanks :folded_hands:,positive
713,claytn__,2023-03-21 15:15:54+00:00,:fire::fire:,neutral
713,safebet_manifatture,2023-03-21 08:59:03+00:00,:red_heart:,neutral
713,agnieszkamosu,2023-03-21 03:27:20+00:00,:sparkling_heart::growing_heart::sparkling_heart:,neutral
713,ladyyfrancesca,2023-03-21 03:01:17+00:00,:smiling_face_with_hearteyes::smiling_face_with_hearteyes:,neutral
714,wadi_rum_red_sand_camp,2023-04-20 23:31:26+00:00,:smiling_face_with_hearteyes:,neutral
714,luxbottlelight,2023-04-20 08:33:08+00:00,:smiling_face_with_hearteyes::smiling_face_with_hearteyes:,neutral
714,shennigan_nyc,2023-04-19 02:17:18+00:00,:red_heart::white_heart::blue_heart::yellow_heart::black_heart::orange_heart::brown_heart::purple_heart::green_heart::sparkling_heart:,neutral
714,aesteticamakeup,2023-04-19 01:27:28+00:00,:smiling_face_with_hearteyes:,neutral
714,elenadoct,2023-04-18 19:29:01+00:00,adoro dg :red_heart:,neutral
714,florida.mehmeti79,2023-04-18 17:14:11+00:00,castello di messina torino andregal99,neutral
714,trendylingua,2023-04-18 15:40:01+00:00,:face_with_open_mouth::face_with_open_mouth::face_with_open_mouth:,neutral
714,andre.gal99,2023-04-18 14:56:32+00:00,milanfashionweek dove si pu vedere,negative
714,ali.pakniyyat,2023-04-18 13:39:23+00:00,wonderful design :smiling_face_with_hearteyes:,positive
715,theconfusedarab,2022-11-27 09:46:14+00:00,cest chez moi,neutral
715,biljana_27,2022-11-25 17:34:01+00:00,hlijaaa :check_mark_button:,neutral
715,enya_lifelover,2022-11-25 17:01:40+00:00,:raising_hands: great this is real differenciation:smiling_face_with_hearteyes: equalchancesforeveryone,positive
715,carolina.d.botelho,2022-11-25 10:56:18+00:00,my friend,positive
715,facehunter,2022-11-27 16:05:46+00:00,theconfusedarab jai ador :light_skin_tone:,neutral
716,olalala5678,2023-04-03 08:47:41+00:00,quoi situation in paris,neutral
716,fans_de_may_y_ana_,2023-03-31 17:20:26+00:00,something terrible happened to me for over 15 months ive been fighting to get my relationship back ive been to different place seeking for help until one day i saw a comment about how :backhand_index_pointing_right:drotaigbespell:backhand_index_pointing_left: restored a woman marriage i contacted him for help to get my relationship back he told me that my husband will come to me in 3 days in just 3 days my husband actually came home he was apologizing for everything he put me through ive been having a beautiful relationship for over 3 months now thanks to :backhand_index_pointing_right:drotaigbespell:backhand_index_pointing_left: contact him for help,positive
716,mangomegmeg,2023-03-31 15:36:04+00:00,the standard uniform for any parisienne,neutral
716,end2end,2023-03-31 14:47:57+00:00,:hundred_points::smiling_face_with_hearteyes:,neutral
716,maayanwintermua,2023-04-01 18:40:49+00:00,:red_heart::red_heart::red_heart:,neutral
717,adelineblackwood,2022-12-17 17:23:56+00:00,gorgeous love their style and expressions,positive
717,lafemmeregine,2022-12-13 12:35:51+00:00,frau im schlafrock :face_blowing_a_kiss::face_blowing_a_kiss: sorry :face_blowing_a_kiss: mein erster gedanke,negative
717,gulsehgal,2022-12-04 18:07:47+00:00,nice,positive
717,motarawa,2022-12-04 14:06:06+00:00,beautiful :blue_heart:,positive
717,bee.alvez,2022-12-04 13:28:50+00:00,:smiling_face_with_hearteyes:,neutral
717,facehunter,2022-12-17 18:26:25+00:00,adelahopeadela :grinning_face:,neutral
718,enjoythechaosx,2023-05-09 14:37:27+00:00,:smiling_face_with_hearteyes::smiling_face_with_hearteyes:,neutral
718,karine_oliveiram,2023-05-07 20:34:40+00:00,2 :smiling_face_with_hearteyes::smiling_face_with_hearteyes::smiling_face_with_hearteyes:,neutral
718,alinamos1,2023-05-07 14:37:12+00:00,top :top_arrow:,positive
718,etta_59g,2023-05-06 19:26:32+00:00,newyorklifes,neutral
718,lyrehs.sagrav,2023-05-06 06:59:50+00:00,7,neutral
718,dallalova,2023-05-06 05:13:15+00:00,12 galloping_swayze,neutral
718,thrifthis.mf,2023-05-06 05:01:24+00:00,:smiling_face_with_hearteyes::fire:,neutral
718,thevividangel,2023-05-06 00:14:17+00:00,nigel look it the :bomb: :fire::red_heart:,neutral
718,janicewine,2023-05-15 13:03:27+00:00,tooekerella what are you talking about he won the competition,positive
719,kayparrot,2023-05-31 01:21:51+00:00,hello everyone am kaylee i own a big shopping boutique i will be giving out adidas sneakers to 20 people as a gift just to promote adidas just send me a message if you are interested so you can get your free adidas sneakers,positive
719,aimanunver,2023-05-28 17:03:09+00:00,wowww,neutral
719,fantomas_1900,2023-05-28 07:28:01+00:00,enough,neutral
719,rubaiyas_makeup_diary,2023-05-28 01:03:04+00:00,awesome :smiling_face_with_hearteyes:,positive
719,whosmayerli,2023-05-28 00:43:16+00:00,:red_heart::smiling_face_with_hearteyes:,neutral
719,ana0silva04,2023-05-28 00:16:57+00:00,s:heart_suit:l:heart_suit:k:heart_suit:,neutral
719,iwannameo,2023-05-27 16:05:34+00:00,pedri look adorable :tulip:,positive
719,benedy.bk,2023-05-27 15:46:14+00:00,what shoe is on the second slide,neutral
719,hassane.lifestylez,2023-05-27 13:03:18+00:00,:red_heart:,neutral
719,afsal_2_0_0_1,2023-05-27 04:57:45+00:00,where is judebellingham :honeybee:,neutral
720,,,,neutral
721,,,,neutral
722,,,,neutral
723,xjudith.jpg,2023-05-20 21:10:38+00:00,ester_exposito wore this for cannes :fire:,neutral
723,dream.purses,2023-05-16 09:20:34+00:00,:smiling_face_with_hearteyes::red_heart:,neutral
723,_sabina_sargon,2023-05-15 07:56:36+00:00,,neutral
723,vvaleriapuebla,2023-05-14 05:51:12+00:00,valeria puebla :sparkles:,neutral
723,soshyant9680,2023-05-13 21:01:12+00:00,,neutral
723,golddiamond_spa_massage,2023-05-13 10:14:50+00:00,llsrill,neutral
724,,,,neutral
725,vanessapiazera,2023-05-16 22:43:27+00:00,:smiling_face_with_hearteyes:,neutral
725,carla_pontessss,2023-05-16 22:25:40+00:00,:reminder_ribbon::popcorn::motorway::oncoming_bus:,neutral
725,carla_pontessss,2023-05-17 02:56:42+00:00,carla_pontessss :writing_hand_mediumlight_skin_tone::handshake::luggage::woman_bowing_mediumlight_skin_tone:,neutral
726,,,,neutral
727,dudanillo,2023-05-18 12:26:04+00:00,:clapping_hands::clapping_hands::clapping_hands:,neutral
727,dudanillo,2023-05-18 12:26:02+00:00,:red_heart::red_heart::red_heart:,neutral
727,dudanillo,2023-05-18 12:26:00+00:00,:smiling_face_with_hearteyes::smiling_face_with_hearteyes::smiling_face_with_hearteyes:,neutral
727,mariadefatimaalban,2023-05-18 11:47:45+00:00,feliz aniversrio dudalina amo dudalinasou de ribeiro preto mas aqui no tem mais loja dudalinaadoro as de seda tenho 5 uma mais linda que a outra meu marido tem 16 camisas tudo dudalinaagora quero uma de renda pra mimum grande abrao:clapping_hands::clapping_hands::clapping_hands::clapping_hands::red_heart:,negative
727,ivoneceni,2023-05-17 23:05:52+00:00,m,neutral
727,ruan_pablo_silvaa,2023-05-17 21:40:56+00:00,a melhor :smiling_face_with_hearteyes:,neutral
727,dudalina,2023-05-18 17:03:17+00:00,oi mariadefatimaalban ah como bom ter vocs conosco fazendo parte da nossa histria obrigada pelo carinho tambm amamos vocs :red_heart:,neutral
728,merrickmeans,2022-11-16 01:00:22+00:00,i thought that was some kind of lamp :face_with_tears_of_joy:,neutral
728,valeriesdt,2022-11-15 20:48:54+00:00,yeaaaaahhhh,neutral
728,facehunter,2022-11-15 20:10:14+00:00,modernism modernistarchitecture abstractart architecture archi archlovers archidaily archdaily archilover architecturelovers architectural strasbourg france,neutral
728,l_a_b_i_a_n_c_a,2022-11-15 16:50:18+00:00,:red_heart:,neutral
728,facehunter,2022-11-16 07:18:26+00:00,merrickmeans at the top of the picture they are actually lamps,positive
729,khamis.santino,2023-05-14 09:10:52+00:00,:red_heart::red_heart::smiling_face_with_hearteyes:,neutral
729,anjulinanda,2023-05-12 14:50:24+00:00,beautiful,positive
729,dzifagray,2023-05-12 05:43:33+00:00,:smiling_face_with_hearteyes::red_heart::red_heart::smiling_face_with_hearteyes:,neutral
729,sampathgummadi,2023-05-12 05:06:16+00:00,:smiling_face_with_hearteyes::smiling_face_with_hearteyes::smiling_face_with_hearteyes::smiling_face_with_hearteyes::smiling_face_with_hearteyes::smiling_face_with_hearteyes:,neutral
730,malla_roshan_singh,2023-05-13 13:29:53+00:00,:smiling_face_with_hearteyes::smiling_face_with_hearteyes::smiling_face_with_hearteyes::smiling_face_with_hearteyes::smiling_face_with_hearteyes: lovly :smiling_face_with_hearteyes::smiling_face_with_hearteyes::smiling_face_with_hearteyes:,neutral
730,myexpergefactor,2023-05-13 04:15:33+00:00,wow amazing lovely creation by prabal :thumbs_up: n isha is looking gorgeous in this outfit :thumbs_up:,positive
731,atassa2l,2023-04-19 12:26:01+00:00,:clapping_hands::clapping_hands::clapping_hands:,neutral
731,hma_shopping_woman,2023-04-19 12:24:00+00:00,:red_heart::red_heart::red_heart::red_heart:,neutral
731,kar.amilo,2023-04-19 12:22:27+00:00,:fire::fire::fire::fire:,neutral
731,mohamed_majjad1,2023-04-19 12:17:58+00:00,:red_heart::raising_hands:,neutral
731,malu.mzdf00,2023-04-19 08:51:28+00:00,we thank you for your visit and for your correct understanding of the issue of the sahrawi people:western_sahara::western_sahara::western_sahara::red_heart:,positive
731,visit_city.ma,2023-03-06 02:35:56+00:00,sahara morroco,neutral
731,osaoud,2023-02-25 08:18:35+00:00,lhomme suisse qui connat lhistoire plus que lhistoire sahara marocain jusqu la fin du temps on est chez nous cest nos terres toi et tes ides dindpendantistes gauchiste a la noix a vendre aux dbiles et aux rats rentres chez toi homme blanc,neutral
731,facehunter,2023-04-19 12:26:14+00:00,atassa2l :sparkles::sparkles::sparkles:,neutral
732,myexpergefactor,2023-05-13 04:13:37+00:00,wow amazing :smiling_face_with_hearteyes: lovely creation by prabalisha is looking gorgeous in this outfit :thumbs_up:,positive
732,tantrik_bhairavnath_official,2023-05-12 04:09:38+00:00,x s l v g h h c m b bhairavnath_tantrik,neutral
732,legit_stevee,2023-05-12 03:58:53+00:00,anyone need a business logo or cartoon version done,neutral
733,oreo.3x,2023-05-13 06:26:24+00:00,x:clapping_hands:3g8,neutral
733,oreo.3x,2023-05-13 06:26:23+00:00,xw:clapping_hands:uux7v3a8gd:clapping_hands::clapping_hands::crying_face:d0s7xe7mx3hxx3amx,neutral
733,oreo.3x,2023-05-13 06:25:35+00:00,:crying_face:x3a:raising_hands::clapping_hands::clapping_hands:xz8vx6xd3x38xzfx33,neutral
734,sampathgummadi,2023-05-12 05:06:04+00:00,:smiling_face_with_hearteyes:,neutral
734,tantrik_bhairavnath_official,2023-05-12 04:09:41+00:00,x s l v g h h c m b bhairavnath_tantrik,neutral
734,legit_stevee,2023-05-12 03:59:04+00:00,anyone need a business logo or cartoon version done,neutral
735,smileymamata,2023-05-12 20:50:44+00:00,super talented prabalgurung,positive
735,myexpergefactor,2023-05-12 14:59:48+00:00,wow lovely creation by prabal :thumbs_up:,positive
735,deepalishresta,2023-05-12 13:22:54+00:00,prabalgurung 2023,neutral
735,dipti_dewan20,2023-05-12 13:13:42+00:00,2023,neutral
735,georgyporgie_,2023-05-12 12:56:41+00:00,:fire::clapping_hands:,neutral
735,iccy._.miyuki,2023-05-12 12:38:23+00:00,:red_heart::fire:,neutral
736,ovie117,2023-05-13 15:53:48+00:00,:red_heart::red_heart:keep going forward with your brilliant work brother :red_heart::red_heart:,positive
736,myexpergefactor,2023-05-12 15:02:28+00:00,wow amazing lovely creation by prabal :thumbs_up:,positive
736,malla_roshan_singh,2023-05-12 05:05:07+00:00,:smiling_face_with_hearteyes::smiling_face_with_hearteyes::smiling_face_with_hearteyes::smiling_face_with_hearteyes::smiling_face_with_hearteyes: lovely :smiling_face_with_hearteyes::smiling_face_with_hearteyes::smiling_face_with_hearteyes:,positive
737,sastopasal23,2023-05-17 12:46:33+00:00,,neutral
738,,,,neutral
739,kunwar.uma9384,2023-05-14 23:00:15+00:00,nice rammro cha,positive
739,myexpergefactor,2023-05-12 15:00:56+00:00,wow amazing lovely creation by prabal :thumbs_up:,positive
739,lavanyacoodly,2023-05-12 12:21:00+00:00,you mean 2023 met gala right,neutral
740,bombayunmapped,2023-05-12 06:05:25+00:00,outstanding :clapping_hands::clapping_hands::clapping_hands:,positive
741,dwainebyrdphotography,2023-05-16 17:46:32+00:00,wow :face_with_open_mouth::smiling_face_with_hearteyes:,positive
741,jaewell__,2023-05-12 15:39:04+00:00,:fire::fire::fire::fire:,neutral
741,shennigan_nyc,2023-05-02 20:03:27+00:00,:red_heart::white_heart::blue_heart::yellow_heart::brown_heart::orange_heart::black_heart::green_heart::purple_heart::sparkling_heart:,neutral
741,tweek_eek,2023-05-02 14:45:36+00:00,:smiling_face_with_hearteyes:,neutral
741,bree_jamaika,2023-05-02 05:16:00+00:00,love:fire:,neutral
741,jillianwestphal,2023-05-02 00:26:39+00:00,chic chic chic,positive
741,dominickaffka,2023-05-01 21:50:19+00:00,:red_heart::raising_hands::clapping_hands:,neutral
741,mysashaofficial,2023-05-01 21:36:42+00:00,:red_heart::red_heart:,neutral
741,thevogueman_,2023-05-01 21:22:30+00:00,fabric fabric fabric fabric,neutral
742,kamil_hewavitharana,2023-04-22 13:58:18+00:00,gorgeous :red_heart:,positive
742,thevogueman_,2023-04-20 01:30:03+00:00,classic classic classic,neutral
742,thevogueman_,2023-04-20 01:29:40+00:00,classic classic classic,neutral
742,kissmykite,2023-04-20 00:46:38+00:00,beautiful,positive
742,i.mohsin_yousafzai,2023-04-19 20:52:20+00:00,:raising_hands:,neutral
742,rodarte,2023-04-19 20:29:47+00:00,:red_heart::red_heart::red_heart:,neutral
742,yanruyu_catelyn7,2023-04-19 20:14:40+00:00,:party_popper::party_popper:,neutral
742,moth__goth,2023-04-19 19:57:08+00:00,i love this,positive
743,lucythewarriorprincess,2023-04-12 11:46:18+00:00,love this picture itslulupierre and bae :smiling_face_with_hearteyes::fire: bae can i borrow your hat please :mediumdark_skin_tone:,positive
743,snake_a_relli,2023-04-03 13:46:47+00:00,to everyone wearing a yankees cap name 3 players lol,positive
743,metoyerblessed,2023-03-28 03:17:59+00:00,:red_heart:,neutral
743,irvingt.taborn,2023-03-24 18:30:10+00:00,kool moves family,neutral
743,yeahsheatethat,2023-03-24 04:10:17+00:00,man this was a tough set but ms gloves :pinched_fingers_mediumdark_skin_tone:,negative
743,ktireland,2023-03-24 02:35:07+00:00,the skates for sure,positive
743,normajean3122,2023-03-23 23:59:45+00:00,lulusworldco i see you 2 representing for london :smiling_face_with_hearteyes::red_heart:,neutral
744,,,,neutral
745,,,,neutral
746,razanidesign,2023-04-25 04:16:51+00:00,:dress::blue_heart::dove:,neutral
746,marthaluna,2023-04-24 23:07:40+00:00,the queen madisinrian :smiling_face_with_hearts::medium_skin_tone:,neutral
746,iamexclussif,2023-04-24 23:00:56+00:00,:black_heart::red_heart::black_heart::black_heart::red_heart:,neutral
746,shennigan_nyc,2023-04-24 20:55:14+00:00,:red_heart::white_heart::blue_heart::yellow_heart::brown_heart::green_heart::black_heart::orange_heart::purple_heart::sparkling_heart:,neutral
746,valslooks,2023-04-24 16:57:33+00:00,stxphh,neutral
746,thevogueman_,2023-04-24 16:40:59+00:00,classic classic classic classic,neutral
747,peachcobblerqueen,2023-05-25 14:24:38+00:00,photo 5 is hands down the best of all long live lil red riding h:eyes:d love it:fire:,positive
747,aliensarefromhere,2023-05-24 04:10:11+00:00,,neutral
747,janah_menguito,2023-04-22 16:59:19+00:00,hey i have a question please check your inbox request :eyes:,positive
747,sanpatialen_________,2023-04-08 02:13:31+00:00,i loooooove itttttt :lollipop:,neutral
747,weavism,2023-04-06 08:43:22+00:00,:fire::fire::fire:,neutral
747,so_funny_world_,2023-04-06 04:55:15+00:00,:purple_heart::orange_heart::yellow_heart::brown_heart::black_heart::blue_heart::green_heart::red_heart::white_heart:,neutral
747,urbanlilyayiti,2023-04-05 19:35:02+00:00,:green_heart::green_heart:,neutral
747,brokenarm2,2023-04-05 19:01:24+00:00,i love nyc lived there for years,positive
748,weekendeventsberlin,2023-04-24 13:30:03+00:00,:face_with_open_mouth::smiling_face_with_hearteyes:,neutral
748,mickycamerini,2023-04-24 11:29:59+00:00,no elegance,positive
748,dawidtomaszewski,2023-04-24 08:10:11+00:00,:smiling_face_with_hearteyes::starstruck:,neutral
748,saucepapii_sa,2023-04-23 20:25:02+00:00,it aint the same no more :crying_face:,positive
748,alisa.clements15,2023-04-23 14:58:33+00:00,i hope those are not real feathers,positive
748,jmonarc,2023-04-23 02:28:15+00:00,:red_heart::red_heart::red_heart:,neutral
748,yourdiamondguru,2023-04-22 17:32:22+00:00,:fire::fire::fire::fire:,neutral
748,eviehoneyrose,2023-04-22 17:18:25+00:00,heavily inspired by big bird :red_heart:,positive
749,metoyerblessed,2023-03-28 03:18:34+00:00,:red_heart:,neutral
749,irenelafxvie,2023-03-27 20:30:14+00:00,:smiling_face_with_hearteyes::smiling_face_with_hearteyes::smiling_face_with_hearteyes:,neutral
749,ursulabetteridge,2023-03-26 00:45:53+00:00,the last slide is blaireadiebee wearing an _aje_ dress australian label :clapping_hands:,neutral
749,exprimere__te,2023-03-24 08:07:12+00:00,:red_heart::red_heart::red_heart:,neutral
749,mothspectre,2023-03-23 00:22:31+00:00,6 is roselockhart succulentmilkcan,neutral
749,leeza._.c,2023-03-22 17:13:27+00:00,whos 5,neutral
749,amariecalvo,2023-03-21 18:35:12+00:00,sandrashehab :smiling_face_with_hearteyes::smiling_face_with_hearteyes::smiling_face_with_hearteyes:,neutral
749,seattle_0055,2023-03-21 11:14:23+00:00,dm it on seattle_family_ 5m,neutral
749,lexxinthecityyyyyy,2023-03-20 09:38:17+00:00,the last dress:smiling_face_with_hearteyes::smiling_face_with_hearteyes::smiling_face_with_hearteyes::smiling_face_with_hearteyes:,neutral
750,baileyinsa1,2023-05-02 14:20:19+00:00,i dont understand why these dresses are so tight and these women can hardly walk theres no glamour in the dress being skin tight car lagerfeld would not have made dresses that made you look like a sausage come on ladies wear something that fits properly and you look so much better these two are actually nicely dressed but some of the costumes are so outrageous and have nothing to do with the theme it just has more to do with selfcentered people wanting attention met gala is really going to the toilet these days,negative
750,thecatherineaddai,2023-05-02 02:48:08+00:00,kiki :fire::fire::fire: looking like a young oprah :smiling_face_with_hearteyes:,positive
750,amorvincitomnia15,2023-05-02 02:21:01+00:00,may 1st not april 1st seems like a bad joke it all,positive
750,shiesbeautyofficial,2023-05-02 02:07:52+00:00,:fire::fire::fire:,neutral
750,46fatima88,2023-05-02 01:47:47+00:00,:sparkles: :linked_paperclips::hundred_points: :envelope_with_arrow::speech_balloon:,neutral
751,shennigan_nyc,2023-04-25 19:51:22+00:00,:red_heart::white_heart::blue_heart::yellow_heart::black_heart::purple_heart::orange_heart::brown_heart::green_heart::sparkling_heart:,neutral
751,samrak999,2023-04-25 17:29:24+00:00,painful,negative
751,yocamicastro,2023-04-25 16:41:19+00:00,:red_heart::red_heart:,neutral
751,thevogueman_,2023-04-25 16:24:42+00:00,fabric fabric fabric fabric,neutral
751,thevogueman_,2023-04-25 16:24:33+00:00,fabric fabric fabric fabric,neutral
751,nina_plus_nina,2023-04-25 16:01:08+00:00,fresh out of a crack den collection,positive
751,__.eliana__,2023-04-27 03:12:30+00:00,nina_plus_nina lmao,positive
752,ritaaraujomejias,2021-11-02 10:49:23+00:00,casaco maravilhoso :smiling_face_with_hearteyes:,neutral
752,taylorgavin,2021-04-13 18:58:12+00:00,the iconery,neutral
752,theofficialjalexander,2021-04-13 18:39:47+00:00,still love that shoe :mans_shoe::smiling_face_with_hearteyes:,positive
753,frodosmuse,2023-05-25 03:29:27+00:00,my god she is so :fire:,positive
753,keelin.mcdonagh,2023-05-24 22:59:41+00:00,why did i think this was dylan sprouse,neutral
753,jeanjersantos,2023-05-23 02:50:45+00:00,yassified justin,neutral
753,ann__marsh,2023-05-22 09:26:53+00:00,:fire::fire::fire::fire::fire:,neutral
753,neferboobiz,2023-05-21 08:15:41+00:00,is that justin bieber and hailey,neutral
753,ladyjofhollywood,2023-05-20 21:37:53+00:00,:red_heart::fire::red_heart:,neutral
753,alba_lea,2023-05-20 12:45:29+00:00,nnataalia uf:smiling_face_with_hearteyes:,neutral
753,khadijasalem__,2023-05-20 05:07:22+00:00,this is mnot not versace,neutral
753,cedrick6130,2023-05-20 00:04:00+00:00,:clapping_hands::clapping_hands::clapping_hands::clapping_hands::clapping_hands::clapping_hands::clapping_hands:,neutral
754,kimma.enigma,2023-05-29 13:19:16+00:00,:winking_face:,neutral
754,bigsaggy_,2023-05-25 19:33:15+00:00,:raising_hands:,neutral
754,shashshejej,2023-05-25 15:14:16+00:00,follow karo friendship ke liye,positive
754,fashinzaofficial,2023-05-25 08:14:15+00:00,absolutely stunning these looks from the diorcruise 2024 collection are beyond breathtaking and what a perfect tribute to the iconic naomi campbell on her birthday she truly knows how to rock any outfit with grace and style,positive
754,biancamasalaa,2023-05-23 11:05:59+00:00,io quando,neutral
754,kk_recovering_perfectionist_,2023-05-23 03:24:14+00:00,the best to ever do it:red_heart:,positive
754,intentionalagency,2023-05-23 01:15:59+00:00,:sparkles:,neutral
755,,,,neutral
756,weyniiiii,2022-10-19 11:54:06+00:00,:face_with_open_mouth::face_with_open_mouth:,neutral
756,monica.spru,2022-10-18 06:49:08+00:00,omg the best place in lithuania:smiling_face_with_hearteyes:,positive
756,katewojt,2022-10-18 04:51:36+00:00,my tutor professor researched and wrote a book about another of todays lithuanian baltic resorts palanga,neutral
756,amllmt,2022-10-18 02:47:53+00:00,yes please,positive
756,milaabbb,2022-10-17 11:12:53+00:00,:yellow_heart::green_heart::heart_suit:,neutral
756,facehunter,2022-10-18 07:03:47+00:00,monicaspru :heart_on_fire::heart_on_fire::heart_on_fire:,neutral
757,rosinhabf,2023-05-12 15:56:57+00:00,i had one bag like this: loved her so much:heart_with_ribbon:,positive
757,joartbyjo,2022-09-17 14:19:55+00:00,cool :smiling_face_with_hearteyes:,positive
757,dashing_mr.maher,2021-05-11 01:05:25+00:00,that prada watch im always fascinated with here creation in the early 2000 :smiling_face_with_hearteyes::red_heart:,positive
757,katiebeanis,2021-05-07 23:03:17+00:00,i must make the chapeau w the peacock,neutral
757,cserant,2021-05-07 17:36:14+00:00,beggi80 vado pazza per questo account:fire:,neutral
757,elisastecca,2021-05-07 15:11:20+00:00,eternal,neutral
757,elrayo_verde,2021-05-07 13:55:16+00:00,best campaign,positive
757,alantrowe,2021-05-07 05:24:50+00:00,:heart_suit::heart_suit::heart_suit:,neutral
757,venicewytch,2021-05-07 04:41:12+00:00,the color blocking is just exquisite :raising_hands::raising_hands::raising_hands:,negative
758,pckyperson,2021-03-16 13:11:54+00:00,thank you now i know my vintage prada mary janes are from that collection,positive
758,_ariannenicole_,2021-03-10 22:14:57+00:00,:fire::fire::fire:,neutral
758,pescegiampiero,2021-03-10 21:13:01+00:00,oldprada best shoes ever prada the best:raising_hands::red_heart:,positive
759,broccati_official,2023-05-31 15:05:11+00:00,:clapping_hands::clapping_hands::clapping_hands:,neutral
759,fashionbeautyy18,2023-05-31 04:00:17+00:00,jennie :fire:,neutral
759,rafst188,2023-05-26 09:05:13+00:00,wow:fire: send it on dubai_life,neutral
759,bear__022,2023-05-25 13:41:21+00:00,jennie look so pretty :white_heart::white_heart:,positive
759,roxirais,2023-05-24 17:02:46+00:00,porfavor ros fue lo ms chuc de cannes,neutral
759,shaivyabhatt,2023-05-24 15:02:55+00:00,jennifer lawrence :raising_hands::fire:,neutral
759,groovydana,2023-05-24 14:53:45+00:00,viola davis wow :fire:,positive
760,mariackenny,2022-10-11 19:55:15+00:00,:clapping_hands::clapping_hands::clapping_hands:,neutral
760,inongchin,2022-10-11 14:47:56+00:00,positivetintin,neutral
760,facehunter,2022-10-11 19:55:34+00:00,mariackenny :sparkles::sparkles::sparkles:,neutral
761,joartbyjo,2022-09-17 14:20:21+00:00,great:smiling_face_with_hearteyes:,neutral
761,monicafoti,2021-05-23 11:34:21+00:00,ho labito di questa collezione amo prada dal 1990,neutral
761,sitnikova7273,2021-05-19 22:43:02+00:00,your media hit my feed and its really amazing:gem_stone::thumbs_up::thumbs_up: but why comments section is too quite:neutral_face: this tool can help you dm smmwonder,positive
761,mgparisberlin,2021-05-08 10:59:04+00:00,sublime couleurs :ok_hand_dark_skin_tone:,neutral
761,leonorvalenzuela,2021-05-08 00:46:51+00:00,they should do those watches again,neutral
761,alantrowe,2021-05-07 09:36:28+00:00,:blue_heart:,neutral
761,marc_rego,2021-05-07 07:47:33+00:00,karen elson thinking about pradaraf simons :thinking_face::thinking_face::thinking_face: hahahaha :smiling_face_with_tear:,neutral
761,gregmyl,2021-05-06 22:09:16+00:00,when prada was top of its game :fire:,positive
761,fondazionezimei,2023-05-07 20:52:57+00:00,monicafoti io lorologio,neutral
762,joartbyjo,2022-09-17 14:20:04+00:00,adorable :smiling_face_with_hearteyes:,positive
762,spicerjanet5,2022-03-21 03:11:19+00:00,loved this collection :red_heart::red_heart::red_heart:,positive
762,riki.arad16,2022-03-09 14:46:25+00:00,nikolgorodozki,neutral
762,loulousfo,2021-09-20 08:02:48+00:00,love everything :green_heart::green_heart::green_heart:,positive
762,samsheed.collabs,2021-09-19 15:09:23+00:00,oldprada hey i came through your feeds and i absolutely love it let us send you free jewel and swimsuit to feature dm me now:smiling_face_with_hearteyes:,positive
762,amber.jpg,2021-05-07 22:37:00+00:00,this is amazing,positive
762,aurelijakeziene,2021-05-07 18:14:41+00:00,:red_heart::red_heart:,neutral
762,volvita.app,2021-05-07 13:56:04+00:00,check us out to nominate shop prada reissues :black_heart::white_heart:,neutral
762,mgparisberlin,2021-05-07 11:44:04+00:00,sublime:ok_hand_dark_skin_tone:,neutral
763,pescegiampiero,2021-03-10 21:12:11+00:00,oldprada :raising_hands::raising_hands::raising_hands::red_heart:,neutral
763,ruverco,2021-03-10 20:47:26+00:00,:brown_heart:,neutral
763,juliahaggblom,2021-03-10 19:41:43+00:00,:drooling_face:,neutral
763,valejillg,2021-03-10 18:46:24+00:00,my fav :white_heart:,positive
763,a.cardenas,2021-03-10 18:05:29+00:00,so classic,neutral
764,carla_pontessss,2023-05-11 13:22:45+00:00,bom dia sra dudalina tudo rosa11052023:wrapped_gift:,neutral
764,carla_pontessss,2023-05-03 18:58:29+00:00,boa tarde querida dudalina amo s minhas camisa de uma outra categoria incrvel tb mais geralmente guarde suas camisas :sun_with_face: guarda no deixe que fique amarela:writing_hand_mediumlight_skin_tone::fallen_leaf::sun_with_face:,negative
764,edynovais5,2023-05-02 23:14:37+00:00,:smiling_face_with_hearteyes::smiling_face_with_hearteyes::smiling_face_with_hearteyes::smiling_face_with_hearteyes:,neutral
764,edynovais5,2023-05-02 23:14:34+00:00,:clapping_hands::clapping_hands::clapping_hands::clapping_hands::clapping_hands:,neutral
764,candyalcantara,2023-05-02 22:28:16+00:00,:white_heart::white_heart::white_heart::white_heart::white_heart:,neutral
764,_cidaborges_,2023-05-02 20:49:49+00:00,ameiii,neutral
764,advsandrarenata,2023-05-02 20:21:16+00:00,na compra da segunda camisa ganha o pingente,neutral
764,carla_pontessss,2023-05-03 18:58:39+00:00,carla_pontessss :sun_with_face::sun_with_face::writing_hand_mediumlight_skin_tone::fallen_leaf:,neutral
765,dorotheaorsini,2021-04-13 19:16:09+00:00,:brown_heart:,neutral
765,taylorgavin,2021-04-13 18:58:18+00:00,best season ever,positive
766,carolinesjewelsco,2023-05-29 06:09:46+00:00,:dvd::dvd::dvd::dvd::dvd::dvd::dvd::dvd:,neutral
766,lika.krachkovskaya,2023-05-24 11:33:07+00:00,:fire::fire::fire:,neutral
766,ljkinfluencer,2023-05-21 09:19:56+00:00,this is awesome follow me and ljkinfluencer for the latest in luxurylifestyle fashion beauty cars yachts have a lovely day take care follow retweet,positive
766,abhineet_kaur26,2023-05-21 08:49:15+00:00,shes giving me grandma :old_woman: vibe,positive
766,skhanum____,2023-05-20 23:17:41+00:00,,neutral
766,rafabenz_33,2023-05-20 22:56:57+00:00,:red_heart::red_heart::red_heart::red_heart::red_heart:,neutral
766,girlcali18,2023-05-20 22:51:10+00:00,looks operated and generic now,neutral
766,dolzhenko_ivan,2023-05-20 14:49:40+00:00,my lovely annushka :smiling_face_with_hearts::face_blowing_a_kiss::two_hearts::starstruck::downcast_face_with_sweat::loudly_crying_face:,positive
766,ninachristi,2023-05-20 14:44:40+00:00,:fire::fire::fire::fire::fire::fire::fire::fire::fire::fire:,neutral
766,lamascodigo,2023-05-20 08:31:23+00:00,no respect to all soldiers who get sex to inmates in jail,positive
767,uviedogustavo73,2023-06-04 22:08:35+00:00,:princess_light_skin_tone::1st_place_medal::smiling_face_with_smiling_eyes::kissing_face_with_closed_eyes::hugging_face::hugging_face:,neutral
767,valfendah,2023-05-24 17:43:26+00:00,:smiling_face_with_hearteyes::smiling_face_with_hearteyes::smiling_face_with_hearteyes:,neutral
767,a1zhu,2023-05-24 16:17:12+00:00,dress to kill,negative
767,diannadigital,2023-05-21 19:48:50+00:00,me encanta el vestido :red_heart::red_heart::red_heart:,neutral
767,joshdukie,2023-05-24 18:22:07+00:00,ditardu you might want to stop saying we your opinion is simply your opinion no matter how marvelous you think your opinion is you dont speak for everyone i personally think she is beautiful and i know many people whod agree,positive
768,svetlana_grishina_photo,2023-04-13 15:15:04+00:00,:fire::fire::fire::smiling_face_with_hearteyes:,neutral
768,mirtus2023,2023-03-03 20:47:13+00:00,:clapping_hands::clapping_hands::clapping_hands:,neutral
768,shopmadkin,2023-03-03 14:41:19+00:00,love these looks :smiling_face_with_hearteyes:,positive
768,apartment_lm,2023-03-03 05:33:54+00:00,:raising_hands::raising_hands::raising_hands:,neutral
768,danielazeqo,2023-03-02 20:16:42+00:00,:red_heart::raising_hands:,neutral
768,luciojack1977,2023-03-01 22:33:41+00:00,:clapping_hands::clapping_hands::raising_hands::fire:,neutral
768,the_tassiafreitas,2023-03-01 20:49:38+00:00,belli:red_heart:,neutral
768,antonella.bussot,2023-03-01 19:45:24+00:00,:starstruck::sparkling_heart::sparkles:,neutral
768,hristo140_,2023-03-01 07:12:21+00:00,:raising_hands::red_heart::fire:,neutral
768,theplatformmagazine,2023-03-01 00:56:41+00:00,:red_heart:,neutral
769,goodfundesignstore,2023-04-02 12:08:48+00:00,omg no yes no yes :fire::red_heart:,positive
769,metoyerblessed,2023-03-28 03:18:41+00:00,:red_heart:,neutral
769,daria_swn,2023-03-20 17:41:03+00:00,jeffreyampratwum :red_heart::fire::fire::fire:,neutral
769,daria_swn,2023-03-19 21:50:12+00:00,:fire::fire::fire::raising_hands::red_heart:,neutral
769,lubomirzahorec,2023-03-18 17:05:20+00:00,:face_with_open_mouth::face_with_tears_of_joy::face_with_tears_of_joy::face_with_tears_of_joy:,neutral
769,hfhnhvg__,2023-03-18 15:03:00+00:00,i see glory and blessings in you and you are destined for greatness directly from birth i have an important message for you but i will need your honest permission to proceed because your ancestors have been trying to reach you by revealing some signs to you maybe through your dreams or the repeated numbers that you normally see 2224:44111115:15 around your environment i also see your throat and sacral energy blocked so kindly reply me once you get this message with a picture of your right hand palm my dear if you want to know the message i have for you namaste :folded_hands: :dizzy:,positive
769,ju__bauer,2023-03-18 02:02:13+00:00,omg 1 :smiling_face_with_hearteyes::smiling_face_with_hearteyes::smiling_face_with_hearteyes:,neutral
769,claudinhafantini,2023-03-17 16:55:21+00:00,essemenino vc em ny,neutral
770,amortajada,2023-05-14 23:38:59+00:00,kind of sad she was just a girl,negative
770,gaxxtandoo.fds2,2023-05-14 22:02:55+00:00,a lot people go through pains their relationship its hard to give up on love pretend to be one we love is alas finales to get back our joy happiness love is nature and nature is always beautiful make your self happy again forever visit doctor oaikhena :backhand_index_pointing_down::red_heart::backhand_index_pointing_down::red_heart: droaikhena,positive
770,_karimba_,2023-05-14 08:30:49+00:00,the walkkkk :smiling_face_with_hearteyes:,neutral
770,kate_tyrlai,2023-05-14 06:22:29+00:00,my favourite model,neutral
770,manuel_veloz,2023-05-14 03:31:05+00:00,so much better than kendall bella and gigi,positive
770,lesfemmedetail,2023-05-14 01:56:02+00:00,im always curious on why people say shes blacklisted shes beyond talented,positive
770,vicky_mvd,2023-05-14 00:12:39+00:00,queen i miss her in fashion :red_heart:,negative
770,elham_mryn,2023-05-16 03:20:37+00:00,stejvnai shes really talented tho,positive
770,whoisteesh,2023-05-20 04:45:09+00:00,gabriel_magallanesss okay and in japan the age of consent is 13 that is also wrong on so many levels what even is your point trying to defend sexualization of children smh,negative
771,vlada01,2023-05-08 07:14:17+00:00,love it :smiling_face_with_hearteyes:,positive
771,brandonjerrod,2023-05-07 22:45:29+00:00,:fire::fire:,neutral
771,hijabsgateway,2023-05-06 15:39:56+00:00,best sporty outfit i have seen today loving it the color choice is perfect for the weather this outfit will look pretty on all body shapes,positive
771,evakivaf,2023-05-05 13:04:47+00:00,gogo_vaf,neutral
771,whitemomoh_08,2023-05-02 10:06:26+00:00,:red_heart::red_heart::red_heart::red_heart::fire::fire::fire::fire:,neutral
771,hunky_tonk,2023-04-29 02:42:51+00:00,whitebuffaloroomofaustin,neutral
771,milkahamid,2023-04-24 12:24:10+00:00,no 4 :smiling_face_with_hearteyes::smiling_face_with_hearts:,negative
771,wickedgm,2023-04-24 12:15:39+00:00,darnellbernard33 :clapping_hands::clapping_hands::clapping_hands::fire::fire::fire:,neutral
772,carla_pontessss,2023-05-11 14:00:17+00:00,:woman_farmer_mediumlight_skin_tone:bom dia sradudalina prazer ter pessa como essa em nosso guarda roupa estou louca por uma vermelha nao sai da minha cabea essas logo passo na loja virtual pego a minha na cor vermelha:writing_hand_mediumlight_skin_tone::wrapped_gift:,neutral
772,isabel.passalini,2023-04-30 14:56:09+00:00,valor,neutral
772,silva_jaquelaine_,2023-04-29 15:59:46+00:00,qual valor das camisas,neutral
772,silva_jaquelaine_,2023-04-29 15:59:30+00:00,oi boa tarde,neutral
772,clotildesalvino,2023-04-28 18:50:04+00:00,dudalina no encontrei o vestido no site,negative
772,dudalina,2023-05-02 13:50:10+00:00,oi isabelpassalini te enviamos uma mensagem no direct,negative
773,sampathgummadi,2023-05-12 05:22:20+00:00,:smiling_face_with_hearteyes::smiling_face_with_hearteyes::smiling_face_with_hearteyes::smiling_face_with_hearteyes::smiling_face_with_hearteyes::smiling_face_with_hearteyes:,neutral
774,rosado_silvana,2023-05-16 17:23:33+00:00,linda quanto,neutral
774,carla_pontessss,2023-05-11 13:57:19+00:00,:woman_farmer_mediumlight_skin_tone:bom dia nossa querida dudalina uma das maiores loja de camisa do pas grifada cheia de deseng adoro na cor branca cai como uma luva no seu corpocomo bom dradudalina ti ter:wrapped_gift:,negative
774,dudalina,2023-05-16 20:36:08+00:00,oi rosado_silvana a pea que gostou camisa slim cristal punho dudalina feminina 53011205_05_1 r 129990 ou 6x de r 21665 temos ela nos tamanho de 36 a 46 veja mais detalhes acessando o link da nossa bio e entre em contato com a loja mais prxima a voc,neutral
775,autumn_rain18,2023-04-22 18:15:50+00:00,the corpses bride maybe :face_with_open_mouth::cross_mark: definitely not,positive
775,alexandra_schwoerer,2023-04-17 19:18:08+00:00,that red gown:heart_on_fire::clapping_hands:,neutral
775,sayaka.s.h2,2023-04-17 06:53:56+00:00,magnifique :fire:,neutral
775,keys_rebelle,2023-04-16 21:48:16+00:00,the red gown is stunning,positive
775,heatherashleyfoster,2023-04-16 19:58:43+00:00,love,positive
775,mpilmcclain,2023-04-15 19:29:09+00:00,omg its like first communion dresses from the 70s :confounded_face:,positive
775,nunziabue,2023-04-15 13:56:20+00:00,:red_heart::red_heart::red_heart::red_heart:,neutral
775,honornyc,2023-04-15 13:07:08+00:00,:folded_hands::white_heart::folded_hands:,neutral
775,je_suis_gayane,2023-04-15 08:02:45+00:00,:red_heart:,neutral
776,carla_pontessss,2023-05-11 14:05:04+00:00,:woman_farmer_mediumlight_skin_tone:bom diabora caminhar com as vidas sra dudalina como bom ti conhecer vc a maus linda tecido wue nao aderem manchas:writing_hand_mediumlight_skin_tone::houses::wrapped_gift:,neutral
776,barbaraasoaresss,2023-05-06 00:33:58+00:00,algum vende eu ameeeei,neutral
776,selmaragao,2023-05-05 13:20:43+00:00,que linda esta camisa,neutral
776,studiois_,2023-05-05 11:45:30+00:00,:smiling_face_with_hearts::smiling_face_with_hearts::smiling_face_with_hearts:,neutral
776,sandrawalendy,2023-05-05 08:00:42+00:00,:clapping_hands::clapping_hands::clapping_hands::clapping_hands::smiling_face_with_hearteyes:,neutral
776,candyalcantara,2023-05-04 20:27:54+00:00,:gem_stone::gem_stone::gem_stone::gem_stone::gem_stone:,neutral
776,cris_sinezio,2023-05-04 20:10:39+00:00,qual valor da camisa,neutral
776,dudalina,2023-05-06 12:40:43+00:00,barbaraasoaresss a pea que gostou a camisa cristal dudalina feminina ref 53011206 veja mais detalhes em ou acesse o link da nossa bio e entre em contato com a loja mais prxima a voc,neutral
777,jasiek_xcx,2023-05-30 16:22:32+00:00,:face_with_tears_of_joy::face_with_tears_of_joy::face_with_tears_of_joy:,neutral
777,inspiratetiendaonlineoficial,2023-05-28 21:49:31+00:00,inspirateprintifyme we are a new online sales store located in the city of pucn chile main objectives: we aim to promote fashion and different styles with our own unique style we enhance the production of products with personalized designs at the clients request through our email send all the world support latin american entrepreneurs from chile to the world,positive
777,tillygoldstein,2023-05-28 21:14:15+00:00,me too,neutral
777,fatemeeh_hajaviiii,2023-05-28 20:10:53+00:00,when lm in,neutral
777,fatemeeh_hajaviiii,2023-05-28 20:10:31+00:00,:face_with_tears_of_joy::face_with_tears_of_joy::face_with_tears_of_joy::face_with_tears_of_joy::face_with_tears_of_joy:exactly,neutral
777,shop_floralsea.co,2023-05-27 21:02:12+00:00,:blossom::black_heart::rainbow::sparkles::blossom::black_heart::rainbow::sparkles::blossom::black_heart::rainbow::sparkles:,neutral
777,shannon_r_sturm,2023-05-27 12:31:15+00:00,caralahnstein,neutral
777,katerinakoulouvaris,2023-05-27 05:40:10+00:00,lexijoelle this is so us,neutral
778,heloisade_oliveira_rios,2023-05-25 01:21:06+00:00,qual o valor da camisa,neutral
778,carla_pontessss,2023-05-15 14:23:42+00:00,:woman_bowing_mediumlight_skin_tone:boa semana aqui em osasco todos querendo lojas de calada dudalina parcelada:droplet:,neutral
778,dudalina,2023-05-25 12:47:37+00:00,oi heloisade_oliveira_rios tudo bem essa pea est r69990 e sua referncia 53011203 para conferir mais de perto essa e outras peas acesse o link da bio e v direto para o nosso site,neutral
779,parham1992__,2023-06-06 22:38:21+00:00,i lowe you versace from tehran:raising_hands::smiling_face_with_hearteyes::crying_face::red_heart::clapping_hands::face_with_open_mouth::face_with_open_mouth::face_with_open_mouth:,positive
779,parham1992__,2023-06-06 22:37:43+00:00,:raising_hands::raising_hands::raising_hands::raising_hands:,neutral
779,jorgesanchezaleman,2023-05-09 18:30:50+00:00,fugaz,neutral
779,houseofrichmanni,2023-05-03 17:05:48+00:00,need asap :fire:,neutral
779,emtp.pablito,2023-05-03 07:03:45+00:00,jessica_gonzalez_1610,neutral
779,golddiamond_spa_massage,2023-04-30 17:56:21+00:00,azin_mh :neutral_face:,neutral
779,kebschdana,2023-04-30 08:52:35+00:00,ooohhh i love it i want this :fire::fire:,positive
779,sequoyah7uw,2023-04-29 21:29:51+00:00,i love all the different textures,positive
779,brigante7262,2023-04-29 18:51:43+00:00,:thumbs_up::smiling_face_with_sunglasses:,neutral
780,mariadefatimaalban,2023-05-09 17:51:07+00:00,olque blusa linda de seda,neutral
780,nelci_silva_almeida,2023-05-08 09:37:18+00:00,:red_heart:,neutral
780,barbaraasoaresss,2023-05-08 04:38:48+00:00,ameiii algum vende,neutral
780,utilshop_oficial,2023-05-08 02:10:45+00:00,:fire:,neutral
780,dudalina,2023-05-18 14:56:41+00:00,oi mariadefatimaalban tudo bem a referencia dela 53011047 voc pode buscar em nosso site ou se tiver dvidas pode conversar com nossa consultora digital que ela te ajuda a escolher o item e tamanho perfeito basta acessar o link da bio,neutral
781,garcia_glauce,2023-06-05 12:42:03+00:00,edilaine_lua edizinha as camisas mais lindas :smiling_face_with_hearteyes: tenho 2 brancas uma jacquard outra botes svarowsky,neutral
781,danielefernandesc,2023-05-25 23:33:01+00:00,amei :red_heart:,neutral
781,michellemalab,2023-05-11 23:41:29+00:00,parece uma jia de to linda,neutral
782,timacochi,2023-05-27 16:29:31+00:00,:smiling_face_with_hearteyes::smiling_face_with_hearteyes::smiling_face_with_hearteyes:,neutral
782,shennigan_nyc,2023-04-30 07:11:17+00:00,:red_heart::white_heart::blue_heart::yellow_heart::green_heart::black_heart::orange_heart::brown_heart::purple_heart::sparkling_heart:,neutral
782,john_ojeda7502,2023-04-29 04:20:24+00:00,:red_heart::red_heart:,neutral
782,shushs_iwork_,2023-04-28 16:46:13+00:00,send it on _newyorkvoguestyle,neutral
782,pictures_shiny,2023-04-27 18:14:45+00:00,please fallow me friends :smiling_face_with_hearts:,positive
782,dualantidote,2023-04-27 18:09:09+00:00,:smiling_face_with_hearteyes:,neutral
783,modemajeure,2023-03-08 17:23:24+00:00,wow tim :fire::clapping_hands::fire:,positive
784,jregastiari,2023-03-05 14:20:50+00:00,1 a twilly 2 :smiling_face_with_hearteyes::smiling_face_with_hearteyes::smiling_face_with_hearteyes: 3 that would be iconic,neutral
784,insta_bee9,2023-03-05 12:56:45+00:00,:heart_exclamation:send your pic insponova,neutral
784,wheresmydriver,2023-03-06 08:52:28+00:00,jregastiari correct :clapping_hands:,neutral
785,,,,neutral
786,,,,neutral
787,leomieanderson,2023-03-06 07:41:54+00:00,hey where did you find this picx,neutral
787,jdtwin,2023-03-05 16:13:24+00:00,you are spectacular tim glad to see you back in paris :fire:,positive
787,dymiryan,2023-03-03 20:45:32+00:00,:smiling_face_with_hearteyes::smiling_face_with_hearteyes::smiling_face_with_hearteyes:,neutral
787,chrisellelim,2023-03-03 16:06:36+00:00,:red_heart::red_heart:,neutral
787,wheresmydriver,2023-03-06 08:37:40+00:00,jdtwin i really appreciate that thanks,positive
787,leomieanderson,2023-03-06 15:55:19+00:00,wheresmydriver can you email it to me leomiefagmailcom x,neutral
788,koreymichellegreen,2023-05-29 19:28:05+00:00,idk about the varsity jacket and the brown prairie skirt tho,negative
788,kingjulianperry,2023-05-15 14:55:31+00:00,fyyahhh carlbledsoejr,neutral
788,salote.yani,2023-04-16 21:05:41+00:00,__brittmcintyre__ been following closely for winter inspiration :smiling_face_with_hearteyes:,positive
788,eben_4give,2023-04-14 16:59:31+00:00,:fire:,neutral
788,_sofiauvarova_,2023-04-12 15:30:55+00:00,n4 :red_heart:,neutral
788,farzaneh.khakbiz,2023-04-09 08:23:06+00:00,i like so much first shot beautiful green dress and wonderful woman :green_heart::shopping_bags::green_heart:,positive
788,carakwithlove,2023-04-09 01:19:07+00:00,i was loosing all my hopes until pic910,positive
788,sergio_sf1975,2023-04-08 01:29:50+00:00,jajajajajajja,neutral
788,zhangliyithagreat,2023-05-24 21:28:08+00:00,fried_seth i mean you can be creative all you want but all this look try hard and so extra plus most of these ppl arent attractive at all,negative
789,,,,neutral
790,adelane_magalhaes,2023-05-13 17:32:52+00:00,linda:smiling_face_with_hearteyes::smiling_face_with_hearteyes:,neutral
790,soldatellicarolina,2023-05-13 00:45:45+00:00,lindo demais,neutral
790,barbaraasoaresss,2023-05-11 17:41:46+00:00,ameiii algum vende,neutral
790,carla_pontessss,2023-05-11 14:02:18+00:00,:woman_farmer_mediumlight_skin_tone::houses:bom dia sem nada pra fazer vamos passear na loja dudalina antes bora limpar a casa donas de casa bora corrigir o que seu marido deixou so nao limpe cheiro de tinta:writing_hand_mediumlight_skin_tone::face_with_medical_mask:,neutral
791,,,,neutral
792,adrianericmorales,2023-02-28 22:29:16+00:00,:clapping_hands:,neutral
793,graceartsy1,2023-03-01 16:51:05+00:00,love her,positive
794,personal_shopper_pr,2023-05-01 11:45:26+00:00,:red_heart::red_heart::red_heart:,neutral
794,rabiaseridji,2023-04-19 17:12:55+00:00,salut nass tu tamericanises :red_heart::red_heart::red_heart::red_heart:,neutral
794,booksbycc,2023-04-14 13:47:33+00:00,the velvet skirt top fit on picture 6 is :fire::fire::fire:,positive
794,mr_karaiby,2023-04-05 01:04:19+00:00,one of the best street style posts i saw i want to know all their personalities now :pinched_fingers_mediumdark_skin_tone:,positive
794,styledbysally,2023-04-04 22:54:58+00:00,now this is the nyc inspo i need:black_heart:,neutral
794,fatale.nicola,2023-04-02 11:33:44+00:00,:clapping_hands::clapping_hands::clapping_hands:,neutral
794,mariasohn,2023-04-01 13:52:07+00:00,i prefer this over the loud circus colors that are popular,positive
794,saravegaoficial,2023-03-31 11:03:06+00:00,:red_heart::red_heart::red_heart::red_heart::red_heart::red_heart:,neutral
794,mjm.216,2023-03-29 01:32:21+00:00,nice belt jethro,positive
795,adrianericmorales,2023-02-23 11:56:44+00:00,:call_me_hand:,neutral
796,,,,neutral
797,julianichelle,2023-03-06 12:42:47+00:00,elisazarzur,neutral
797,adrianericmorales,2023-02-26 22:15:12+00:00,:clapping_hands:,neutral
798,nataliattorresc,2023-03-01 03:27:08+00:00,deva :red_heart:,neutral
798,devacassel.bellucci,2023-02-28 22:24:18+00:00,deva:red_heart::red_heart:,neutral
799,fashion_promo.ig6,2023-02-25 07:36:51+00:00,:fire: fashion_queens,neutral
800,,,,neutral
801,matthewrofficial,2023-05-12 19:54:14+00:00,eyyyyyy fresh style my bro :raising_hands:,positive
801,nverclothing,2023-05-08 05:06:34+00:00,get ready to elevate your wardrobe with our signature original hoodie made with premium quality fabric and unique design elements our hoodie is the perfect combination of style and comfort dont settle for ordinary hoodies stand out from the crowd with our signature original order yours today,positive
801,duyguboz,2023-04-21 16:20:05+00:00,:starstruck: gamzeatesny :red_heart:,neutral
801,kingpixee,2023-04-19 14:27:30+00:00,printedpatternpeople alldaedae crossbody love btw i hv this same oneso basically im fashion :smiling_face_with_sunglasses::smirking_face::mediumdark_skin_tone:,positive
801,dear_stephan,2023-04-19 11:31:39+00:00,lol the last slide though homie snapped his neck,positive
801,adriannaredd,2023-04-19 10:10:22+00:00,yasssss 2 the printedpatternpeople crossbody in 8 love that look :red_heart:,positive
801,rabbit_wardrobe,2023-04-19 10:02:04+00:00,lady in red hat is my fav :green_heart:,positive
801,printedpatternpeople,2023-04-19 03:01:24+00:00,8 looove that :black_square_button: leather bag :winking_face::smiling_face_with_hearteyes::raising_hands_mediumdark_skin_tone:,neutral
801,w.morgs,2023-04-18 21:00:28+00:00,that purple outfit with the overalls is my favorite,positive
801,gym_legends._,2023-04-18 17:03:29+00:00,wow amazing :red_heart: send your best pics to be featured,positive
802,tsangtastic,2023-02-25 13:44:36+00:00,:face_blowing_a_kiss::beating_heart::red_heart:,neutral
803,ziasijun,2023-02-26 18:36:53+00:00,dk:fire::red_heart::red_heart::red_heart:,neutral
803,summersunnypie,2023-02-26 16:38:57+00:00,gila dk cakep bener,neutral
803,karenrs93,2023-02-26 12:56:54+00:00,dk :smiling_face_with_hearteyes:,neutral
803,booahae___,2023-02-26 09:33:08+00:00,thanks for dk_is_dokyeom s pic:black_heart::gem_stone:,positive
803,icevernon,2023-02-26 03:42:55+00:00,dk :smiling_face_with_hearteyes:,neutral
803,qksvkel,2023-02-26 03:14:27+00:00,wowww dk :smiling_face_with_hearteyes::smiling_face_with_hearteyes::smiling_face_with_hearteyes:,neutral
803,v_vheng,2023-02-26 03:10:37+00:00,dk dk_is_dokyeom :red_heart::red_heart: dk deokyeom seventeen,neutral
803,fitnstefen14,2023-02-25 21:53:45+00:00,wow:smiling_face_with_hearteyes:send it on europe_explore,neutral
804,cocopenhagen,2023-02-11 16:01:24+00:00,:smiling_face_with_hearteyes::smiling_face_with_hearteyes::smiling_face_with_hearteyes:,neutral
804,hind.abdellahi,2023-02-10 12:43:46+00:00,:red_heart::red_heart:,neutral
804,ojitosdecorazon__,2023-02-06 06:00:10+00:00,:fire::fire:,neutral
804,kaiesbenamor,2023-02-05 11:30:58+00:00,:smiling_face_with_hearteyes::smiling_face_with_hearteyes::smiling_face_with_hearteyes::smiling_face_with_hearteyes:,neutral
804,facehunter,2023-02-11 22:55:56+00:00,cocopenhagen :sparkles::sparkles::sparkles:,neutral
805,daammoor,2022-12-09 18:14:14+00:00,hey please like back 3,positive
806,warren.m__,2022-08-12 04:22:31+00:00,this collection still has me in a chokehold the creeper that launched a thousand knockoffs:fire::fire::fire::fire::fire:,positive
806,bobby1215,2021-10-07 02:08:53+00:00,i finally bought a pair of the mens platform espadrille brogues better late than never thank you grailed :clapping_hands_mediumlight_skin_tone::clapping_hands_mediumlight_skin_tone:,positive
806,awaru83,2021-02-13 07:45:05+00:00,just wow :fire::red_heart::clapping_hands:,positive
806,em_mrnt,2021-02-12 07:53:14+00:00,so good :raising_hands_light_skin_tone:,positive
806,alantrowe,2021-02-12 05:56:31+00:00,:blue_heart::blue_heart::blue_heart::blue_heart:,neutral
806,fadzyunos,2021-02-12 05:52:55+00:00,the show both men and women were spectacular and iconic,neutral
806,pepechongo,2021-02-12 05:51:01+00:00,im still obsessed with those v necked denim shirts and boat necked tops cant believe this was 10 years ago,positive
806,leoblancasravelo,2021-02-12 04:59:35+00:00,:yellow_heart:,neutral
806,joshualanceglass,2021-02-11 23:59:12+00:00,:red_heart:,neutral
807,thrif.tinluxury,2023-05-19 20:58:58+00:00,2nd slide this young lady resembles anna nichole smith:face_with_open_mouth::smiling_face_with_hearteyes::raising_hands_mediumdark_skin_tone::folded_hands_mediumdark_skin_tone:,neutral
807,moo_or23,2023-05-18 13:01:17+00:00,:clapping_hands::clapping_hands::clapping_hands:,neutral
807,violeta70s,2023-05-05 10:41:30+00:00,euuu estou apaixonada pelo look 7,neutral
807,farmer_amapeyman,2023-04-27 09:44:05+00:00,:fire::red_heart::fire: 7 made those clothes i feel it,neutral
807,jay_cozy310,2023-04-26 22:55:14+00:00,why is she smoking,neutral
807,dakota_cant,2023-04-23 15:24:32+00:00,annalisa_cnt gabriandginger,neutral
807,lesleybracker,2023-04-22 02:04:38+00:00,kiwi,neutral
807,scoutvintageldn,2023-04-21 18:56:08+00:00,:clapping_hands:,neutral
807,juliana.pao05,2023-04-19 12:07:41+00:00,why:eyes::eyes::eyes::eyes::face_with_open_mouth:,neutral
808,,,,neutral
809,shawn_badge_process,2023-06-06 03:47:50+00:00,:blue_circle:,neutral
809,mayramareee,2023-05-24 17:23:48+00:00,saw you on tik tok i love this for you :two_hearts: so amazing,positive
809,inspirationxdesign,2023-05-12 17:13:43+00:00,:red_heart::red_heart::red_heart:,neutral
809,inspirationxdesign,2023-05-12 16:32:38+00:00,:smiling_face_with_hearteyes::smiling_face_with_hearteyes::smiling_face_with_hearteyes:,neutral
809,hela_saldana,2023-05-12 01:01:53+00:00,wooow:smiling_face_with_hearteyes:,neutral
809,allthatglams72,2023-05-11 20:43:18+00:00,i would be really curious to know:face_with_rolling_eyes:,positive
809,allthatglams72,2023-05-11 20:42:42+00:00,what do you know about gianni versace,neutral
809,allthatglams72,2023-05-11 20:42:18+00:00,i dont understandwho are you exactely what is your job are you a columnist are you fashion critic wich is your role it is not clear to be truthfulhow old are you,negative
809,taylerbradford,2023-05-11 19:23:48+00:00,incredible,neutral
809,luca.castiglioni.7,2023-05-11 09:51:17+00:00,complimenti,neutral
810,fashion_from_nature,2022-11-23 06:39:13+00:00,for me clement is the best male model ever :smiling_face_with_hearteyes::raising_hands_medium_skin_tone:,positive
810,nyengyi1638,2021-02-17 14:30:27+00:00,clement:red_heart:,neutral
810,nige_squad,2021-02-12 11:40:01+00:00,iconic shots and imagery :red_heart:,neutral
810,alantrowe,2021-02-12 05:55:14+00:00,beautiful clement,positive
810,andreax_13,2021-02-12 05:35:21+00:00,clement:blue_heart:,neutral
810,ytwohay,2021-02-12 05:24:58+00:00,2 is harry goodwins,neutral
810,1nstaglancer,2021-02-12 01:29:24+00:00,i k r :face_with_rolling_eyes::ok_hand_light_skin_tone::goat:,neutral
811,tubavalon,2021-01-08 20:49:04+00:00,i didnt know this shoot and i am shook,negative
811,wellingthon_lessa,2021-01-08 17:24:27+00:00,amo esse desfilee olhe que assim que vi pela primeira vez era trs fotos do desfile em duas pginas de revista em um consultrio mdicoo masculino e maravilhoso tambmsemana passada estava assistindo o,neutral
812,alantrowe,2021-01-15 06:18:47+00:00,:heart_suit::heart_suit::heart_suit:,neutral
812,alberto.nidola,2021-01-14 22:45:40+00:00,guineverevanseenus :heart_with_arrow:,neutral
812,guineverevanseenus,2021-01-14 23:01:24+00:00,albertonidola :folded_hands_light_skin_tone::folded_hands_light_skin_tone::folded_hands_light_skin_tone:,neutral
813,culposupport,2023-03-03 21:57:12+00:00,:smiling_face_with_hearteyes:,neutral
814,eduardofritschy,2022-06-05 15:51:19+00:00,my favorite,positive
814,sir_pistolas,2021-12-10 15:30:23+00:00,:red_heart:,neutral
814,a_r_t_v_a_n_d_e_l_a_y,2021-09-10 19:11:38+00:00,wow :clapping_hands::red_heart:,positive
814,jose_lupa,2021-02-13 03:57:55+00:00,best ever,positive
814,ozzyandbetty,2021-02-12 13:29:58+00:00,tbh the pants are horrible and i cant imagine how my nock knees would look in them,negative
814,boutiqueduchatel,2021-02-12 09:54:13+00:00,when men fashion was beautiful,positive
814,grazianodicintio,2021-02-12 09:39:33+00:00,iconic,neutral
814,meathead_madrid,2021-02-12 07:46:52+00:00,the pinacle of the pyramid prada leaded the conversation and made a style statement with both mens and womens collection prada at its best,positive
814,light_on_mars,2021-02-12 06:26:39+00:00,denim outfits :red_heart::red_heart::red_heart:,neutral
815,stylebydanielarose,2021-03-07 22:11:27+00:00,:black_heart::black_heart::fire::fire:,neutral
815,alantrowe,2021-01-09 18:25:13+00:00,:heart_suit:,neutral
815,this_ones_in_love,2021-01-08 21:22:35+00:00,hes the best thank you for digging up this story,positive
816,alantrowe,2021-01-09 18:26:00+00:00,:heart_suit:,neutral
816,gggutinho,2021-01-09 02:13:48+00:00,that silver skirt just wow,positive
816,manzanidap,2021-01-08 18:20:58+00:00,esta apocalipsis es inquietante,neutral
817,moulana_sameer_ali_chisti,2023-05-12 03:56:12+00:00,: 918949615546,neutral
818,peterspeliopoulos,2021-01-15 01:20:38+00:00,paolo one the absolute greatest and that collection resonates forever,positive
819,ohmybos,2023-05-03 22:26:30+00:00,:fire:,neutral
819,alantrowe,2021-01-15 06:19:13+00:00,:heart_suit::heart_suit::heart_suit:,neutral
820,,,,neutral
821,kamihooligann,2023-06-09 18:37:51+00:00,:two_hearts::two_hearts::face_exhaling:,neutral
821,chief_ikuku_123,2023-05-08 18:22:31+00:00,:fire::red_heart:,neutral
821,heartloveforeverinmylife,2023-05-04 18:54:17+00:00,awesome ill be watching your last episode,positive
821,xldavo,2023-04-22 07:21:05+00:00,:fire:,neutral
821,eliana_almeida_liana,2023-04-06 18:58:33+00:00,kkkk linda:red_heart::red_heart:,neutral
821,tinari96962023,2023-03-30 13:21:40+00:00,tooop,neutral
821,vishal__chadrol,2023-03-22 11:50:14+00:00,:red_heart::red_heart::face_with_tears_of_joy:,neutral
822,thedramatiara,2021-01-05 20:29:21+00:00,:heart_with_arrow:,neutral
822,alantrowe,2021-01-04 10:38:18+00:00,:green_heart:,neutral
823,alantrowe,2021-01-04 10:39:08+00:00,:heart_suit:,neutral
824,fucknomtl,2023-05-21 15:13:23+00:00,not spirit hoods:unamused_face:,negative
824,la_monro,2023-04-12 20:32:58+00:00,slide 4 is :fire: and the couple with the matching hooded teddy coats :smiling_face_with_hearteyes::red_heart: just adorable,positive
824,samybastianellireal,2023-04-06 22:37:33+00:00,wow congratulations on your post i follow fashion too i do it with invogamagazine the online fashion magazine follow me if you like i like to share content that is always up to date congratulations again,positive
824,nectarineuroticism,2023-04-04 20:01:33+00:00,its scary bc this could be ai lmao,positive
824,xtnxclothing,2023-04-02 21:08:34+00:00,these look nice fr check our store out too might see something you like an would wanna add to your wardrobe or closet,positive
824,joey_gianni,2023-04-02 10:15:21+00:00,1 4 5 only,neutral
824,goodfundesignstore,2023-04-02 01:42:04+00:00,love your style :red_heart::fire:,positive
824,aidafirou,2023-04-02 00:48:59+00:00,:red_heart:,neutral
824,fucknomtl,2023-05-21 15:14:30+00:00,krissycirillo thank you for explaining honestly makes us long for the early days of street fashion blogs,positive
825,gala_iri,2023-05-07 18:28:19+00:00,whattttt:fire::fire::fire:,neutral
825,diego_roble,2023-05-05 12:43:55+00:00,:face_with_open_mouth:,neutral
825,booksbycc,2023-04-14 13:46:14+00:00,that last picture :woman_cartwheeling_medium_skin_tone:,neutral
825,monikruby,2023-04-10 04:48:59+00:00,:nauseated_face::nauseated_face::nauseated_face::nauseated_face::nauseated_face:,neutral
825,torchikito,2023-04-09 23:51:49+00:00,not the whitexican jacket,neutral
825,njdc07,2023-04-08 15:06:35+00:00,:clapping_hands_dark_skin_tone::clapping_hands_dark_skin_tone::clapping_hands_dark_skin_tone::clapping_hands_dark_skin_tone::fire::fire::fire::red_heart::red_heart::red_heart:,neutral
825,kassomadebrand,2023-04-07 21:37:55+00:00,:fire::red_heart::fire::red_heart::red_heart::fire: check out my brand all custom,neutral
825,samybastianellireal,2023-04-06 22:40:54+00:00,wow congratulations on your post i follow fashion too i do it with invogamagazine the online fashion magazine follow me if you like i like to share content that is always up to date congratulations again,positive
826,ladyjofhollywood,2023-05-20 21:38:01+00:00,:red_heart::red_heart::red_heart::red_heart::red_heart:,neutral
826,valle_es_valle_,2023-05-20 08:33:09+00:00,:smiling_face_with_hearteyes:,neutral
826,kaiomills,2023-05-19 18:54:38+00:00,its a runway show or just more like an editorial,positive
826,giuros76,2023-05-18 14:39:58+00:00,wo,neutral
826,heinzelena8,2023-05-18 14:16:26+00:00,:growing_heart::cherry_blossom::sparkling_heart:,neutral
826,datewithversace,2023-05-18 10:56:49+00:00,naomicampbell gianniversace versacecelebrities dualipa 90sfashion kendalljenner bellahadid gigihadid lindaevangelista fashion icon fashiondesigner fashionista fashionblogger christyturlington versace vintage katemoss versacetribute vintagefashion donatellaversace versaceversaceversace veryversace versaceeverywhere kimkardashian 90s style styleblogger styleinspo,neutral
827,neusa_mazzo,2023-05-12 23:19:12+00:00,:smiling_face_with_hearteyes::smiling_face_with_hearteyes::smiling_face_with_hearteyes::smiling_face_with_hearteyes::smiling_face_with_hearteyes:,neutral
827,dehromanonail,2023-05-12 19:41:59+00:00,:smiling_face_with_hearteyes:que linda,neutral
827,carla_pontessss,2023-05-12 16:38:30+00:00,:wrapped_gift:bom dia :hot_beverage: sra dudalina camisa toda mulher sonha em vestir camisa dudalina todo homem um carro zero:writing_hand_mediumlight_skin_tone:,neutral
827,neideesteves68,2023-05-12 14:16:51+00:00,lindssima :smiling_face_with_hearteyes:,neutral
827,bianca_agra,2023-05-12 10:45:02+00:00,h 2 dias eu tento efetuar uma compra no site e no consigo concluir o cadastro quando clico em concluir no acontece nada j tentei pelo computador e pelo celular,negative
