post_id,description,color,category,style,occasion,keywords
1,a white dress with a white blouse and white pants,white,"blouse, dress, pants",business,work,"white, blouse, dress, pants, business, work"
2,a dress is a garment that is worn by a woman,,"dress, hat",elegant,party,"dress, hat, elegant, party"
3,a dress is a dress that is worn by a woman,,"dress, hat",elegant,party,"dress, hat, elegant, party"
4,a pair of jeans with a chanel logo on the side,,jeans,casual,casual outing,"jeans, casual, casual-outing"
5,a dress is a dress that is worn by a woman,,"dress, hat",elegant,party,"dress, hat, elegant, party"
6,a tweed jacket with a tweed jacket and a tweed jacket,,jacket,casual,casual outing,"jacket, casual, casual-outing"
7,a dress is a dress that is worn by a woman,,"dress, hat",elegant,party,"dress, hat, elegant, party"
8,a kimono is a garment that is worn by women,,hat,casual,casual outing,"hat, casual, casual-outing"
9,a dress is a dress that is worn by a woman,,"dress, hat",elegant,party,"dress, hat, elegant, party"
10,a bag is a bag that is used to carry a bag or other item,,"bag, hat",casual,casual outing,"bag, hat, casual, casual-outing"
11,a dress is a dress that is worn by a woman,,"dress, hat",elegant,party,"dress, hat, elegant, party"
12,a t-shirt is a garment that is worn by a person to express their personality,,"t-shirt, shirt, hat",casual,casual outing,"t-shirt, shirt, hat, casual, casual-outing"
13,a silver jacket with a sleeveless collar and a sleeveless collar,gray,jacket,casual,casual outing,"gray, jacket, casual, casual-outing, summer"
14,a t-shirt is a garment that is worn by a person to express their personality,,"t-shirt, shirt, hat",casual,casual outing,"t-shirt, shirt, hat, casual, casual-outing"
15,a red dress is a dress that is red in color,red,"dress, hat",elegant,party,"red, dress, hat, elegant, party"
16,a white tee shirt with a white blazer and white jeans,white,"blazer, shirt, jeans",casual,casual outing,"white, blazer, shirt, jeans, casual, casual-outing"
17,a black coat coat is a coat that is long and has a collar,black,"coat, hat",casual,casual outing,"black, coat, hat, casual, casual-outing, winter"
18,a ring is a piece of jewelry that is worn on the finger or wrist,,"jewelry, hat",casual,casual outing,"jewelry, hat, casual, casual-outing"
19,a fashion item is a piece of clothing that is worn by a person,,hat,casual,casual outing,"hat, casual, casual-outing"
20,a coat coat coat coat coat coat coat coat coat coat coat coat coat coat coat coat coat coat coat coat coat coat coat coat coat coat coat coat coat coat coat coat coat coat coat coat coat coat coat coat coat coat coat coat coat coat coat coat coat coat coat coat coat coat coat coat coat coat coat coat coat coat coat coat coat coat coat coat coat coat coat coat coat coat coat coat coat coat coat coat coat coat coat coat coat coat coat coat coat coat coat coat coat coat coat coat coat coat,,coat,casual,casual outing,"coat, casual, casual-outing, winter"
21,a white dress with a lace top and a slit,white,"dress, top",elegant,party,"white, dress, top, elegant, party, lace"
22,a t-shirt is a garment that is worn by a person to represent their identity,,"t-shirt, shirt, hat",casual,casual outing,"t-shirt, shirt, hat, casual, casual-outing"
23,a t-shirt is a garment that is worn by a person to represent their identity,,"t-shirt, shirt, hat",casual,casual outing,"t-shirt, shirt, hat, casual, casual-outing"
24,a dress is a dress that is worn by a woman,,"dress, hat",elegant,party,"dress, hat, elegant, party"
25,a white dress with a slit and a slit,white,dress,elegant,party,"white, dress, elegant, party"
26,a pair of jeans with a hat and a pair of boots,,"jeans, boots, hat",casual,casual outing,"jeans, boots, hat, casual, casual-outing, winter"
27,a pair of jeans shorts,,"shorts, jeans",casual,casual outing,"shorts, jeans, casual, casual-outing, summer"
28,a dress is a dress that is worn by a woman,,"dress, hat",elegant,party,"dress, hat, elegant, party"
29,a pair of striped shorts and a pair of striped shorts,,shorts,casual,casual outing,"shorts, casual, casual-outing, summer, striped"
30,a pair of khaki pants with a white blouse and a pair of white pants,"white, beige","blouse, pants",business,work,"white, beige, blouse, pants, business, work"
31,a pair of jeans and a pair of sneakers,,"sneakers, jeans",streetwear,casual outing,"sneakers, jeans, streetwear, casual-outing"
32,a pair of jeans and a t-shirt,,"t-shirt, shirt, jeans",casual,casual outing,"t-shirt, shirt, jeans, casual, casual-outing"
33,a pair of jeans and a tee shirt,,"shirt, jeans, t-shirt",casual,casual outing,"shirt, jeans, t-shirt, casual, casual-outing"
34,a t-shirt is a garment that is worn by a person to represent their identity,,"t-shirt, shirt, hat",casual,casual outing,"t-shirt, shirt, hat, casual, casual-outing"
35,a pair of leggings is a pair of leggings that are made of fabric,,"leggings, hat",sporty,casual outing,"leggings, hat, sporty, casual-outing"
36,a pair of jeans,,jeans,casual,casual outing,"jeans, casual, casual-outing"
37,a t-shirt is a piece of clothing that is worn by a person,,"t-shirt, shirt, hat",casual,casual outing,"t-shirt, shirt, hat, casual, casual-outing"
38,a t-shirt is a piece of clothing that is worn on a shirt or a shirt,,"t-shirt, shirt, hat",casual,casual outing,"t-shirt, shirt, hat, casual, casual-outing"
39,a t-shirt is a garment that is worn by a person,,"t-shirt, shirt, hat",casual,casual outing,"t-shirt, shirt, hat, casual, casual-outing"
40,"a fashion item is a piece of clothing, jewelry, or accessories that is worn by a person",,"jewelry, hat",casual,casual outing,"jewelry, hat, casual, casual-outing"
41,a white polka dot dress with a white polka dot top and white pants,white,"dress, pants, top",vintage,casual outing,"white, dress, pants, top, vintage, casual-outing"
42,a pair of jeans and a white blouse,white,"blouse, jeans",casual,casual outing,"white, blouse, jeans, casual, casual-outing"
43,a bikini is a piece of clothing worn by a woman,,,casual,beach,"casual, beach, bikini, piece, clothing, worn"
44,a t-shirt is a garment that is worn by a person to express their personality,,"t-shirt, shirt, hat",casual,casual outing,"t-shirt, shirt, hat, casual, casual-outing"
45,a white dress with a white top and a white skirt,white,"dress, skirt, top",elegant,party,"white, dress, skirt, top, elegant, party"
46,a t-shirt is a garment that is worn by a person to represent their identity,,"t-shirt, shirt, hat",casual,casual outing,"t-shirt, shirt, hat, casual, casual-outing"
47,a white swimsuit is a swimsuit that is white in color,white,hat,formal,beach,"white, hat, formal, beach"
48,a woman wearing a black dress and a black ring,black,dress,elegant,party,"black, dress, elegant, party"
49,a woman in a white dress and a baby boy in a blue shirt,"white, blue","shirt, dress",elegant,party,"white, blue, shirt, dress, elegant, party"
50,a pair of pants with a t-shirt and a pair of sneakers,,"sneakers, t-shirt, shirt",streetwear,casual outing,"sneakers, t-shirt, shirt, streetwear, casual-outing"
51,a pair of purple pants with a thigh high top and a thigh high top,purple,"pants, top",business,work,"purple, pants, top, business, work, high"
52,a pair of jeans with a t-shirt and a pair of jeans with a t-shirt,,"t-shirt, shirt, jeans",casual,casual outing,"t-shirt, shirt, jeans, casual, casual-outing"
53,a hat is a fashion accessory that can be worn by a woman or a man,,hat,casual,casual outing,"hat, casual, casual-outing"
54,a tan sweater with a tan sweater and a pair of brown boots,"beige, brown","sweater, boots",casual,casual outing,"beige, brown, sweater, boots, casual, casual-outing"
55,a blue jumpsuit with a striped pattern and a sleeveless top,blue,"jumpsuit, top",formal,casual outing,"blue, jumpsuit, top, formal, casual-outing, summer"
56,a white hoodie with a hood,white,hoodie,streetwear,casual outing,"white, hoodie, streetwear, casual-outing"
57,a striped striped shirt with a striped striped shirt and a striped striped shirt,,shirt,casual,casual outing,"shirt, casual, casual-outing, striped"
58,a dress is a garment worn by a woman,,dress,elegant,party,"dress, elegant, party"
59,a swimsuit is a swimsuit that is worn by women,,hat,formal,beach,"hat, formal, beach"
60,a pair of jeans with a tee and a tee,,"jeans, t-shirt",casual,casual outing,"jeans, t-shirt, casual, casual-outing"
61,a dress is a piece of clothing worn by a woman,,dress,elegant,party,"dress, elegant, party"
62,a bag is a bag that is used to carry a bag or other item of clothing,,"bag, hat",casual,casual outing,"bag, hat, casual, casual-outing"
63,a white blazer is a blazer that is a white blazer that is a white blazer that is a white blazer that is a white blazer that is a white blazer that is a white blazer that is a white blazer that is a white blazer that is a white blazer that is a white blazer that is a white blazer,white,"blazer, hat",business,work,"white, blazer, hat, business, work"
64,a bag is a bag that is used to carry a specific item of clothing or other items,,"bag, hat",casual,casual outing,"bag, hat, casual, casual-outing"
65,a tweed jacket with a hood,,jacket,casual,casual outing,"jacket, casual, casual-outing"
66,a cape is a garment that is worn over a dress or top,,"dress, top, hat",elegant,party,"dress, top, hat, elegant, party"
67,a black coat coat is a coat that is long and has a collar,black,"coat, hat",casual,casual outing,"black, coat, hat, casual, casual-outing, winter"
68,a black jumpsuit with a striped belt and a striped belt,black,"jumpsuit, belt",formal,casual outing,"black, jumpsuit, belt, formal, casual-outing, striped"
69,a t-shirt with a t-shirt logo,,"t-shirt, shirt",casual,casual outing,"t-shirt, shirt, casual, casual-outing"
70,a pair of jeans with a t-shirt and a pair of jeans with a t-shirt and a pair of jeans with a t-shirt and a pair of jeans with a t-shirt and a pair of jeans with a t-shirt and a pair of jeans with a t-shirt and a pair of jeans with a t-shirt and a pair of jeans with a ,,"t-shirt, shirt, jeans",casual,casual outing,"t-shirt, shirt, jeans, casual, casual-outing"
71,a pair of shorts,,shorts,casual,casual outing,"shorts, casual, casual-outing, summer"
72,a bikini is a piece of clothing worn by a woman,,,casual,beach,"casual, beach, bikini, piece, clothing, worn"
73,a hat is a fashion accessory that can be worn by a person,,hat,casual,casual outing,"hat, casual, casual-outing"
74,a shirt is a garment that is worn by a person to represent their identity,,"shirt, hat",casual,casual outing,"shirt, hat, casual, casual-outing"
75,a shawl is a garment worn by a person to cover their body,,,casual,casual outing,"casual, casual-outing, shawl, garment, worn, person"
76,a white shirt with a white tie and white pants,white,"shirt, pants, tie",business,work,"white, shirt, pants, tie, business, work"
77,a t-shirt is a garment that is worn by a person,,"t-shirt, shirt, hat",casual,casual outing,"t-shirt, shirt, hat, casual, casual-outing"
78,a bikini is a swimsuit that is worn by women,,hat,formal,beach,"hat, formal, beach"
79,a dress is a dress that is worn by a woman,,"dress, hat",elegant,party,"dress, hat, elegant, party"
80,a t-shirt is a garment that is worn by a person to show their body,,"t-shirt, shirt, hat",casual,casual outing,"t-shirt, shirt, hat, casual, casual-outing"
81,a white tee shirt with a heart embroidered on the front,white,"shirt, t-shirt",casual,casual outing,"white, shirt, t-shirt, casual, casual-outing"
82,a white blazer jacket is a white blazer jacket with a white blazer and white blazer,white,"jacket, blazer",business,work,"white, jacket, blazer, business, work"
83,a t-shirt with a t-shirt and a pair of jeans,,"t-shirt, shirt, jeans",casual,casual outing,"t-shirt, shirt, jeans, casual, casual-outing"
84,a hat is a fashion item that is worn by a person to look stylish,,hat,casual,casual outing,"hat, casual, casual-outing"
85,a t-shirt with a t-shirt and a pair of jeans,,"t-shirt, shirt, jeans",casual,casual outing,"t-shirt, shirt, jeans, casual, casual-outing"
86,a woman wearing a dress with a hat and a scarf,,"dress, scarf, hat",elegant,party,"dress, scarf, hat, elegant, party, winter"
87,a tee shirt with a tee shirt and a tee shirt,,"shirt, t-shirt",casual,casual outing,"shirt, t-shirt, casual, casual-outing"
88,a trench coat is a long coat that has a long sleeve and a long sleeve,,"trench coat, coat, hat",casual,casual outing,"trench coat, coat, hat, casual, casual-outing, winter"
89,a tweed jacket is a jacket that is made of a fabric that is a tweed jacket,,"jacket, hat",casual,casual outing,"jacket, hat, casual, casual-outing"
90,a white blazer is a white blazer that is a white blazer that is white,white,"blazer, hat",business,work,"white, blazer, hat, business, work"
91,a dress is a garment worn by a woman,,dress,elegant,party,"dress, elegant, party"
92,a pair of jeans and a pair of boots,,"jeans, boots",casual,casual outing,"jeans, boots, casual, casual-outing, winter"
93,a sleeveless dress with a sleeveless top and a sleeveless top,,"dress, top",elegant,party,"dress, top, elegant, party, summer"
94,a black leather jacket with a hood,black,jacket,edgy,casual outing,"black, jacket, edgy, casual-outing, autumn, leather"
95,a t-shirt is a garment that is worn by a person to represent their own identity,,"t-shirt, shirt, hat",casual,casual outing,"t-shirt, shirt, hat, casual, casual-outing"
96,a bikini is a swimsuit that is worn by women,,hat,formal,beach,"hat, formal, beach"
97,a bikini is a swimsuit that is worn by women,,hat,formal,beach,"hat, formal, beach"
98,a pair of jeans with a tee and a sweater,,"sweater, jeans, t-shirt",casual,casual outing,"sweater, jeans, t-shirt, casual, casual-outing, winter"
99,a pair of jeans shorts,,"shorts, jeans",casual,casual outing,"shorts, jeans, casual, casual-outing, summer"
100,a dress is a dress that is worn by a woman,,"dress, hat",elegant,party,"dress, hat, elegant, party"
101,a white dress with a slit in the front and a slit in the back,white,dress,elegant,party,"white, dress, elegant, party"
102,a sleeveless dress with a slit in the front,,dress,elegant,party,"dress, elegant, party, summer"
103,a pair of slouchy jeans and a pair of thigh high boots,,"jeans, boots",casual,casual outing,"jeans, boots, casual, casual-outing, winter, high"
104,a blouse is a piece of clothing worn by a woman,,blouse,casual,casual outing,"blouse, casual, casual-outing"
105,a dress is a garment worn by a woman,,dress,elegant,party,"dress, elegant, party"
106,a t-shirt with a t-shirt and a pair of jeans,,"t-shirt, shirt, jeans",casual,casual outing,"t-shirt, shirt, jeans, casual, casual-outing"
107,a t-shirt is a garment that is worn by a person to represent their identity,,"t-shirt, shirt, hat",casual,casual outing,"t-shirt, shirt, hat, casual, casual-outing"
108,a dress is a dress that is worn by a woman,,"dress, hat",elegant,party,"dress, hat, elegant, party"
109,a t-shirt is a garment that is worn by a person to express their personality,,"t-shirt, shirt, hat",casual,casual outing,"t-shirt, shirt, hat, casual, casual-outing"
110,a white sweater with a green hat and a pair of sunglasses,"white, green","sunglasses, sweater, hat",casual,casual outing,"white, green, sunglasses, sweater, hat, casual"
111,a dress is a garment worn by a woman to wear a dress,,dress,elegant,party,"dress, elegant, party"
112,a black dress with a black belt and a black belt,black,"dress, belt",elegant,party,"black, dress, belt, elegant, party"
113,a pair of jeans with a tee shirt and a pair of jeans,,"shirt, jeans, t-shirt",casual,casual outing,"shirt, jeans, t-shirt, casual, casual-outing"
114,a dress is a garment worn by a woman,,dress,elegant,party,"dress, elegant, party"
115,a t-shirt,,"t-shirt, shirt",casual,casual outing,"t-shirt, shirt, casual, casual-outing"
116,a woman wearing a green sweater and jeans,green,"sweater, jeans",casual,casual outing,"green, sweater, jeans, casual, casual-outing, winter"
117,a hat is a piece of clothing worn by a person,,hat,casual,casual outing,"hat, casual, casual-outing"
118,a t-shirt,,"t-shirt, shirt",casual,casual outing,"t-shirt, shirt, casual, casual-outing"
119,a jacket is a jacket that is worn over a dress or top,,"jacket, dress, top",elegant,party,"jacket, dress, top, elegant, party"
120,a pair of black jeans with a tucked in waistband and a button down shirt,black,"shirt, jeans",casual,casual outing,"black, shirt, jeans, casual, casual-outing, winter"
121,a hoodie,,hoodie,streetwear,casual outing,"hoodie, streetwear, casual-outing"
123,a black sweater with a white slogan on the front,"black, white",sweater,casual,casual outing,"black, white, sweater, casual, casual-outing, winter"
124,a bag is a bag that is used to carry a bag or other item of clothing,,"bag, hat",casual,casual outing,"bag, hat, casual, casual-outing"
125,a white dress with a white belt and a white belt,white,"dress, belt",elegant,party,"white, dress, belt, elegant, party"
126,a dress is a dress that is worn by a woman,,"dress, hat",elegant,party,"dress, hat, elegant, party"
127,a woman wearing a white sweater and jeans,white,"sweater, jeans",casual,casual outing,"white, sweater, jeans, casual, casual-outing, winter"
128,a woman wearing a t-shirt with a t-shirt and jeans,,"t-shirt, shirt, jeans",casual,casual outing,"t-shirt, shirt, jeans, casual, casual-outing"
130,a hat is a fashion accessory that can be worn with a dress or a top,,"dress, top, hat",elegant,party,"dress, top, hat, elegant, party"
131,a white t-shirt with a black polka dot print,"white, black","t-shirt, shirt",casual,casual outing,"white, black, t-shirt, shirt, casual, casual-outing"
132,a sleeveless dress with a sleeveless top and a sleeveless top,,"dress, top",elegant,party,"dress, top, elegant, party, summer"
133,a pair of sandals with a yellow striped pattern,yellow,sandals,casual,casual outing,"yellow, sandals, casual, casual-outing, summer, striped"
134,a dress is a garment that is worn by a woman,,"dress, hat",elegant,party,"dress, hat, elegant, party"
137,a dress is a dress that is worn by a woman,,"dress, hat",elegant,party,"dress, hat, elegant, party"
138,a dress is a dress that is worn by a woman,,"dress, hat",elegant,party,"dress, hat, elegant, party"
139,a black leather jacket with a black leather jacket and black leather pants,black,"jacket, pants",edgy,casual outing,"black, jacket, pants, edgy, casual-outing, autumn"
140,a t-shirt is a garment that is worn by a person to represent their identity,,"t-shirt, shirt, hat",casual,casual outing,"t-shirt, shirt, hat, casual, casual-outing"
141,a black t-shirt and black pants,black,"t-shirt, shirt, pants",casual,casual outing,"black, t-shirt, shirt, pants, casual, casual-outing"
142,a dress is a dress that is worn by a woman,,"dress, hat",elegant,party,"dress, hat, elegant, party"
143,a black sweatshirt with a black slogan on the front,black,"sweatshirt, shirt",casual,casual outing,"black, sweatshirt, shirt, casual, casual-outing"
144,a dress is a piece of clothing worn by a woman,,dress,elegant,party,"dress, elegant, party"
145,a white dress with a white blouse and white skirt,white,"blouse, dress, skirt",elegant,party,"white, blouse, dress, skirt, elegant, party"
146,a t-shirt is a garment that is worn by a person to express their personality,,"t-shirt, shirt, hat",casual,casual outing,"t-shirt, shirt, hat, casual, casual-outing"
147,a dress is a garment worn by a woman,,dress,elegant,party,"dress, elegant, party"
148,a black tee shirt with a black tee and a black tee,black,"shirt, t-shirt",casual,casual outing,"black, shirt, t-shirt, casual, casual-outing"
149,a pair of jeans,,jeans,casual,casual outing,"jeans, casual, casual-outing"
150,a dress is a piece of clothing worn by a woman,,dress,elegant,party,"dress, elegant, party"
151,a pair of black cargo pants with a slit,black,pants,streetwear,casual outing,"black, pants, streetwear, casual-outing"
152,a bikini is a swimsuit that is worn by women,,hat,formal,beach,"hat, formal, beach"
153,a t-shirt with a t-shirt and a t-shirt,,"t-shirt, shirt",casual,casual outing,"t-shirt, shirt, casual, casual-outing"
154,a white blazer is a white blazer that is a white blazer that is white,white,"blazer, hat",business,work,"white, blazer, hat, business, work"
155,a black dress is a dress that is made of fabric that is black,black,"dress, hat",elegant,party,"black, dress, hat, elegant, party"
156,a dress is a garment that is worn by a woman,,"dress, hat",elegant,party,"dress, hat, elegant, party"
157,a man in a suit and tie,,tie,formal,casual outing,"tie, formal, casual-outing"
158,a dress is a dress that is worn by a woman,,"dress, hat",elegant,party,"dress, hat, elegant, party"
159,a tweed skirt is a skirt that is made of a fabric that is woven into a fabric,,"skirt, hat",casual,casual outing,"skirt, hat, casual, casual-outing"
160,a t-shirt is a garment that is worn by a person,,"t-shirt, shirt, hat",casual,casual outing,"t-shirt, shirt, hat, casual, casual-outing"
161,a white blouse with a striped pattern and a striped tie belt,white,"blouse, belt, tie",casual,casual outing,"white, blouse, belt, tie, casual, casual-outing"
162,a black leather jacket with a hood,black,jacket,edgy,casual outing,"black, jacket, edgy, casual-outing, autumn, leather"
163,a pair of khaki pants with a tan tee and a white tee,"beige, white","pants, t-shirt",casual,casual outing,"beige, white, pants, t-shirt, casual, casual-outing"
164,a sleeveless top with a slit and a slit,,top,casual,casual outing,"top, casual, casual-outing, summer"
165,a dress is a dress that is worn by a woman,,"dress, hat",elegant,party,"dress, hat, elegant, party"
166,a man in a suit and tie,,tie,formal,casual outing,"tie, formal, casual-outing"
167,a blue dress with a slit and a slit,blue,dress,elegant,party,"blue, dress, elegant, party"
168,a bag is a bag that is used to carry a bag or other item of clothing,,"bag, hat",casual,casual outing,"bag, hat, casual, casual-outing"
169,a dress is a dress that is worn by a woman,,"dress, hat",elegant,party,"dress, hat, elegant, party"
170,a woman in a dress with a baby in her arms,,dress,elegant,party,"dress, elegant, party"
171,a white dress with a lace top and a slit in the front,white,"dress, top",elegant,party,"white, dress, top, elegant, party, lace"
172,a tee shirt is a shirt that is a shirt that is a shirt that is a shirt that is a shirt that is a shirt that is a shirt that is a shirt that is a shirt that is a shirt that is a shirt that is a shirt that is a shirt that is a shirt that is a shirt that is a shirt that is a shirt that is a shirt that is a,,"shirt, t-shirt, hat",casual,casual outing,"shirt, t-shirt, hat, casual, casual-outing"
173,a wedding dress is a dress that is worn by a bride and groom,,"dress, hat",elegant,wedding,"dress, hat, elegant, wedding"
174,a tweed jacket with a tweed jacket and a tweed jacket,,jacket,casual,casual outing,"jacket, casual, casual-outing"
175,a hat is a head piece that is worn on the head,,hat,casual,casual outing,"hat, casual, casual-outing"
176,a hat is a piece of clothing worn by a person to protect them from the sun,,hat,casual,casual outing,"hat, casual, casual-outing"
177,a pair of jeans with a t-shirt and a pair of boots,,"t-shirt, shirt, jeans",casual,casual outing,"t-shirt, shirt, jeans, casual, casual-outing, winter"
178,a dress is a dress that is worn by a woman,,"dress, hat",elegant,party,"dress, hat, elegant, party"
179,a white dress with a red bow,"white, red",dress,elegant,party,"white, red, dress, elegant, party"
180,a dress is a dress that is worn by a woman,,"dress, hat",elegant,party,"dress, hat, elegant, party"
181,a sweater is a garment that is worn by a woman,,"sweater, hat",casual,casual outing,"sweater, hat, casual, casual-outing, winter"
182,a sleeveless dress with a slit in the front,,dress,elegant,party,"dress, elegant, party, summer"
183,a black and white dress with a white shawl,"white, black",dress,elegant,party,"white, black, dress, elegant, party"
184,a dress is a garment worn by a woman,,dress,elegant,party,"dress, elegant, party"
185,a dress is a dress that is worn by a woman,,"dress, hat",elegant,party,"dress, hat, elegant, party"
186,a dress is a dress that is worn by a woman,,"dress, hat",elegant,party,"dress, hat, elegant, party"
187,a t-shirt with a t-shirt and a pair of jeans,,"t-shirt, shirt, jeans",casual,casual outing,"t-shirt, shirt, jeans, casual, casual-outing"
188,a dress is a dress that is worn by a woman,,"dress, hat",elegant,party,"dress, hat, elegant, party"
189,a kimono is a garment worn by women to cover their body,,,casual,casual outing,"casual, casual-outing, kimono, garment, worn, women"
190,a grey jumpsuit with a white shirt and a pair of black boots,"gray, white","jumpsuit, shirt, boots",formal,casual outing,"gray, white, jumpsuit, shirt, boots, formal"
191,a pair of jeans with a pair of boots,,"jeans, boots",casual,casual outing,"jeans, boots, casual, casual-outing, winter"
192,a woman wearing a patterned dress and a pair of pants,,"dress, pants",business,work,"dress, pants, business, work"
193,a t-shirt with a sleeveless collar and a sleeveless collar,,"t-shirt, shirt",casual,casual outing,"t-shirt, shirt, casual, casual-outing, summer"
194,a black coat coat is a coat that is long and wide and has a collar,black,"coat, hat",casual,casual outing,"black, coat, hat, casual, casual-outing, winter"
195,a bikini is a swimsuit that is worn by women,,hat,formal,beach,"hat, formal, beach"
196,a bag is a bag that is used to carry a bag or other item,,"bag, hat",casual,casual outing,"bag, hat, casual, casual-outing"
197,a pair of boots with a slit and a lace up front,,boots,elegant,casual outing,"boots, elegant, casual-outing, winter, lace, up"
198,a black coat is a type of coat that is worn by women in winter,black,"coat, hat",casual,casual outing,"black, coat, hat, casual, casual-outing, winter"
199,a coat coat coat coat coat coat coat coat coat coat coat coat coat coat coat coat coat coat coat coat coat coat coat coat coat coat coat coat coat coat coat coat coat coat coat coat coat coat coat coat coat coat coat coat coat coat coat coat coat coat coat coat coat coat coat coat coat coat coat coat coat coat coat coat coat coat coat coat coat coat coat coat coat coat coat coat coat coat coat coat coat coat coat coat coat coat coat coat coat coat coat coat coat coat coat coat coat coat,,coat,casual,casual outing,"coat, casual, casual-outing, winter"
200,a black coat with a black hood and a black hood,black,coat,casual,casual outing,"black, coat, casual, casual-outing, winter"
201,a coat hangs on a coat rack in a closet,,coat,casual,casual outing,"coat, casual, casual-outing, winter"
202,a white shirt is a garment that is white in color,white,"shirt, hat",casual,casual outing,"white, shirt, hat, casual, casual-outing"
203,a striped dress with a slit and a slit,,dress,elegant,party,"dress, elegant, party, striped"
204,a pink sweater dress with a sleeveless top and a sleeveless top,pink,"sweater, dress, top",elegant,party,"pink, sweater, dress, top, elegant, party"
205,a white striped shirt with a white striped shirt and white striped trousers,white,"pants, shirt",business,work,"white, pants, shirt, business, work, striped"
206,a t-shirt is a garment that is worn by a person to represent their personality,,"t-shirt, shirt, hat",casual,casual outing,"t-shirt, shirt, hat, casual, casual-outing"
207,a bag is a bag that is used to carry a purse or other item of clothing,,"bag, hat",casual,casual outing,"bag, hat, casual, casual-outing"
208,a sleeveless dress,,dress,elegant,party,"dress, elegant, party, summer"
209,a hat is a piece of clothing worn by a person,,hat,casual,casual outing,"hat, casual, casual-outing"
210,a t-shirt is a garment that is worn by a person to express their personality,,"t-shirt, shirt, hat",casual,casual outing,"t-shirt, shirt, hat, casual, casual-outing"
211,a dress is a garment that is worn by a woman,,"dress, hat",elegant,party,"dress, hat, elegant, party"
212,a white blazer jacket is a jacket that is a white jacket with a white collar and a white collar,white,"jacket, blazer, hat",business,work,"white, jacket, blazer, hat, business, work"
213,a white blouse with a white blazer and white trousers,white,"pants, blouse, blazer",business,work,"white, pants, blouse, blazer, business, work"
214,a dress is a dress that is worn by a woman,,"dress, hat",elegant,party,"dress, hat, elegant, party"
215,a black leather jacket with a hood,black,jacket,edgy,casual outing,"black, jacket, edgy, casual-outing, autumn, leather"
216,a t-shirt is a garment that is worn by a person to wear a particular outfit,,"t-shirt, shirt, hat",casual,casual outing,"t-shirt, shirt, hat, casual, casual-outing"
217,a dress is a garment worn by a woman,,dress,elegant,party,"dress, elegant, party"
218,a lace dress is a dress that has a lace bodice and a lace skirt,,"dress, skirt, hat",elegant,party,"dress, skirt, hat, elegant, party, lace"
219,a dress is a dress that is worn by a woman,,"dress, hat",elegant,party,"dress, hat, elegant, party"
220,"a trench coat is a long coat that has a long sleeve and a long sleeve, and is usually made of a light brown or light brown fabric",brown,"trench coat, coat, hat",casual,casual outing,"brown, trench coat, coat, hat, casual, casual-outing"
221,a bag is a bag that is used to carry a purse or other item of clothing,,"bag, hat",casual,casual outing,"bag, hat, casual, casual-outing"
222,a t-shirt is a garment that is worn by a person to represent their personality,,"t-shirt, shirt, hat",casual,casual outing,"t-shirt, shirt, hat, casual, casual-outing"
223,a t-shirt is a garment that is worn by a person to represent their personality,,"t-shirt, shirt, hat",casual,casual outing,"t-shirt, shirt, hat, casual, casual-outing"
224,a dress is a dress that is worn by a woman,,"dress, hat",elegant,party,"dress, hat, elegant, party"
225,a white shirt with a black jacket and a pair of sunglasses,"white, black","sunglasses, jacket, shirt",casual,casual outing,"white, black, sunglasses, jacket, shirt, casual"
226,a blue bag is a bag that is blue in color,blue,"bag, hat",casual,casual outing,"blue, bag, hat, casual, casual-outing"
227,a bag is a fashion accessory that can be used to carry a purse or other small bag,,"bag, hat",casual,casual outing,"bag, hat, casual, casual-outing"
228,nike air force 1 x nike air force 1 x nike air force 1 x nike air force 1 x nike air force 1 x nike air force 1 x nike air force 1 x nike air force 1 x nike air force 1 x nike air force 1 x nike air force 1 x nike air force 1 x nike air,,,casual,casual outing,"casual, casual-outing, nike, air, force, x"
229,a bikini is a piece of clothing worn by a woman,,,casual,beach,"casual, beach, bikini, piece, clothing, worn"
230,a black dress with a slit and a slit,black,dress,elegant,party,"black, dress, elegant, party"
231,a t-shirt is a garment that is worn by a person,,"t-shirt, shirt, hat",casual,casual outing,"t-shirt, shirt, hat, casual, casual-outing"
232,a dress is a dress that is worn by a woman,,"dress, hat",elegant,party,"dress, hat, elegant, party"
233,a pair of shorts with a t-shirt and a pair of jeans,,"t-shirt, shorts, shirt",casual,casual outing,"t-shirt, shorts, shirt, casual, casual-outing, summer"
234,a t-shirt is a garment that is worn by a person to represent their identity,,"t-shirt, shirt, hat",casual,casual outing,"t-shirt, shirt, hat, casual, casual-outing"
235,a t-shirt is a garment that is worn by a person to represent their identity,,"t-shirt, shirt, hat",casual,casual outing,"t-shirt, shirt, hat, casual, casual-outing"
236,a family portrait of a family of four with a baby boy and a baby girl,,,casual,casual outing,"casual, casual-outing, family, baby, portrait, four"
237,a car is a vehicle that is driven by a driver,,hat,casual,casual outing,"hat, casual, casual-outing"
238,a midi dress with a slit and a slit,,dress,elegant,party,"dress, elegant, party, midi"
239,a t-shirt is a piece of clothing that is worn by a person,,"t-shirt, shirt, hat",casual,casual outing,"t-shirt, shirt, hat, casual, casual-outing"
240,a t-shirt with a t-shirt with a t-shirt with a t-shirt with a t-shirt with a t-shirt with a t-shirt with a t-shirt with a t-shirt with a t-shirt with a t-shirt with a t-shirt with a t-shirt with a t-shirt with a,,"t-shirt, shirt",casual,casual outing,"t-shirt, shirt, casual, casual-outing"
241,a dress is a dress that is worn by a woman,,"dress, hat",elegant,party,"dress, hat, elegant, party"
242,a pair of jeans with a t-shirt and a pair of boots,,"t-shirt, shirt, jeans",casual,casual outing,"t-shirt, shirt, jeans, casual, casual-outing, winter"
243,a hat is a fashion accessory that can be worn by a woman or a man,,hat,casual,casual outing,"hat, casual, casual-outing"
244,a t-shirt is a garment that is worn by a person,,"t-shirt, shirt, hat",casual,casual outing,"t-shirt, shirt, hat, casual, casual-outing"
245,a dress is a dress that is worn by a woman,,"dress, hat",elegant,party,"dress, hat, elegant, party"
246,a white dress with a slit,white,dress,elegant,party,"white, dress, elegant, party"
247,a pair of shorts is a pair of shorts that are worn by a person,,"shorts, hat",casual,casual outing,"shorts, hat, casual, casual-outing, summer"
248,a black blazer jacket is a jacket that is a black jacket with a black blazer,black,"jacket, blazer, hat",business,work,"black, jacket, blazer, hat, business, work"
249,a white shirt with a white collar and a white collar is a white shirt with a white collar and white collar,white,shirt,casual,casual outing,"white, shirt, casual, casual-outing"
250,a pair of jeans with a white shirt and white sneakers,white,"sneakers, shirt, jeans",streetwear,casual outing,"white, sneakers, shirt, jeans, streetwear, casual-outing"
251,a pair of jeans with a tee shirt and a pair of jeans with a tee shirt and a pair of jeans with a tee shirt,,"shirt, jeans, t-shirt",casual,casual outing,"shirt, jeans, t-shirt, casual, casual-outing"
252,a dress is a garment worn by a woman for a formal occasion,,dress,formal,party,"dress, formal, party"
253,"a leather jacket is a jacket that is made of leather, leather, or another material",,"jacket, hat",edgy,casual outing,"jacket, hat, edgy, casual-outing, autumn, leather"
254,a t-shirt with a t-shirt and a t-shirt,,"t-shirt, shirt",casual,casual outing,"t-shirt, shirt, casual, casual-outing"
255,a blazer jacket is a jacket that is worn over a shirt or blouse,,"blouse, jacket, blazer",business,work,"blouse, jacket, blazer, business, work"
256,a dress is a dress that is worn by a woman,,"dress, hat",elegant,party,"dress, hat, elegant, party"
257,a red sweater with a red sweater and red jeans,red,"sweater, jeans",casual,casual outing,"red, sweater, jeans, casual, casual-outing, winter"
258,"a pair of shoes, a pair of shoes, a pair of shoes, a pair of shoes, a pair of shoes, a pair of shoes, a pair of shoes, a pair of shoes, a pair of shoes, a pair of shoes, a pair of shoes, a pair of shoes, a pair of shoes, a pair of shoes, a pair of shoes, a pair of shoes, a pair of",,shoes,casual,casual outing,"shoes, casual, casual-outing"
259,a tweed jacket is a jacket that is made of a fabric that is a tweed jacket,,"jacket, hat",casual,casual outing,"jacket, hat, casual, casual-outing"
260,a polo shirt is a garment that is worn by a person to wear a particular outfit,,"shirt, hat",preppy,casual outing,"shirt, hat, preppy, casual-outing"
261,a dress is a dress that is worn by a woman,,"dress, hat",elegant,party,"dress, hat, elegant, party"
262,a t-shirt with a t-shirt and a t-shirt,,"t-shirt, shirt",casual,casual outing,"t-shirt, shirt, casual, casual-outing"
263,a blazer jacket is a jacket that is worn over a shirt or blouse,,"blouse, jacket, blazer",business,work,"blouse, jacket, blazer, business, work"
264,a jacket is a jacket that is worn over a shirt or top,,"jacket, shirt, top",casual,casual outing,"jacket, shirt, top, casual, casual-outing"
265,a hat is a fashion accessory that can be worn by a person or a group of people,,hat,casual,casual outing,"hat, casual, casual-outing"
266,a pair of sandals with a tan leather strap and a gold buckle,"beige, yellow",sandals,edgy,casual outing,"beige, yellow, sandals, edgy, casual-outing, summer"
267,a fashion item is a piece of clothing or accessories that is worn by a person,,hat,casual,casual outing,"hat, casual, casual-outing"
268,a pair of tan trousers with a black top and a black jacket,"black, beige","pants, jacket, top",business,work,"black, beige, pants, jacket, top, business"
269,a t-shirt is a garment that is worn by a person to describe their personality,,"t-shirt, shirt, hat",casual,casual outing,"t-shirt, shirt, hat, casual, casual-outing"
270,a white dress with a slit in the back,white,dress,elegant,party,"white, dress, elegant, party"
271,a pair of pyjamas,,,casual,casual outing,"casual, casual-outing, pair, pyjamas"
272,a t-shirt is a garment that is worn by a person to wear a particular outfit,,"t-shirt, shirt, hat",casual,casual outing,"t-shirt, shirt, hat, casual, casual-outing"
273,a dress is a dress that is worn by a woman,,"dress, hat",elegant,party,"dress, hat, elegant, party"
274,a bag is a bag that is used to carry a purse or other item,,"bag, hat",casual,casual outing,"bag, hat, casual, casual-outing"
275,a dress is a garment worn by a woman,,dress,elegant,party,"dress, elegant, party"
276,a pair of earrings with a flower,,jewelry,casual,casual outing,"jewelry, casual, casual-outing"
277,a white tee shirt with a white polo shirt and white pants,white,"shirt, pants, t-shirt",casual,casual outing,"white, shirt, pants, t-shirt, casual, casual-outing"
278,a trench coat is a long coat that has a long sleeve and a long sleeve,,"trench coat, coat, hat",casual,casual outing,"trench coat, coat, hat, casual, casual-outing, winter"
279,a black coat coat with a white hat and a white hat,"white, black","coat, hat",casual,casual outing,"white, black, coat, hat, casual, casual-outing"
280,a dress is a piece of clothing worn by a woman,,dress,elegant,party,"dress, elegant, party"
281,a black jumpsuit with a slit in the front,black,jumpsuit,formal,casual outing,"black, jumpsuit, formal, casual-outing"
282,a blue striped dress,blue,dress,elegant,party,"blue, dress, elegant, party, striped"
283,a dress is a dress that is worn by a woman,,"dress, hat",elegant,party,"dress, hat, elegant, party"
284,a white dress with a striped top and a striped skirt,white,"dress, skirt, top",elegant,party,"white, dress, skirt, top, elegant, party"
285,a dress is a garment worn by a woman,,dress,elegant,party,"dress, elegant, party"
286,a polka dot top,,top,vintage,casual outing,"top, vintage, casual-outing, polka-dot, polka, dot"
287,a dress with a slit in the front,,dress,elegant,party,"dress, elegant, party"
288,a dress is a garment worn by a woman,,dress,elegant,party,"dress, elegant, party"
289,a t-shirt with a t-shirt and a pair of jeans,,"t-shirt, shirt, jeans",casual,casual outing,"t-shirt, shirt, jeans, casual, casual-outing"
290,a dress is a garment worn by a woman,,dress,elegant,party,"dress, elegant, party"
291,a white shirt with a striped skirt and a white tee,white,"shirt, skirt, t-shirt",casual,casual outing,"white, shirt, skirt, t-shirt, casual, casual-outing"
292,a black sweater with a black hood and a black hood,black,sweater,casual,casual outing,"black, sweater, casual, casual-outing, winter"
293,a striped tee shirt with a striped tee,,"shirt, t-shirt",casual,casual outing,"shirt, t-shirt, casual, casual-outing, striped"
294,a black dress with a slit,black,dress,elegant,party,"black, dress, elegant, party"
295,a dress is a garment worn by a woman,,dress,elegant,party,"dress, elegant, party"
296,a black coat is a coat that is long and has a collar,black,"coat, hat",casual,casual outing,"black, coat, hat, casual, casual-outing, winter"
297,a fashion item is a piece of clothing that is worn by a person,,hat,casual,casual outing,"hat, casual, casual-outing"
298,a man in a red shirt and a pair of jeans,red,"shirt, jeans",casual,casual outing,"red, shirt, jeans, casual, casual-outing"
299,a pair of jeans with a tee and a tee,,"jeans, t-shirt",casual,casual outing,"jeans, t-shirt, casual, casual-outing"
300,a t-shirt is a garment that is worn by a person,,"t-shirt, shirt, hat",casual,casual outing,"t-shirt, shirt, hat, casual, casual-outing"
301,"a fashion item is a piece of clothing, accessory, or accessory that is worn by a person to express their personal style or personality",,hat,casual,casual outing,"hat, casual, casual-outing"
302,a tee shirt is a shirt that is worn by a person to represent their personality,,"shirt, t-shirt, hat",casual,casual outing,"shirt, t-shirt, hat, casual, casual-outing"
303,a pair of sunglasses with a pair of sunglasses and a pair of sunglasses,,sunglasses,casual,casual outing,"sunglasses, casual, casual-outing"
304,a blazer jacket is a jacket that has a collar and a collar,,"jacket, blazer, hat",business,work,"jacket, blazer, hat, business, work"
305,a tweed jacket with a sleeveless collar and a sleeveless collar,,jacket,casual,casual outing,"jacket, casual, casual-outing, summer"
306,a t-shirt is a garment that is worn by a person to show their personality,,"t-shirt, shirt, hat",casual,casual outing,"t-shirt, shirt, hat, casual, casual-outing"
307,a tweed jacket with a tweed jacket and a tweed jacket,,jacket,casual,casual outing,"jacket, casual, casual-outing"
308,a dress is a garment worn by a woman,,dress,elegant,party,"dress, elegant, party"
309,a bikini is a swimsuit that is worn by women,,hat,formal,beach,"hat, formal, beach"
310,a dress is a garment that is worn by a woman,,"dress, hat",elegant,party,"dress, hat, elegant, party"
311,a black leather jacket with a lace-up front and a slit in the back,black,jacket,elegant,casual outing,"black, jacket, elegant, casual-outing, autumn, leather"
312,a pair of shoes is a fashion item that is worn by many people,,"shoes, hat",casual,casual outing,"shoes, hat, casual, casual-outing"
313,a hat is a piece of clothing worn by a person to protect their head from the sun,,hat,casual,casual outing,"hat, casual, casual-outing"
314,a pair of jeans jeans a pair of jeans jeans a pair of jeans jeans a pair of jeans jeans a pair of jeans jeans a pair of jeans jeans a pair of jeans jeans a pair of jeans jeans a pair of jeans jeans a pair of jeans jeans a pair of jeans jeans a pair of jeans jeans a pair of jeans jeans a pair of jeans jeans a pair of jeans jeans a pair of jeans jeans a pair of,,jeans,casual,casual outing,"jeans, casual, casual-outing"
315,a t-shirt with a t-shirt and a t-shirt,,"t-shirt, shirt",casual,casual outing,"t-shirt, shirt, casual, casual-outing"
316,a shirt with a collar and a collar is a shirt,,shirt,casual,casual outing,"shirt, casual, casual-outing"
317,a sweater is a piece of clothing that is worn by a person to wear a particular outfit,,"sweater, hat",casual,casual outing,"sweater, hat, casual, casual-outing, winter"
318,a white shirt with a black jacket and a white shirt,"white, black","jacket, shirt",casual,casual outing,"white, black, jacket, shirt, casual, casual-outing"
319,a black coat is a coat that is a coat that is a coat that is a coat that is a coat that is a coat that is a coat that is a coat that is a coat that is a coat that is a coat that is a coat that is a coat that is a coat that is a coat that is a coat that is a coat that is a coat that is a coat that is,black,"coat, hat",casual,casual outing,"black, coat, hat, casual, casual-outing, winter"
320,a dress is a garment worn by a woman,,dress,elegant,party,"dress, elegant, party"
321,a tee shirt is a shirt that is worn by a person to wear a shirt,,"shirt, t-shirt, hat",casual,casual outing,"shirt, t-shirt, hat, casual, casual-outing"
322,"a hoodie is a garment that is worn over the head, a hoodie is a garment that is worn over the head, a hoodie is a garment that is worn over the head, a hoodie is a garment that is worn over the head, a hoodie is a garment that is worn over the head, a hoodie is a garment that is worn over the",,"hoodie, hat",streetwear,casual outing,"hoodie, hat, streetwear, casual-outing"
323,a white shirt with a black striped shirt and a white striped shirt,"white, black",shirt,casual,casual outing,"white, black, shirt, casual, casual-outing, striped"
324,a t-shirt is a garment that is worn by a person to represent their personality,,"t-shirt, shirt, hat",casual,casual outing,"t-shirt, shirt, hat, casual, casual-outing"
325,a pair of leggings is a pair of leggings that are worn in the leggings style,,"leggings, hat",sporty,casual outing,"leggings, hat, sporty, casual-outing"
326,a dress is a garment worn by a woman to dress in a particular style,,dress,elegant,party,"dress, elegant, party"
327,a t-shirt is a garment that is worn by a person to express their personality,,"t-shirt, shirt, hat",casual,casual outing,"t-shirt, shirt, hat, casual, casual-outing"
328,a bag is a fashion accessory that can be worn by a woman to carry her purse or other items,,"bag, hat",casual,casual outing,"bag, hat, casual, casual-outing"
329,a t-shirt with a t-shirt and a pair of jeans,,"t-shirt, shirt, jeans",casual,casual outing,"t-shirt, shirt, jeans, casual, casual-outing"
330,a dress is a dress that is worn by a woman,,"dress, hat",elegant,party,"dress, hat, elegant, party"
331,a tweed jacket is a jacket that is made of a fabric that is a tweed jacket,,"jacket, hat",casual,casual outing,"jacket, hat, casual, casual-outing"
333,a pair of ruffled ruffled pants,,pants,romantic,casual outing,"pants, romantic, casual-outing"
334,a black coat coat is a coat that is black in color,black,"coat, hat",casual,casual outing,"black, coat, hat, casual, casual-outing, winter"
335,a t-shirt is a garment that is worn by a person,,"t-shirt, shirt, hat",casual,casual outing,"t-shirt, shirt, hat, casual, casual-outing"
336,a pair of sunglasses with a mirrored lens,,sunglasses,casual,casual outing,"sunglasses, casual, casual-outing"
337,a long sleeved dress with a sleeved top and a sleeved top,,"dress, top",elegant,party,"dress, top, elegant, party"
338,a woman in a black dress with a black bag,black,"dress, bag",elegant,party,"black, dress, bag, elegant, party"
339,"a fashion item is a piece of clothing, jewelry, or accessories that is worn by a person",,"jewelry, hat",casual,casual outing,"jewelry, hat, casual, casual-outing"
340,a dress is a dress that is worn by a woman,,"dress, hat",elegant,party,"dress, hat, elegant, party"
341,a trench coat is a coat that is worn over a trench coat,,"trench coat, coat, hat",casual,casual outing,"trench coat, coat, hat, casual, casual-outing, winter"
342,a black t-shirt with a white polka dot print,"black, white","t-shirt, shirt",casual,casual outing,"black, white, t-shirt, shirt, casual, casual-outing"
343,a pair of shorts with a tee shirt and a pair of shorts,,"shorts, shirt, t-shirt",casual,casual outing,"shorts, shirt, t-shirt, casual, casual-outing, summer"
344,"a black coat is a coat that is black in color, but has a pattern or pattern that is black in color",black,"coat, hat",casual,casual outing,"black, coat, hat, casual, casual-outing, winter"
345,a pair of shorts is a pair of shorts that are worn by a person,,"shorts, hat",casual,casual outing,"shorts, hat, casual, casual-outing, summer"
346,a man in a shirt and jeans with a shirt and jeans,,"shirt, jeans",casual,casual outing,"shirt, jeans, casual, casual-outing"
347,a tan romper with a tan top and a tan skirt,beige,"romper, skirt, top",casual,casual outing,"beige, romper, skirt, top, casual, casual-outing"
348,a leather jacket is a jacket that is worn over a shirt or shirt,,"jacket, shirt, hat",edgy,casual outing,"jacket, shirt, hat, edgy, casual-outing, autumn"
349,a teddy bear costume is a costume that is worn by a character in a television show or movie,,hat,casual,casual outing,"hat, casual, casual-outing"
350,a pair of jeans with a tee and a sweater,,"sweater, jeans, t-shirt",casual,casual outing,"sweater, jeans, t-shirt, casual, casual-outing, winter"
351,a pink coat is a coat that is a pink coat that is a coat that is a coat that is a coat that is a coat that is a coat that is a coat that is a coat that is a coat that is a coat that is a coat that is a coat that is a coat that is a coat that is a coat that is a coat that is a coat that is a coat that,pink,"coat, hat",casual,casual outing,"pink, coat, hat, casual, casual-outing, winter"
352,a t-shirt with a t-shirt and a pair of jeans,,"t-shirt, shirt, jeans",casual,casual outing,"t-shirt, shirt, jeans, casual, casual-outing"
353,a t-shirt,,"t-shirt, shirt",casual,casual outing,"t-shirt, shirt, casual, casual-outing"
354,a denim jacket is a jacket that is worn over a shirt or blouse,,"jacket, blouse, shirt",streetwear,casual outing,"jacket, blouse, shirt, streetwear, casual-outing, denim"
355,a white dress is a dress that is white in color,white,"dress, hat",elegant,party,"white, dress, hat, elegant, party"
356,a dress is a garment worn by a woman,,dress,elegant,party,"dress, elegant, party"
357,a dress with a hat and a skirt,,"dress, skirt, hat",elegant,party,"dress, skirt, hat, elegant, party"
358,a model in a dress with a skirt and a top,,"dress, skirt, top",elegant,party,"dress, skirt, top, elegant, party"
359,a dress is a garment worn by a woman,,dress,elegant,party,"dress, elegant, party"
360,a dress is a piece of clothing worn by a woman,,dress,elegant,party,"dress, elegant, party"
361,a bag,,bag,casual,casual outing,"bag, casual, casual-outing"
362,a woman wearing a striped sweater and a striped scarf,,"sweater, scarf",casual,casual outing,"sweater, scarf, casual, casual-outing, winter, striped"
363,a dress is a garment that is worn by a woman,,"dress, hat",elegant,party,"dress, hat, elegant, party"
364,a skirt is a garment that is worn by a woman,,"skirt, hat",casual,casual outing,"skirt, hat, casual, casual-outing"
365,a ring is a piece of jewelry worn on the finger or finger of the hand,,jewelry,casual,casual outing,"jewelry, casual, casual-outing"
366,a dress is a dress that is worn by a woman,,"dress, hat",elegant,party,"dress, hat, elegant, party"
367,a tan leather jacket with gold hardware,"beige, yellow",jacket,edgy,casual outing,"beige, yellow, jacket, edgy, casual-outing, autumn"
368,a dress is a piece of clothing worn by a woman,,dress,elegant,party,"dress, elegant, party"
369,a dress is a dress that is worn by a woman,,"dress, hat",elegant,party,"dress, hat, elegant, party"
370,a blue dress with a blue skirt,blue,"dress, skirt",elegant,party,"blue, dress, skirt, elegant, party"
371,a t-shirt is a garment that is worn by a person to express their personality,,"t-shirt, shirt, hat",casual,casual outing,"t-shirt, shirt, hat, casual, casual-outing"
372,a t-shirt is a garment that is worn by a person to wear clothing,,"t-shirt, shirt, hat",casual,casual outing,"t-shirt, shirt, hat, casual, casual-outing"
373,a t-shirt is a garment that is worn by a person to represent their identity,,"t-shirt, shirt, hat",casual,casual outing,"t-shirt, shirt, hat, casual, casual-outing"
374,a dress is a garment that is worn by a woman,,"dress, hat",elegant,party,"dress, hat, elegant, party"
375,a t-shirt with a t-shirt and a t-shirt,,"t-shirt, shirt",casual,casual outing,"t-shirt, shirt, casual, casual-outing"
376,a tweed jacket is a jacket that is a jacket that is a jacket that is a jacket that is a jacket that is a jacket that is a jacket that is a jacket that is a jacket that is a jacket that is a jacket that is a jacket that is a jacket that is a jacket that is a jacket that is a jacket that is a jacket that is a jacket that is a jacket,,"jacket, hat",casual,casual outing,"jacket, hat, casual, casual-outing"
377,a white t-shirt with a white polka dot print,white,"t-shirt, shirt",casual,casual outing,"white, t-shirt, shirt, casual, casual-outing, polka-dot"
378,a pair of jeans pants,,"pants, jeans",casual,casual outing,"pants, jeans, casual, casual-outing"
379,a black dress with a slit,black,dress,elegant,party,"black, dress, elegant, party"
380,a t-shirt is a garment that is worn by a person,,"t-shirt, shirt, hat",casual,casual outing,"t-shirt, shirt, hat, casual, casual-outing"
381,a pair of brown leather boots with a leather belt and a leather jacket,brown,"jacket, boots, belt",edgy,casual outing,"brown, jacket, boots, belt, edgy, casual-outing"
382,a t-shirt is a garment that is worn by a person to express their personality,,"t-shirt, shirt, hat",casual,casual outing,"t-shirt, shirt, hat, casual, casual-outing"
383,a dress is a dress that is worn by a woman,,"dress, hat",elegant,party,"dress, hat, elegant, party"
384,a bag is a bag that is used to carry a purse or other item of clothing,,"bag, hat",casual,casual outing,"bag, hat, casual, casual-outing"
385,a tee shirt with a tee and a pair of jeans,,"shirt, jeans, t-shirt",casual,casual outing,"shirt, jeans, t-shirt, casual, casual-outing"
386,a tee shirt in a blue color with a white tee and a black belt,"blue, white","shirt, belt, t-shirt",casual,casual outing,"blue, white, shirt, belt, t-shirt, casual"
387,a tan dress with a tan top and a tan skirt,beige,"dress, skirt, top",elegant,party,"beige, dress, skirt, top, elegant, party"
388,a bathrobe is a bathrobe that is worn by a person to bathe in a bath,,hat,casual,casual outing,"hat, casual, casual-outing"
389,a t-shirt with a t-shirt and a t-shirt,,"t-shirt, shirt",casual,casual outing,"t-shirt, shirt, casual, casual-outing"
390,a fashion item is a piece of clothing or accessories that is worn by a person,,hat,casual,casual outing,"hat, casual, casual-outing"
391,a tuxedo is a tuxedo that is a tuxedo that is a tuxedo that is a tuxedo that is a tuxedo that is a tuxedo that is a tuxedo that is a tuxedo that is a tuxedo that is ,,hat,formal,casual outing,"hat, formal, casual-outing"
392,a bag is a fashion accessory that is used to carry a bag,,"bag, hat",casual,casual outing,"bag, hat, casual, casual-outing"
393,"a fashion item is a piece of clothing, jewelry, or accessories that is worn by a person",,"jewelry, hat",casual,casual outing,"jewelry, hat, casual, casual-outing"
394,"a fashion item is a piece of clothing, accessory, or accessory that is worn by a person",,hat,casual,casual outing,"hat, casual, casual-outing"
395,a white dress with a lace skirt and a sleeveless top,white,"dress, skirt, top",elegant,party,"white, dress, skirt, top, elegant, party"
396,"a fashion item is a piece of clothing, accessory, or accessory that is worn by a person",,hat,casual,casual outing,"hat, casual, casual-outing"
397,a t-shirt is a garment that is worn by a person,,"t-shirt, shirt, hat",casual,casual outing,"t-shirt, shirt, hat, casual, casual-outing"
398,"a tuxedo is a tuxedo, a tuxedo is a tuxedo, a tuxedo is a tuxedo, a tuxedo is a tuxedo, a tuxedo is a tuxedo, a tuxedo is ",,,formal,casual outing,"formal, casual-outing, tuxedo"
399,a dress is a piece of clothing worn by a woman or a girl,,dress,elegant,party,"dress, elegant, party"
400,a striped t-shirt with a striped t-shirt,,"t-shirt, shirt",casual,casual outing,"t-shirt, shirt, casual, casual-outing, striped"
401,a dress is a dress that is worn by a woman,,"dress, hat",elegant,party,"dress, hat, elegant, party"
402,a bikini is a swimsuit that is worn by women,,hat,formal,beach,"hat, formal, beach"
403,a hat is a fashion accessory that can be worn with a variety of different styles,,hat,casual,casual outing,"hat, casual, casual-outing"
404,a dress is a dress that is worn by a woman,,"dress, hat",elegant,party,"dress, hat, elegant, party"
405,a dress is a garment worn by a woman,,dress,elegant,party,"dress, elegant, party"
406,"a fashion item is a piece of clothing, accessory, or accessory that is worn by a person",,hat,casual,casual outing,"hat, casual, casual-outing"
407,a t-shirt with a t-shirt and a t-shirt,,"t-shirt, shirt",casual,casual outing,"t-shirt, shirt, casual, casual-outing"
408,a dress is a garment worn by a woman,,dress,elegant,party,"dress, elegant, party"
409,"a fashion item is a piece of clothing, jewelry, or accessories that is worn by a person",,"jewelry, hat",casual,casual outing,"jewelry, hat, casual, casual-outing"
410,a fashion item is a piece of clothing or clothing that is worn by a person,,hat,casual,casual outing,"hat, casual, casual-outing"
411,a red dress with a ruffle and a slit,red,dress,romantic,casual outing,"red, dress, romantic, casual-outing, ruffle"
412,a tiger print dress with a tiger print dress,,dress,elegant,party,"dress, elegant, party, print"
413,a dress with a sleeveless top and a sleeveless top,,"dress, top",elegant,party,"dress, top, elegant, party, summer"
414,a dress is a dress that is worn by a person,,"dress, hat",elegant,party,"dress, hat, elegant, party"
415,a dress is a dress that is worn by a woman,,"dress, hat",elegant,party,"dress, hat, elegant, party"
416,a t-shirt is a garment that is worn by a person to represent their personality,,"t-shirt, shirt, hat",casual,casual outing,"t-shirt, shirt, hat, casual, casual-outing"
417,a black dress with a slit,black,dress,elegant,party,"black, dress, elegant, party"
418,a dress is a dress that is worn by a woman,,"dress, hat",elegant,party,"dress, hat, elegant, party"
419,a fashion item is a garment that is worn by a person,,hat,casual,casual outing,"hat, casual, casual-outing"
420,a t-shirt with a striped pattern,,"t-shirt, shirt",casual,casual outing,"t-shirt, shirt, casual, casual-outing, striped"
421,a bikini is a piece of clothing worn by women,,,casual,beach,"casual, beach, bikini, piece, clothing, worn"
422,a dress is a dress that is worn by a woman,,"dress, hat",elegant,party,"dress, hat, elegant, party"
423,a white dress with a pink jacket and a white shirt,"white, pink","jacket, shirt, dress",elegant,party,"white, pink, jacket, shirt, dress, elegant"
424,a fashion item is a garment that is worn by a person,,hat,casual,casual outing,"hat, casual, casual-outing"
425,a shirt with a slogan that says elton john st. eliott john st. elton john st. elton john st. elton john st. elton john st. elton john st. elton john st. elton john st. elton john ,,"shirt, hat",casual,casual outing,"shirt, hat, casual, casual-outing"
426,a dress is a dress that is worn by a woman,,"dress, hat",elegant,party,"dress, hat, elegant, party"
427,fendi fendi fendi fendi fendi fendi fendi fendi fendi fendi fendi fendi fendi fendi fendi fendi fendi fendi fendi fendi fendi fendi fendi fendi fendi,,,casual,casual outing,"casual, casual-outing, fendi"
428,a polka dot dress with a polka dot hat and a polka dot hat,,"dress, hat",vintage,casual outing,"dress, hat, vintage, casual-outing, polka-dot, polka"
429,a pair of earrings with a dangle earring and a dangle earring,,jewelry,casual,casual outing,"jewelry, casual, casual-outing"
430,a plaid shirt is a shirt that has plaid on the front and back,,"shirt, hat",preppy,casual outing,"shirt, hat, preppy, casual-outing, plaid"
431,a woman's thigh is shown in the photo with a blue thong and a blue thong,blue,,casual,casual outing,"blue, casual, casual-outing"
432,a t-shirt with a t-shirt and a pair of jeans,,"t-shirt, shirt, jeans",casual,casual outing,"t-shirt, shirt, jeans, casual, casual-outing"
433,a t-shirt with a rainbow rainbow rainbow rainbow rainbow rainbow rainbow rainbow rainbow rainbow rainbow rainbow rainbow rainbow rainbow rainbow rainbow rainbow rainbow rainbow rainbow rainbow rainbow rainbow rainbow rainbow rainbow rainbow rainbow rainbow rainbow rainbow rainbow rainbow rainbow rainbow rainbow rainbow rainbow rainbow rainbow rainbow rainbow rainbow rainbow rainbow rainbow rainbow rainbow rainbow rainbow rainbow rainbow rainbow rainbow rainbow rainbow rainbow rainbow rainbow rainbow rainbow rainbow rainbow rainbow rainbow rainbow rainbow rainbow rainbow rainbow rainbow rainbow rainbow rainbow rainbow rainbow rainbow rainbow rainbow rainbow rainbow rainbow rainbow rainbow rainbow rainbow rainbow rainbow rainbow rainbow,multicolor,"t-shirt, shirt",casual,casual outing,"multicolor, t-shirt, shirt, casual, casual-outing"
434,a t-shirt is a garment that is worn by a person,,"t-shirt, shirt, hat",casual,casual outing,"t-shirt, shirt, hat, casual, casual-outing"
435,a shirt with a polka dot pattern,,shirt,vintage,casual outing,"shirt, vintage, casual-outing, polka-dot, polka, dot"
436,a dress is a dress that is worn by a woman,,"dress, hat",elegant,party,"dress, hat, elegant, party"
437,a coat coat coat coat coat coat coat coat coat coat coat coat coat coat coat coat coat coat coat coat coat coat coat coat coat coat coat coat coat coat coat coat coat coat coat coat coat coat coat coat coat coat coat coat coat coat coat coat coat coat coat coat coat coat coat coat coat coat coat coat coat coat coat coat coat coat coat coat coat coat coat coat coat coat coat coat coat coat coat coat coat coat coat coat coat coat coat coat coat coat coat coat coat coat coat coat coat coat,,coat,casual,casual outing,"coat, casual, casual-outing, winter"
438,a black dress with a lace top and a slit,black,"dress, top",elegant,party,"black, dress, top, elegant, party, lace"
439,a t-shirt with a hat and a pair of glasses,,"t-shirt, shirt, hat",casual,casual outing,"t-shirt, shirt, hat, casual, casual-outing"
440,a dress is a garment worn by a woman,,dress,elegant,party,"dress, elegant, party"
441,a blazer jacket is a jacket that is worn by a man,,"jacket, blazer, hat",business,work,"jacket, blazer, hat, business, work"
442,a dress is a dress that is worn by a woman,,"dress, hat",elegant,party,"dress, hat, elegant, party"
443,a sleeveless t-shirt with a sleeveless t-shirt and a sleeveless t-shirt,,"t-shirt, shirt",casual,casual outing,"t-shirt, shirt, casual, casual-outing, summer"
444,a black dress with a lace top and a lace skirt,black,"dress, skirt, top",elegant,party,"black, dress, skirt, top, elegant, party"
445,a t-shirt with a t-shirt on it,,"t-shirt, shirt",casual,casual outing,"t-shirt, shirt, casual, casual-outing"
446,"a fashion item is a piece of clothing, accessory, or accessory that is worn by a person",,hat,casual,casual outing,"hat, casual, casual-outing"
447,a hat is a fashion accessory that can be worn by a person,,hat,casual,casual outing,"hat, casual, casual-outing"
448,a tee shirt is a garment that is worn by a person to express their personality,,"shirt, t-shirt, hat",casual,casual outing,"shirt, t-shirt, hat, casual, casual-outing"
449,a dress is a garment worn by women,,dress,elegant,party,"dress, elegant, party"
450,a hat is a fashion accessory that can be worn by a person or a group of people,,hat,casual,casual outing,"hat, casual, casual-outing"
451,a dress is a garment worn by women for a special occasion,,dress,elegant,party,"dress, elegant, party"
452,a t-shirt is a garment that is worn by a person to wear a particular outfit,,"t-shirt, shirt, hat",casual,casual outing,"t-shirt, shirt, hat, casual, casual-outing"
453,prada sunglasses - prada sunglasses - prada sunglasses - prada sunglasses - prada sunglasses - prada sunglasses - prada sunglasses - prada sunglasses - prada sunglasses - prada sunglasses - prada sunglasses - prada sunglasses - prada sunglasses - prada sunglasses - prada sunglasses - prada sunglasses - prada sunglasses,,sunglasses,casual,casual outing,"sunglasses, casual, casual-outing"
454,a black t-shirt with a black hoodie and a black hoodie,black,"t-shirt, hoodie, shirt",streetwear,casual outing,"black, t-shirt, hoodie, shirt, streetwear, casual-outing"
455,a t-shirt is a garment that is worn by a person to represent their personality,,"t-shirt, shirt, hat",casual,casual outing,"t-shirt, shirt, hat, casual, casual-outing"
456,a bag is a bag that is used to carry a bag or other item,,"bag, hat",casual,casual outing,"bag, hat, casual, casual-outing"
457,a patterned dress with a patterned skirt and a patterned top,,"dress, skirt, top",elegant,party,"dress, skirt, top, elegant, party"
458,a white dress with a halter top and a slit in the back,white,"dress, top",elegant,party,"white, dress, top, elegant, party"
459,a t-shirt is a garment that is worn by a person to wear a particular style of clothing,,"t-shirt, shirt, hat",casual,casual outing,"t-shirt, shirt, hat, casual, casual-outing"
460,a sweater is a garment that is worn over a shirt or blouse,,"sweater, blouse, shirt",casual,casual outing,"sweater, blouse, shirt, casual, casual-outing, winter"
461,a dress is a dress that is worn by a person,,"dress, hat",elegant,party,"dress, hat, elegant, party"
462,a model in a black dress with a black jacket and black boots,black,"jacket, dress, boots",elegant,party,"black, jacket, dress, boots, elegant, party"
463,a woman in a blue dress with a blue jacket and a blue scarf,blue,"jacket, dress, scarf",elegant,party,"blue, jacket, dress, scarf, elegant, party"
464,a woman in a red dress with a black jacket and a pair of black boots,"black, red","jacket, dress, boots",elegant,party,"black, red, jacket, dress, boots, elegant"
465,a dress is a garment that is worn by a woman,,"dress, hat",elegant,party,"dress, hat, elegant, party"
466,a woman in a dress with a pair of yellow boots,yellow,"dress, boots",elegant,party,"yellow, dress, boots, elegant, party, winter"
467,a pair of jeans with a pair of boots,,"jeans, boots",casual,casual outing,"jeans, boots, casual, casual-outing, winter"
468,a woman in a white dress with a black hat and a black jacket,"black, white","jacket, dress, hat",elegant,party,"black, white, jacket, dress, hat, elegant"
469,a dress is a dress that is worn by a woman,,"dress, hat",elegant,party,"dress, hat, elegant, party"
470,a shirt is a garment that is worn by a person,,"shirt, hat",casual,casual outing,"shirt, hat, casual, casual-outing"
471,"a fashion item is a piece of clothing, jewelry, or accessories that is worn by a person",,"jewelry, hat",casual,casual outing,"jewelry, hat, casual, casual-outing"
472,a fashion item is a piece of clothing or clothing that is worn by a person,,hat,casual,casual outing,"hat, casual, casual-outing"
473,a fashion item is a piece of clothing that is worn by a person,,hat,casual,casual outing,"hat, casual, casual-outing"
474,a dress is a dress that is worn by a woman,,"dress, hat",elegant,party,"dress, hat, elegant, party"
475,a dress is a dress that is worn by a woman,,"dress, hat",elegant,party,"dress, hat, elegant, party"
476,a dress is a dress that is worn by a woman,,"dress, hat",elegant,party,"dress, hat, elegant, party"
477,a fashion item is a piece of clothing that is worn by a person,,hat,casual,casual outing,"hat, casual, casual-outing"
478,a t-shirt with a t-shirt and a t-shirt,,"t-shirt, shirt",casual,casual outing,"t-shirt, shirt, casual, casual-outing"
479,a white dress with a white top and a white skirt,white,"dress, skirt, top",elegant,party,"white, dress, skirt, top, elegant, party"
480,a t-shirt is a garment that is worn by a person to represent their identity,,"t-shirt, shirt, hat",casual,casual outing,"t-shirt, shirt, hat, casual, casual-outing"
481,a black dress with green ruffles and a slit,"black, green",dress,romantic,casual outing,"black, green, dress, romantic, casual-outing"
482,a t-shirt is a garment that is worn by a person to wear a particular style of clothing,,"t-shirt, shirt, hat",casual,casual outing,"t-shirt, shirt, hat, casual, casual-outing"
483,a dress is a dress that is worn by a person,,"dress, hat",elegant,party,"dress, hat, elegant, party"
484,a lace dress is a dress that is made of fabric that is lace,,"dress, hat",elegant,party,"dress, hat, elegant, party, lace"
485,a woman in a pink dress with a pink jacket and pink boots,pink,"jacket, dress, boots",elegant,party,"pink, jacket, dress, boots, elegant, party"
486,a woman in a black dress with a black jacket and black pants,black,"jacket, dress, pants",business,work,"black, jacket, dress, pants, business, work"
487,a t-shirt with a polo shirt and a tie,,"t-shirt, shirt, tie",casual,casual outing,"t-shirt, shirt, tie, casual, casual-outing"
488,a tuxedo is a formal dress worn by a man in a formal setting,,dress,formal,party,"dress, formal, party"
489,a dress is a dress that is worn by a woman,,"dress, hat",elegant,party,"dress, hat, elegant, party"
490,a sleeveless dress with a sleeveless dress,,dress,elegant,party,"dress, elegant, party, summer"
491,a red dress is a dress that is red in color,red,"dress, hat",elegant,party,"red, dress, hat, elegant, party"
492,a dress is a garment that is worn by a woman,,"dress, hat",elegant,party,"dress, hat, elegant, party"
493,a hat is a hat that is worn by a person,,hat,casual,casual outing,"hat, casual, casual-outing"
494,a dress is a dress that is worn by a woman,,"dress, hat",elegant,party,"dress, hat, elegant, party"
495,a dress is a garment worn by a woman,,dress,elegant,party,"dress, elegant, party"
496,a hat is a piece of clothing worn by a person to cover their head,,hat,casual,casual outing,"hat, casual, casual-outing"
497,a hat with a flower on it,,hat,casual,casual outing,"hat, casual, casual-outing"
498,a sweater is a garment that is worn by a woman,,"sweater, hat",casual,casual outing,"sweater, hat, casual, casual-outing, winter"
499,a shirt is a garment that is worn by a person,,"shirt, hat",casual,casual outing,"shirt, hat, casual, casual-outing"
500,a dress is a dress that is worn by a woman,,"dress, hat",elegant,party,"dress, hat, elegant, party"
501,a man in a blue jacket and a white shirt,"blue, white","jacket, shirt",casual,casual outing,"blue, white, jacket, shirt, casual, casual-outing"
502,a dress is a dress that is worn by a woman,,"dress, hat",elegant,party,"dress, hat, elegant, party"
503,a sweater is a garment that is worn by a person to wear a particular style of clothing,,"sweater, hat",casual,casual outing,"sweater, hat, casual, casual-outing, winter"
504,a shirt,,shirt,casual,casual outing,"shirt, casual, casual-outing"
505,a black leather jacket with a white shirt and a pair of jeans,"black, white","jacket, shirt, jeans",casual,casual outing,"black, white, jacket, shirt, jeans, casual"
506,a tweed jacket with a belt,,"jacket, belt",casual,casual outing,"jacket, belt, casual, casual-outing"
507,a blue polka dot dress with a slit and a slit,blue,dress,vintage,casual outing,"blue, dress, vintage, casual-outing, polka-dot, polka"
508,"a striped shirt is a garment that is a striped shirt, but it can be a shirt of any color or pattern",,"shirt, hat",casual,casual outing,"shirt, hat, casual, casual-outing, striped"
509,a dress is a garment that is worn by a woman,,"dress, hat",elegant,party,"dress, hat, elegant, party"
510,a dress is a dress that is worn by a woman,,"dress, hat",elegant,party,"dress, hat, elegant, party"
511,a white striped shirt with a white striped shirt and white pants,white,"shirt, pants",business,work,"white, shirt, pants, business, work, striped"
512,a kimono - a kimono is a garment that is worn by a woman,,hat,casual,casual outing,"hat, casual, casual-outing"
513,"a fashion item is a piece of clothing, jewelry, or accessories that are worn by a person",,"jewelry, hat",casual,casual outing,"jewelry, hat, casual, casual-outing"
514,a model wears a blue dress with a blue jacket and blue shoes,blue,"jacket, dress, shoes",elegant,party,"blue, jacket, dress, shoes, elegant, party"
515,a dress is a dress that is worn by a woman,,"dress, hat",elegant,party,"dress, hat, elegant, party"
516,a polka dot dress with a polka dot skirt and a polka dot top,,"dress, skirt, top",vintage,casual outing,"dress, skirt, top, vintage, casual-outing, polka-dot"
517,a striped dress with a striped top and a striped skirt,,"dress, skirt, top",elegant,party,"dress, skirt, top, elegant, party, striped"
518,a shirt,,shirt,casual,casual outing,"shirt, casual, casual-outing"
519,a fashion item is a piece of clothing or other clothing that is worn by a person,,hat,casual,casual outing,"hat, casual, casual-outing"
520,a hat is a piece of clothing worn by a person to wear a hat,,hat,casual,casual outing,"hat, casual, casual-outing"
521,a sleeveless dress is a garment that is worn over the top of a dress,,"dress, top, hat",elegant,party,"dress, top, hat, elegant, party, summer"
522,a lilac dress with a lace bodice and a tulle skirt,purple,"dress, skirt",elegant,party,"purple, dress, skirt, elegant, party, lace"
523,a dress is a dress that is worn by a woman,,"dress, hat",elegant,party,"dress, hat, elegant, party"
524,a dress is a dress that is worn by a woman,,"dress, hat",elegant,party,"dress, hat, elegant, party"
525,a t-shirt is a garment that is worn by a person to represent their personality,,"t-shirt, shirt, hat",casual,casual outing,"t-shirt, shirt, hat, casual, casual-outing"
526,a dress is a dress that is worn by a woman,,"dress, hat",elegant,party,"dress, hat, elegant, party"
527,a hat is a fashion accessory that can be worn by a person or a group of people,,hat,casual,casual outing,"hat, casual, casual-outing"
528,a woman in a red dress with a white shirt and a pair of black boots,"red, white","shirt, dress, boots",elegant,party,"red, white, shirt, dress, boots, elegant"
529,a dress is a garment worn by a woman to dress in a particular style,,dress,elegant,party,"dress, elegant, party"
530,a tweed jacket with a tweed jacket,,jacket,casual,casual outing,"jacket, casual, casual-outing"
531,a dress is a dress that is worn by a woman,,"dress, hat",elegant,party,"dress, hat, elegant, party"
532,a blazer jacket is a jacket that is worn over a shirt or a shirt and a jacket,,"jacket, blazer, shirt",business,work,"jacket, blazer, shirt, business, work"
533,a sweater is a garment that is worn over a shirt or blouse,,"sweater, blouse, shirt",casual,casual outing,"sweater, blouse, shirt, casual, casual-outing, winter"
534,a pair of jeans and a shirt,,"shirt, jeans",casual,casual outing,"shirt, jeans, casual, casual-outing"
535,a pair of jeans with a tee shirt and a pair of jeans,,"shirt, jeans, t-shirt",casual,casual outing,"shirt, jeans, t-shirt, casual, casual-outing"
536,"a hat is a fashion accessory that can be worn with a shirt, a jacket, or a scarf",,"jacket, shirt, scarf",casual,casual outing,"jacket, shirt, scarf, casual, casual-outing, winter"
537,a hat is a fashion accessory that can be worn by women or men,,hat,casual,casual outing,"hat, casual, casual-outing"
538,a fashion item is a piece of clothing or clothing that is worn by a person,,hat,casual,casual outing,"hat, casual, casual-outing"
539,a t-shirt is a garment that is worn by a person to express their personality,,"t-shirt, shirt, hat",casual,casual outing,"t-shirt, shirt, hat, casual, casual-outing"
540,a black dress with a slit,black,dress,elegant,party,"black, dress, elegant, party"
541,a black dress is a dress that is a dress that is a dress that is a dress that is a dress that is a dress that is a dress that is a dress that is a dress that is a dress that is a dress that is a dress that is a dress that is a dress that is a dress that is a dress that is a dress that is a dress that is a dress that is,black,"dress, hat",elegant,party,"black, dress, hat, elegant, party"
542,a t-shirt with a t-shirt and a t-shirt,,"t-shirt, shirt",casual,casual outing,"t-shirt, shirt, casual, casual-outing"
543,a t-shirt is a garment that is worn by a person to express their personality,,"t-shirt, shirt, hat",casual,casual outing,"t-shirt, shirt, hat, casual, casual-outing"
544,a hat is a fashion accessory that can be worn by a person or a group of people,,hat,casual,casual outing,"hat, casual, casual-outing"
545,"a slender, curved, slender, curved, slender, curved, slender, curved, slender, curved, slender, curved, slender, curved, slender, curved, slender, curved, slender, curved, slender, curved, curved, curved, curved, ",,,casual,casual outing,"casual, casual-outing, curved, slender"
546,a dress is a garment worn by a woman,,dress,elegant,party,"dress, elegant, party"
547,a t-shirt is a garment that is worn by a person to represent their identity,,"t-shirt, shirt, hat",casual,casual outing,"t-shirt, shirt, hat, casual, casual-outing"
548,"a scarf is a piece of fabric that is worn around the neck, around the neck, or around the neck",,"scarf, hat",casual,casual outing,"scarf, hat, casual, casual-outing, winter, neck"
549,a dress is a dress that is worn by a woman,,"dress, hat",elegant,party,"dress, hat, elegant, party"
550,a pair of jeans is a fashion item that is worn by many people,,"jeans, hat",casual,casual outing,"jeans, hat, casual, casual-outing"
551,a dress is a dress that is worn by a woman,,"dress, hat",elegant,party,"dress, hat, elegant, party"
552,a pair of pink pants with a pink sweater and a pink bag,pink,"sweater, pants, bag",business,work,"pink, sweater, pants, bag, business, work"
553,a hat is a fashion accessory that is worn by a person to make a statement,,hat,casual,casual outing,"hat, casual, casual-outing"
554,a t-shirt is a garment that is worn by a person,,"t-shirt, shirt, hat",casual,casual outing,"t-shirt, shirt, hat, casual, casual-outing"
555,a dress is a garment worn by women,,dress,elegant,party,"dress, elegant, party"
556,a hat is a fashion accessory that can be worn by a person to create a style or look,,hat,casual,casual outing,"hat, casual, casual-outing"
557,a dress with a hat and a hat,,"dress, hat",elegant,party,"dress, hat, elegant, party"
558,a pair of skateboards with a pair of skateboards and a pair of skateboards,,,casual,casual outing,"casual, casual-outing, pair, skateboards"
559,a dress with a sleeveless top and a sleeveless top,,"dress, top",elegant,party,"dress, top, elegant, party, summer"
560,a yellow dress with a black hat,"yellow, black","dress, hat",elegant,party,"yellow, black, dress, hat, elegant, party"
561,a tee shirt is a shirt that is a shirt that is a shirt that is a shirt that is a shirt that is a shirt that is a shirt that is a shirt that is a shirt that is a shirt that is a shirt that is a shirt that is a shirt that is a shirt that is a shirt that is a shirt that is a shirt that is a shirt that is a,,"shirt, t-shirt, hat",casual,casual outing,"shirt, t-shirt, hat, casual, casual-outing"
562,a dress is a dress that is worn by a woman,,"dress, hat",elegant,party,"dress, hat, elegant, party"
563,a striped dress with a striped top and a striped skirt,,"dress, skirt, top",elegant,party,"dress, skirt, top, elegant, party, striped"
564,a dress is a garment worn by a woman,,dress,elegant,party,"dress, elegant, party"
565,a tuxedo is a formal attire worn by men and women,,,formal,casual outing,"formal, casual-outing, tuxedo, attire, worn, men"
566,a dress is a dress that is worn by a woman,,"dress, hat",elegant,party,"dress, hat, elegant, party"
567,a dress with a sleeveless top and a skirt,,"dress, skirt, top",elegant,party,"dress, skirt, top, elegant, party, summer"
568,a pair of shorts with a pair of heels,,"shorts, heels",casual,casual outing,"shorts, heels, casual, casual-outing, summer"
569,a dress is a dress that is worn by a woman,,"dress, hat",elegant,party,"dress, hat, elegant, party"
570,a t-shirt is a garment that is worn by a person,,"t-shirt, shirt, hat",casual,casual outing,"t-shirt, shirt, hat, casual, casual-outing"
571,a hat is a fashion accessory that can be worn with a hat or a hat,,hat,casual,casual outing,"hat, casual, casual-outing"
572,a hat is a piece of clothing worn by a person,,hat,casual,casual outing,"hat, casual, casual-outing"
573,a t-shirt with a t-shirt and a pair of jeans,,"t-shirt, shirt, jeans",casual,casual outing,"t-shirt, shirt, jeans, casual, casual-outing"
574,a sleeveless dress with a slit in the front,,dress,elegant,party,"dress, elegant, party, summer"
575,a pair of thigh-high boots with a pair of thigh-high boots,,boots,casual,casual outing,"boots, casual, casual-outing, winter, high"
576,a man in a suit and tie with a hat and a shirt,,"shirt, hat, tie",formal,casual outing,"shirt, hat, tie, formal, casual-outing"
577,a dress with a slit,,dress,elegant,party,"dress, elegant, party"
578,"a fashion item is a piece of clothing, jewelry, or other accessory that is worn by a person",,"jewelry, hat",casual,casual outing,"jewelry, hat, casual, casual-outing"
579,prada sassy prada sassy prada sassy prada sassy prada sassy prada sassy prada sassy prada sassy prada sassy prada sassy prada sassy ,,,casual,casual outing,"casual, casual-outing, prada, sassy"
580,a black and white photograph of a woman in a black dress,"black, white",dress,elegant,party,"black, white, dress, elegant, party"
581,a dress is a dress that is worn by a woman,,"dress, hat",elegant,party,"dress, hat, elegant, party"
582,a red dress with a white blouse and a pair of black boots,"red, white","blouse, dress, boots",elegant,party,"red, white, blouse, dress, boots, elegant"
583,a t-shirt with a polo shirt and a pair of jeans,,"t-shirt, shirt, jeans",casual,casual outing,"t-shirt, shirt, jeans, casual, casual-outing"
584,a black suit is a formal suit that is worn by a man,black,hat,formal,casual outing,"black, hat, formal, casual-outing"
585,a woman in a dress with a hat and a wig,,"dress, hat",elegant,party,"dress, hat, elegant, party"
586,a dress is a garment worn by a woman,,dress,elegant,party,"dress, elegant, party"
587,a white dress with a white top and a white skirt,white,"dress, skirt, top",elegant,party,"white, dress, skirt, top, elegant, party"
588,"a fashion item is a piece of clothing, jewelry, or accessories that is worn by a person",,"jewelry, hat",casual,casual outing,"jewelry, hat, casual, casual-outing"
589,a fashion item is a piece of clothing that is worn by a person,,hat,casual,casual outing,"hat, casual, casual-outing"
590,a fashion item is a garment that is worn by a person,,hat,casual,casual outing,"hat, casual, casual-outing"
591,a fashion item is a piece of clothing or other clothing that is worn by a person,,hat,casual,casual outing,"hat, casual, casual-outing"
592,a fashion item is a piece of clothing that is worn by a person,,hat,casual,casual outing,"hat, casual, casual-outing"
593,a model in a white dress with a white blouse and white skirt,white,"blouse, dress, skirt",elegant,party,"white, blouse, dress, skirt, elegant, party"
594,a woman is standing in front of a window in a clothing store,,,casual,casual outing,"casual, casual-outing, woman, standing, front, window"
595,a fashion item is a garment that is worn by a person,,hat,casual,casual outing,"hat, casual, casual-outing"
596,a fashion item is a piece of clothing that is worn by a person,,hat,casual,casual outing,"hat, casual, casual-outing"
597,a shirt,,shirt,casual,casual outing,"shirt, casual, casual-outing"
598,"a fashion item is a piece of clothing, accessories, or accessories that are worn by a person",,hat,casual,casual outing,"hat, casual, casual-outing"
599,a model wears a green dress with a green hat and green wig,green,"dress, hat",elegant,party,"green, dress, hat, elegant, party"
600,a black jacket with a white hood and a white hood,"white, black",jacket,casual,casual outing,"white, black, jacket, casual, casual-outing"
601,a hat with a hatband and a hatband,,hat,casual,casual outing,"hat, casual, casual-outing"
602,a pair of white shoes with a black leather heel,"white, black",shoes,edgy,casual outing,"white, black, shoes, edgy, casual-outing, autumn"
603,a tan jacket with a tan collar and a tan collar,beige,jacket,casual,casual outing,"beige, jacket, casual, casual-outing"
604,a fashion item is a piece of clothing that is worn by a person,,hat,casual,casual outing,"hat, casual, casual-outing"
605,"a fashion item is a piece of clothing, accessory, or accessory that is worn by a person",,hat,casual,casual outing,"hat, casual, casual-outing"
606,a dress is a garment that is worn by a woman,,"dress, hat",elegant,party,"dress, hat, elegant, party"
607,a dress is a dress that is worn by a woman,,"dress, hat",elegant,party,"dress, hat, elegant, party"
608,a jacket is a jacket that is worn over a shirt or blouse,,"blouse, jacket, shirt",casual,casual outing,"blouse, jacket, shirt, casual, casual-outing"
609,a hat is a piece of clothing worn by a person to wear a hat,,hat,casual,casual outing,"hat, casual, casual-outing"
610,a wedding invitation is a formal invitation that is used to announce a wedding,,hat,formal,wedding,"hat, formal, wedding"
611,a woman in a dress with a hat and a scarf,,"dress, scarf, hat",elegant,party,"dress, scarf, hat, elegant, party, winter"
612,a dress is a dress that is worn by a woman,,"dress, hat",elegant,party,"dress, hat, elegant, party"
613,a black leather jacket with a hood,black,jacket,edgy,casual outing,"black, jacket, edgy, casual-outing, autumn, leather"
614,a model wears a gold necklace with a gold chain and a gold chain,yellow,jewelry,elegant,casual outing,"yellow, jewelry, elegant, casual-outing"
615,a hat is a fashion accessory that can be worn to enhance the look of a person's outfit,,hat,casual,casual outing,"hat, casual, casual-outing"
616,a hat is a fashion accessory that can be worn with a wide variety of outfits,,hat,casual,casual outing,"hat, casual, casual-outing"
617,a red dress is a red dress,red,dress,elegant,party,"red, dress, elegant, party"
618,"a hat is a head piece worn on the head, a hat is a head piece worn on the head, a hat is a head piece worn on the head, a hat is a head piece worn on the head, a hat is a head piece worn on the head, a hat is a head piece worn on the head, a hat is a head piece worn on the head, a",,hat,casual,casual outing,"hat, casual, casual-outing"
619,a bag is a fashion accessory that can be worn by a woman or a man,,"bag, hat",casual,casual outing,"bag, hat, casual, casual-outing"
620,a hat is a fashion accessory that can be worn with a hat or a hat with a hat,,hat,casual,casual outing,"hat, casual, casual-outing"
621,a dress is a dress that is worn by a woman,,"dress, hat",elegant,party,"dress, hat, elegant, party"
622,a white shirt with a striped pattern and a striped blazer,white,"blazer, shirt",business,work,"white, blazer, shirt, business, work, striped"
623,a dress is a garment worn by women,,dress,elegant,party,"dress, elegant, party"
624,a t-shirt is a garment worn by a person to represent their identity,,"t-shirt, shirt",casual,casual outing,"t-shirt, shirt, casual, casual-outing"
625,a hat is a fashion accessory that can be worn with a hat or a hat with a hat,,hat,casual,casual outing,"hat, casual, casual-outing"
626,a hat is a fashion accessory that can be worn by a person to look stylish,,hat,casual,casual outing,"hat, casual, casual-outing"
627,a turban is a garment worn by african people,,,casual,casual outing,"casual, casual-outing, turban, garment, worn, african"
628,a woman wearing a sari with a turban and a turban hat,,hat,casual,casual outing,"hat, casual, casual-outing"
629,a hat is a head covering that covers the face and neck,,hat,casual,casual outing,"hat, casual, casual-outing, neck"
630,a t-shirt is a garment that is worn by a person to wear a particular outfit,,"t-shirt, shirt, hat",casual,casual outing,"t-shirt, shirt, hat, casual, casual-outing"
631,a man in a suit and tie stands in front of a patterned fabric,,tie,formal,casual outing,"tie, formal, casual-outing"
632,a t-shirt with a sleeveless collar and a sleeveless collar,,"t-shirt, shirt",casual,casual outing,"t-shirt, shirt, casual, casual-outing, summer"
633,a sarong is a garment worn by women in africa,,,casual,casual outing,"casual, casual-outing, sarong, garment, worn, women"
634,a t-shirt with a t-shirt on it,,"t-shirt, shirt",casual,casual outing,"t-shirt, shirt, casual, casual-outing"
635,a dress is a garment worn by a woman,,dress,elegant,party,"dress, elegant, party"
636,a tuxedo is a tuxedo that is a tuxedo that is a tuxedo that is a tuxedo that is a tuxedo that is a tuxedo that is a tuxedo that is a tuxedo that is a tuxedo that is ,,hat,formal,casual outing,"hat, formal, casual-outing"
637,a dress is a dress that is worn by a person for a special occasion,,"dress, hat",elegant,party,"dress, hat, elegant, party"
638,a dress is a garment that is worn by a woman,,"dress, hat",elegant,party,"dress, hat, elegant, party"
639,a dress is a garment worn by a woman,,dress,elegant,party,"dress, elegant, party"
640,a dress is a dress that is worn by a woman,,"dress, hat",elegant,party,"dress, hat, elegant, party"
641,a pair of sneakers with a red and white stripe on the side,"red, white",sneakers,streetwear,casual outing,"red, white, sneakers, streetwear, casual-outing"
642,a white shirt with a white jacket and white pants,white,"jacket, shirt, pants",business,work,"white, jacket, shirt, pants, business, work"
643,a dress is a dress that is worn by a person for a special occasion,,"dress, hat",elegant,party,"dress, hat, elegant, party"
644,a dress is a dress that is worn by a woman,,"dress, hat",elegant,party,"dress, hat, elegant, party"
645,a dress is a garment worn by a woman,,dress,elegant,party,"dress, elegant, party"
646,a dress is a garment worn by a woman,,dress,elegant,party,"dress, elegant, party"
647,a fashion item is a piece of clothing or clothing that is worn by a person,,hat,casual,casual outing,"hat, casual, casual-outing"
648,a model in a red dress with a red bag,red,"dress, bag",elegant,party,"red, dress, bag, elegant, party"
649,a pair of jeans is a fashion item that is a fashion item,,"jeans, hat",casual,casual outing,"jeans, hat, casual, casual-outing"
650,a teddy bear is a fashion item that is a fashion item,,hat,casual,casual outing,"hat, casual, casual-outing"
651,a pair of jeans and a t-shirt,,"t-shirt, shirt, jeans",casual,casual outing,"t-shirt, shirt, jeans, casual, casual-outing"
652,a fashion item is a piece of clothing that is worn by a person,,hat,casual,casual outing,"hat, casual, casual-outing"
653,a lace dress with a lace skirt and a lace top,,"dress, skirt, top",elegant,party,"dress, skirt, top, elegant, party, lace"
654,a dress is a dress that is worn by a woman,,"dress, hat",elegant,party,"dress, hat, elegant, party"
655,a hat is a hat that is worn by a person to protect their face from the sun,,hat,casual,casual outing,"hat, casual, casual-outing"
656,a hat is a fashion accessory that can be worn by a person or a group of people,,hat,casual,casual outing,"hat, casual, casual-outing"
657,a woman in a dress with a hat and a hat,,"dress, hat",elegant,party,"dress, hat, elegant, party"
658,a t-shirt is a garment that is worn by a person to represent their identity,,"t-shirt, shirt, hat",casual,casual outing,"t-shirt, shirt, hat, casual, casual-outing"
659,a shirt is a piece of clothing worn by a person,,shirt,casual,casual outing,"shirt, casual, casual-outing"
660,a t-shirt is a garment that is worn by a person to show off their body,,"t-shirt, shirt, hat",casual,casual outing,"t-shirt, shirt, hat, casual, casual-outing, off"
661,a dress is a dress that is worn by a woman to wear a dress,,"dress, hat",elegant,party,"dress, hat, elegant, party"
662,a dress is a garment that is worn by a woman,,"dress, hat",elegant,party,"dress, hat, elegant, party"
663,a hat is a hat that is worn by a person,,hat,casual,casual outing,"hat, casual, casual-outing"
664,a dress is a dress that is worn by a woman,,"dress, hat",elegant,party,"dress, hat, elegant, party"
665,a fashion item is a piece of clothing or clothing that is worn by a person,,hat,casual,casual outing,"hat, casual, casual-outing"
666,a t-shirt is a garment that is worn by a person,,"t-shirt, shirt, hat",casual,casual outing,"t-shirt, shirt, hat, casual, casual-outing"
667,a dress is a garment that is worn by a woman,,"dress, hat",elegant,party,"dress, hat, elegant, party"
668,a bikini is a swimsuit that is worn by women,,hat,formal,beach,"hat, formal, beach"
669,a model wearing a pair of sunglasses,,sunglasses,casual,casual outing,"sunglasses, casual, casual-outing"
670,a bag is a bag that is used to carry a bag or other item,,"bag, hat",casual,casual outing,"bag, hat, casual, casual-outing"
671,a striped shirt with a striped shirt and a striped shirt,,shirt,casual,casual outing,"shirt, casual, casual-outing, striped"
672,a t-shirt is a garment that is worn by a person,,"t-shirt, shirt, hat",casual,casual outing,"t-shirt, shirt, hat, casual, casual-outing"
673,a hat is a piece of clothing worn by a person to cover their head,,hat,casual,casual outing,"hat, casual, casual-outing"
674,a dress is a dress that is worn by a woman,,"dress, hat",elegant,party,"dress, hat, elegant, party"
675,a tweed jacket is a jacket that is made of a fabric that is a tweed jacket,,"jacket, hat",casual,casual outing,"jacket, hat, casual, casual-outing"
676,"a dress is a dress, a dress is a dress, a dress is a dress, a dress is a dress, a dress is a dress, a dress is a dress, a dress is a dress, a dress is a dress, a dress is a dress, a dress is a dress, a dress is a dress, a dress is a dress, a dress is",,dress,elegant,party,"dress, elegant, party"
677,a hat is a fashion accessory that can be worn to create a look,,hat,casual,casual outing,"hat, casual, casual-outing"
678,a hat is a fashion accessory that can be worn with a hat or a hat,,hat,casual,casual outing,"hat, casual, casual-outing"
679,"a fashion item is a piece of clothing, accessory, or accessory that is worn by a person",,hat,casual,casual outing,"hat, casual, casual-outing"
680,a hat is a fashion accessory that can be worn to create a style statement,,hat,casual,casual outing,"hat, casual, casual-outing"
681,a dress is a garment worn by a woman,,dress,elegant,party,"dress, elegant, party"
682,a pair of black sneakers with a white logo on the side,"black, white",sneakers,streetwear,casual outing,"black, white, sneakers, streetwear, casual-outing"
683,a t-shirt is a garment that is worn by a person,,"t-shirt, shirt, hat",casual,casual outing,"t-shirt, shirt, hat, casual, casual-outing"
684,a hat is a fashion accessory that can be worn to create a style statement,,hat,casual,casual outing,"hat, casual, casual-outing"
685,a dress is a dress that is worn by a woman,,"dress, hat",elegant,party,"dress, hat, elegant, party"
686,a tuxedo is a tuxedo that is a tuxedo that is a tuxedo that is a tuxedo that is a tuxedo that is a tuxedo that is a tuxedo that is a tuxedo that is a tuxedo that is ,,hat,formal,casual outing,"hat, formal, casual-outing"
687,a pair of tuxedos a pair of tuxedos a pair of tuxedos a pair of tuxedos a pair of tuxedos a pair of tuxedos a pair of tuxedos a pair of tuxedos a pair of tuxedos ,,,formal,casual outing,"formal, casual-outing, pair, tuxedos"
688,a black dress with a slit,black,dress,elegant,party,"black, dress, elegant, party"
689,a dress is a dress that is worn by a woman,,"dress, hat",elegant,party,"dress, hat, elegant, party"
690,a dress is a garment worn by a woman,,dress,elegant,party,"dress, elegant, party"
691,a dress is a dress that is worn by a woman,,"dress, hat",elegant,party,"dress, hat, elegant, party"
692,a tiger print dress with a tiger print top and a tiger print skirt,,"dress, skirt, top",elegant,party,"dress, skirt, top, elegant, party, print"
693,a hat is a piece of clothing worn by a person to create a style of clothing,,hat,casual,casual outing,"hat, casual, casual-outing"
694,a dress is a dress that is worn by a woman,,"dress, hat",elegant,party,"dress, hat, elegant, party"
695,a t-shirt is a piece of clothing worn by a person,,"t-shirt, shirt",casual,casual outing,"t-shirt, shirt, casual, casual-outing"
696,a t-shirt with a t-shirt and a t-shirt,,"t-shirt, shirt",casual,casual outing,"t-shirt, shirt, casual, casual-outing"
697,a striped polka dot bag,,bag,vintage,casual outing,"bag, vintage, casual-outing, polka-dot, striped, polka"
698,a mannequin is a fashion item that is a fashion item,,hat,casual,casual outing,"hat, casual, casual-outing"
699,a dress is a dress that is worn by a woman,,"dress, hat",elegant,party,"dress, hat, elegant, party"
700,a ruffled dress with a ruffled skirt and a ruffled top,,"dress, skirt, top",romantic,casual outing,"dress, skirt, top, romantic, casual-outing"
701,a yellow coat with a black hat and a black jacket,"black, yellow","jacket, coat, hat",casual,casual outing,"black, yellow, jacket, coat, hat, casual"
702,a sleeveless dress is a garment that is worn in the fashion industry,,"dress, hat",elegant,party,"dress, hat, elegant, party, summer"
703,a black dress with a black skirt and black jacket,black,"jacket, dress, skirt",elegant,party,"black, jacket, dress, skirt, elegant, party"
704,a tweed jacket with a hood,,jacket,casual,casual outing,"jacket, casual, casual-outing"
705,a gold house celebrates april with a celebration of april heritage month,yellow,,casual,casual outing,"yellow, casual, casual-outing"
706,a dress is a garment that is worn by a woman,,"dress, hat",elegant,party,"dress, hat, elegant, party"
707,a t-shirt is a garment that is worn by a person,,"t-shirt, shirt, hat",casual,casual outing,"t-shirt, shirt, hat, casual, casual-outing"
708,a sleeveless dress with a sleeveless top and a sleeveless top,,"dress, top",elegant,party,"dress, top, elegant, party, summer"
709,"a fashion item is a piece of clothing, accessory, or accessory that is worn by a person",,hat,casual,casual outing,"hat, casual, casual-outing"
710,a hat is a fashion accessory that can be worn by a person to make a statement,,hat,casual,casual outing,"hat, casual, casual-outing"
711,"a tuxedo jacket - a tuxedo jacket is a jacket that has a tuxedo style, but has a tuxedo style",,"jacket, hat",formal,casual outing,"jacket, hat, formal, casual-outing"
712,a dress is a dress that is worn by a woman,,"dress, hat",elegant,party,"dress, hat, elegant, party"
713,a striped jumpsuit is a striped jumpsuit that has a striped pattern on the front and back,,"jumpsuit, hat",formal,casual outing,"jumpsuit, hat, formal, casual-outing, striped"
714,a fashion item is a fashion item that is a fashion item that is a fashion item that is a fashion item that is a fashion item that is a fashion item that is a fashion item that is a fashion item that is a fashion item that is a fashion item that is a fashion item that is a fashion item that is a fashion item that is a fashion item that is a fashion item that is a fashion item that,,hat,casual,casual outing,"hat, casual, casual-outing"
715,a hat is a fashion accessory that can be worn by a person,,hat,casual,casual outing,"hat, casual, casual-outing"
716,a plaid shirt is a shirt that has a plaid pattern on the front and back of the shirt,,"shirt, hat",preppy,casual outing,"shirt, hat, preppy, casual-outing, plaid"
717,"a fur coat is a coat that is made of fur, fur, fur, fur, fur, fur, fur, fur, fur, fur, fur, fur, fur, fur, fur, fur, fur, fur, fur, fur, fur, fur, fur, fur, fur, fur, fur, fur, fur, fur, fur, fur, fur, fur, fur, fur, fur, fur, fur, fur, fur, fur, fur, fur,",,"coat, hat",casual,casual outing,"coat, hat, casual, casual-outing, winter"
718,a denim jacket is a jacket that is worn over a shirt or a shirt and a jacket,,"jacket, shirt, hat",streetwear,casual outing,"jacket, shirt, hat, streetwear, casual-outing, denim"
719,a t-shirt is a garment that is worn by a person,,"t-shirt, shirt, hat",casual,casual outing,"t-shirt, shirt, hat, casual, casual-outing"
720,a turban is a head covering that covers the face and neck,,hat,casual,casual outing,"hat, casual, casual-outing, neck"
721,a t-shirt with a t-shirt and a t-shirt,,"t-shirt, shirt",casual,casual outing,"t-shirt, shirt, casual, casual-outing"
722,taylor swift taylor swift taylor swift taylor swift taylor swift taylor swift taylor swift taylor swift taylor swift taylor swift taylor swift taylor swift taylor swift taylor swift taylor swift taylor swift tay,,,casual,casual outing,"casual, casual-outing, taylor, swift, tay"
723,a dress is a dress that is worn by a woman,,"dress, hat",elegant,party,"dress, hat, elegant, party"
724,a t-shirt with a t-shirt and a t-shirt,,"t-shirt, shirt",casual,casual outing,"t-shirt, shirt, casual, casual-outing"
725,a shirt with a collar and sleeves,,shirt,casual,casual outing,"shirt, casual, casual-outing"
726,a cocktail glass is a glass that is used to drink from a cocktail,,hat,casual,party,"hat, casual, party"
727,a fashion item is a piece of clothing that is worn by a person,,hat,casual,casual outing,"hat, casual, casual-outing"
728,a t-shirt with a striped pattern,,"t-shirt, shirt",casual,casual outing,"t-shirt, shirt, casual, casual-outing, striped"
729,a black gown with a slit and a sash,black,dress,formal,party,"black, dress, formal, party"
730,a dress is a dress that is worn by a woman,,"dress, hat",elegant,party,"dress, hat, elegant, party"
731,a t-shirt is a garment that is worn by a person,,"t-shirt, shirt, hat",casual,casual outing,"t-shirt, shirt, hat, casual, casual-outing"
732,a dress is a dress that is worn by a woman,,"dress, hat",elegant,party,"dress, hat, elegant, party"
733,a dress is a dress that is worn by a woman,,"dress, hat",elegant,party,"dress, hat, elegant, party"
734,a dress is a dress that is worn by a woman,,"dress, hat",elegant,party,"dress, hat, elegant, party"
735,a dress is a dress that is worn by a woman,,"dress, hat",elegant,party,"dress, hat, elegant, party"
736,a dress is a dress that is worn by a woman,,"dress, hat",elegant,party,"dress, hat, elegant, party"
737,a dress is a dress that is worn by a woman,,"dress, hat",elegant,party,"dress, hat, elegant, party"
738,a dress is a dress that is worn by a woman,,"dress, hat",elegant,party,"dress, hat, elegant, party"
739,a dress is a garment worn by a woman,,dress,elegant,party,"dress, elegant, party"
740,"a black dress is a dress that is made of fabric, fabric, fabric, fabric, fabric, fabric, fabric, fabric, fabric, fabric, fabric, fabric, fabric, fabric, fabric, fabric, fabric, fabric, fabric, fabric, fabric, fabric, fabric, fabric, fabric, fabric, fabric, fabric, fabric, fabric, fabric, fabric, fabric, fabric, fabric, fabric, fabric, fabric, fabric, fabric, fabric, fabric, fabric, fabric,",black,"dress, hat",elegant,party,"black, dress, hat, elegant, party"
741,a sweater is a garment that is worn by a person,,"sweater, hat",casual,casual outing,"sweater, hat, casual, casual-outing, winter"
742,a dress with a sleeveless top and a sleeveless top,,"dress, top",elegant,party,"dress, top, elegant, party, summer"
743,a floppy hat with a hatband,,hat,casual,casual outing,"hat, casual, casual-outing"
744,a dress is a dress that is worn by a woman,,"dress, hat",elegant,party,"dress, hat, elegant, party"
745,a t-shirt with a t-shirt and a pair of jeans,,"t-shirt, shirt, jeans",casual,casual outing,"t-shirt, shirt, jeans, casual, casual-outing"
746,a dress is a dress that is worn by a woman,,"dress, hat",elegant,party,"dress, hat, elegant, party"
747,a hat is a piece of clothing worn by a person to cover their head,,hat,casual,casual outing,"hat, casual, casual-outing"
748,a hat is a piece of clothing worn by a person,,hat,casual,casual outing,"hat, casual, casual-outing"
749,a tweed jacket is a jacket that is made of a fabric that is a tweed jacket,,"jacket, hat",casual,casual outing,"jacket, hat, casual, casual-outing"
750,a dress is a dress that is worn by a woman,,"dress, hat",elegant,party,"dress, hat, elegant, party"
751,a white dress with a white top and a white skirt,white,"dress, skirt, top",elegant,party,"white, dress, skirt, top, elegant, party"
752,a red leather jacket is a fashion item that can be worn by a man or woman,red,"jacket, hat",edgy,casual outing,"red, jacket, hat, edgy, casual-outing, autumn"
753,a pair of black leather pants with a black leather jacket and a black leather jacket,black,"jacket, pants",edgy,casual outing,"black, jacket, pants, edgy, casual-outing, autumn"
754,a red dress with a slit and a sash,red,dress,elegant,party,"red, dress, elegant, party"
755,in prada - a fashion magazine,,,casual,casual outing,"casual, casual-outing, prada, fashion, magazine"
756,a dress is a piece of clothing worn by a woman,,dress,elegant,party,"dress, elegant, party"
757,a prada bag is a bag that is a bag that is a bag that is a bag that is a bag that is a bag that is a bag that is a bag that is a bag that is a bag that is a bag that is a bag that is a bag that is a bag that is a bag that is a bag that is a bag that is a bag that is a bag,,"bag, hat",casual,casual outing,"bag, hat, casual, casual-outing"
758,a pair of white shoes with red heel and red sole,"red, white",shoes,casual,casual outing,"red, white, shoes, casual, casual-outing"
759,a dress is a dress that is worn by a woman,,"dress, hat",elegant,party,"dress, hat, elegant, party"
760,a dress is a garment worn by a woman,,dress,elegant,party,"dress, elegant, party"
761,a hat is a fashion accessory that is worn to enhance the beauty of a person,,hat,casual,casual outing,"hat, casual, casual-outing"
762,a pair of shoes with a pair of shoes and a pair of shoes,,shoes,casual,casual outing,"shoes, casual, casual-outing"
763,a pair of white leather pumps with a gold buckle and a gold buckle,"yellow, white",,edgy,casual outing,"yellow, white, edgy, casual-outing, autumn, leather"
764,a white shirt with a collar and cuffs,white,shirt,casual,casual outing,"white, shirt, casual, casual-outing"
765,a model in a black dress and black heels,black,"dress, heels",elegant,party,"black, dress, heels, elegant, party"
766,a dress is a garment worn by a woman,,dress,elegant,party,"dress, elegant, party"
767,a dress is a dress that is worn by a woman,,"dress, hat",elegant,party,"dress, hat, elegant, party"
768,a dress is a garment that is worn by a woman,,"dress, hat",elegant,party,"dress, hat, elegant, party"
769,a red coat is a coat that is red in color,red,"coat, hat",casual,casual outing,"red, coat, hat, casual, casual-outing, winter"
770,a dress is a dress that is worn by a woman,,"dress, hat",elegant,party,"dress, hat, elegant, party"
771,a white t-shirt with a white polo shirt and white pants,white,"t-shirt, shirt, pants",casual,casual outing,"white, t-shirt, shirt, pants, casual, casual-outing"
772,a t-shirt with a t-shirt and a pair of jeans,,"t-shirt, shirt, jeans",casual,casual outing,"t-shirt, shirt, jeans, casual, casual-outing"
773,a black dress with a slit,black,dress,elegant,party,"black, dress, elegant, party"
774,a white shirt with a black collar and cuffs,"white, black",shirt,casual,casual outing,"white, black, shirt, casual, casual-outing"
775,a wedding dress is a dress that is worn for a wedding ceremony,,"dress, hat",elegant,wedding,"dress, hat, elegant, wedding"
776,a white shirt with a sleeveless collar and a button down front,white,shirt,casual,casual outing,"white, shirt, casual, casual-outing, summer, button"
777,a t-shirt is a garment that is worn by a person to express their personality,,"t-shirt, shirt, hat",casual,casual outing,"t-shirt, shirt, hat, casual, casual-outing"
778,a white shirt with a collar and cuffs,white,shirt,casual,casual outing,"white, shirt, casual, casual-outing"
779,a black leather sofa with a gold frame and a gold tufted seat,"yellow, black",,edgy,casual outing,"yellow, black, edgy, casual-outing, autumn, leather"
780,a white blouse with a white shirt and white pants,white,"blouse, shirt, pants",business,work,"white, blouse, shirt, pants, business, work"
781,a white shirt with a collar and button down collar,white,shirt,casual,casual outing,"white, shirt, casual, casual-outing, winter, button"
782,a blue velvet dress with a slit and a slit,blue,dress,elegant,party,"blue, dress, elegant, party"
783,a lace dress is a dress that is worn by a woman,,"dress, hat",elegant,party,"dress, hat, elegant, party, lace"
784,"a bag is a fashion accessory that can be worn as a bag, a bag, a bag, or a bag accessory",,"bag, hat",casual,casual outing,"bag, hat, casual, casual-outing"
785,a white dress with a slit in the front,white,dress,elegant,party,"white, dress, elegant, party"
786,a woman wearing a dress with a hat and a hat,,"dress, hat",elegant,party,"dress, hat, elegant, party"
787,a model is a person who wears clothes and poses for the camera,,,casual,casual outing,"casual, casual-outing, model, person, who, wears"
788,"a floppy hat is a hat that is worn on the head, a hat that is worn on the head, or a hat that is worn on the head, or a hat that is worn on the head, or a hat that is worn on the head, or a hat that is worn on the head, or a hat that is worn on the head, or a hat that is worn on the",,hat,casual,casual outing,"hat, casual, casual-outing"
789,a dress is a dress that is worn by a woman,,"dress, hat",elegant,party,"dress, hat, elegant, party"
790,a white shirt with a white collar and a white collar,white,shirt,casual,casual outing,"white, shirt, casual, casual-outing"
791,"a blue dress is a dress that is blue in color, but it can be any color",blue,"dress, hat",elegant,party,"blue, dress, hat, elegant, party"
792,a trench coat is a long coat that has a long sleeve and a long sleeve,,"trench coat, coat, hat",casual,casual outing,"trench coat, coat, hat, casual, casual-outing, winter"
793,a blazer jacket is a jacket that is worn over a shirt or blouse,,"blouse, jacket, blazer",business,work,"blouse, jacket, blazer, business, work"
794,a hat is a fashion accessory that can be worn to create a look,,hat,casual,casual outing,"hat, casual, casual-outing"
795,"a fur coat is a coat that is made of fur, fur, fur, fur, fur, fur, fur, fur, fur, fur, fur, fur, fur, fur, fur, fur, fur, fur, fur, fur, fur, fur, fur, fur, fur, fur, fur, fur, fur, fur, fur, fur, fur, fur, fur, fur, fur, fur, fur, fur, fur, fur, fur, fur,",,"coat, hat",casual,casual outing,"coat, hat, casual, casual-outing, winter"
796,a dress is a garment that is worn by a woman,,"dress, hat",elegant,party,"dress, hat, elegant, party"
797,a black dress is a dress that is a dress that is a dress that is a dress that is a dress that is a dress that is a dress that is a dress that is a dress that is a dress that is a dress that is a dress that is a dress that is a dress that is a dress that is a dress that is a dress that is a dress that is a dress that is,black,"dress, hat",elegant,party,"black, dress, hat, elegant, party"
798,a hat is a piece of clothing worn by a woman,,hat,casual,casual outing,"hat, casual, casual-outing"
799,"a fur coat is a coat that is made of fur, fur, fur, fur, fur, fur, fur, fur, fur, fur, fur, fur, fur, fur, fur, fur, fur, fur, fur, fur, fur, fur, fur, fur, fur, fur, fur, fur, fur, fur, fur, fur, fur, fur, fur, fur, fur, fur, fur, fur, fur, fur, fur, fur,",,"coat, hat",casual,casual outing,"coat, hat, casual, casual-outing, winter"
800,a dress is a dress that is worn by a woman,,"dress, hat",elegant,party,"dress, hat, elegant, party"
801,a hat is a fashion accessory that can be worn with a shirt or a jacket,,"jacket, shirt, hat",casual,casual outing,"jacket, shirt, hat, casual, casual-outing"
802,a blazer is a garment that is worn by a person to wear a particular outfit,,"blazer, hat",business,work,"blazer, hat, business, work"
803,a tweed jacket is a jacket that is a jacket that is a jacket that is a jacket that is a jacket that is a jacket that is a jacket that is a jacket that is a jacket that is a jacket that is a jacket that is a jacket that is a jacket that is a jacket that is a jacket that is a jacket that is a jacket that is a jacket that is a jacket,,"jacket, hat",casual,casual outing,"jacket, hat, casual, casual-outing"
804,a t-shirt with a t-shirt and a pair of jeans,,"t-shirt, shirt, jeans",casual,casual outing,"t-shirt, shirt, jeans, casual, casual-outing"
805,a black dress with a black belt and a black belt,black,"dress, belt",elegant,party,"black, dress, belt, elegant, party"
806,a man in a suit jacket and tie,,"jacket, tie",formal,casual outing,"jacket, tie, formal, casual-outing"
807,a dress is a dress that is worn by a woman,,"dress, hat",elegant,party,"dress, hat, elegant, party"
808,a dress is a garment worn by a woman,,dress,elegant,party,"dress, elegant, party"
809,a dress is a piece of clothing worn by a woman,,dress,elegant,party,"dress, elegant, party"
810,a blue suit is a classic suit that is worn by men and women alike,blue,hat,formal,casual outing,"blue, hat, formal, casual-outing"
811,a dress is a garment that is worn by a woman,,"dress, hat",elegant,party,"dress, hat, elegant, party"
812,a model in a black dress and white top,"black, white","dress, top",elegant,party,"black, white, dress, top, elegant, party"
813,a skirt is a garment that is worn in a skirted dress or skirted dress,,"dress, skirt, hat",elegant,party,"dress, skirt, hat, elegant, party"
814,a suit is a formal suit that is worn by a man,,hat,formal,casual outing,"hat, formal, casual-outing"
815,a t-shirt with a t-shirt and a pair of jeans,,"t-shirt, shirt, jeans",casual,casual outing,"t-shirt, shirt, jeans, casual, casual-outing"
816,a t-shirt is a garment that is worn by a person to represent their personality,,"t-shirt, shirt, hat",casual,casual outing,"t-shirt, shirt, hat, casual, casual-outing"
817,a dress is a dress that is worn by a woman,,"dress, hat",elegant,party,"dress, hat, elegant, party"
818,a dress is a garment worn by a woman,,dress,elegant,party,"dress, elegant, party"
819,a t-shirt with a t-shirt and a pair of jeans,,"t-shirt, shirt, jeans",casual,casual outing,"t-shirt, shirt, jeans, casual, casual-outing"
820,a dress is a garment that is worn by a woman,,"dress, hat",elegant,party,"dress, hat, elegant, party"
821,a pair of jeans with a t-shirt and a pair of jeans with a t-shirt,,"t-shirt, shirt, jeans",casual,casual outing,"t-shirt, shirt, jeans, casual, casual-outing"
822,a coat jacket is a jacket that is worn over a dress or top,,"jacket, dress, coat",elegant,party,"jacket, dress, coat, elegant, party, winter"
823,a black and white image of a black and white image of a black and white image of a black and white image,"black, white",,casual,casual outing,"black, white, casual, casual-outing"
824,a tweed jacket with a tweed jacket and a tweed jacket,,jacket,casual,casual outing,"jacket, casual, casual-outing"
825,a trench coat is a long coat that has a long sleeve and a long sleeve,,"trench coat, coat, hat",casual,casual outing,"trench coat, coat, hat, casual, casual-outing, winter"
826,a dress is a garment that is worn by a woman,,"dress, hat",elegant,party,"dress, hat, elegant, party"
827,a white shirt with a collar and cuffs,white,shirt,casual,casual outing,"white, shirt, casual, casual-outing"
